locus	variantId	snpId	gencodeId	geneSymbol	tissue	nes	pValue
chr1:13104252-13122521	chr1_13104656_C_G_b38	rs61149350	ENSG00000272482.1	ENSG00000272482	Artery_Tibial	0.2244097739458084	6.273141950160916e-05
chr1:25324280-25369060	chr1_25358993_G_A_b38	rs3093638	ENSG00000261349.1	ENSG00000261349	Vagina	0.6247759461402893	7.350710539500405e-11
chr1:25324280-25369060	chr1_25358993_G_A_b38	rs3093638	ENSG00000187010.21	RHD	Vagina	0.7744364738464355	5.109000515864947e-14
chr1:25324280-25369060	chr1_25358993_G_A_b38	rs3093638	ENSG00000224183.1	SDHDP6	Vagina	0.72305828332901	2.206517761426241e-12
chr1:25324280-25369060	chr1_25358993_G_A_b38	rs3093638	ENSG00000188672.19	RHCE	Vagina	-0.4248049557209015	1.3479391226760448e-07
chr1:25324280-25369060	chr1_25358993_G_A_b38	rs3093638	ENSG00000261349.1	ENSG00000261349	Brain_Nucleus_accumbens_basal_ganglia	0.5555436015129089	2.1386117788796474e-14
chr1:25324280-25369060	chr1_25358993_G_A_b38	rs3093638	ENSG00000187010.21	RHD	Brain_Nucleus_accumbens_basal_ganglia	0.8331413269042969	2.6162312672583712e-28
chr1:25324280-25369060	chr1_25358993_G_A_b38	rs3093638	ENSG00000224183.1	SDHDP6	Brain_Nucleus_accumbens_basal_ganglia	0.6599351167678833	1.0909151720058207e-19
chr1:25324280-25369060	chr1_25358993_G_A_b38	rs3093638	ENSG00000183726.11	TMEM50A	Brain_Nucleus_accumbens_basal_ganglia	-0.22616945207118988	1.2163536587704387e-08
chr1:25324280-25369060	chr1_25358993_G_A_b38	rs3093638	ENSG00000188672.19	RHCE	Brain_Nucleus_accumbens_basal_ganglia	-0.9322141408920288	3.079111561928649e-54
chr1:25324280-25369060	chr1_25358993_G_A_b38	rs3093638	ENSG00000261349.1	ENSG00000261349	Esophagus_Muscularis	0.5332270860671997	2.6506249155200583e-23
chr1:25324280-25369060	chr1_25358993_G_A_b38	rs3093638	ENSG00000187010.21	RHD	Esophagus_Muscularis	0.6814364194869995	5.94221547500664e-39
chr1:25324280-25369060	chr1_25358993_G_A_b38	rs3093638	ENSG00000224183.1	SDHDP6	Esophagus_Muscularis	0.6342423558235168	9.435788551962167e-28
chr1:25324280-25369060	chr1_25358993_G_A_b38	rs3093638	ENSG00000183726.11	TMEM50A	Esophagus_Muscularis	-0.11346007883548737	1.4748735991363322e-10
chr1:25324280-25369060	chr1_25358993_G_A_b38	rs3093638	ENSG00000188672.19	RHCE	Esophagus_Muscularis	-0.38027846813201904	1.5561110870931465e-13
chr1:25324280-25369060	chr1_25358993_G_A_b38	rs3093638	ENSG00000204178.11	MACO1	Esophagus_Muscularis	-0.17064444720745087	4.204766128002216e-11
chr1:25324280-25369060	chr1_25358993_G_A_b38	rs3093638	ENSG00000157978.12	LDLRAP1	Esophagus_Muscularis	-0.11421167850494385	0.0001062526176830344
chr1:25324280-25369060	chr1_25358993_G_A_b38	rs3093638	ENSG00000261349.1	ENSG00000261349	Pancreas	0.5246280431747437	4.702430657184366e-15
chr1:25324280-25369060	chr1_25358993_G_A_b38	rs3093638	ENSG00000187010.21	RHD	Pancreas	0.6480080485343933	8.786374440805188e-24
chr1:25324280-25369060	chr1_25358993_G_A_b38	rs3093638	ENSG00000188672.19	RHCE	Pancreas	-0.7866653203964233	7.219933905739358e-43
chr1:25324280-25369060	chr1_25358993_G_A_b38	rs3093638	ENSG00000261349.1	ENSG00000261349	Adipose_Visceral_Omentum	0.48188552260398865	9.925520831343211e-25
chr1:25324280-25369060	chr1_25358993_G_A_b38	rs3093638	ENSG00000187010.21	RHD	Adipose_Visceral_Omentum	0.648389458656311	8.065891617447005e-37
chr1:25324280-25369060	chr1_25358993_G_A_b38	rs3093638	ENSG00000224183.1	SDHDP6	Adipose_Visceral_Omentum	0.5697453022003174	2.916169565628926e-28
chr1:25324280-25369060	chr1_25358993_G_A_b38	rs3093638	ENSG00000188672.19	RHCE	Adipose_Visceral_Omentum	-0.39633920788764954	7.11433612730132e-14
chr1:25324280-25369060	chr1_25358993_G_A_b38	rs3093638	ENSG00000261349.1	ENSG00000261349	Pituitary	0.6234366297721863	7.796932931054548e-17
chr1:25324280-25369060	chr1_25358993_G_A_b38	rs3093638	ENSG00000187010.21	RHD	Pituitary	0.8429309725761414	2.3279404841093275e-28
chr1:25324280-25369060	chr1_25358993_G_A_b38	rs3093638	ENSG00000224183.1	SDHDP6	Pituitary	0.603307843208313	1.5003626110626335e-14
chr1:25324280-25369060	chr1_25358993_G_A_b38	rs3093638	ENSG00000188672.19	RHCE	Pituitary	-0.7710847854614258	7.163782784397739e-55
chr1:25324280-25369060	chr1_25358993_G_A_b38	rs3093638	ENSG00000261349.1	ENSG00000261349	Nerve_Tibial	0.532759428024292	7.21579825986314e-29
chr1:25324280-25369060	chr1_25358993_G_A_b38	rs3093638	ENSG00000187010.21	RHD	Nerve_Tibial	0.6999250650405884	7.32237658968251e-46
chr1:25324280-25369060	chr1_25358993_G_A_b38	rs3093638	ENSG00000224183.1	SDHDP6	Nerve_Tibial	0.6775359511375427	4.5586292918872016e-39
chr1:25324280-25369060	chr1_25358993_G_A_b38	rs3093638	ENSG00000183726.11	TMEM50A	Nerve_Tibial	-0.06786002963781357	1.0148012785733454e-05
chr1:25324280-25369060	chr1_25358993_G_A_b38	rs3093638	ENSG00000188672.19	RHCE	Nerve_Tibial	-0.6762465238571167	8.67830854402488e-53
chr1:25324280-25369060	chr1_25358993_G_A_b38	rs3093638	ENSG00000204178.11	MACO1	Nerve_Tibial	-0.15089093148708344	2.815006413188189e-07
chr1:25324280-25369060	chr1_25358993_G_A_b38	rs3093638	ENSG00000261349.1	ENSG00000261349	Small_Intestine_Terminal_Ileum	0.5025572180747986	2.1828806466443533e-10
chr1:25324280-25369060	chr1_25358993_G_A_b38	rs3093638	ENSG00000187010.21	RHD	Small_Intestine_Terminal_Ileum	0.7512810230255127	8.243448930401467e-22
chr1:25324280-25369060	chr1_25358993_G_A_b38	rs3093638	ENSG00000224183.1	SDHDP6	Small_Intestine_Terminal_Ileum	0.5856853723526001	2.1091441567476205e-09
chr1:25324280-25369060	chr1_25358993_G_A_b38	rs3093638	ENSG00000188672.19	RHCE	Small_Intestine_Terminal_Ileum	-0.574369490146637	8.123128432886794e-10
chr1:25324280-25369060	chr1_25358993_G_A_b38	rs3093638	ENSG00000261349.1	ENSG00000261349	Whole_Blood	0.6202399134635925	1.9206748759437768e-53
chr1:25324280-25369060	chr1_25358993_G_A_b38	rs3093638	ENSG00000187010.21	RHD	Whole_Blood	0.6014909148216248	2.5658260717943846e-62
chr1:25324280-25369060	chr1_25358993_G_A_b38	rs3093638	ENSG00000224183.1	SDHDP6	Whole_Blood	0.49694669246673584	1.0344906584921084e-42
chr1:25324280-25369060	chr1_25358993_G_A_b38	rs3093638	ENSG00000183726.11	TMEM50A	Whole_Blood	0.1310703456401825	9.14692792079531e-19
chr1:25324280-25369060	chr1_25358993_G_A_b38	rs3093638	ENSG00000188672.19	RHCE	Whole_Blood	-0.10822752118110657	1.4680996805101564e-11
chr1:25324280-25369060	chr1_25358993_G_A_b38	rs3093638	ENSG00000261349.1	ENSG00000261349	Skin_Not_Sun_Exposed_Suprapubic	0.5406991839408875	1.1742735015063607e-29
chr1:25324280-25369060	chr1_25358993_G_A_b38	rs3093638	ENSG00000187010.21	RHD	Skin_Not_Sun_Exposed_Suprapubic	0.6984691023826599	5.311350603094644e-52
chr1:25324280-25369060	chr1_25358993_G_A_b38	rs3093638	ENSG00000224183.1	SDHDP6	Skin_Not_Sun_Exposed_Suprapubic	0.5937657356262207	5.334079443270864e-35
chr1:25324280-25369060	chr1_25358993_G_A_b38	rs3093638	ENSG00000183726.11	TMEM50A	Skin_Not_Sun_Exposed_Suprapubic	-0.088945671916008	3.3939147030965927e-07
chr1:25324280-25369060	chr1_25358993_G_A_b38	rs3093638	ENSG00000188672.19	RHCE	Skin_Not_Sun_Exposed_Suprapubic	-0.7259596586227417	2.0990829386962594e-58
chr1:25324280-25369060	chr1_25358993_G_A_b38	rs3093638	ENSG00000261349.1	ENSG00000261349	Esophagus_Gastroesophageal_Junction	0.5602231025695801	6.209066394062025e-19
chr1:25324280-25369060	chr1_25358993_G_A_b38	rs3093638	ENSG00000187010.21	RHD	Esophagus_Gastroesophageal_Junction	0.732673704624176	5.465864105520486e-32
chr1:25324280-25369060	chr1_25358993_G_A_b38	rs3093638	ENSG00000224183.1	SDHDP6	Esophagus_Gastroesophageal_Junction	0.5037153959274292	1.2615002607822498e-12
chr1:25324280-25369060	chr1_25358993_G_A_b38	rs3093638	ENSG00000183726.11	TMEM50A	Esophagus_Gastroesophageal_Junction	-0.11605204641819	1.4682298281966787e-06
chr1:25324280-25369060	chr1_25358993_G_A_b38	rs3093638	ENSG00000188672.19	RHCE	Esophagus_Gastroesophageal_Junction	-0.490752249956131	1.4438588396006495e-13
chr1:25324280-25369060	chr1_25358993_G_A_b38	rs3093638	ENSG00000204178.11	MACO1	Esophagus_Gastroesophageal_Junction	-0.23837144672870636	1.1208408823296555e-11
chr1:25324280-25369060	chr1_25358993_G_A_b38	rs3093638	ENSG00000261349.1	ENSG00000261349	Brain_Hypothalamus	0.3580089807510376	1.684748485194395e-05
chr1:25324280-25369060	chr1_25358993_G_A_b38	rs3093638	ENSG00000187010.21	RHD	Brain_Hypothalamus	0.7354143261909485	3.622460222148274e-18
chr1:25324280-25369060	chr1_25358993_G_A_b38	rs3093638	ENSG00000224183.1	SDHDP6	Brain_Hypothalamus	0.5486443042755127	1.2513693273048364e-10
chr1:25324280-25369060	chr1_25358993_G_A_b38	rs3093638	ENSG00000183726.11	TMEM50A	Brain_Hypothalamus	-0.1925542652606964	2.2482995059177165e-08
chr1:25324280-25369060	chr1_25358993_G_A_b38	rs3093638	ENSG00000188672.19	RHCE	Brain_Hypothalamus	-0.6950802803039551	1.4664824578562277e-30
chr1:25324280-25369060	chr1_25358993_G_A_b38	rs3093638	ENSG00000261349.1	ENSG00000261349	Adipose_Subcutaneous	0.5059139728546143	2.170831384863231e-26
chr1:25324280-25369060	chr1_25358993_G_A_b38	rs3093638	ENSG00000187010.21	RHD	Adipose_Subcutaneous	0.7082248330116272	1.759705607763062e-52
chr1:25324280-25369060	chr1_25358993_G_A_b38	rs3093638	ENSG00000224183.1	SDHDP6	Adipose_Subcutaneous	0.6401462554931641	4.062057549308548e-40
chr1:25324280-25369060	chr1_25358993_G_A_b38	rs3093638	ENSG00000183726.11	TMEM50A	Adipose_Subcutaneous	-0.09018518030643463	1.715499014353937e-05
chr1:25324280-25369060	chr1_25358993_G_A_b38	rs3093638	ENSG00000188672.19	RHCE	Adipose_Subcutaneous	-0.5184617638587952	6.632892050532553e-42
chr1:25324280-25369060	chr1_25358993_G_A_b38	rs3093638	ENSG00000204178.11	MACO1	Adipose_Subcutaneous	-0.1494077444076538	2.474793913577769e-07
chr1:25324280-25369060	chr1_25358993_G_A_b38	rs3093638	ENSG00000272432.1	ENSG00000272432	Thyroid	-0.25348085165023804	1.0190839390327645e-06
chr1:25324280-25369060	chr1_25358993_G_A_b38	rs3093638	ENSG00000261349.1	ENSG00000261349	Thyroid	0.5972689390182495	4.828987142069959e-38
chr1:25324280-25369060	chr1_25358993_G_A_b38	rs3093638	ENSG00000187010.21	RHD	Thyroid	0.7264727354049683	8.629399804486845e-57
chr1:25324280-25369060	chr1_25358993_G_A_b38	rs3093638	ENSG00000224183.1	SDHDP6	Thyroid	0.7091916799545288	2.091470040774535e-48
chr1:25324280-25369060	chr1_25358993_G_A_b38	rs3093638	ENSG00000188672.19	RHCE	Thyroid	-0.5598300099372864	2.224245328456478e-40
chr1:25324280-25369060	chr1_25358993_G_A_b38	rs3093638	ENSG00000204178.11	MACO1	Thyroid	-0.14018689095973969	2.7152936588484754e-07
chr1:25324280-25369060	chr1_25358993_G_A_b38	rs3093638	ENSG00000261349.1	ENSG00000261349	Uterus	0.5739745497703552	4.2930057605492355e-09
chr1:25324280-25369060	chr1_25358993_G_A_b38	rs3093638	ENSG00000187010.21	RHD	Uterus	0.6199352741241455	6.645887564800464e-10
chr1:25324280-25369060	chr1_25358993_G_A_b38	rs3093638	ENSG00000224183.1	SDHDP6	Uterus	0.6067950129508972	4.6915092452781035e-08
chr1:25324280-25369060	chr1_25358993_G_A_b38	rs3093638	ENSG00000188672.19	RHCE	Uterus	-0.5672133564949036	8.244523085415602e-07
chr1:25324280-25369060	chr1_25358993_G_A_b38	rs3093638	ENSG00000261349.1	ENSG00000261349	Heart_Left_Ventricle	0.41303470730781555	4.729244497572715e-11
chr1:25324280-25369060	chr1_25358993_G_A_b38	rs3093638	ENSG00000187010.21	RHD	Heart_Left_Ventricle	0.6822261810302734	1.1025430921604226e-28
chr1:25324280-25369060	chr1_25358993_G_A_b38	rs3093638	ENSG00000224183.1	SDHDP6	Heart_Left_Ventricle	0.415304958820343	8.666222721194034e-10
chr1:25324280-25369060	chr1_25358993_G_A_b38	rs3093638	ENSG00000188672.19	RHCE	Heart_Left_Ventricle	-0.6589096784591675	1.0196216455174123e-42
chr1:25324280-25369060	chr1_25358993_G_A_b38	rs3093638	ENSG00000261349.1	ENSG00000261349	Testis	0.5574020743370056	2.219002599607047e-18
chr1:25324280-25369060	chr1_25358993_G_A_b38	rs3093638	ENSG00000187010.21	RHD	Testis	0.7576669454574585	1.66408509731325e-31
chr1:25324280-25369060	chr1_25358993_G_A_b38	rs3093638	ENSG00000224183.1	SDHDP6	Testis	0.5861805081367493	4.6562071600619e-19
chr1:25324280-25369060	chr1_25358993_G_A_b38	rs3093638	ENSG00000117616.18	RSRP1	Testis	-0.10996964573860168	1.6154246699591184e-05
chr1:25324280-25369060	chr1_25358993_G_A_b38	rs3093638	ENSG00000183726.11	TMEM50A	Testis	-0.07821068167686462	5.578800412829789e-05
chr1:25324280-25369060	chr1_25358993_G_A_b38	rs3093638	ENSG00000188672.19	RHCE	Testis	-0.8913130164146423	2.252287698580869e-95
chr1:25324280-25369060	chr1_25358993_G_A_b38	rs3093638	ENSG00000204178.11	MACO1	Testis	-0.21126487851142883	8.660854604578057e-17
chr1:25324280-25369060	chr1_25358993_G_A_b38	rs3093638	ENSG00000117640.18	MTFR1L	Testis	-0.2252761870622635	4.555655906397054e-05
chr1:25324280-25369060	chr1_25358993_G_A_b38	rs3093638	ENSG00000261349.1	ENSG00000261349	Brain_Caudate_basal_ganglia	0.3432789444923401	8.326974366943816e-06
chr1:25324280-25369060	chr1_25358993_G_A_b38	rs3093638	ENSG00000187010.21	RHD	Brain_Caudate_basal_ganglia	0.8995901346206665	3.82841402473518e-33
chr1:25324280-25369060	chr1_25358993_G_A_b38	rs3093638	ENSG00000224183.1	SDHDP6	Brain_Caudate_basal_ganglia	0.6553252339363098	3.1572535696393593e-18
chr1:25324280-25369060	chr1_25358993_G_A_b38	rs3093638	ENSG00000188672.19	RHCE	Brain_Caudate_basal_ganglia	-0.9159756898880005	5.3346494019825826e-55
chr1:25324280-25369060	chr1_25358993_G_A_b38	rs3093638	ENSG00000261349.1	ENSG00000261349	Muscle_Skeletal	0.4830681383609772	4.783813849371969e-32
chr1:25324280-25369060	chr1_25358993_G_A_b38	rs3093638	ENSG00000187010.21	RHD	Muscle_Skeletal	0.6327987313270569	2.0771248420476043e-47
chr1:25324280-25369060	chr1_25358993_G_A_b38	rs3093638	ENSG00000224183.1	SDHDP6	Muscle_Skeletal	0.3482983112335205	4.946766283285947e-13
chr1:25324280-25369060	chr1_25358993_G_A_b38	rs3093638	ENSG00000183726.11	TMEM50A	Muscle_Skeletal	-0.1034911572933197	8.780458809456053e-07
chr1:25324280-25369060	chr1_25358993_G_A_b38	rs3093638	ENSG00000188672.19	RHCE	Muscle_Skeletal	-0.7945718765258789	1.4264415063324632e-131
chr1:25324280-25369060	chr1_25358993_G_A_b38	rs3093638	ENSG00000261349.1	ENSG00000261349	Artery_Tibial	0.49712273478507996	7.844051938943384e-29
chr1:25324280-25369060	chr1_25358993_G_A_b38	rs3093638	ENSG00000187010.21	RHD	Artery_Tibial	0.6880236268043518	5.978010837808665e-47
chr1:25324280-25369060	chr1_25358993_G_A_b38	rs3093638	ENSG00000224183.1	SDHDP6	Artery_Tibial	0.6563132405281067	6.889287236809289e-39
chr1:25324280-25369060	chr1_25358993_G_A_b38	rs3093638	ENSG00000183726.11	TMEM50A	Artery_Tibial	-0.11662057042121887	1.289278768113207e-09
chr1:25324280-25369060	chr1_25358993_G_A_b38	rs3093638	ENSG00000188672.19	RHCE	Artery_Tibial	-0.38440579175949097	1.4456472718206095e-19
chr1:25324280-25369060	chr1_25358993_G_A_b38	rs3093638	ENSG00000204178.11	MACO1	Artery_Tibial	-0.18367326259613037	3.6612063488561703e-11
chr1:25324280-25369060	chr1_25358993_G_A_b38	rs3093638	ENSG00000187010.21	RHD	Brain_Substantia_nigra	0.7485393285751343	2.905418767745565e-15
chr1:25324280-25369060	chr1_25358993_G_A_b38	rs3093638	ENSG00000224183.1	SDHDP6	Brain_Substantia_nigra	0.4946483075618744	4.5836015397117013e-07
chr1:25324280-25369060	chr1_25358993_G_A_b38	rs3093638	ENSG00000188672.19	RHCE	Brain_Substantia_nigra	-0.6237552165985107	8.177618751859163e-20
chr1:25324280-25369060	chr1_25358993_G_A_b38	rs3093638	ENSG00000261349.1	ENSG00000261349	Prostate	0.5505592226982117	1.4503799187336213e-14
chr1:25324280-25369060	chr1_25358993_G_A_b38	rs3093638	ENSG00000187010.21	RHD	Prostate	0.5891850590705872	6.721802892791417e-17
chr1:25324280-25369060	chr1_25358993_G_A_b38	rs3093638	ENSG00000224183.1	SDHDP6	Prostate	0.5166477560997009	8.238175208950057e-12
chr1:25324280-25369060	chr1_25358993_G_A_b38	rs3093638	ENSG00000188672.19	RHCE	Prostate	-0.5914381742477417	3.0384777190859698e-28
chr1:25324280-25369060	chr1_25358993_G_A_b38	rs3093638	ENSG00000261349.1	ENSG00000261349	Brain_Hippocampus	0.4280983507633209	1.8732338302471628e-08
chr1:25324280-25369060	chr1_25358993_G_A_b38	rs3093638	ENSG00000187010.21	RHD	Brain_Hippocampus	0.8458012938499451	5.077322810566366e-28
chr1:25324280-25369060	chr1_25358993_G_A_b38	rs3093638	ENSG00000224183.1	SDHDP6	Brain_Hippocampus	0.5202465057373047	4.0440895173857413e-10
chr1:25324280-25369060	chr1_25358993_G_A_b38	rs3093638	ENSG00000188672.19	RHCE	Brain_Hippocampus	-0.7316237092018127	9.611325868636435e-34
chr1:25324280-25369060	chr1_25358993_G_A_b38	rs3093638	ENSG00000261349.1	ENSG00000261349	Brain_Frontal_Cortex_BA9	0.5075245499610901	3.717263825682665e-10
chr1:25324280-25369060	chr1_25358993_G_A_b38	rs3093638	ENSG00000187010.21	RHD	Brain_Frontal_Cortex_BA9	0.8809945583343506	7.933958913051217e-29
chr1:25324280-25369060	chr1_25358993_G_A_b38	rs3093638	ENSG00000224183.1	SDHDP6	Brain_Frontal_Cortex_BA9	0.6484717130661011	6.29217784255623e-14
chr1:25324280-25369060	chr1_25358993_G_A_b38	rs3093638	ENSG00000183726.11	TMEM50A	Brain_Frontal_Cortex_BA9	-0.4645286500453949	6.723527496106139e-22
chr1:25324280-25369060	chr1_25358993_G_A_b38	rs3093638	ENSG00000188672.19	RHCE	Brain_Frontal_Cortex_BA9	-0.6922512054443359	3.059159957031106e-35
chr1:25324280-25369060	chr1_25358993_G_A_b38	rs3093638	ENSG00000204178.11	MACO1	Brain_Frontal_Cortex_BA9	-0.19558648765087128	1.1439240450005519e-06
chr1:25324280-25369060	chr1_25358993_G_A_b38	rs3093638	ENSG00000261349.1	ENSG00000261349	Colon_Sigmoid	0.5574835538864136	3.3572578680120037e-19
chr1:25324280-25369060	chr1_25358993_G_A_b38	rs3093638	ENSG00000187010.21	RHD	Colon_Sigmoid	0.7166615724563599	2.7191621316209127e-29
chr1:25324280-25369060	chr1_25358993_G_A_b38	rs3093638	ENSG00000224183.1	SDHDP6	Colon_Sigmoid	0.6003534197807312	1.8672119356160413e-18
chr1:25324280-25369060	chr1_25358993_G_A_b38	rs3093638	ENSG00000188672.19	RHCE	Colon_Sigmoid	-0.5106152296066284	3.7063514341163777e-16
chr1:25324280-25369060	chr1_25358993_G_A_b38	rs3093638	ENSG00000204178.11	MACO1	Colon_Sigmoid	-0.1497684121131897	9.401065305328797e-06
chr1:25324280-25369060	chr1_25358993_G_A_b38	rs3093638	ENSG00000261349.1	ENSG00000261349	Artery_Aorta	0.5965627431869507	2.343829659865586e-29
chr1:25324280-25369060	chr1_25358993_G_A_b38	rs3093638	ENSG00000187010.21	RHD	Artery_Aorta	0.7193654179573059	1.442475367093155e-41
chr1:25324280-25369060	chr1_25358993_G_A_b38	rs3093638	ENSG00000224183.1	SDHDP6	Artery_Aorta	0.6226300001144409	1.6394435741485567e-26
chr1:25324280-25369060	chr1_25358993_G_A_b38	rs3093638	ENSG00000183726.11	TMEM50A	Artery_Aorta	-0.19124753773212433	1.1634988408617986e-16
chr1:25324280-25369060	chr1_25358993_G_A_b38	rs3093638	ENSG00000188672.19	RHCE	Artery_Aorta	-0.4587801694869995	9.174581900351479e-18
chr1:25324280-25369060	chr1_25358993_G_A_b38	rs3093638	ENSG00000204178.11	MACO1	Artery_Aorta	-0.25099435448646545	1.7371891485135874e-12
chr1:25324280-25369060	chr1_25358993_G_A_b38	rs3093638	ENSG00000261349.1	ENSG00000261349	Colon_Transverse	0.536363959312439	6.630467438896847e-24
chr1:25324280-25369060	chr1_25358993_G_A_b38	rs3093638	ENSG00000187010.21	RHD	Colon_Transverse	0.6685308814048767	6.446308721724433e-33
chr1:25324280-25369060	chr1_25358993_G_A_b38	rs3093638	ENSG00000224183.1	SDHDP6	Colon_Transverse	0.4862056374549866	6.034701544205557e-17
chr1:25324280-25369060	chr1_25358993_G_A_b38	rs3093638	ENSG00000183726.11	TMEM50A	Colon_Transverse	-0.10390113294124603	1.4456735583389828e-06
chr1:25324280-25369060	chr1_25358993_G_A_b38	rs3093638	ENSG00000188672.19	RHCE	Colon_Transverse	-0.6027001142501831	7.413549162299417e-27
chr1:25324280-25369060	chr1_25358993_G_A_b38	rs3093638	ENSG00000204178.11	MACO1	Colon_Transverse	-0.122059665620327	2.631705784060505e-06
chr1:25324280-25369060	chr1_25358993_G_A_b38	rs3093638	ENSG00000272432.1	ENSG00000272432	Esophagus_Mucosa	-0.2460801601409912	6.287995100283868e-06
chr1:25324280-25369060	chr1_25358993_G_A_b38	rs3093638	ENSG00000261349.1	ENSG00000261349	Esophagus_Mucosa	0.5246521234512329	2.565890420085008e-27
chr1:25324280-25369060	chr1_25358993_G_A_b38	rs3093638	ENSG00000187010.21	RHD	Esophagus_Mucosa	0.697953462600708	1.4925564130596948e-49
chr1:25324280-25369060	chr1_25358993_G_A_b38	rs3093638	ENSG00000224183.1	SDHDP6	Esophagus_Mucosa	0.484852135181427	1.4530607895458893e-19
chr1:25324280-25369060	chr1_25358993_G_A_b38	rs3093638	ENSG00000188672.19	RHCE	Esophagus_Mucosa	-0.32990607619285583	7.81517136130911e-30
chr1:25324280-25369060	chr1_25358993_G_A_b38	rs3093638	ENSG00000204178.11	MACO1	Esophagus_Mucosa	0.092872254550457	5.6199141775798874e-08
chr1:25324280-25369060	chr1_25358993_G_A_b38	rs3093638	ENSG00000261349.1	ENSG00000261349	Brain_Anterior_cingulate_cortex_BA24	0.4663717746734619	1.2331090932545706e-08
chr1:25324280-25369060	chr1_25358993_G_A_b38	rs3093638	ENSG00000187010.21	RHD	Brain_Anterior_cingulate_cortex_BA24	0.7715818881988525	5.3710473165572635e-21
chr1:25324280-25369060	chr1_25358993_G_A_b38	rs3093638	ENSG00000224183.1	SDHDP6	Brain_Anterior_cingulate_cortex_BA24	0.6312839984893799	1.093305326088453e-12
chr1:25324280-25369060	chr1_25358993_G_A_b38	rs3093638	ENSG00000183726.11	TMEM50A	Brain_Anterior_cingulate_cortex_BA24	-0.33317533135414124	2.11507572278483e-14
chr1:25324280-25369060	chr1_25358993_G_A_b38	rs3093638	ENSG00000188672.19	RHCE	Brain_Anterior_cingulate_cortex_BA24	-0.7603726983070374	8.049038968980106e-37
chr1:25324280-25369060	chr1_25358993_G_A_b38	rs3093638	ENSG00000261349.1	ENSG00000261349	Stomach	0.5398195385932922	2.3958416251315645e-17
chr1:25324280-25369060	chr1_25358993_G_A_b38	rs3093638	ENSG00000187010.21	RHD	Stomach	0.7077375650405884	9.38497430646097e-28
chr1:25324280-25369060	chr1_25358993_G_A_b38	rs3093638	ENSG00000224183.1	SDHDP6	Stomach	0.4918566644191742	6.170184302830794e-13
chr1:25324280-25369060	chr1_25358993_G_A_b38	rs3093638	ENSG00000183726.11	TMEM50A	Stomach	-0.13172367215156555	7.734695663089004e-07
chr1:25324280-25369060	chr1_25358993_G_A_b38	rs3093638	ENSG00000188672.19	RHCE	Stomach	-0.5103940963745117	1.8549754603940276e-25
chr1:25324280-25369060	chr1_25358993_G_A_b38	rs3093638	ENSG00000261349.1	ENSG00000261349	Brain_Cerebellar_Hemisphere	0.631883442401886	2.0587617083704097e-20
chr1:25324280-25369060	chr1_25358993_G_A_b38	rs3093638	ENSG00000187010.21	RHD	Brain_Cerebellar_Hemisphere	0.7605528235435486	1.2256887530468059e-21
chr1:25324280-25369060	chr1_25358993_G_A_b38	rs3093638	ENSG00000224183.1	SDHDP6	Brain_Cerebellar_Hemisphere	0.46309107542037964	6.038575627513507e-08
chr1:25324280-25369060	chr1_25358993_G_A_b38	rs3093638	ENSG00000183726.11	TMEM50A	Brain_Cerebellar_Hemisphere	-0.3906850814819336	3.342579790439009e-25
chr1:25324280-25369060	chr1_25358993_G_A_b38	rs3093638	ENSG00000188672.19	RHCE	Brain_Cerebellar_Hemisphere	-0.6717821359634399	2.1308958191034927e-29
chr1:25324280-25369060	chr1_25358993_G_A_b38	rs3093638	ENSG00000204178.11	MACO1	Brain_Cerebellar_Hemisphere	-0.37370944023132324	3.3666281254415975e-19
chr1:25324280-25369060	chr1_25358993_G_A_b38	rs3093638	ENSG00000261349.1	ENSG00000261349	Adrenal_Gland	0.5777016282081604	5.1714630093154345e-14
chr1:25324280-25369060	chr1_25358993_G_A_b38	rs3093638	ENSG00000187010.21	RHD	Adrenal_Gland	0.7547465562820435	7.810992222901305e-30
chr1:25324280-25369060	chr1_25358993_G_A_b38	rs3093638	ENSG00000224183.1	SDHDP6	Adrenal_Gland	0.8019102215766907	4.602174893382175e-24
chr1:25324280-25369060	chr1_25358993_G_A_b38	rs3093638	ENSG00000183726.11	TMEM50A	Adrenal_Gland	0.20904819667339325	4.095188192389674e-08
chr1:25324280-25369060	chr1_25358993_G_A_b38	rs3093638	ENSG00000188672.19	RHCE	Adrenal_Gland	-0.48660746216773987	8.527812972902873e-14
chr1:25324280-25369060	chr1_25358993_G_A_b38	rs3093638	ENSG00000261349.1	ENSG00000261349	Spleen	0.5019365549087524	3.996314793621525e-11
chr1:25324280-25369060	chr1_25358993_G_A_b38	rs3093638	ENSG00000187010.21	RHD	Spleen	0.6676331162452698	3.630289820832057e-20
chr1:25324280-25369060	chr1_25358993_G_A_b38	rs3093638	ENSG00000224183.1	SDHDP6	Spleen	0.5662755966186523	6.242054149824492e-11
chr1:25324280-25369060	chr1_25358993_G_A_b38	rs3093638	ENSG00000261349.1	ENSG00000261349	Heart_Atrial_Appendage	0.5494479537010193	8.990710484107574e-20
chr1:25324280-25369060	chr1_25358993_G_A_b38	rs3093638	ENSG00000187010.21	RHD	Heart_Atrial_Appendage	0.6233772039413452	1.2644921907394564e-21
chr1:25324280-25369060	chr1_25358993_G_A_b38	rs3093638	ENSG00000224183.1	SDHDP6	Heart_Atrial_Appendage	0.5444435477256775	4.439427088528264e-18
chr1:25324280-25369060	chr1_25358993_G_A_b38	rs3093638	ENSG00000188672.19	RHCE	Heart_Atrial_Appendage	-0.5560164451599121	1.5403969047660094e-23
chr1:25324280-25369060	chr1_25358993_G_A_b38	rs3093638	ENSG00000261349.1	ENSG00000261349	Ovary	0.7906968593597412	2.636175068015352e-15
chr1:25324280-25369060	chr1_25358993_G_A_b38	rs3093638	ENSG00000187010.21	RHD	Ovary	0.7677895426750183	2.1874987193066062e-13
chr1:25324280-25369060	chr1_25358993_G_A_b38	rs3093638	ENSG00000224183.1	SDHDP6	Ovary	0.7660038471221924	3.708463987517043e-14
chr1:25324280-25369060	chr1_25358993_G_A_b38	rs3093638	ENSG00000188672.19	RHCE	Ovary	-0.8011733293533325	6.848314094905927e-20
chr1:25324280-25369060	chr1_25358993_G_A_b38	rs3093638	ENSG00000261349.1	ENSG00000261349	Cells_EBV-transformed_lymphocytes	0.5455923676490784	2.1347968463341126e-15
chr1:25324280-25369060	chr1_25358993_G_A_b38	rs3093638	ENSG00000187010.21	RHD	Cells_EBV-transformed_lymphocytes	0.694322407245636	6.18367631932576e-22
chr1:25324280-25369060	chr1_25358993_G_A_b38	rs3093638	ENSG00000224183.1	SDHDP6	Cells_EBV-transformed_lymphocytes	0.5387275218963623	2.167764268546618e-11
chr1:25324280-25369060	chr1_25358993_G_A_b38	rs3093638	ENSG00000183726.11	TMEM50A	Cells_EBV-transformed_lymphocytes	-0.17062945663928986	5.115666271080199e-06
chr1:25324280-25369060	chr1_25358993_G_A_b38	rs3093638	ENSG00000188672.19	RHCE	Cells_EBV-transformed_lymphocytes	-0.43072637915611267	2.3140334252579083e-17
chr1:25324280-25369060	chr1_25358993_G_A_b38	rs3093638	ENSG00000261349.1	ENSG00000261349	Brain_Cerebellum	0.6597100496292114	4.9164922428894267e-20
chr1:25324280-25369060	chr1_25358993_G_A_b38	rs3093638	ENSG00000187010.21	RHD	Brain_Cerebellum	0.7661058306694031	6.013318398706039e-23
chr1:25324280-25369060	chr1_25358993_G_A_b38	rs3093638	ENSG00000224183.1	SDHDP6	Brain_Cerebellum	0.48654693365097046	5.436091305954967e-08
chr1:25324280-25369060	chr1_25358993_G_A_b38	rs3093638	ENSG00000183726.11	TMEM50A	Brain_Cerebellum	-0.36815720796585083	1.0950175791734575e-22
chr1:25324280-25369060	chr1_25358993_G_A_b38	rs3093638	ENSG00000188672.19	RHCE	Brain_Cerebellum	-0.7002193927764893	3.632770018510373e-30
chr1:25324280-25369060	chr1_25358993_G_A_b38	rs3093638	ENSG00000204178.11	MACO1	Brain_Cerebellum	-0.24045199155807495	4.008498843165979e-09
chr1:25324280-25369060	chr1_25358993_G_A_b38	rs3093638	ENSG00000261349.1	ENSG00000261349	Liver	0.44761353731155396	1.8384629786213374e-08
chr1:25324280-25369060	chr1_25358993_G_A_b38	rs3093638	ENSG00000187010.21	RHD	Liver	0.6727174520492554	4.643006928167738e-16
chr1:25324280-25369060	chr1_25358993_G_A_b38	rs3093638	ENSG00000224183.1	SDHDP6	Liver	0.44806957244873047	8.756272413451061e-07
chr1:25324280-25369060	chr1_25358993_G_A_b38	rs3093638	ENSG00000188672.19	RHCE	Liver	-0.654795229434967	1.916532076189803e-20
chr1:25324280-25369060	chr1_25358993_G_A_b38	rs3093638	ENSG00000187010.21	RHD	Kidney_Cortex	0.7784866094589233	3.429488847143388e-08
chr1:25324280-25369060	chr1_25358993_G_A_b38	rs3093638	ENSG00000224183.1	SDHDP6	Kidney_Cortex	0.8404780626296997	1.500469943285889e-08
chr1:25324280-25369060	chr1_25358993_G_A_b38	rs3093638	ENSG00000261349.1	ENSG00000261349	Brain_Amygdala	0.45684969425201416	2.3515695794174457e-06
chr1:25324280-25369060	chr1_25358993_G_A_b38	rs3093638	ENSG00000187010.21	RHD	Brain_Amygdala	0.8027738332748413	1.8211334846898135e-17
chr1:25324280-25369060	chr1_25358993_G_A_b38	rs3093638	ENSG00000188672.19	RHCE	Brain_Amygdala	-0.7768315672874451	2.4087026338897175e-27
chr1:25324280-25369060	chr1_25358993_G_A_b38	rs3093638	ENSG00000261349.1	ENSG00000261349	Brain_Spinal_cord_cervical_c-1	0.3968258500099182	2.787672254708312e-06
chr1:25324280-25369060	chr1_25358993_G_A_b38	rs3093638	ENSG00000187010.21	RHD	Brain_Spinal_cord_cervical_c-1	0.7480447292327881	5.579268549771019e-17
chr1:25324280-25369060	chr1_25358993_G_A_b38	rs3093638	ENSG00000224183.1	SDHDP6	Brain_Spinal_cord_cervical_c-1	0.4484562575817108	1.2635440892101624e-07
chr1:25324280-25369060	chr1_25358993_G_A_b38	rs3093638	ENSG00000188672.19	RHCE	Brain_Spinal_cord_cervical_c-1	-0.7191199660301208	3.7683139926214252e-34
chr1:25324280-25369060	chr1_25358993_G_A_b38	rs3093638	ENSG00000261349.1	ENSG00000261349	Cells_Cultured_fibroblasts	0.5164420008659363	1.1931998969422118e-26
chr1:25324280-25369060	chr1_25358993_G_A_b38	rs3093638	ENSG00000187010.21	RHD	Cells_Cultured_fibroblasts	0.616403341293335	3.0223555357171386e-42
chr1:25324280-25369060	chr1_25358993_G_A_b38	rs3093638	ENSG00000224183.1	SDHDP6	Cells_Cultured_fibroblasts	0.5882471203804016	1.508241321064254e-38
chr1:25324280-25369060	chr1_25358993_G_A_b38	rs3093638	ENSG00000117616.18	RSRP1	Cells_Cultured_fibroblasts	0.08241645991802216	4.704091450082316e-08
chr1:25324280-25369060	chr1_25358993_G_A_b38	rs3093638	ENSG00000183726.11	TMEM50A	Cells_Cultured_fibroblasts	0.3304871618747711	1.2470257982965696e-32
chr1:25324280-25369060	chr1_25358993_G_A_b38	rs3093638	ENSG00000188672.19	RHCE	Cells_Cultured_fibroblasts	-0.4276035726070404	4.55427739060127e-42
chr1:25324280-25369060	chr1_25358993_G_A_b38	rs3093638	ENSG00000157978.12	LDLRAP1	Cells_Cultured_fibroblasts	0.1066051721572876	1.5145231291857323e-05
chr1:25324280-25369060	chr1_25358993_G_A_b38	rs3093638	ENSG00000261349.1	ENSG00000261349	Lung	0.6195133924484253	2.1602930521756937e-39
chr1:25324280-25369060	chr1_25358993_G_A_b38	rs3093638	ENSG00000187010.21	RHD	Lung	0.6894981861114502	1.6092610768993652e-43
chr1:25324280-25369060	chr1_25358993_G_A_b38	rs3093638	ENSG00000224183.1	SDHDP6	Lung	0.5778943300247192	2.5413551135329426e-27
chr1:25324280-25369060	chr1_25358993_G_A_b38	rs3093638	ENSG00000188672.19	RHCE	Lung	-0.29319772124290466	1.8168901366970094e-09
chr1:25324280-25369060	chr1_25358993_G_A_b38	rs3093638	ENSG00000261349.1	ENSG00000261349	Breast_Mammary_Tissue	0.4568242132663727	3.487905064780069e-17
chr1:25324280-25369060	chr1_25358993_G_A_b38	rs3093638	ENSG00000187010.21	RHD	Breast_Mammary_Tissue	0.6307515501976013	1.3648178035090472e-35
chr1:25324280-25369060	chr1_25358993_G_A_b38	rs3093638	ENSG00000224183.1	SDHDP6	Breast_Mammary_Tissue	0.6088288426399231	7.598207009053734e-30
chr1:25324280-25369060	chr1_25358993_G_A_b38	rs3093638	ENSG00000188672.19	RHCE	Breast_Mammary_Tissue	-0.5656704306602478	6.456854874737423e-31
chr1:25324280-25369060	chr1_25358993_G_A_b38	rs3093638	ENSG00000261349.1	ENSG00000261349	Minor_Salivary_Gland	0.4947488605976105	1.2237751899087496e-06
chr1:25324280-25369060	chr1_25358993_G_A_b38	rs3093638	ENSG00000187010.21	RHD	Minor_Salivary_Gland	0.42660826444625854	7.198983546790198e-10
chr1:25324280-25369060	chr1_25358993_G_A_b38	rs3093638	ENSG00000224183.1	SDHDP6	Minor_Salivary_Gland	0.5158777236938477	8.487594426493102e-07
chr1:25324280-25369060	chr1_25358993_G_A_b38	rs3093638	ENSG00000188672.19	RHCE	Minor_Salivary_Gland	-0.3870202898979187	8.756825332534961e-11
chr1:25324280-25369060	chr1_25358993_G_A_b38	rs3093638	ENSG00000261349.1	ENSG00000261349	Brain_Cortex	0.6351113319396973	1.2344505816692793e-13
chr1:25324280-25369060	chr1_25358993_G_A_b38	rs3093638	ENSG00000187010.21	RHD	Brain_Cortex	0.8506295084953308	1.4300119570202103e-25
chr1:25324280-25369060	chr1_25358993_G_A_b38	rs3093638	ENSG00000224183.1	SDHDP6	Brain_Cortex	0.6720881462097168	9.3151447626145e-14
chr1:25324280-25369060	chr1_25358993_G_A_b38	rs3093638	ENSG00000183726.11	TMEM50A	Brain_Cortex	-0.3159103989601135	3.978463003213119e-14
chr1:25324280-25369060	chr1_25358993_G_A_b38	rs3093638	ENSG00000188672.19	RHCE	Brain_Cortex	-0.70048987865448	1.8200275391546497e-33
chr1:25324280-25369060	chr1_25358993_G_A_b38	rs3093638	ENSG00000261349.1	ENSG00000261349	Brain_Putamen_basal_ganglia	0.41375648975372314	1.6029419683291308e-07
chr1:25324280-25369060	chr1_25358993_G_A_b38	rs3093638	ENSG00000187010.21	RHD	Brain_Putamen_basal_ganglia	0.8055863976478577	3.674514655059777e-23
chr1:25324280-25369060	chr1_25358993_G_A_b38	rs3093638	ENSG00000224183.1	SDHDP6	Brain_Putamen_basal_ganglia	0.5167509913444519	1.7222427727263662e-10
chr1:25324280-25369060	chr1_25358993_G_A_b38	rs3093638	ENSG00000188672.19	RHCE	Brain_Putamen_basal_ganglia	-0.8172093629837036	1.9141542356595393e-44
chr1:25324280-25369060	chr1_25358993_G_A_b38	rs3093638	ENSG00000261349.1	ENSG00000261349	Skin_Sun_Exposed_Lower_leg	0.5561751127243042	8.393010380159419e-34
chr1:25324280-25369060	chr1_25358993_G_A_b38	rs3093638	ENSG00000187010.21	RHD	Skin_Sun_Exposed_Lower_leg	0.7412445545196533	3.487339400559046e-61
chr1:25324280-25369060	chr1_25358993_G_A_b38	rs3093638	ENSG00000224183.1	SDHDP6	Skin_Sun_Exposed_Lower_leg	0.6124815344810486	1.2251900752079886e-37
chr1:25324280-25369060	chr1_25358993_G_A_b38	rs3093638	ENSG00000183726.11	TMEM50A	Skin_Sun_Exposed_Lower_leg	-0.08434095978736877	5.259762255004141e-07
chr1:25324280-25369060	chr1_25358993_G_A_b38	rs3093638	ENSG00000188672.19	RHCE	Skin_Sun_Exposed_Lower_leg	-0.6643620729446411	1.5332091960777532e-67
chr1:25324280-25369060	chr1_25358993_G_A_b38	rs3093638	ENSG00000261349.1	ENSG00000261349	Artery_Coronary	0.5317725539207458	2.357009303958844e-12
chr1:25324280-25369060	chr1_25358993_G_A_b38	rs3093638	ENSG00000187010.21	RHD	Artery_Coronary	0.6926718354225159	8.404126108149347e-20
chr1:25324280-25369060	chr1_25358993_G_A_b38	rs3093638	ENSG00000224183.1	SDHDP6	Artery_Coronary	0.7514294981956482	3.188554426617332e-20
chr1:25324280-25369060	chr1_25358993_G_A_b38	rs3093638	ENSG00000188672.19	RHCE	Artery_Coronary	-0.3400942087173462	4.212178122289805e-06
chr10:46983451-47468232	chr10_47170541_G_A_b38	rs112427807	ENSG00000204177.11	BMS1P1	Vagina	-0.8256707191467285	1.890189799691656e-05
chr10:46983451-47468232	chr10_47170541_G_A_b38	rs112427807	ENSG00000273760.1	ENSG00000273760	Vagina	-0.4381800889968872	4.1449398081480434e-05
chr10:46983451-47468232	chr10_47170541_G_A_b38	rs112427807	ENSG00000204176.14	SYT15	Brain_Nucleus_accumbens_basal_ganglia	-0.8887829780578613	1.1188939948026478e-07
chr10:46983451-47468232	chr10_47170541_G_A_b38	rs112427807	ENSG00000231187.3	ENSG00000231187	Brain_Nucleus_accumbens_basal_ganglia	-0.5513384342193604	4.1357024920602275e-05
chr10:46983451-47468232	chr10_47170541_G_A_b38	rs112427807	ENSG00000215097.3	ENSG00000215097	Brain_Nucleus_accumbens_basal_ganglia	-0.8304149508476257	1.5550192399782187e-05
chr10:46983451-47468232	chr10_47170541_G_A_b38	rs112427807	ENSG00000204177.11	BMS1P1	Brain_Nucleus_accumbens_basal_ganglia	-1.0716975927352905	1.220509023410376e-13
chr10:46983451-47468232	chr10_47170541_G_A_b38	rs112427807	ENSG00000243289.1	AGAP13P	Brain_Nucleus_accumbens_basal_ganglia	-0.8100179433822632	3.295334482225054e-05
chr10:46983451-47468232	chr10_47170541_G_A_b38	rs112427807	ENSG00000265018.6	AGAP12P	Brain_Nucleus_accumbens_basal_ganglia	-0.986384928226471	6.304614275792708e-07
chr10:46983451-47468232	chr10_47170541_G_A_b38	rs112427807	ENSG00000204175.6	GPRIN2	Esophagus_Muscularis	-0.5629276037216187	8.040386341552831e-06
chr10:46983451-47468232	chr10_47170541_G_A_b38	rs112427807	ENSG00000204176.14	SYT15	Esophagus_Muscularis	-0.798909604549408	1.0759452855676195e-11
chr10:46983451-47468232	chr10_47170541_G_A_b38	rs112427807	ENSG00000231187.3	ENSG00000231187	Esophagus_Muscularis	-0.6420589685440063	5.094535697595612e-06
chr10:46983451-47468232	chr10_47170541_G_A_b38	rs112427807	ENSG00000165874.13	SHLD2P1	Esophagus_Muscularis	-0.5856290459632874	0.00014599892467316342
chr10:46983451-47468232	chr10_47170541_G_A_b38	rs112427807	ENSG00000215097.3	ENSG00000215097	Esophagus_Muscularis	-0.6444166302680969	1.976763042136466e-07
chr10:46983451-47468232	chr10_47170541_G_A_b38	rs112427807	ENSG00000265366.6	GLUD1P2	Esophagus_Muscularis	-0.5460502505302429	0.00020537689921074727
chr10:46983451-47468232	chr10_47170541_G_A_b38	rs112427807	ENSG00000204177.11	BMS1P1	Esophagus_Muscularis	-1.062316656112671	6.42364398517221e-17
chr10:46983451-47468232	chr10_47170541_G_A_b38	rs112427807	ENSG00000243289.1	AGAP13P	Esophagus_Muscularis	-0.6764369010925293	2.005384399760609e-06
chr10:46983451-47468232	chr10_47170541_G_A_b38	rs112427807	ENSG00000265018.6	AGAP12P	Esophagus_Muscularis	-0.72514808177948	3.524971520647423e-06
chr10:46983451-47468232	chr10_47170541_G_A_b38	rs112427807	ENSG00000270025.2	BMS1P7	Esophagus_Muscularis	-0.5979723930358887	0.00011173764762329937
chr10:46983451-47468232	chr10_47170541_G_A_b38	rs112427807	ENSG00000215097.3	ENSG00000215097	Pancreas	-0.5954596400260925	8.4592927723514e-05
chr10:46983451-47468232	chr10_47170541_G_A_b38	rs112427807	ENSG00000265366.6	GLUD1P2	Pancreas	-0.6858392953872681	8.334533606685605e-05
chr10:46983451-47468232	chr10_47170541_G_A_b38	rs112427807	ENSG00000204177.11	BMS1P1	Pancreas	-1.1600368022918701	6.489241506458073e-13
chr10:46983451-47468232	chr10_47170541_G_A_b38	rs112427807	ENSG00000204176.14	SYT15	Adipose_Visceral_Omentum	-0.569365918636322	8.106747998191273e-10
chr10:46983451-47468232	chr10_47170541_G_A_b38	rs112427807	ENSG00000231187.3	ENSG00000231187	Adipose_Visceral_Omentum	-0.4909226894378662	1.5252537932204388e-05
chr10:46983451-47468232	chr10_47170541_G_A_b38	rs112427807	ENSG00000215097.3	ENSG00000215097	Adipose_Visceral_Omentum	-0.4951850473880768	8.297855572104897e-06
chr10:46983451-47468232	chr10_47170541_G_A_b38	rs112427807	ENSG00000265366.6	GLUD1P2	Adipose_Visceral_Omentum	-0.6183066964149475	3.84566489600554e-07
chr10:46983451-47468232	chr10_47170541_G_A_b38	rs112427807	ENSG00000204177.11	BMS1P1	Adipose_Visceral_Omentum	-1.0144246816635132	8.406597781153675e-25
chr10:46983451-47468232	chr10_47170541_G_A_b38	rs112427807	ENSG00000204179.11	PTPN20	Adipose_Visceral_Omentum	-0.5594547986984253	1.0821366105012419e-05
chr10:46983451-47468232	chr10_47170541_G_A_b38	rs112427807	ENSG00000273760.1	ENSG00000273760	Adipose_Visceral_Omentum	-0.2692333459854126	0.00014665331326233364
chr10:46983451-47468232	chr10_47170541_G_A_b38	rs112427807	ENSG00000276850.5	ENSG00000276850	Adipose_Visceral_Omentum	-0.32639452815055847	1.0211058522155616e-10
chr10:46983451-47468232	chr10_47170541_G_A_b38	rs112427807	ENSG00000204175.6	GPRIN2	Pituitary	-0.7902398109436035	5.581139267187931e-08
chr10:46983451-47468232	chr10_47170541_G_A_b38	rs112427807	ENSG00000204176.14	SYT15	Pituitary	-0.49059075117111206	7.08882545055842e-05
chr10:46983451-47468232	chr10_47170541_G_A_b38	rs112427807	ENSG00000215097.3	ENSG00000215097	Pituitary	-1.1702699661254883	4.226263968333806e-12
chr10:46983451-47468232	chr10_47170541_G_A_b38	rs112427807	ENSG00000265366.6	GLUD1P2	Pituitary	-0.7258951663970947	0.00012507762225625834
chr10:46983451-47468232	chr10_47170541_G_A_b38	rs112427807	ENSG00000204177.11	BMS1P1	Pituitary	-1.1515082120895386	3.1618250395582805e-15
chr10:46983451-47468232	chr10_47170541_G_A_b38	rs112427807	ENSG00000243289.1	AGAP13P	Pituitary	-0.8938091397285461	3.5307078510878366e-07
chr10:46983451-47468232	chr10_47170541_G_A_b38	rs112427807	ENSG00000204179.11	PTPN20	Pituitary	-0.6582188010215759	4.6179219952566746e-05
chr10:46983451-47468232	chr10_47170541_G_A_b38	rs112427807	ENSG00000265018.6	AGAP12P	Pituitary	-1.0893863439559937	1.0396545562603215e-08
chr10:46983451-47468232	chr10_47170541_G_A_b38	rs112427807	ENSG00000270025.2	BMS1P7	Pituitary	-0.8324082493782043	8.966049341947632e-06
chr10:46983451-47468232	chr10_47170541_G_A_b38	rs112427807	ENSG00000278561.2	PTPN20CP	Pituitary	-0.8587729334831238	5.7120042072112545e-06
chr10:46983451-47468232	chr10_47170541_G_A_b38	rs112427807	ENSG00000204176.14	SYT15	Nerve_Tibial	-0.57368004322052	2.2320535635688575e-07
chr10:46983451-47468232	chr10_47170541_G_A_b38	rs112427807	ENSG00000231187.3	ENSG00000231187	Nerve_Tibial	-0.4771975576877594	1.609179241013213e-05
chr10:46983451-47468232	chr10_47170541_G_A_b38	rs112427807	ENSG00000215097.3	ENSG00000215097	Nerve_Tibial	-0.5221561193466187	1.397533453985672e-06
chr10:46983451-47468232	chr10_47170541_G_A_b38	rs112427807	ENSG00000265366.6	GLUD1P2	Nerve_Tibial	-0.6236385703086853	2.322890574879724e-06
chr10:46983451-47468232	chr10_47170541_G_A_b38	rs112427807	ENSG00000204177.11	BMS1P1	Nerve_Tibial	-0.9864943027496338	4.861040531218864e-20
chr10:46983451-47468232	chr10_47170541_G_A_b38	rs112427807	ENSG00000243289.1	AGAP13P	Nerve_Tibial	-0.697615921497345	1.1712067209464526e-07
chr10:46983451-47468232	chr10_47170541_G_A_b38	rs112427807	ENSG00000204179.11	PTPN20	Nerve_Tibial	-0.5322810411453247	3.2121781844454347e-06
chr10:46983451-47468232	chr10_47170541_G_A_b38	rs112427807	ENSG00000204177.11	BMS1P1	Small_Intestine_Terminal_Ileum	-0.611725926399231	1.0990207532273601e-06
chr10:46983451-47468232	chr10_47170541_G_A_b38	rs112427807	ENSG00000204177.11	BMS1P1	Whole_Blood	-0.48146629333496094	9.350188495764774e-09
chr10:46983451-47468232	chr10_47170541_G_A_b38	rs112427807	ENSG00000204176.14	SYT15	Skin_Not_Sun_Exposed_Suprapubic	-0.6304146647453308	4.425931649657536e-09
chr10:46983451-47468232	chr10_47170541_G_A_b38	rs112427807	ENSG00000231187.3	ENSG00000231187	Skin_Not_Sun_Exposed_Suprapubic	-0.5599105358123779	2.4394367410479695e-08
chr10:46983451-47468232	chr10_47170541_G_A_b38	rs112427807	ENSG00000165874.13	SHLD2P1	Skin_Not_Sun_Exposed_Suprapubic	-0.4690439999103546	0.0001669271691181974
chr10:46983451-47468232	chr10_47170541_G_A_b38	rs112427807	ENSG00000215097.3	ENSG00000215097	Skin_Not_Sun_Exposed_Suprapubic	-0.600786030292511	2.6876613029950935e-07
chr10:46983451-47468232	chr10_47170541_G_A_b38	rs112427807	ENSG00000265366.6	GLUD1P2	Skin_Not_Sun_Exposed_Suprapubic	-0.6926618218421936	5.662106461976205e-08
chr10:46983451-47468232	chr10_47170541_G_A_b38	rs112427807	ENSG00000204177.11	BMS1P1	Skin_Not_Sun_Exposed_Suprapubic	-1.067508339881897	8.140842452628599e-24
chr10:46983451-47468232	chr10_47170541_G_A_b38	rs112427807	ENSG00000243289.1	AGAP13P	Skin_Not_Sun_Exposed_Suprapubic	-0.5798401832580566	1.591393162470247e-05
chr10:46983451-47468232	chr10_47170541_G_A_b38	rs112427807	ENSG00000204179.11	PTPN20	Skin_Not_Sun_Exposed_Suprapubic	-0.41440075635910034	0.00016774347633984616
chr10:46983451-47468232	chr10_47170541_G_A_b38	rs112427807	ENSG00000264717.5	NPY4R2	Skin_Not_Sun_Exposed_Suprapubic	-0.44805270433425903	0.00014649600215017324
chr10:46983451-47468232	chr10_47170541_G_A_b38	rs112427807	ENSG00000273760.1	ENSG00000273760	Skin_Not_Sun_Exposed_Suprapubic	-0.6757701635360718	7.816204290047227e-12
chr10:46983451-47468232	chr10_47170541_G_A_b38	rs112427807	ENSG00000276850.5	ENSG00000276850	Skin_Not_Sun_Exposed_Suprapubic	-0.7952989339828491	1.3003883303261903e-14
chr10:46983451-47468232	chr10_47170541_G_A_b38	rs112427807	ENSG00000276430.3	FAM25C	Skin_Not_Sun_Exposed_Suprapubic	-0.5640969276428223	1.2686464880639445e-05
chr10:46983451-47468232	chr10_47170541_G_A_b38	rs112427807	ENSG00000270025.2	BMS1P7	Skin_Not_Sun_Exposed_Suprapubic	-0.5959587097167969	2.819410884762298e-06
chr10:46983451-47468232	chr10_47170541_G_A_b38	rs112427807	ENSG00000278561.2	PTPN20CP	Skin_Not_Sun_Exposed_Suprapubic	-0.47889477014541626	0.00018089052976817305
chr10:46983451-47468232	chr10_47170541_G_A_b38	rs112427807	ENSG00000204176.14	SYT15	Esophagus_Gastroesophageal_Junction	-0.5821171402931213	5.583622943129894e-05
chr10:46983451-47468232	chr10_47170541_G_A_b38	rs112427807	ENSG00000265366.6	GLUD1P2	Esophagus_Gastroesophageal_Junction	-0.6630062460899353	0.00010298996302517631
chr10:46983451-47468232	chr10_47170541_G_A_b38	rs112427807	ENSG00000204177.11	BMS1P1	Esophagus_Gastroesophageal_Junction	-0.8617557883262634	6.223473208320355e-10
chr10:46983451-47468232	chr10_47170541_G_A_b38	rs112427807	ENSG00000204175.6	GPRIN2	Brain_Hypothalamus	-0.41511163115501404	1.5538800213760434e-05
chr10:46983451-47468232	chr10_47170541_G_A_b38	rs112427807	ENSG00000204176.14	SYT15	Brain_Hypothalamus	-0.9008128046989441	2.2655676913196153e-07
chr10:46983451-47468232	chr10_47170541_G_A_b38	rs112427807	ENSG00000231187.3	ENSG00000231187	Brain_Hypothalamus	-0.8241565823554993	1.6994050569888842e-08
chr10:46983451-47468232	chr10_47170541_G_A_b38	rs112427807	ENSG00000280913.2	CTSLP3	Brain_Hypothalamus	-0.938286304473877	1.1659247628024132e-05
chr10:46983451-47468232	chr10_47170541_G_A_b38	rs112427807	ENSG00000215097.3	ENSG00000215097	Brain_Hypothalamus	-0.8368216753005981	1.0025730730738995e-05
chr10:46983451-47468232	chr10_47170541_G_A_b38	rs112427807	ENSG00000265366.6	GLUD1P2	Brain_Hypothalamus	-0.8909156918525696	6.560429800771366e-05
chr10:46983451-47468232	chr10_47170541_G_A_b38	rs112427807	ENSG00000204177.11	BMS1P1	Brain_Hypothalamus	-1.4014267921447754	1.3839973358421428e-17
chr10:46983451-47468232	chr10_47170541_G_A_b38	rs112427807	ENSG00000265018.6	AGAP12P	Brain_Hypothalamus	-0.9090331792831421	6.982020122856311e-07
chr10:46983451-47468232	chr10_47170541_G_A_b38	rs112427807	ENSG00000270025.2	BMS1P7	Brain_Hypothalamus	-0.7645834684371948	1.7534655137772056e-06
chr10:46983451-47468232	chr10_47170541_G_A_b38	rs112427807	ENSG00000204176.14	SYT15	Adipose_Subcutaneous	-0.6672259569168091	2.353642289795307e-12
chr10:46983451-47468232	chr10_47170541_G_A_b38	rs112427807	ENSG00000231187.3	ENSG00000231187	Adipose_Subcutaneous	-0.46867483854293823	4.908403977929216e-06
chr10:46983451-47468232	chr10_47170541_G_A_b38	rs112427807	ENSG00000165874.13	SHLD2P1	Adipose_Subcutaneous	-0.5541063547134399	1.3191588249254124e-05
chr10:46983451-47468232	chr10_47170541_G_A_b38	rs112427807	ENSG00000215097.3	ENSG00000215097	Adipose_Subcutaneous	-0.661992073059082	1.7414876574405064e-09
chr10:46983451-47468232	chr10_47170541_G_A_b38	rs112427807	ENSG00000265366.6	GLUD1P2	Adipose_Subcutaneous	-0.49716025590896606	2.0349554562963762e-05
chr10:46983451-47468232	chr10_47170541_G_A_b38	rs112427807	ENSG00000204177.11	BMS1P1	Adipose_Subcutaneous	-0.913330078125	2.03545736788461e-21
chr10:46983451-47468232	chr10_47170541_G_A_b38	rs112427807	ENSG00000204175.6	GPRIN2	Thyroid	-0.4416801333427429	7.2806077140539324e-09
chr10:46983451-47468232	chr10_47170541_G_A_b38	rs112427807	ENSG00000204176.14	SYT15	Thyroid	-0.6156957149505615	7.418271052959895e-12
chr10:46983451-47468232	chr10_47170541_G_A_b38	rs112427807	ENSG00000280913.2	CTSLP3	Thyroid	-0.6559240818023682	5.127573504922708e-09
chr10:46983451-47468232	chr10_47170541_G_A_b38	rs112427807	ENSG00000215097.3	ENSG00000215097	Thyroid	-0.8367842435836792	1.378608429069022e-20
chr10:46983451-47468232	chr10_47170541_G_A_b38	rs112427807	ENSG00000265366.6	GLUD1P2	Thyroid	-0.7536569833755493	4.686588872026011e-11
chr10:46983451-47468232	chr10_47170541_G_A_b38	rs112427807	ENSG00000204177.11	BMS1P1	Thyroid	-1.136331558227539	1.2216823053669011e-34
chr10:46983451-47468232	chr10_47170541_G_A_b38	rs112427807	ENSG00000243289.1	AGAP13P	Thyroid	-0.7162478566169739	7.874102485325488e-10
chr10:46983451-47468232	chr10_47170541_G_A_b38	rs112427807	ENSG00000265763.4	ZNF488	Thyroid	-0.388484925031662	4.55543617436576e-05
chr10:46983451-47468232	chr10_47170541_G_A_b38	rs112427807	ENSG00000265018.6	AGAP12P	Thyroid	-0.514415979385376	6.207565994005206e-05
chr10:46983451-47468232	chr10_47170541_G_A_b38	rs112427807	ENSG00000204176.14	SYT15	Uterus	-0.9392188191413879	3.871715593476798e-07
chr10:46983451-47468232	chr10_47170541_G_A_b38	rs112427807	ENSG00000231187.3	ENSG00000231187	Uterus	-0.9813733696937561	5.7943435029884826e-06
chr10:46983451-47468232	chr10_47170541_G_A_b38	rs112427807	ENSG00000204177.11	BMS1P1	Uterus	-0.7494610548019409	2.110836991343179e-05
chr10:46983451-47468232	chr10_47170541_G_A_b38	rs112427807	ENSG00000215097.3	ENSG00000215097	Heart_Left_Ventricle	-0.49514681100845337	0.00011815242522807763
chr10:46983451-47468232	chr10_47170541_G_A_b38	rs112427807	ENSG00000204177.11	BMS1P1	Heart_Left_Ventricle	-0.9953790307044983	8.855991256787941e-16
chr10:46983451-47468232	chr10_47170541_G_A_b38	rs112427807	ENSG00000265018.6	AGAP12P	Heart_Left_Ventricle	-0.6547732949256897	1.9145104244262345e-05
chr10:46983451-47468232	chr10_47170541_G_A_b38	rs112427807	ENSG00000204175.6	GPRIN2	Testis	-0.438635915517807	2.7277344706696272e-05
chr10:46983451-47468232	chr10_47170541_G_A_b38	rs112427807	ENSG00000204176.14	SYT15	Testis	-0.7403146028518677	6.61824366514216e-07
chr10:46983451-47468232	chr10_47170541_G_A_b38	rs112427807	ENSG00000215097.3	ENSG00000215097	Testis	-1.067417860031128	4.24048239966114e-12
chr10:46983451-47468232	chr10_47170541_G_A_b38	rs112427807	ENSG00000265366.6	GLUD1P2	Testis	-0.7629643082618713	4.630807072710879e-06
chr10:46983451-47468232	chr10_47170541_G_A_b38	rs112427807	ENSG00000204177.11	BMS1P1	Testis	-1.2036685943603516	1.1697224693219822e-14
chr10:46983451-47468232	chr10_47170541_G_A_b38	rs112427807	ENSG00000276850.5	ENSG00000276850	Testis	-0.6522479057312012	4.8776967997997956e-05
chr10:46983451-47468232	chr10_47170541_G_A_b38	rs112427807	ENSG00000265018.6	AGAP12P	Testis	-0.8788174390792847	1.1341413809831081e-10
chr10:46983451-47468232	chr10_47170541_G_A_b38	rs112427807	ENSG00000270025.2	BMS1P7	Testis	-1.1073054075241089	3.5208191518067126e-14
chr10:46983451-47468232	chr10_47170541_G_A_b38	rs112427807	ENSG00000278561.2	PTPN20CP	Testis	-0.49494668841362	0.00014412643674859916
chr10:46983451-47468232	chr10_47170541_G_A_b38	rs112427807	ENSG00000204175.6	GPRIN2	Brain_Caudate_basal_ganglia	-0.5544901490211487	1.1230364524188286e-05
chr10:46983451-47468232	chr10_47170541_G_A_b38	rs112427807	ENSG00000204176.14	SYT15	Brain_Caudate_basal_ganglia	-0.8258959650993347	3.460789548897341e-08
chr10:46983451-47468232	chr10_47170541_G_A_b38	rs112427807	ENSG00000231187.3	ENSG00000231187	Brain_Caudate_basal_ganglia	-0.7657938599586487	5.676587937282355e-10
chr10:46983451-47468232	chr10_47170541_G_A_b38	rs112427807	ENSG00000215097.3	ENSG00000215097	Brain_Caudate_basal_ganglia	-0.9624244570732117	1.656736394431678e-08
chr10:46983451-47468232	chr10_47170541_G_A_b38	rs112427807	ENSG00000204177.11	BMS1P1	Brain_Caudate_basal_ganglia	-0.9688319563865662	1.7856576549369222e-12
chr10:46983451-47468232	chr10_47170541_G_A_b38	rs112427807	ENSG00000266524.3	GDF10	Brain_Caudate_basal_ganglia	0.36092233657836914	3.674375944261404e-05
chr10:46983451-47468232	chr10_47170541_G_A_b38	rs112427807	ENSG00000265018.6	AGAP12P	Brain_Caudate_basal_ganglia	-0.9249593019485474	6.068934016856525e-08
chr10:46983451-47468232	chr10_47170541_G_A_b38	rs112427807	ENSG00000215097.3	ENSG00000215097	Muscle_Skeletal	-0.4560978412628174	5.049218488155e-06
chr10:46983451-47468232	chr10_47170541_G_A_b38	rs112427807	ENSG00000204177.11	BMS1P1	Muscle_Skeletal	-0.8490553498268127	1.2011542831787916e-26
chr10:46983451-47468232	chr10_47170541_G_A_b38	rs112427807	ENSG00000204179.11	PTPN20	Muscle_Skeletal	-0.328947514295578	5.897620993407427e-05
chr10:46983451-47468232	chr10_47170541_G_A_b38	rs112427807	ENSG00000204176.14	SYT15	Artery_Tibial	-0.5126293301582336	3.564274317664532e-08
chr10:46983451-47468232	chr10_47170541_G_A_b38	rs112427807	ENSG00000231187.3	ENSG00000231187	Artery_Tibial	-0.4173499047756195	2.5271883855785746e-06
chr10:46983451-47468232	chr10_47170541_G_A_b38	rs112427807	ENSG00000272430.1	LINC02637	Artery_Tibial	-0.5531741976737976	1.1569579831366927e-05
chr10:46983451-47468232	chr10_47170541_G_A_b38	rs112427807	ENSG00000165874.13	SHLD2P1	Artery_Tibial	-0.6457539200782776	1.553262641227958e-07
chr10:46983451-47468232	chr10_47170541_G_A_b38	rs112427807	ENSG00000280913.2	CTSLP3	Artery_Tibial	-0.4515974223613739	0.0002286800482704633
chr10:46983451-47468232	chr10_47170541_G_A_b38	rs112427807	ENSG00000215097.3	ENSG00000215097	Artery_Tibial	-0.7915641069412231	8.739053243991014e-14
chr10:46983451-47468232	chr10_47170541_G_A_b38	rs112427807	ENSG00000265366.6	GLUD1P2	Artery_Tibial	-0.6960971355438232	1.741844144409656e-08
chr10:46983451-47468232	chr10_47170541_G_A_b38	rs112427807	ENSG00000204177.11	BMS1P1	Artery_Tibial	-0.9618464708328247	1.8633720835368962e-23
chr10:46983451-47468232	chr10_47170541_G_A_b38	rs112427807	ENSG00000204177.11	BMS1P1	Brain_Substantia_nigra	-0.8063542246818542	3.0835837367504673e-05
chr10:46983451-47468232	chr10_47170541_G_A_b38	rs112427807	ENSG00000204177.11	BMS1P1	Prostate	-0.7904796600341797	4.1118630428060085e-06
chr10:46983451-47468232	chr10_47170541_G_A_b38	rs112427807	ENSG00000273760.1	ENSG00000273760	Prostate	-0.7417374849319458	1.033822606714319e-08
chr10:46983451-47468232	chr10_47170541_G_A_b38	rs112427807	ENSG00000204176.14	SYT15	Brain_Hippocampus	-0.6218413710594177	8.281644859730808e-07
chr10:46983451-47468232	chr10_47170541_G_A_b38	rs112427807	ENSG00000231187.3	ENSG00000231187	Brain_Hippocampus	-0.5757359862327576	1.1458292862738805e-05
chr10:46983451-47468232	chr10_47170541_G_A_b38	rs112427807	ENSG00000204177.11	BMS1P1	Brain_Hippocampus	-0.9292258024215698	1.2988815857105222e-09
chr10:46983451-47468232	chr10_47170541_G_A_b38	rs112427807	ENSG00000265018.6	AGAP12P	Brain_Hippocampus	-0.9478408098220825	2.00645629414072e-06
chr10:46983451-47468232	chr10_47170541_G_A_b38	rs112427807	ENSG00000204175.6	GPRIN2	Brain_Frontal_Cortex_BA9	-0.5941744446754456	5.5006684488413305e-05
chr10:46983451-47468232	chr10_47170541_G_A_b38	rs112427807	ENSG00000204176.14	SYT15	Brain_Frontal_Cortex_BA9	-0.6075848937034607	0.00010196241441911487
chr10:46983451-47468232	chr10_47170541_G_A_b38	rs112427807	ENSG00000231187.3	ENSG00000231187	Brain_Frontal_Cortex_BA9	-0.5520334839820862	8.108652813940957e-05
chr10:46983451-47468232	chr10_47170541_G_A_b38	rs112427807	ENSG00000280913.2	CTSLP3	Brain_Frontal_Cortex_BA9	-0.8575727343559265	1.5146121412316241e-05
chr10:46983451-47468232	chr10_47170541_G_A_b38	rs112427807	ENSG00000215097.3	ENSG00000215097	Brain_Frontal_Cortex_BA9	-1.0560879707336426	2.1013759122262067e-08
chr10:46983451-47468232	chr10_47170541_G_A_b38	rs112427807	ENSG00000265366.6	GLUD1P2	Brain_Frontal_Cortex_BA9	-0.9507109522819519	6.813541286271883e-06
chr10:46983451-47468232	chr10_47170541_G_A_b38	rs112427807	ENSG00000204177.11	BMS1P1	Brain_Frontal_Cortex_BA9	-1.1413500308990479	2.186945215135756e-13
chr10:46983451-47468232	chr10_47170541_G_A_b38	rs112427807	ENSG00000243289.1	AGAP13P	Brain_Frontal_Cortex_BA9	-0.8316254019737244	1.596936306761901e-05
chr10:46983451-47468232	chr10_47170541_G_A_b38	rs112427807	ENSG00000265018.6	AGAP12P	Brain_Frontal_Cortex_BA9	-0.9058365821838379	8.133697296182685e-06
chr10:46983451-47468232	chr10_47170541_G_A_b38	rs112427807	ENSG00000204176.14	SYT15	Colon_Sigmoid	-0.6673935651779175	2.6145435811577215e-06
chr10:46983451-47468232	chr10_47170541_G_A_b38	rs112427807	ENSG00000231187.3	ENSG00000231187	Colon_Sigmoid	-0.7667148113250732	2.7375039330251366e-07
chr10:46983451-47468232	chr10_47170541_G_A_b38	rs112427807	ENSG00000204177.11	BMS1P1	Colon_Sigmoid	-0.7373178601264954	2.6105318704439594e-09
chr10:46983451-47468232	chr10_47170541_G_A_b38	rs112427807	ENSG00000204176.14	SYT15	Artery_Aorta	-0.6639684438705444	4.289779432285299e-06
chr10:46983451-47468232	chr10_47170541_G_A_b38	rs112427807	ENSG00000231187.3	ENSG00000231187	Artery_Aorta	-0.5933840870857239	5.190209622271842e-05
chr10:46983451-47468232	chr10_47170541_G_A_b38	rs112427807	ENSG00000265366.6	GLUD1P2	Artery_Aorta	-0.7215689420700073	1.9397060355939706e-06
chr10:46983451-47468232	chr10_47170541_G_A_b38	rs112427807	ENSG00000204177.11	BMS1P1	Artery_Aorta	-0.9540842771530151	5.7886495397959445e-15
chr10:46983451-47468232	chr10_47170541_G_A_b38	rs112427807	ENSG00000204176.14	SYT15	Colon_Transverse	-0.4508378505706787	1.550452698791662e-05
chr10:46983451-47468232	chr10_47170541_G_A_b38	rs112427807	ENSG00000204177.11	BMS1P1	Colon_Transverse	-0.9056771397590637	4.147160814657208e-15
chr10:46983451-47468232	chr10_47170541_G_A_b38	rs112427807	ENSG00000204176.14	SYT15	Esophagus_Mucosa	-0.7965184450149536	1.160321557226706e-13
chr10:46983451-47468232	chr10_47170541_G_A_b38	rs112427807	ENSG00000231187.3	ENSG00000231187	Esophagus_Mucosa	-0.7830421924591064	2.951091552040006e-09
chr10:46983451-47468232	chr10_47170541_G_A_b38	rs112427807	ENSG00000215097.3	ENSG00000215097	Esophagus_Mucosa	-0.5134872198104858	6.169232937386537e-05
chr10:46983451-47468232	chr10_47170541_G_A_b38	rs112427807	ENSG00000204177.11	BMS1P1	Esophagus_Mucosa	-0.9452936053276062	5.737401272725763e-17
chr10:46983451-47468232	chr10_47170541_G_A_b38	rs112427807	ENSG00000243289.1	AGAP13P	Esophagus_Mucosa	-0.7086734771728516	6.950746861008068e-07
chr10:46983451-47468232	chr10_47170541_G_A_b38	rs112427807	ENSG00000273760.1	ENSG00000273760	Esophagus_Mucosa	-0.7304015159606934	1.0938838226099858e-09
chr10:46983451-47468232	chr10_47170541_G_A_b38	rs112427807	ENSG00000276850.5	ENSG00000276850	Esophagus_Mucosa	-0.5849514007568359	5.100043568564503e-06
chr10:46983451-47468232	chr10_47170541_G_A_b38	rs112427807	ENSG00000265018.6	AGAP12P	Esophagus_Mucosa	-0.6391993165016174	4.4960098060612835e-05
chr10:46983451-47468232	chr10_47170541_G_A_b38	rs112427807	ENSG00000265366.6	GLUD1P2	Brain_Anterior_cingulate_cortex_BA24	-0.9669076800346375	8.460984984811154e-05
chr10:46983451-47468232	chr10_47170541_G_A_b38	rs112427807	ENSG00000204177.11	BMS1P1	Brain_Anterior_cingulate_cortex_BA24	-0.8791254758834839	1.5578647694988513e-06
chr10:46983451-47468232	chr10_47170541_G_A_b38	rs112427807	ENSG00000204176.14	SYT15	Stomach	-0.5307011008262634	8.786021742764807e-07
chr10:46983451-47468232	chr10_47170541_G_A_b38	rs112427807	ENSG00000204177.11	BMS1P1	Stomach	-0.6387335062026978	1.2814686406673144e-10
chr10:46983451-47468232	chr10_47170541_G_A_b38	rs112427807	ENSG00000243289.1	AGAP13P	Stomach	-0.612981915473938	2.2196091715730743e-05
chr10:46983451-47468232	chr10_47170541_G_A_b38	rs112427807	ENSG00000204176.14	SYT15	Brain_Cerebellar_Hemisphere	-0.7775270342826843	9.867223189713696e-05
chr10:46983451-47468232	chr10_47170541_G_A_b38	rs112427807	ENSG00000231187.3	ENSG00000231187	Brain_Cerebellar_Hemisphere	-0.7019539475440979	3.588676785614525e-05
chr10:46983451-47468232	chr10_47170541_G_A_b38	rs112427807	ENSG00000280913.2	CTSLP3	Brain_Cerebellar_Hemisphere	-1.0024179220199585	2.862738196407771e-07
chr10:46983451-47468232	chr10_47170541_G_A_b38	rs112427807	ENSG00000215097.3	ENSG00000215097	Brain_Cerebellar_Hemisphere	-0.9199070334434509	1.9878799442424606e-07
chr10:46983451-47468232	chr10_47170541_G_A_b38	rs112427807	ENSG00000265366.6	GLUD1P2	Brain_Cerebellar_Hemisphere	-0.8771072030067444	7.682165944960828e-05
chr10:46983451-47468232	chr10_47170541_G_A_b38	rs112427807	ENSG00000204177.11	BMS1P1	Brain_Cerebellar_Hemisphere	-0.9763839840888977	2.8062671848713224e-15
chr10:46983451-47468232	chr10_47170541_G_A_b38	rs112427807	ENSG00000243289.1	AGAP13P	Brain_Cerebellar_Hemisphere	-1.134898066520691	1.9609188593129862e-08
chr10:46983451-47468232	chr10_47170541_G_A_b38	rs112427807	ENSG00000265018.6	AGAP12P	Brain_Cerebellar_Hemisphere	-0.9487246870994568	2.6287356968919502e-05
chr10:46983451-47468232	chr10_47170541_G_A_b38	rs112427807	ENSG00000215097.3	ENSG00000215097	Adrenal_Gland	-0.8435850143432617	7.621161371334375e-06
chr10:46983451-47468232	chr10_47170541_G_A_b38	rs112427807	ENSG00000265366.6	GLUD1P2	Adrenal_Gland	-0.8168444633483887	6.732178435072845e-05
chr10:46983451-47468232	chr10_47170541_G_A_b38	rs112427807	ENSG00000204177.11	BMS1P1	Adrenal_Gland	-1.2138519287109375	2.4797296882656563e-11
chr10:46983451-47468232	chr10_47170541_G_A_b38	rs112427807	ENSG00000243289.1	AGAP13P	Adrenal_Gland	-0.8793625831604004	4.245498691029126e-06
chr10:46983451-47468232	chr10_47170541_G_A_b38	rs112427807	ENSG00000204176.14	SYT15	Spleen	-0.8783096671104431	3.855031484582608e-06
chr10:46983451-47468232	chr10_47170541_G_A_b38	rs112427807	ENSG00000204177.11	BMS1P1	Spleen	-1.02776038646698	1.0932259327534586e-08
chr10:46983451-47468232	chr10_47170541_G_A_b38	rs112427807	ENSG00000204176.14	SYT15	Heart_Atrial_Appendage	-0.5519468188285828	4.159779800633073e-06
chr10:46983451-47468232	chr10_47170541_G_A_b38	rs112427807	ENSG00000231187.3	ENSG00000231187	Heart_Atrial_Appendage	-0.7835976481437683	4.753404559913971e-09
chr10:46983451-47468232	chr10_47170541_G_A_b38	rs112427807	ENSG00000204177.11	BMS1P1	Heart_Atrial_Appendage	-1.0573137998580933	5.455538540098481e-17
chr10:46983451-47468232	chr10_47170541_G_A_b38	rs112427807	ENSG00000265018.6	AGAP12P	Heart_Atrial_Appendage	-0.7821497917175293	1.3149743390721124e-07
chr10:46983451-47468232	chr10_47170541_G_A_b38	rs112427807	ENSG00000270025.2	BMS1P7	Heart_Atrial_Appendage	-0.6019236445426941	1.8518939401026942e-05
chr10:46983451-47468232	chr10_47170541_G_A_b38	rs112427807	ENSG00000204176.14	SYT15	Ovary	-1.1380411386489868	2.343139041091053e-11
chr10:46983451-47468232	chr10_47170541_G_A_b38	rs112427807	ENSG00000231187.3	ENSG00000231187	Ovary	-0.8808446526527405	7.052897834169515e-06
chr10:46983451-47468232	chr10_47170541_G_A_b38	rs112427807	ENSG00000215097.3	ENSG00000215097	Ovary	-0.7689146399497986	3.5038029381459816e-06
chr10:46983451-47468232	chr10_47170541_G_A_b38	rs112427807	ENSG00000204177.11	BMS1P1	Ovary	-0.9116631746292114	4.358821608715771e-08
chr10:46983451-47468232	chr10_47170541_G_A_b38	rs112427807	ENSG00000204177.11	BMS1P1	Cells_EBV-transformed_lymphocytes	-0.7323293089866638	2.032962917603119e-06
chr10:46983451-47468232	chr10_47170541_G_A_b38	rs112427807	ENSG00000204176.14	SYT15	Brain_Cerebellum	-0.8837476372718811	1.8009894202702085e-06
chr10:46983451-47468232	chr10_47170541_G_A_b38	rs112427807	ENSG00000280913.2	CTSLP3	Brain_Cerebellum	-1.1150715351104736	5.931814798236792e-09
chr10:46983451-47468232	chr10_47170541_G_A_b38	rs112427807	ENSG00000215097.3	ENSG00000215097	Brain_Cerebellum	-1.1890093088150024	3.620746021967358e-11
chr10:46983451-47468232	chr10_47170541_G_A_b38	rs112427807	ENSG00000265366.6	GLUD1P2	Brain_Cerebellum	-1.057828664779663	1.5343839271614264e-06
chr10:46983451-47468232	chr10_47170541_G_A_b38	rs112427807	ENSG00000204177.11	BMS1P1	Brain_Cerebellum	-1.0085840225219727	1.3949933292670984e-11
chr10:46983451-47468232	chr10_47170541_G_A_b38	rs112427807	ENSG00000243289.1	AGAP13P	Brain_Cerebellum	-0.9362087249755859	4.150021660930457e-06
chr10:46983451-47468232	chr10_47170541_G_A_b38	rs112427807	ENSG00000265018.6	AGAP12P	Brain_Cerebellum	-0.8575135469436646	0.00014651776340503033
chr10:46983451-47468232	chr10_47170541_G_A_b38	rs112427807	ENSG00000270025.2	BMS1P7	Brain_Cerebellum	-0.8957540988922119	2.092384162117261e-05
chr10:46983451-47468232	chr10_47170541_G_A_b38	rs112427807	ENSG00000231187.3	ENSG00000231187	Liver	-0.8672759532928467	1.665608163687392e-05
chr10:46983451-47468232	chr10_47170541_G_A_b38	rs112427807	ENSG00000272430.1	LINC02637	Liver	-0.7624194025993347	7.974565240225667e-08
chr10:46983451-47468232	chr10_47170541_G_A_b38	rs112427807	ENSG00000165874.13	SHLD2P1	Liver	-0.6745151877403259	1.942625445879372e-05
chr10:46983451-47468232	chr10_47170541_G_A_b38	rs112427807	ENSG00000215097.3	ENSG00000215097	Liver	-0.8024187684059143	5.988018499502968e-07
chr10:46983451-47468232	chr10_47170541_G_A_b38	rs112427807	ENSG00000204177.11	BMS1P1	Liver	-1.449102759361267	2.3261378467385472e-15
chr10:46983451-47468232	chr10_47170541_G_A_b38	rs112427807	ENSG00000243289.1	AGAP13P	Liver	-0.8629767894744873	6.017847491254072e-06
chr10:46983451-47468232	chr10_47170541_G_A_b38	rs112427807	ENSG00000273760.1	ENSG00000273760	Liver	-0.8318572640419006	3.128783528977429e-05
chr10:46983451-47468232	chr10_47170541_G_A_b38	rs112427807	ENSG00000276850.5	ENSG00000276850	Liver	-0.9293715357780457	2.9713651076623935e-06
chr10:46983451-47468232	chr10_47170541_G_A_b38	rs112427807	ENSG00000285662.2	FAM245B	Kidney_Cortex	-0.651355504989624	1.2176853110085489e-06
chr10:46983451-47468232	chr10_47170541_G_A_b38	rs112427807	ENSG00000280913.2	CTSLP3	Kidney_Cortex	-1.0467050075531006	4.532667186223836e-10
chr10:46983451-47468232	chr10_47170541_G_A_b38	rs112427807	ENSG00000204177.11	BMS1P1	Kidney_Cortex	-1.1997171640396118	1.0112507543233315e-08
chr10:46983451-47468232	chr10_47170541_G_A_b38	rs112427807	ENSG00000243289.1	AGAP13P	Kidney_Cortex	-1.1364890336990356	1.6351382752059735e-05
chr10:46983451-47468232	chr10_47170541_G_A_b38	rs112427807	ENSG00000265018.6	AGAP12P	Kidney_Cortex	-1.3521755933761597	2.3845047300451293e-06
chr10:46983451-47468232	chr10_47170541_G_A_b38	rs112427807	ENSG00000204176.14	SYT15	Brain_Amygdala	-0.9222223162651062	8.34407111406066e-07
chr10:46983451-47468232	chr10_47170541_G_A_b38	rs112427807	ENSG00000280913.2	CTSLP3	Brain_Amygdala	-1.325110912322998	3.272693404102726e-06
chr10:46983451-47468232	chr10_47170541_G_A_b38	rs112427807	ENSG00000215097.3	ENSG00000215097	Brain_Amygdala	-1.5009880065917969	2.8749377069535558e-08
chr10:46983451-47468232	chr10_47170541_G_A_b38	rs112427807	ENSG00000204177.11	BMS1P1	Brain_Amygdala	-1.1185473203659058	5.204592692662999e-07
chr10:46983451-47468232	chr10_47170541_G_A_b38	rs112427807	ENSG00000265018.6	AGAP12P	Brain_Amygdala	-1.142484188079834	1.4006466861893692e-06
chr10:46983451-47468232	chr10_47170541_G_A_b38	rs112427807	ENSG00000204177.11	BMS1P1	Brain_Spinal_cord_cervical_c-1	-1.072065830230713	5.605802823192083e-10
chr10:46983451-47468232	chr10_47170541_G_A_b38	rs112427807	ENSG00000204176.14	SYT15	Cells_Cultured_fibroblasts	-0.49456682801246643	1.1134912300992018e-05
chr10:46983451-47468232	chr10_47170541_G_A_b38	rs112427807	ENSG00000231187.3	ENSG00000231187	Cells_Cultured_fibroblasts	-0.5214042663574219	8.815638625836056e-07
chr10:46983451-47468232	chr10_47170541_G_A_b38	rs112427807	ENSG00000272430.1	LINC02637	Cells_Cultured_fibroblasts	-0.5932815074920654	3.7270501614110395e-06
chr10:46983451-47468232	chr10_47170541_G_A_b38	rs112427807	ENSG00000215097.3	ENSG00000215097	Cells_Cultured_fibroblasts	-0.569069504737854	4.504474406281139e-08
chr10:46983451-47468232	chr10_47170541_G_A_b38	rs112427807	ENSG00000265366.6	GLUD1P2	Cells_Cultured_fibroblasts	-0.5058467984199524	3.853419220050686e-05
chr10:46983451-47468232	chr10_47170541_G_A_b38	rs112427807	ENSG00000204177.11	BMS1P1	Cells_Cultured_fibroblasts	-1.097721815109253	1.3855626564678148e-26
chr10:46983451-47468232	chr10_47170541_G_A_b38	rs112427807	ENSG00000243289.1	AGAP13P	Cells_Cultured_fibroblasts	-0.5907111763954163	7.026189280311721e-06
chr10:46983451-47468232	chr10_47170541_G_A_b38	rs112427807	ENSG00000265018.6	AGAP12P	Cells_Cultured_fibroblasts	-0.5448164343833923	0.000135616194228056
chr10:46983451-47468232	chr10_47170541_G_A_b38	rs112427807	ENSG00000204176.14	SYT15	Lung	-0.3697446286678314	1.967138521006547e-05
chr10:46983451-47468232	chr10_47170541_G_A_b38	rs112427807	ENSG00000231187.3	ENSG00000231187	Lung	-0.4780578315258026	5.5151023534675074e-06
chr10:46983451-47468232	chr10_47170541_G_A_b38	rs112427807	ENSG00000215097.3	ENSG00000215097	Lung	-0.5831415057182312	3.8587711876469863e-07
chr10:46983451-47468232	chr10_47170541_G_A_b38	rs112427807	ENSG00000204177.11	BMS1P1	Lung	-0.8262097239494324	1.144913659440284e-19
chr10:46983451-47468232	chr10_47170541_G_A_b38	rs112427807	ENSG00000243289.1	AGAP13P	Lung	-0.5342705845832825	9.194404786976977e-05
chr10:46983451-47468232	chr10_47170541_G_A_b38	rs112427807	ENSG00000273760.1	ENSG00000273760	Lung	-0.6044018864631653	1.2800614383871443e-08
chr10:46983451-47468232	chr10_47170541_G_A_b38	rs112427807	ENSG00000276850.5	ENSG00000276850	Lung	-0.5731860399246216	1.811124442248733e-10
chr10:46983451-47468232	chr10_47170541_G_A_b38	rs112427807	ENSG00000204176.14	SYT15	Breast_Mammary_Tissue	-0.6609302163124084	1.9897362504410645e-09
chr10:46983451-47468232	chr10_47170541_G_A_b38	rs112427807	ENSG00000231187.3	ENSG00000231187	Breast_Mammary_Tissue	-0.6240808963775635	6.744107843518844e-06
chr10:46983451-47468232	chr10_47170541_G_A_b38	rs112427807	ENSG00000204177.11	BMS1P1	Breast_Mammary_Tissue	-0.7179275751113892	2.9501998223542923e-12
chr10:46983451-47468232	chr10_47170541_G_A_b38	rs112427807	ENSG00000243289.1	AGAP13P	Breast_Mammary_Tissue	-0.5603765845298767	0.00010916834398619877
chr10:46983451-47468232	chr10_47170541_G_A_b38	rs112427807	ENSG00000204177.11	BMS1P1	Minor_Salivary_Gland	-1.0268555879592896	9.581015819101821e-07
chr10:46983451-47468232	chr10_47170541_G_A_b38	rs112427807	ENSG00000204176.14	SYT15	Brain_Cortex	-0.9522930979728699	2.6968579982956547e-07
chr10:46983451-47468232	chr10_47170541_G_A_b38	rs112427807	ENSG00000231187.3	ENSG00000231187	Brain_Cortex	-0.6820915937423706	4.634689465493984e-05
chr10:46983451-47468232	chr10_47170541_G_A_b38	rs112427807	ENSG00000280913.2	CTSLP3	Brain_Cortex	-1.1317330598831177	1.2766205006148619e-06
chr10:46983451-47468232	chr10_47170541_G_A_b38	rs112427807	ENSG00000215097.3	ENSG00000215097	Brain_Cortex	-0.9611883759498596	1.8181331893442936e-05
chr10:46983451-47468232	chr10_47170541_G_A_b38	rs112427807	ENSG00000265366.6	GLUD1P2	Brain_Cortex	-0.9777936935424805	4.300957641008975e-05
chr10:46983451-47468232	chr10_47170541_G_A_b38	rs112427807	ENSG00000204177.11	BMS1P1	Brain_Cortex	-1.28359854221344	4.0427418198397084e-11
chr10:46983451-47468232	chr10_47170541_G_A_b38	rs112427807	ENSG00000265018.6	AGAP12P	Brain_Cortex	-1.0188218355178833	4.249106953521157e-05
chr10:46983451-47468232	chr10_47170541_G_A_b38	rs112427807	ENSG00000204175.6	GPRIN2	Brain_Putamen_basal_ganglia	-0.5694077610969543	2.223455708078703e-05
chr10:46983451-47468232	chr10_47170541_G_A_b38	rs112427807	ENSG00000231187.3	ENSG00000231187	Brain_Putamen_basal_ganglia	-0.8100619316101074	5.491868397198774e-07
chr10:46983451-47468232	chr10_47170541_G_A_b38	rs112427807	ENSG00000204177.11	BMS1P1	Brain_Putamen_basal_ganglia	-1.0676218271255493	4.0453913979368293e-10
chr10:46983451-47468232	chr10_47170541_G_A_b38	rs112427807	ENSG00000265018.6	AGAP12P	Brain_Putamen_basal_ganglia	-0.8841485977172852	1.4938017757487658e-05
chr10:46983451-47468232	chr10_47170541_G_A_b38	rs112427807	ENSG00000204175.6	GPRIN2	Skin_Sun_Exposed_Lower_leg	-0.26433613896369934	2.581058101212522e-05
chr10:46983451-47468232	chr10_47170541_G_A_b38	rs112427807	ENSG00000204176.14	SYT15	Skin_Sun_Exposed_Lower_leg	-0.5484939217567444	2.3113176542859235e-07
chr10:46983451-47468232	chr10_47170541_G_A_b38	rs112427807	ENSG00000231187.3	ENSG00000231187	Skin_Sun_Exposed_Lower_leg	-0.44659531116485596	9.038614451523527e-06
chr10:46983451-47468232	chr10_47170541_G_A_b38	rs112427807	ENSG00000215097.3	ENSG00000215097	Skin_Sun_Exposed_Lower_leg	-0.5405724048614502	8.38398699261892e-06
chr10:46983451-47468232	chr10_47170541_G_A_b38	rs112427807	ENSG00000265366.6	GLUD1P2	Skin_Sun_Exposed_Lower_leg	-0.5903484225273132	2.011059208776698e-06
chr10:46983451-47468232	chr10_47170541_G_A_b38	rs112427807	ENSG00000204177.11	BMS1P1	Skin_Sun_Exposed_Lower_leg	-1.0219929218292236	6.6711626604180165e-25
chr10:46983451-47468232	chr10_47170541_G_A_b38	rs112427807	ENSG00000243289.1	AGAP13P	Skin_Sun_Exposed_Lower_leg	-0.5771750807762146	2.0619628841101595e-06
chr10:46983451-47468232	chr10_47170541_G_A_b38	rs112427807	ENSG00000204179.11	PTPN20	Skin_Sun_Exposed_Lower_leg	-0.41125747561454773	5.7957775875441986e-05
chr10:46983451-47468232	chr10_47170541_G_A_b38	rs112427807	ENSG00000273760.1	ENSG00000273760	Skin_Sun_Exposed_Lower_leg	-0.8052635192871094	7.427837423377297e-17
chr10:46983451-47468232	chr10_47170541_G_A_b38	rs112427807	ENSG00000276850.5	ENSG00000276850	Skin_Sun_Exposed_Lower_leg	-0.601629376411438	1.6405609288935642e-09
chr10:46983451-47468232	chr10_47170541_G_A_b38	rs112427807	ENSG00000265018.6	AGAP12P	Skin_Sun_Exposed_Lower_leg	-0.5216164588928223	9.627641327556409e-05
chr10:46983451-47468232	chr10_47170541_G_A_b38	rs112427807	ENSG00000270025.2	BMS1P7	Skin_Sun_Exposed_Lower_leg	-0.6057586669921875	1.0018877523260038e-06
chr10:46983451-47468232	chr10_47170541_G_A_b38	rs112427807	ENSG00000278561.2	PTPN20CP	Skin_Sun_Exposed_Lower_leg	-0.49764424562454224	4.815608840145722e-05
chr10:46983451-47468232	chr10_47170541_G_A_b38	rs112427807	ENSG00000204176.14	SYT15	Artery_Coronary	-0.615314245223999	1.8972292956560185e-05
chr10:46983451-47468232	chr10_47170541_G_A_b38	rs112427807	ENSG00000215097.3	ENSG00000215097	Artery_Coronary	-0.8543429970741272	4.891049861160737e-07
chr10:46983451-47468232	chr10_47170541_G_A_b38	rs112427807	ENSG00000204177.11	BMS1P1	Artery_Coronary	-1.0605268478393555	5.166528484366156e-13
chr10:79542901-80217413	chr10_79559598_C_T_b38	rs4268452	ENSG00000242600.8	MBL1P	Vagina	0.6051111221313477	1.5238947779739484e-05
chr10:79542901-80217413	chr10_79559598_C_T_b38	rs4268452	ENSG00000188199.11	NUTM2B	Brain_Nucleus_accumbens_basal_ganglia	-0.6773368716239929	1.1613631962572114e-05
chr10:79542901-80217413	chr10_79559598_C_T_b38	rs4268452	ENSG00000242600.8	MBL1P	Brain_Nucleus_accumbens_basal_ganglia	0.6609071493148804	3.674244578188738e-07
chr10:79542901-80217413	chr10_79559598_C_T_b38	rs4268452	ENSG00000189129.14	PLAC9	Brain_Nucleus_accumbens_basal_ganglia	-0.49003633856773376	2.7314221398732344e-06
chr10:79542901-80217413	chr10_79559598_C_T_b38	rs4268452	ENSG00000188199.11	NUTM2B	Esophagus_Muscularis	-0.45625409483909607	7.032616675394598e-05
chr10:79542901-80217413	chr10_79559598_C_T_b38	rs4268452	ENSG00000242600.8	MBL1P	Esophagus_Muscularis	0.5564282536506653	2.504429597437427e-13
chr10:79542901-80217413	chr10_79559598_C_T_b38	rs4268452	ENSG00000189129.14	PLAC9	Esophagus_Muscularis	-0.30437618494033813	8.498742848093436e-13
chr10:79542901-80217413	chr10_79559598_C_T_b38	rs4268452	ENSG00000122359.18	ANXA11	Esophagus_Muscularis	0.28551384806632996	1.2397592039885777e-10
chr10:79542901-80217413	chr10_79559598_C_T_b38	rs4268452	ENSG00000122378.14	PRXL2A	Esophagus_Muscularis	-0.33273690938949585	4.2679434067692744e-07
chr10:79542901-80217413	chr10_79559598_C_T_b38	rs4268452	ENSG00000133661.17	SFTPD	Pancreas	0.37397873401641846	1.4270218253521054e-05
chr10:79542901-80217413	chr10_79559598_C_T_b38	rs4268452	ENSG00000189129.14	PLAC9	Pancreas	-0.5108894109725952	6.578539056078498e-09
chr10:79542901-80217413	chr10_79559598_C_T_b38	rs4268452	ENSG00000188199.11	NUTM2B	Adipose_Visceral_Omentum	-0.5065407156944275	5.025548138718451e-06
chr10:79542901-80217413	chr10_79559598_C_T_b38	rs4268452	ENSG00000225484.7	NUTM2B-AS1	Adipose_Visceral_Omentum	-0.4947194457054138	4.4627250299822375e-09
chr10:79542901-80217413	chr10_79559598_C_T_b38	rs4268452	ENSG00000242600.8	MBL1P	Adipose_Visceral_Omentum	0.40455690026283264	5.253817308106731e-09
chr10:79542901-80217413	chr10_79559598_C_T_b38	rs4268452	ENSG00000189129.14	PLAC9	Adipose_Visceral_Omentum	-0.34101080894470215	1.5703081793393747e-12
chr10:79542901-80217413	chr10_79559598_C_T_b38	rs4268452	ENSG00000242600.8	MBL1P	Pituitary	0.813296377658844	1.611362180077752e-15
chr10:79542901-80217413	chr10_79559598_C_T_b38	rs4268452	ENSG00000133661.17	SFTPD	Pituitary	0.5885568857192993	5.327898233005153e-08
chr10:79542901-80217413	chr10_79559598_C_T_b38	rs4268452	ENSG00000244733.5	ENSG00000244733	Nerve_Tibial	-0.4636438488960266	5.997368181831691e-08
chr10:79542901-80217413	chr10_79559598_C_T_b38	rs4268452	ENSG00000280355.1	ENSG00000280355	Nerve_Tibial	-0.33741217851638794	6.11145705096694e-05
chr10:79542901-80217413	chr10_79559598_C_T_b38	rs4268452	ENSG00000278616.1	BEND3P3	Nerve_Tibial	-0.4454329013824463	3.163210554084899e-07
chr10:79542901-80217413	chr10_79559598_C_T_b38	rs4268452	ENSG00000188199.11	NUTM2B	Nerve_Tibial	-0.38500285148620605	5.321374893284685e-05
chr10:79542901-80217413	chr10_79559598_C_T_b38	rs4268452	ENSG00000225484.7	NUTM2B-AS1	Nerve_Tibial	-0.5962033271789551	1.840966327700265e-13
chr10:79542901-80217413	chr10_79559598_C_T_b38	rs4268452	ENSG00000242600.8	MBL1P	Nerve_Tibial	0.9600478410720825	4.000755109367959e-37
chr10:79542901-80217413	chr10_79559598_C_T_b38	rs4268452	ENSG00000189129.14	PLAC9	Nerve_Tibial	-0.43677741289138794	1.5988857911791588e-19
chr10:79542901-80217413	chr10_79559598_C_T_b38	rs4268452	ENSG00000122359.18	ANXA11	Nerve_Tibial	0.1663336157798767	4.040411386699305e-05
chr10:79542901-80217413	chr10_79559598_C_T_b38	rs4268452	ENSG00000225484.7	NUTM2B-AS1	Whole_Blood	-0.42182058095932007	1.2376006245864084e-09
chr10:79542901-80217413	chr10_79559598_C_T_b38	rs4268452	ENSG00000189129.14	PLAC9	Whole_Blood	-0.2598506808280945	1.5234709018151658e-06
chr10:79542901-80217413	chr10_79559598_C_T_b38	rs4268452	ENSG00000244733.5	ENSG00000244733	Skin_Not_Sun_Exposed_Suprapubic	-0.39878609776496887	1.6936358642589279e-06
chr10:79542901-80217413	chr10_79559598_C_T_b38	rs4268452	ENSG00000280355.1	ENSG00000280355	Skin_Not_Sun_Exposed_Suprapubic	-0.40794986486434937	4.6744942116105026e-06
chr10:79542901-80217413	chr10_79559598_C_T_b38	rs4268452	ENSG00000278616.1	BEND3P3	Skin_Not_Sun_Exposed_Suprapubic	-0.4884432256221771	4.6518781900686324e-08
chr10:79542901-80217413	chr10_79559598_C_T_b38	rs4268452	ENSG00000188199.11	NUTM2B	Skin_Not_Sun_Exposed_Suprapubic	-0.5390760898590088	8.13440798269116e-08
chr10:79542901-80217413	chr10_79559598_C_T_b38	rs4268452	ENSG00000225484.7	NUTM2B-AS1	Skin_Not_Sun_Exposed_Suprapubic	-0.6368245482444763	1.3830893284178014e-14
chr10:79542901-80217413	chr10_79559598_C_T_b38	rs4268452	ENSG00000242600.8	MBL1P	Skin_Not_Sun_Exposed_Suprapubic	0.578164279460907	1.2595338007652006e-12
chr10:79542901-80217413	chr10_79559598_C_T_b38	rs4268452	ENSG00000230091.6	TMEM254-AS1	Skin_Not_Sun_Exposed_Suprapubic	0.29330939054489136	1.5867331711965935e-05
chr10:79542901-80217413	chr10_79559598_C_T_b38	rs4268452	ENSG00000189129.14	PLAC9	Skin_Not_Sun_Exposed_Suprapubic	-0.3532191514968872	1.4646514406326935e-18
chr10:79542901-80217413	chr10_79559598_C_T_b38	rs4268452	ENSG00000122378.14	PRXL2A	Skin_Not_Sun_Exposed_Suprapubic	-0.2317376732826233	5.086363741593663e-05
chr10:79542901-80217413	chr10_79559598_C_T_b38	rs4268452	ENSG00000188199.11	NUTM2B	Esophagus_Gastroesophageal_Junction	-0.5533875823020935	1.5816705611992456e-05
chr10:79542901-80217413	chr10_79559598_C_T_b38	rs4268452	ENSG00000225484.7	NUTM2B-AS1	Esophagus_Gastroesophageal_Junction	-0.5192426443099976	5.4140242124832346e-08
chr10:79542901-80217413	chr10_79559598_C_T_b38	rs4268452	ENSG00000242600.8	MBL1P	Esophagus_Gastroesophageal_Junction	0.6792307496070862	2.4879082843813962e-17
chr10:79542901-80217413	chr10_79559598_C_T_b38	rs4268452	ENSG00000189129.14	PLAC9	Esophagus_Gastroesophageal_Junction	-0.35051101446151733	7.215809869774979e-14
chr10:79542901-80217413	chr10_79559598_C_T_b38	rs4268452	ENSG00000122359.18	ANXA11	Esophagus_Gastroesophageal_Junction	0.3777565360069275	7.85329862156533e-12
chr10:79542901-80217413	chr10_79559598_C_T_b38	rs4268452	ENSG00000242600.8	MBL1P	Brain_Hypothalamus	0.6537445187568665	1.040714734291443e-07
chr10:79542901-80217413	chr10_79559598_C_T_b38	rs4268452	ENSG00000189129.14	PLAC9	Brain_Hypothalamus	-0.43751686811447144	4.200733926871171e-05
chr10:79542901-80217413	chr10_79559598_C_T_b38	rs4268452	ENSG00000188199.11	NUTM2B	Adipose_Subcutaneous	-0.48784729838371277	6.125554454442317e-07
chr10:79542901-80217413	chr10_79559598_C_T_b38	rs4268452	ENSG00000225484.7	NUTM2B-AS1	Adipose_Subcutaneous	-0.5885265469551086	7.311751068010295e-12
chr10:79542901-80217413	chr10_79559598_C_T_b38	rs4268452	ENSG00000242600.8	MBL1P	Adipose_Subcutaneous	0.7191746830940247	4.4970008070961485e-24
chr10:79542901-80217413	chr10_79559598_C_T_b38	rs4268452	ENSG00000189129.14	PLAC9	Adipose_Subcutaneous	-0.4229992628097534	1.3053393098384839e-21
chr10:79542901-80217413	chr10_79559598_C_T_b38	rs4268452	ENSG00000244733.5	ENSG00000244733	Thyroid	-0.31856754422187805	7.34599831779523e-05
chr10:79542901-80217413	chr10_79559598_C_T_b38	rs4268452	ENSG00000225484.7	NUTM2B-AS1	Thyroid	-0.6009315848350525	9.855745568841345e-13
chr10:79542901-80217413	chr10_79559598_C_T_b38	rs4268452	ENSG00000242600.8	MBL1P	Thyroid	0.686896026134491	5.397514066101366e-22
chr10:79542901-80217413	chr10_79559598_C_T_b38	rs4268452	ENSG00000283913.1	ENSG00000283913	Thyroid	0.4619465172290802	2.0393183878907703e-06
chr10:79542901-80217413	chr10_79559598_C_T_b38	rs4268452	ENSG00000133661.17	SFTPD	Thyroid	0.2855167090892792	1.1700420767273581e-05
chr10:79542901-80217413	chr10_79559598_C_T_b38	rs4268452	ENSG00000189129.14	PLAC9	Thyroid	-0.30607157945632935	3.0171277995862066e-11
chr10:79542901-80217413	chr10_79559598_C_T_b38	rs4268452	ENSG00000242600.8	MBL1P	Uterus	0.8186256289482117	1.2720211629519313e-07
chr10:79542901-80217413	chr10_79559598_C_T_b38	rs4268452	ENSG00000242600.8	MBL1P	Heart_Left_Ventricle	0.4749775826931	3.073043194435435e-08
chr10:79542901-80217413	chr10_79559598_C_T_b38	rs4268452	ENSG00000133661.17	SFTPD	Heart_Left_Ventricle	0.46962931752204895	4.440304070542783e-06
chr10:79542901-80217413	chr10_79559598_C_T_b38	rs4268452	ENSG00000189129.14	PLAC9	Heart_Left_Ventricle	-0.3273749053478241	3.346299735318412e-13
chr10:79542901-80217413	chr10_79559598_C_T_b38	rs4268452	ENSG00000188199.11	NUTM2B	Testis	-0.649968147277832	1.7618162978810485e-07
chr10:79542901-80217413	chr10_79559598_C_T_b38	rs4268452	ENSG00000242600.8	MBL1P	Testis	0.5862895846366882	3.649933380349024e-10
chr10:79542901-80217413	chr10_79559598_C_T_b38	rs4268452	ENSG00000273372.1	SFTPD-AS1	Testis	-0.3895711600780487	1.200046849976567e-05
chr10:79542901-80217413	chr10_79559598_C_T_b38	rs4268452	ENSG00000230091.6	TMEM254-AS1	Testis	0.5811214447021484	2.401209044959958e-11
chr10:79542901-80217413	chr10_79559598_C_T_b38	rs4268452	ENSG00000189129.14	PLAC9	Testis	-0.6199891567230225	9.244977628525481e-18
chr10:79542901-80217413	chr10_79559598_C_T_b38	rs4268452	ENSG00000122359.18	ANXA11	Testis	-0.18248511850833893	8.243668543073347e-05
chr10:79542901-80217413	chr10_79559598_C_T_b38	rs4268452	ENSG00000133665.13	DYDC2	Testis	0.227614626288414	0.00012165869388834006
chr10:79542901-80217413	chr10_79559598_C_T_b38	rs4268452	ENSG00000242600.8	MBL1P	Brain_Caudate_basal_ganglia	0.6694847345352173	3.033777878898375e-08
chr10:79542901-80217413	chr10_79559598_C_T_b38	rs4268452	ENSG00000189129.14	PLAC9	Brain_Caudate_basal_ganglia	-0.4148956835269928	9.108260177441469e-06
chr10:79542901-80217413	chr10_79559598_C_T_b38	rs4268452	ENSG00000225484.7	NUTM2B-AS1	Muscle_Skeletal	-0.5053201913833618	1.0762612940315119e-12
chr10:79542901-80217413	chr10_79559598_C_T_b38	rs4268452	ENSG00000272447.1	ENSG00000272447	Muscle_Skeletal	-0.32670292258262634	4.253908897556434e-05
chr10:79542901-80217413	chr10_79559598_C_T_b38	rs4268452	ENSG00000242600.8	MBL1P	Muscle_Skeletal	0.5085228085517883	4.600291684420349e-16
chr10:79542901-80217413	chr10_79559598_C_T_b38	rs4268452	ENSG00000189129.14	PLAC9	Muscle_Skeletal	-0.24341125786304474	1.81291920166706e-08
chr10:79542901-80217413	chr10_79559598_C_T_b38	rs4268452	ENSG00000122378.14	PRXL2A	Muscle_Skeletal	-0.33742496371269226	7.197701281596424e-08
chr10:79542901-80217413	chr10_79559598_C_T_b38	rs4268452	ENSG00000225484.7	NUTM2B-AS1	Artery_Tibial	-0.4599115252494812	1.3988993066125533e-10
chr10:79542901-80217413	chr10_79559598_C_T_b38	rs4268452	ENSG00000283101.1	BMS1P21	Artery_Tibial	0.5382007360458374	8.011264856068328e-11
chr10:79542901-80217413	chr10_79559598_C_T_b38	rs4268452	ENSG00000242600.8	MBL1P	Artery_Tibial	1.1346327066421509	2.5730714261555677e-52
chr10:79542901-80217413	chr10_79559598_C_T_b38	rs4268452	ENSG00000283913.1	ENSG00000283913	Artery_Tibial	0.5604067444801331	1.7009712267647683e-09
chr10:79542901-80217413	chr10_79559598_C_T_b38	rs4268452	ENSG00000273372.1	SFTPD-AS1	Artery_Tibial	0.3302363455295563	4.146326871307576e-06
chr10:79542901-80217413	chr10_79559598_C_T_b38	rs4268452	ENSG00000189129.14	PLAC9	Artery_Tibial	-0.2773627042770386	5.783752601549459e-13
chr10:79542901-80217413	chr10_79559598_C_T_b38	rs4268452	ENSG00000237523.2	LINC00857	Artery_Tibial	-0.2956816256046295	1.3534092375906704e-06
chr10:79542901-80217413	chr10_79559598_C_T_b38	rs4268452	ENSG00000189129.14	PLAC9	Prostate	-0.4369385242462158	4.961778106714822e-09
chr10:79542901-80217413	chr10_79559598_C_T_b38	rs4268452	ENSG00000242600.8	MBL1P	Brain_Hippocampus	0.5801746845245361	2.0897949123294623e-05
chr10:79542901-80217413	chr10_79559598_C_T_b38	rs4268452	ENSG00000189129.14	PLAC9	Brain_Hippocampus	-0.5203936696052551	4.876060998890529e-06
chr10:79542901-80217413	chr10_79559598_C_T_b38	rs4268452	ENSG00000242600.8	MBL1P	Brain_Frontal_Cortex_BA9	0.5468971729278564	4.999072446421998e-05
chr10:79542901-80217413	chr10_79559598_C_T_b38	rs4268452	ENSG00000133661.17	SFTPD	Brain_Frontal_Cortex_BA9	0.52409827709198	8.300465293120004e-06
chr10:79542901-80217413	chr10_79559598_C_T_b38	rs4268452	ENSG00000189129.14	PLAC9	Brain_Frontal_Cortex_BA9	-0.5908938050270081	4.961738066211526e-07
chr10:79542901-80217413	chr10_79559598_C_T_b38	rs4268452	ENSG00000225484.7	NUTM2B-AS1	Colon_Sigmoid	-0.46031874418258667	2.3505912827249267e-06
chr10:79542901-80217413	chr10_79559598_C_T_b38	rs4268452	ENSG00000242600.8	MBL1P	Colon_Sigmoid	0.5306205749511719	7.667941306895416e-10
chr10:79542901-80217413	chr10_79559598_C_T_b38	rs4268452	ENSG00000189129.14	PLAC9	Colon_Sigmoid	-0.2343522608280182	4.078730340044322e-06
chr10:79542901-80217413	chr10_79559598_C_T_b38	rs4268452	ENSG00000122359.18	ANXA11	Colon_Sigmoid	0.2880626916885376	2.331196777310281e-08
chr10:79542901-80217413	chr10_79559598_C_T_b38	rs4268452	ENSG00000225484.7	NUTM2B-AS1	Artery_Aorta	-0.34837621450424194	9.52259801231181e-06
chr10:79542901-80217413	chr10_79559598_C_T_b38	rs4268452	ENSG00000242600.8	MBL1P	Artery_Aorta	0.8778830766677856	8.951363025995829e-27
chr10:79542901-80217413	chr10_79559598_C_T_b38	rs4268452	ENSG00000283913.1	ENSG00000283913	Artery_Aorta	0.45109617710113525	2.625860127529803e-05
chr10:79542901-80217413	chr10_79559598_C_T_b38	rs4268452	ENSG00000189129.14	PLAC9	Artery_Aorta	-0.3398326635360718	3.652468215602434e-09
chr10:79542901-80217413	chr10_79559598_C_T_b38	rs4268452	ENSG00000225484.7	NUTM2B-AS1	Colon_Transverse	-0.6730749011039734	2.6462890723614198e-12
chr10:79542901-80217413	chr10_79559598_C_T_b38	rs4268452	ENSG00000189129.14	PLAC9	Colon_Transverse	-0.2911948263645172	1.4952866920980542e-10
chr10:79542901-80217413	chr10_79559598_C_T_b38	rs4268452	ENSG00000122378.14	PRXL2A	Colon_Transverse	-0.2828938364982605	5.12094969253378e-06
chr10:79542901-80217413	chr10_79559598_C_T_b38	rs4268452	ENSG00000244733.5	ENSG00000244733	Esophagus_Mucosa	-0.27524253726005554	0.00011286625730595179
chr10:79542901-80217413	chr10_79559598_C_T_b38	rs4268452	ENSG00000225484.7	NUTM2B-AS1	Esophagus_Mucosa	-0.5479955077171326	7.761208664902902e-14
chr10:79542901-80217413	chr10_79559598_C_T_b38	rs4268452	ENSG00000242600.8	MBL1P	Esophagus_Mucosa	0.26896795630455017	4.2577135728300265e-05
chr10:79542901-80217413	chr10_79559598_C_T_b38	rs4268452	ENSG00000133661.17	SFTPD	Esophagus_Mucosa	0.2741852402687073	0.00011264348325817665
chr10:79542901-80217413	chr10_79559598_C_T_b38	rs4268452	ENSG00000230091.6	TMEM254-AS1	Esophagus_Mucosa	0.37024474143981934	2.6979501990025455e-05
chr10:79542901-80217413	chr10_79559598_C_T_b38	rs4268452	ENSG00000189129.14	PLAC9	Esophagus_Mucosa	-0.37567269802093506	1.038940639680923e-16
chr10:79542901-80217413	chr10_79559598_C_T_b38	rs4268452	ENSG00000122359.18	ANXA11	Esophagus_Mucosa	-0.1676144301891327	1.283318331050221e-07
chr10:79542901-80217413	chr10_79559598_C_T_b38	rs4268452	ENSG00000133665.13	DYDC2	Esophagus_Mucosa	-0.4401041269302368	4.0261378033799085e-07
chr10:79542901-80217413	chr10_79559598_C_T_b38	rs4268452	ENSG00000108219.15	TSPAN14	Esophagus_Mucosa	0.13997937738895416	2.6027524984884842e-05
chr10:79542901-80217413	chr10_79559598_C_T_b38	rs4268452	ENSG00000242600.8	MBL1P	Brain_Anterior_cingulate_cortex_BA24	0.6227843761444092	6.548535568195472e-06
chr10:79542901-80217413	chr10_79559598_C_T_b38	rs4268452	ENSG00000189129.14	PLAC9	Brain_Anterior_cingulate_cortex_BA24	-0.5333561897277832	1.6645357250181905e-05
chr10:79542901-80217413	chr10_79559598_C_T_b38	rs4268452	ENSG00000188199.11	NUTM2B	Stomach	-0.6176286935806274	1.035367067451884e-05
chr10:79542901-80217413	chr10_79559598_C_T_b38	rs4268452	ENSG00000225484.7	NUTM2B-AS1	Stomach	-0.5600429177284241	4.7678604320034914e-07
chr10:79542901-80217413	chr10_79559598_C_T_b38	rs4268452	ENSG00000242600.8	MBL1P	Stomach	0.4167182445526123	1.8378389701715063e-06
chr10:79542901-80217413	chr10_79559598_C_T_b38	rs4268452	ENSG00000189129.14	PLAC9	Stomach	-0.28317323327064514	1.2243460706553632e-07
chr10:79542901-80217413	chr10_79559598_C_T_b38	rs4268452	ENSG00000225484.7	NUTM2B-AS1	Brain_Cerebellar_Hemisphere	-0.7125789523124695	9.293789858764601e-07
chr10:79542901-80217413	chr10_79559598_C_T_b38	rs4268452	ENSG00000242600.8	MBL1P	Brain_Cerebellar_Hemisphere	0.8729236125946045	5.5361991043870124e-09
chr10:79542901-80217413	chr10_79559598_C_T_b38	rs4268452	ENSG00000273372.1	SFTPD-AS1	Brain_Cerebellar_Hemisphere	0.49465951323509216	5.413938870406252e-05
chr10:79542901-80217413	chr10_79559598_C_T_b38	rs4268452	ENSG00000242600.8	MBL1P	Adrenal_Gland	0.48799625039100647	4.5654665795179747e-07
chr10:79542901-80217413	chr10_79559598_C_T_b38	rs4268452	ENSG00000225484.7	NUTM2B-AS1	Spleen	-0.7034708261489868	5.623095265868745e-07
chr10:79542901-80217413	chr10_79559598_C_T_b38	rs4268452	ENSG00000273372.1	SFTPD-AS1	Spleen	-0.6352452635765076	7.571015764894214e-06
chr10:79542901-80217413	chr10_79559598_C_T_b38	rs4268452	ENSG00000188199.11	NUTM2B	Heart_Atrial_Appendage	-0.44520536065101624	8.750176590179214e-06
chr10:79542901-80217413	chr10_79559598_C_T_b38	rs4268452	ENSG00000225484.7	NUTM2B-AS1	Heart_Atrial_Appendage	-0.5050065517425537	2.6785589948035357e-08
chr10:79542901-80217413	chr10_79559598_C_T_b38	rs4268452	ENSG00000242600.8	MBL1P	Heart_Atrial_Appendage	0.5717577934265137	9.006076130352312e-14
chr10:79542901-80217413	chr10_79559598_C_T_b38	rs4268452	ENSG00000273372.1	SFTPD-AS1	Heart_Atrial_Appendage	-0.3621649444103241	7.406741516818176e-06
chr10:79542901-80217413	chr10_79559598_C_T_b38	rs4268452	ENSG00000189129.14	PLAC9	Heart_Atrial_Appendage	-0.27541324496269226	9.132239592666922e-09
chr10:79542901-80217413	chr10_79559598_C_T_b38	rs4268452	ENSG00000242600.8	MBL1P	Ovary	0.8311551809310913	1.9207017841558143e-10
chr10:79542901-80217413	chr10_79559598_C_T_b38	rs4268452	ENSG00000188199.11	NUTM2B	Cells_EBV-transformed_lymphocytes	-0.5925883650779724	4.306438521835252e-05
chr10:79542901-80217413	chr10_79559598_C_T_b38	rs4268452	ENSG00000242600.8	MBL1P	Brain_Cerebellum	0.9029508233070374	7.101079587723665e-09
chr10:79542901-80217413	chr10_79559598_C_T_b38	rs4268452	ENSG00000225484.7	NUTM2B-AS1	Liver	-0.7352808117866516	2.0528409066879652e-08
chr10:79542901-80217413	chr10_79559598_C_T_b38	rs4268452	ENSG00000242600.8	MBL1P	Liver	-0.38837897777557373	3.486074324856841e-05
chr10:79542901-80217413	chr10_79559598_C_T_b38	rs4268452	ENSG00000189129.14	PLAC9	Liver	-0.4223257303237915	1.4353045598719553e-05
chr10:79542901-80217413	chr10_79559598_C_T_b38	rs4268452	ENSG00000122359.18	ANXA11	Liver	-0.3194155991077423	2.219860619691183e-06
chr10:79542901-80217413	chr10_79559598_C_T_b38	rs4268452	ENSG00000133665.13	DYDC2	Liver	-0.6048869490623474	3.982554269439946e-07
chr10:79542901-80217413	chr10_79559598_C_T_b38	rs4268452	ENSG00000242600.8	MBL1P	Brain_Amygdala	0.7818325757980347	4.742205936677052e-06
chr10:79542901-80217413	chr10_79559598_C_T_b38	rs4268452	ENSG00000242600.8	MBL1P	Brain_Spinal_cord_cervical_c-1	0.6461011171340942	2.037540994753512e-05
chr10:79542901-80217413	chr10_79559598_C_T_b38	rs4268452	ENSG00000225484.7	NUTM2B-AS1	Cells_Cultured_fibroblasts	-0.5939027070999146	1.6052473177942034e-09
chr10:79542901-80217413	chr10_79559598_C_T_b38	rs4268452	ENSG00000133678.14	TMEM254	Cells_Cultured_fibroblasts	0.13911496102809906	0.00020234381823095802
chr10:79542901-80217413	chr10_79559598_C_T_b38	rs4268452	ENSG00000189129.14	PLAC9	Cells_Cultured_fibroblasts	-0.23328356444835663	6.354801353975552e-08
chr10:79542901-80217413	chr10_79559598_C_T_b38	rs4268452	ENSG00000244733.5	ENSG00000244733	Lung	-0.41638872027397156	7.831418540401532e-08
chr10:79542901-80217413	chr10_79559598_C_T_b38	rs4268452	ENSG00000188199.11	NUTM2B	Lung	-0.5880308747291565	2.469278514200489e-09
chr10:79542901-80217413	chr10_79559598_C_T_b38	rs4268452	ENSG00000225484.7	NUTM2B-AS1	Lung	-0.4668988585472107	5.442394247070441e-10
chr10:79542901-80217413	chr10_79559598_C_T_b38	rs4268452	ENSG00000242600.8	MBL1P	Lung	0.18917986750602722	6.134128156994161e-06
chr10:79542901-80217413	chr10_79559598_C_T_b38	rs4268452	ENSG00000189129.14	PLAC9	Lung	-0.32371392846107483	1.4570249368079653e-13
chr10:79542901-80217413	chr10_79559598_C_T_b38	rs4268452	ENSG00000225484.7	NUTM2B-AS1	Breast_Mammary_Tissue	-0.5041067600250244	4.7833342556507626e-08
chr10:79542901-80217413	chr10_79559598_C_T_b38	rs4268452	ENSG00000242600.8	MBL1P	Breast_Mammary_Tissue	0.6023015975952148	9.580132785590152e-15
chr10:79542901-80217413	chr10_79559598_C_T_b38	rs4268452	ENSG00000283913.1	ENSG00000283913	Breast_Mammary_Tissue	0.5661189556121826	1.8494300524544647e-07
chr10:79542901-80217413	chr10_79559598_C_T_b38	rs4268452	ENSG00000189129.14	PLAC9	Breast_Mammary_Tissue	-0.288646936416626	6.3554701945314836e-15
chr10:79542901-80217413	chr10_79559598_C_T_b38	rs4268452	ENSG00000242600.8	MBL1P	Brain_Cortex	0.5641306638717651	1.1330075023264544e-05
chr10:79542901-80217413	chr10_79559598_C_T_b38	rs4268452	ENSG00000133661.17	SFTPD	Brain_Cortex	0.5638043880462646	8.442324904492043e-06
chr10:79542901-80217413	chr10_79559598_C_T_b38	rs4268452	ENSG00000189129.14	PLAC9	Brain_Cortex	-0.6346362829208374	2.988539352380991e-07
chr10:79542901-80217413	chr10_79559598_C_T_b38	rs4268452	ENSG00000279359.1	ENSG00000279359	Brain_Cortex	-0.5019335746765137	4.5932512427239225e-05
chr10:79542901-80217413	chr10_79559598_C_T_b38	rs4268452	ENSG00000244733.5	ENSG00000244733	Skin_Sun_Exposed_Lower_leg	-0.36722269654273987	4.087698295604922e-06
chr10:79542901-80217413	chr10_79559598_C_T_b38	rs4268452	ENSG00000280355.1	ENSG00000280355	Skin_Sun_Exposed_Lower_leg	-0.4327658712863922	1.6913044707540132e-08
chr10:79542901-80217413	chr10_79559598_C_T_b38	rs4268452	ENSG00000188199.11	NUTM2B	Skin_Sun_Exposed_Lower_leg	-0.46091148257255554	1.1067808139806049e-06
chr10:79542901-80217413	chr10_79559598_C_T_b38	rs4268452	ENSG00000225484.7	NUTM2B-AS1	Skin_Sun_Exposed_Lower_leg	-0.5825225114822388	1.9230254148706402e-13
chr10:79542901-80217413	chr10_79559598_C_T_b38	rs4268452	ENSG00000242600.8	MBL1P	Skin_Sun_Exposed_Lower_leg	0.6483231782913208	1.7403125228532398e-19
chr10:79542901-80217413	chr10_79559598_C_T_b38	rs4268452	ENSG00000230091.6	TMEM254-AS1	Skin_Sun_Exposed_Lower_leg	0.259467750787735	1.2541221333753011e-05
chr10:79542901-80217413	chr10_79559598_C_T_b38	rs4268452	ENSG00000189129.14	PLAC9	Skin_Sun_Exposed_Lower_leg	-0.2622111737728119	1.220456360599606e-13
chr10:79542901-80217413	chr10_79559598_C_T_b38	rs4268452	ENSG00000122378.14	PRXL2A	Skin_Sun_Exposed_Lower_leg	-0.2922789454460144	1.4538981797216886e-07
chr10:79542901-80217413	chr10_79559598_C_T_b38	rs4268452	ENSG00000242600.8	MBL1P	Artery_Coronary	0.8481009602546692	2.4664997045655125e-14
chr10:79542901-80217413	chr10_79559598_C_T_b38	rs4268452	ENSG00000189129.14	PLAC9	Artery_Coronary	-0.4739479422569275	4.274648308404007e-07
chr11:18249084-18265819	chr11_18257190_T_C_b38	rs138310178	ENSG00000110756.18	HPS5	Whole_Blood	-0.3258107006549835	2.0180426365731076e-06
chr11:18249084-18265819	chr11_18257190_T_C_b38	rs138310178	ENSG00000110756.18	HPS5	Cells_Cultured_fibroblasts	-0.3155428171157837	2.429541685260192e-07
chr11:50154999-50324102	chr11_50240216_T_C_b38	rs10901897	ENSG00000205035.8	GRM5P1	Brain_Nucleus_accumbens_basal_ganglia	-0.3593674302101135	9.540199721332924e-11
chr11:50154999-50324102	chr11_50240216_T_C_b38	rs10901897	ENSG00000255190.2	TRIM51DP	Brain_Nucleus_accumbens_basal_ganglia	-0.6665525436401367	1.551557588312084e-16
chr11:50154999-50324102	chr11_50240216_T_C_b38	rs10901897	ENSG00000255042.4	SEPTIN7P11	Skin_Not_Sun_Exposed_Suprapubic	0.24419760704040527	6.528500540402021e-06
chr11:50154999-50324102	chr11_50240216_T_C_b38	rs10901897	ENSG00000255190.2	TRIM51DP	Brain_Hypothalamus	-0.4638764560222626	2.0746871529238224e-07
chr11:50154999-50324102	chr11_50240216_T_C_b38	rs10901897	ENSG00000255111.1	ENSG00000255111	Testis	0.5504750609397888	6.016449371089468e-18
chr11:50154999-50324102	chr11_50240216_T_C_b38	rs10901897	ENSG00000255199.2	GTF2IP11	Testis	0.671509861946106	1.037834811873966e-25
chr11:50154999-50324102	chr11_50240216_T_C_b38	rs10901897	ENSG00000255042.4	SEPTIN7P11	Testis	0.2883453667163849	3.647392694838775e-23
chr11:50154999-50324102	chr11_50240216_T_C_b38	rs10901897	ENSG00000214883.4	ENSG00000214883	Testis	-0.4840819239616394	2.2479378262121844e-14
chr11:50154999-50324102	chr11_50240216_T_C_b38	rs10901897	ENSG00000205035.8	GRM5P1	Brain_Caudate_basal_ganglia	-0.3044925928115845	2.0696949838412074e-11
chr11:50154999-50324102	chr11_50240216_T_C_b38	rs10901897	ENSG00000255190.2	TRIM51DP	Brain_Caudate_basal_ganglia	-0.61061030626297	1.933362327241118e-15
chr11:50154999-50324102	chr11_50240216_T_C_b38	rs10901897	ENSG00000286983.1	ENSG00000286983	Brain_Substantia_nigra	-0.3123604655265808	3.519715364901701e-06
chr11:50154999-50324102	chr11_50240216_T_C_b38	rs10901897	ENSG00000205035.8	GRM5P1	Brain_Hippocampus	-0.323008269071579	7.980922654485507e-12
chr11:50154999-50324102	chr11_50240216_T_C_b38	rs10901897	ENSG00000255190.2	TRIM51DP	Brain_Hippocampus	-0.7336402535438538	9.529571424725509e-19
chr11:50154999-50324102	chr11_50240216_T_C_b38	rs10901897	ENSG00000287538.1	ENSG00000287538	Brain_Hippocampus	-0.27634528279304504	7.558650549212172e-05
chr11:50154999-50324102	chr11_50240216_T_C_b38	rs10901897	ENSG00000205035.8	GRM5P1	Brain_Frontal_Cortex_BA9	-0.44911909103393555	3.988304801667413e-12
chr11:50154999-50324102	chr11_50240216_T_C_b38	rs10901897	ENSG00000219061.4	TRIM51FP	Brain_Frontal_Cortex_BA9	-0.4606015980243683	1.1756866291782426e-07
chr11:50154999-50324102	chr11_50240216_T_C_b38	rs10901897	ENSG00000255190.2	TRIM51DP	Brain_Frontal_Cortex_BA9	-0.8579075932502747	6.102975252593714e-24
chr11:50154999-50324102	chr11_50240216_T_C_b38	rs10901897	ENSG00000254800.2	ENSG00000254800	Brain_Frontal_Cortex_BA9	-0.4610733389854431	1.624218061857918e-07
chr11:50154999-50324102	chr11_50240216_T_C_b38	rs10901897	ENSG00000205035.8	GRM5P1	Brain_Anterior_cingulate_cortex_BA24	-0.42122194170951843	4.690822707183047e-13
chr11:50154999-50324102	chr11_50240216_T_C_b38	rs10901897	ENSG00000255190.2	TRIM51DP	Brain_Anterior_cingulate_cortex_BA24	-0.7014656066894531	1.8785685570803218e-13
chr11:50154999-50324102	chr11_50240216_T_C_b38	rs10901897	ENSG00000205035.8	GRM5P1	Brain_Amygdala	-0.5090237259864807	3.8573260012576555e-11
chr11:50154999-50324102	chr11_50240216_T_C_b38	rs10901897	ENSG00000255190.2	TRIM51DP	Brain_Amygdala	-0.5742072463035583	1.392122421836258e-07
chr11:50154999-50324102	chr11_50240216_T_C_b38	rs10901897	ENSG00000286983.1	ENSG00000286983	Brain_Spinal_cord_cervical_c-1	-0.3560166656970978	1.8694021059322172e-11
chr11:50154999-50324102	chr11_50240216_T_C_b38	rs10901897	ENSG00000205035.8	GRM5P1	Brain_Cortex	-0.6191932559013367	1.3672718345444437e-21
chr11:50154999-50324102	chr11_50240216_T_C_b38	rs10901897	ENSG00000219061.4	TRIM51FP	Brain_Cortex	-0.5342397093772888	3.615189766619359e-10
chr11:50154999-50324102	chr11_50240216_T_C_b38	rs10901897	ENSG00000255190.2	TRIM51DP	Brain_Cortex	-0.91264408826828	6.687241679184748e-27
chr11:50154999-50324102	chr11_50240216_T_C_b38	rs10901897	ENSG00000254800.2	ENSG00000254800	Brain_Cortex	-0.35149502754211426	6.004750003881265e-05
chr11:50154999-50324102	chr11_50240216_T_C_b38	rs10901897	ENSG00000205035.8	GRM5P1	Brain_Putamen_basal_ganglia	-0.20528194308280945	1.6330983451058394e-05
chr11:50154999-50324102	chr11_50240216_T_C_b38	rs10901897	ENSG00000255190.2	TRIM51DP	Brain_Putamen_basal_ganglia	-0.5991814136505127	4.74758826927348e-14
chr11:50154999-50324102	chr11_50240216_T_C_b38	rs10901897	ENSG00000286983.1	ENSG00000286983	Skin_Sun_Exposed_Lower_leg	-0.19485709071159363	5.796819548306574e-05
chr12:46896694-46915975	chr12_46901666_A_G_b38	rs34881657	ENSG00000139209.16	SLC38A4	Artery_Tibial	-0.4457210898399353	2.3276543247953414e-10
chr12:46896694-46915975	chr12_46901666_A_G_b38	rs34881657	ENSG00000139209.16	SLC38A4	Heart_Atrial_Appendage	0.3472985327243805	3.4238319009493583e-07
chr15:30618103-32153204	chr15_31386182_G_A_b38	rs56396205	ENSG00000186399.11	GOLGA8R	Vagina	-1.0028998851776123	1.4086154204564874e-09
chr15:30618103-32153204	chr15_31386182_G_A_b38	rs56396205	ENSG00000270055.1	ENSG00000270055	Vagina	-0.9662497639656067	6.998347448107012e-10
chr15:30618103-32153204	chr15_31386182_G_A_b38	rs56396205	ENSG00000166664.15	CHRFAM7A	Brain_Nucleus_accumbens_basal_ganglia	-0.9044895172119141	1.571247022427901e-06
chr15:30618103-32153204	chr15_31386182_G_A_b38	rs56396205	ENSG00000186399.11	GOLGA8R	Brain_Nucleus_accumbens_basal_ganglia	-0.7991018891334534	8.963416150481105e-06
chr15:30618103-32153204	chr15_31386182_G_A_b38	rs56396205	ENSG00000270055.1	ENSG00000270055	Brain_Nucleus_accumbens_basal_ganglia	-1.0245437622070312	5.6807161841823394e-11
chr15:30618103-32153204	chr15_31386182_G_A_b38	rs56396205	ENSG00000166664.15	CHRFAM7A	Esophagus_Muscularis	-0.5910642743110657	3.382774378102115e-06
chr15:30618103-32153204	chr15_31386182_G_A_b38	rs56396205	ENSG00000186399.11	GOLGA8R	Esophagus_Muscularis	-0.8258437514305115	1.161089890258112e-17
chr15:30618103-32153204	chr15_31386182_G_A_b38	rs56396205	ENSG00000215302.8	ENSG00000215302	Esophagus_Muscularis	-0.7120373249053955	8.329496439841555e-11
chr15:30618103-32153204	chr15_31386182_G_A_b38	rs56396205	ENSG00000270055.1	ENSG00000270055	Esophagus_Muscularis	-0.7685312628746033	5.285188502342078e-21
chr15:30618103-32153204	chr15_31386182_G_A_b38	rs56396205	ENSG00000178115.12	GOLGA8Q	Esophagus_Muscularis	-0.5118029117584229	2.0304250822672315e-05
chr15:30618103-32153204	chr15_31386182_G_A_b38	rs56396205	ENSG00000186399.11	GOLGA8R	Pancreas	-0.7383525371551514	2.3780601240452905e-11
chr15:30618103-32153204	chr15_31386182_G_A_b38	rs56396205	ENSG00000215302.8	ENSG00000215302	Pancreas	-0.5894202589988708	1.365346396601379e-05
chr15:30618103-32153204	chr15_31386182_G_A_b38	rs56396205	ENSG00000270055.1	ENSG00000270055	Pancreas	-0.7498466968536377	7.674946662561192e-11
chr15:30618103-32153204	chr15_31386182_G_A_b38	rs56396205	ENSG00000166664.15	CHRFAM7A	Adipose_Visceral_Omentum	-0.5847148895263672	1.0034947087687687e-06
chr15:30618103-32153204	chr15_31386182_G_A_b38	rs56396205	ENSG00000186399.11	GOLGA8R	Adipose_Visceral_Omentum	-0.7383425831794739	1.2025827144604501e-15
chr15:30618103-32153204	chr15_31386182_G_A_b38	rs56396205	ENSG00000215302.8	ENSG00000215302	Adipose_Visceral_Omentum	-0.6649829149246216	1.37668625163503e-12
chr15:30618103-32153204	chr15_31386182_G_A_b38	rs56396205	ENSG00000270055.1	ENSG00000270055	Adipose_Visceral_Omentum	-0.7475489974021912	1.271877030070695e-22
chr15:30618103-32153204	chr15_31386182_G_A_b38	rs56396205	ENSG00000178115.12	GOLGA8Q	Adipose_Visceral_Omentum	-0.6514886617660522	4.014977067665956e-08
chr15:30618103-32153204	chr15_31386182_G_A_b38	rs56396205	ENSG00000186399.11	GOLGA8R	Pituitary	-0.819881021976471	3.6792498785942874e-06
chr15:30618103-32153204	chr15_31386182_G_A_b38	rs56396205	ENSG00000270055.1	ENSG00000270055	Pituitary	-0.8458364009857178	1.183668924023776e-07
chr15:30618103-32153204	chr15_31386182_G_A_b38	rs56396205	ENSG00000166664.15	CHRFAM7A	Nerve_Tibial	-0.7649114727973938	2.4111268419374853e-10
chr15:30618103-32153204	chr15_31386182_G_A_b38	rs56396205	ENSG00000186399.11	GOLGA8R	Nerve_Tibial	-0.8276848793029785	3.4357554371951418e-18
chr15:30618103-32153204	chr15_31386182_G_A_b38	rs56396205	ENSG00000215302.8	ENSG00000215302	Nerve_Tibial	-0.6868237257003784	5.882198733924242e-10
chr15:30618103-32153204	chr15_31386182_G_A_b38	rs56396205	ENSG00000270055.1	ENSG00000270055	Nerve_Tibial	-0.8014758825302124	1.7447443928469713e-20
chr15:30618103-32153204	chr15_31386182_G_A_b38	rs56396205	ENSG00000178115.12	GOLGA8Q	Nerve_Tibial	-0.6353643536567688	7.061667143454627e-08
chr15:30618103-32153204	chr15_31386182_G_A_b38	rs56396205	ENSG00000260128.6	ULK4P2	Nerve_Tibial	0.49233126640319824	3.506838119689998e-05
chr15:30618103-32153204	chr15_31386182_G_A_b38	rs56396205	ENSG00000175344.19	CHRNA7	Nerve_Tibial	-0.7441308498382568	2.6547728175350643e-09
chr15:30618103-32153204	chr15_31386182_G_A_b38	rs56396205	ENSG00000186399.11	GOLGA8R	Small_Intestine_Terminal_Ileum	-0.8349308371543884	1.4238318165110415e-07
chr15:30618103-32153204	chr15_31386182_G_A_b38	rs56396205	ENSG00000215302.8	ENSG00000215302	Small_Intestine_Terminal_Ileum	-0.6984615921974182	3.2324024083043703e-06
chr15:30618103-32153204	chr15_31386182_G_A_b38	rs56396205	ENSG00000270055.1	ENSG00000270055	Small_Intestine_Terminal_Ileum	-0.7470441460609436	4.4422192767131754e-08
chr15:30618103-32153204	chr15_31386182_G_A_b38	rs56396205	ENSG00000166664.15	CHRFAM7A	Whole_Blood	-0.5646440982818604	1.750796987489663e-08
chr15:30618103-32153204	chr15_31386182_G_A_b38	rs56396205	ENSG00000186399.11	GOLGA8R	Whole_Blood	-0.5321534276008606	5.955472973461723e-10
chr15:30618103-32153204	chr15_31386182_G_A_b38	rs56396205	ENSG00000215302.8	ENSG00000215302	Whole_Blood	-0.5186054110527039	8.279662243433648e-12
chr15:30618103-32153204	chr15_31386182_G_A_b38	rs56396205	ENSG00000270055.1	ENSG00000270055	Whole_Blood	-0.7019056677818298	3.3278852851311085e-26
chr15:30618103-32153204	chr15_31386182_G_A_b38	rs56396205	ENSG00000178115.12	GOLGA8Q	Whole_Blood	-0.46884429454803467	4.2031570768523847e-07
chr15:30618103-32153204	chr15_31386182_G_A_b38	rs56396205	ENSG00000261794.2	GOLGA8H	Whole_Blood	0.30760154128074646	4.350001447681974e-05
chr15:30618103-32153204	chr15_31386182_G_A_b38	rs56396205	ENSG00000166664.15	CHRFAM7A	Skin_Not_Sun_Exposed_Suprapubic	-0.5996938347816467	3.802047854395147e-08
chr15:30618103-32153204	chr15_31386182_G_A_b38	rs56396205	ENSG00000186399.11	GOLGA8R	Skin_Not_Sun_Exposed_Suprapubic	-0.8160347938537598	9.85206746965715e-17
chr15:30618103-32153204	chr15_31386182_G_A_b38	rs56396205	ENSG00000215302.8	ENSG00000215302	Skin_Not_Sun_Exposed_Suprapubic	-0.658233106136322	1.779992505082723e-10
chr15:30618103-32153204	chr15_31386182_G_A_b38	rs56396205	ENSG00000270055.1	ENSG00000270055	Skin_Not_Sun_Exposed_Suprapubic	-0.7182294726371765	3.8230627281473513e-19
chr15:30618103-32153204	chr15_31386182_G_A_b38	rs56396205	ENSG00000178115.12	GOLGA8Q	Skin_Not_Sun_Exposed_Suprapubic	-0.48252514004707336	5.327888236697016e-05
chr15:30618103-32153204	chr15_31386182_G_A_b38	rs56396205	ENSG00000260128.6	ULK4P2	Skin_Not_Sun_Exposed_Suprapubic	0.539194643497467	3.7044581681331283e-07
chr15:30618103-32153204	chr15_31386182_G_A_b38	rs56396205	ENSG00000261794.2	GOLGA8H	Skin_Not_Sun_Exposed_Suprapubic	0.6291759610176086	2.3156262426818197e-10
chr15:30618103-32153204	chr15_31386182_G_A_b38	rs56396205	ENSG00000166664.15	CHRFAM7A	Esophagus_Gastroesophageal_Junction	-0.590160608291626	4.57841666317591e-05
chr15:30618103-32153204	chr15_31386182_G_A_b38	rs56396205	ENSG00000186399.11	GOLGA8R	Esophagus_Gastroesophageal_Junction	-0.8154138326644897	7.49635088585254e-12
chr15:30618103-32153204	chr15_31386182_G_A_b38	rs56396205	ENSG00000215302.8	ENSG00000215302	Esophagus_Gastroesophageal_Junction	-0.6885592937469482	6.509140510661721e-08
chr15:30618103-32153204	chr15_31386182_G_A_b38	rs56396205	ENSG00000270055.1	ENSG00000270055	Esophagus_Gastroesophageal_Junction	-0.6459662914276123	1.6449487058835423e-12
chr15:30618103-32153204	chr15_31386182_G_A_b38	rs56396205	ENSG00000178115.12	GOLGA8Q	Esophagus_Gastroesophageal_Junction	-0.6248013377189636	8.877711307992047e-06
chr15:30618103-32153204	chr15_31386182_G_A_b38	rs56396205	ENSG00000186399.11	GOLGA8R	Brain_Hypothalamus	-1.1157763004302979	7.270142230492523e-07
chr15:30618103-32153204	chr15_31386182_G_A_b38	rs56396205	ENSG00000270055.1	ENSG00000270055	Brain_Hypothalamus	-0.9273415803909302	3.1245508094078776e-06
chr15:30618103-32153204	chr15_31386182_G_A_b38	rs56396205	ENSG00000166664.15	CHRFAM7A	Adipose_Subcutaneous	-0.9565601944923401	7.962802098885198e-18
chr15:30618103-32153204	chr15_31386182_G_A_b38	rs56396205	ENSG00000186399.11	GOLGA8R	Adipose_Subcutaneous	-0.9506796002388	2.4136859329809604e-26
chr15:30618103-32153204	chr15_31386182_G_A_b38	rs56396205	ENSG00000215302.8	ENSG00000215302	Adipose_Subcutaneous	-0.6447234749794006	1.4489284436107995e-11
chr15:30618103-32153204	chr15_31386182_G_A_b38	rs56396205	ENSG00000270055.1	ENSG00000270055	Adipose_Subcutaneous	-0.7502796649932861	2.418434468171264e-23
chr15:30618103-32153204	chr15_31386182_G_A_b38	rs56396205	ENSG00000178115.12	GOLGA8Q	Adipose_Subcutaneous	-0.6424158215522766	1.2300709144170615e-08
chr15:30618103-32153204	chr15_31386182_G_A_b38	rs56396205	ENSG00000260128.6	ULK4P2	Adipose_Subcutaneous	0.4963662028312683	1.0219982478173493e-05
chr15:30618103-32153204	chr15_31386182_G_A_b38	rs56396205	ENSG00000261794.2	GOLGA8H	Adipose_Subcutaneous	0.5136569142341614	1.403521118580454e-06
chr15:30618103-32153204	chr15_31386182_G_A_b38	rs56396205	ENSG00000175344.19	CHRNA7	Adipose_Subcutaneous	-0.77736896276474	7.813759278813643e-12
chr15:30618103-32153204	chr15_31386182_G_A_b38	rs56396205	ENSG00000166664.15	CHRFAM7A	Thyroid	-0.9376544952392578	2.5737866294552626e-17
chr15:30618103-32153204	chr15_31386182_G_A_b38	rs56396205	ENSG00000186399.11	GOLGA8R	Thyroid	-0.8959962129592896	2.3148706000808803e-20
chr15:30618103-32153204	chr15_31386182_G_A_b38	rs56396205	ENSG00000215302.8	ENSG00000215302	Thyroid	-0.7476757764816284	1.511571568834076e-13
chr15:30618103-32153204	chr15_31386182_G_A_b38	rs56396205	ENSG00000270055.1	ENSG00000270055	Thyroid	-0.9615914821624756	4.729412402663724e-31
chr15:30618103-32153204	chr15_31386182_G_A_b38	rs56396205	ENSG00000283345.1	ENSG00000283345	Thyroid	-0.4313945770263672	0.00013972748351089958
chr15:30618103-32153204	chr15_31386182_G_A_b38	rs56396205	ENSG00000175344.19	CHRNA7	Thyroid	-0.8592252731323242	4.25322261436137e-20
chr15:30618103-32153204	chr15_31386182_G_A_b38	rs56396205	ENSG00000279912.1	ENSG00000279912	Thyroid	-0.5160709023475647	1.2500065522646976e-07
chr15:30618103-32153204	chr15_31386182_G_A_b38	rs56396205	ENSG00000186399.11	GOLGA8R	Uterus	-0.9865848422050476	1.7002935633044625e-09
chr15:30618103-32153204	chr15_31386182_G_A_b38	rs56396205	ENSG00000270055.1	ENSG00000270055	Uterus	-0.8839427828788757	2.2762674458363385e-09
chr15:30618103-32153204	chr15_31386182_G_A_b38	rs56396205	ENSG00000186399.11	GOLGA8R	Heart_Left_Ventricle	-0.8232240676879883	2.922085059093036e-12
chr15:30618103-32153204	chr15_31386182_G_A_b38	rs56396205	ENSG00000215302.8	ENSG00000215302	Heart_Left_Ventricle	-0.5697178840637207	3.618397533334677e-05
chr15:30618103-32153204	chr15_31386182_G_A_b38	rs56396205	ENSG00000270055.1	ENSG00000270055	Heart_Left_Ventricle	-0.7427812218666077	6.127876289958134e-16
chr15:30618103-32153204	chr15_31386182_G_A_b38	rs56396205	ENSG00000166664.15	CHRFAM7A	Testis	-1.1119542121887207	1.413730340087677e-14
chr15:30618103-32153204	chr15_31386182_G_A_b38	rs56396205	ENSG00000186399.11	GOLGA8R	Testis	-0.8181061744689941	2.900856484181166e-10
chr15:30618103-32153204	chr15_31386182_G_A_b38	rs56396205	ENSG00000270055.1	ENSG00000270055	Testis	-0.584672212600708	1.8740188354982688e-09
chr15:30618103-32153204	chr15_31386182_G_A_b38	rs56396205	ENSG00000285077.3	ARHGAP11B	Testis	0.43780967593193054	1.4691501600385782e-05
chr15:30618103-32153204	chr15_31386182_G_A_b38	rs56396205	ENSG00000175344.19	CHRNA7	Testis	-0.5249244570732117	0.0001083216187559001
chr15:30618103-32153204	chr15_31386182_G_A_b38	rs56396205	ENSG00000260211.2	ENSG00000260211	Testis	-0.5838998556137085	2.6863076663380005e-06
chr15:30618103-32153204	chr15_31386182_G_A_b38	rs56396205	ENSG00000166664.15	CHRFAM7A	Brain_Caudate_basal_ganglia	-1.0540603399276733	2.810232989886405e-08
chr15:30618103-32153204	chr15_31386182_G_A_b38	rs56396205	ENSG00000186399.11	GOLGA8R	Brain_Caudate_basal_ganglia	-1.0782142877578735	7.102391182778608e-09
chr15:30618103-32153204	chr15_31386182_G_A_b38	rs56396205	ENSG00000215302.8	ENSG00000215302	Brain_Caudate_basal_ganglia	-0.7815835475921631	4.2707040663859856e-05
chr15:30618103-32153204	chr15_31386182_G_A_b38	rs56396205	ENSG00000270055.1	ENSG00000270055	Brain_Caudate_basal_ganglia	-0.9549938440322876	8.403190155907557e-11
chr15:30618103-32153204	chr15_31386182_G_A_b38	rs56396205	ENSG00000186399.11	GOLGA8R	Muscle_Skeletal	-0.6596236228942871	1.5369800734882112e-19
chr15:30618103-32153204	chr15_31386182_G_A_b38	rs56396205	ENSG00000215302.8	ENSG00000215302	Muscle_Skeletal	-0.5487156510353088	2.309511655459527e-08
chr15:30618103-32153204	chr15_31386182_G_A_b38	rs56396205	ENSG00000270055.1	ENSG00000270055	Muscle_Skeletal	-0.7749131321907043	3.256621653868158e-23
chr15:30618103-32153204	chr15_31386182_G_A_b38	rs56396205	ENSG00000178115.12	GOLGA8Q	Muscle_Skeletal	-0.5230085849761963	1.1093782857378027e-07
chr15:30618103-32153204	chr15_31386182_G_A_b38	rs56396205	ENSG00000166664.15	CHRFAM7A	Artery_Tibial	-0.6364802718162537	8.548175072101306e-10
chr15:30618103-32153204	chr15_31386182_G_A_b38	rs56396205	ENSG00000186399.11	GOLGA8R	Artery_Tibial	-0.7712835073471069	5.860120749674964e-24
chr15:30618103-32153204	chr15_31386182_G_A_b38	rs56396205	ENSG00000215302.8	ENSG00000215302	Artery_Tibial	-0.602730929851532	3.2655563637196037e-09
chr15:30618103-32153204	chr15_31386182_G_A_b38	rs56396205	ENSG00000270055.1	ENSG00000270055	Artery_Tibial	-0.7802849411964417	7.917504158013339e-24
chr15:30618103-32153204	chr15_31386182_G_A_b38	rs56396205	ENSG00000178115.12	GOLGA8Q	Artery_Tibial	-0.6041216850280762	7.138158738348753e-09
chr15:30618103-32153204	chr15_31386182_G_A_b38	rs56396205	ENSG00000260128.6	ULK4P2	Artery_Tibial	0.4780530333518982	3.481578486614897e-05
chr15:30618103-32153204	chr15_31386182_G_A_b38	rs56396205	ENSG00000166664.15	CHRFAM7A	Brain_Substantia_nigra	-0.8270535469055176	6.633106777090289e-07
chr15:30618103-32153204	chr15_31386182_G_A_b38	rs56396205	ENSG00000270055.1	ENSG00000270055	Brain_Substantia_nigra	-0.9400030970573425	2.3300447498887226e-08
chr15:30618103-32153204	chr15_31386182_G_A_b38	rs56396205	ENSG00000186399.11	GOLGA8R	Prostate	-0.6767241954803467	5.150987720195213e-07
chr15:30618103-32153204	chr15_31386182_G_A_b38	rs56396205	ENSG00000215302.8	ENSG00000215302	Prostate	-0.7166590094566345	1.7022266768399661e-06
chr15:30618103-32153204	chr15_31386182_G_A_b38	rs56396205	ENSG00000270055.1	ENSG00000270055	Prostate	-0.6994131803512573	6.466096721799436e-09
chr15:30618103-32153204	chr15_31386182_G_A_b38	rs56396205	ENSG00000186399.11	GOLGA8R	Brain_Hippocampus	-0.8641760945320129	1.6194811793420888e-06
chr15:30618103-32153204	chr15_31386182_G_A_b38	rs56396205	ENSG00000270055.1	ENSG00000270055	Brain_Hippocampus	-0.9472200870513916	6.306166965159019e-09
chr15:30618103-32153204	chr15_31386182_G_A_b38	rs56396205	ENSG00000270055.1	ENSG00000270055	Brain_Frontal_Cortex_BA9	-0.8898631930351257	8.172031229965116e-09
chr15:30618103-32153204	chr15_31386182_G_A_b38	rs56396205	ENSG00000166664.15	CHRFAM7A	Colon_Sigmoid	-0.6307516694068909	3.9476038433250715e-05
chr15:30618103-32153204	chr15_31386182_G_A_b38	rs56396205	ENSG00000186399.11	GOLGA8R	Colon_Sigmoid	-0.9288187623023987	1.0772997127970746e-13
chr15:30618103-32153204	chr15_31386182_G_A_b38	rs56396205	ENSG00000215302.8	ENSG00000215302	Colon_Sigmoid	-0.5621545910835266	6.0508657720079684e-05
chr15:30618103-32153204	chr15_31386182_G_A_b38	rs56396205	ENSG00000270055.1	ENSG00000270055	Colon_Sigmoid	-0.8325707912445068	1.7675401076585008e-15
chr15:30618103-32153204	chr15_31386182_G_A_b38	rs56396205	ENSG00000178115.12	GOLGA8Q	Colon_Sigmoid	-0.8438534140586853	2.2263143442672615e-08
chr15:30618103-32153204	chr15_31386182_G_A_b38	rs56396205	ENSG00000166664.15	CHRFAM7A	Artery_Aorta	-0.8648821115493774	3.035447284939474e-11
chr15:30618103-32153204	chr15_31386182_G_A_b38	rs56396205	ENSG00000186399.11	GOLGA8R	Artery_Aorta	-0.8346065878868103	2.1802747011275777e-18
chr15:30618103-32153204	chr15_31386182_G_A_b38	rs56396205	ENSG00000215302.8	ENSG00000215302	Artery_Aorta	-0.5713352560997009	3.712207084337502e-06
chr15:30618103-32153204	chr15_31386182_G_A_b38	rs56396205	ENSG00000270055.1	ENSG00000270055	Artery_Aorta	-0.8165044188499451	1.096475436065295e-18
chr15:30618103-32153204	chr15_31386182_G_A_b38	rs56396205	ENSG00000178115.12	GOLGA8Q	Artery_Aorta	-0.5694613456726074	9.92793785567144e-06
chr15:30618103-32153204	chr15_31386182_G_A_b38	rs56396205	ENSG00000175344.19	CHRNA7	Artery_Aorta	-0.8747279644012451	3.25604662073157e-10
chr15:30618103-32153204	chr15_31386182_G_A_b38	rs56396205	ENSG00000186399.11	GOLGA8R	Colon_Transverse	-0.6095119118690491	2.6898792126710657e-11
chr15:30618103-32153204	chr15_31386182_G_A_b38	rs56396205	ENSG00000215302.8	ENSG00000215302	Colon_Transverse	-0.551790177822113	1.656520683576307e-06
chr15:30618103-32153204	chr15_31386182_G_A_b38	rs56396205	ENSG00000270055.1	ENSG00000270055	Colon_Transverse	-0.8061284422874451	4.525712638005945e-20
chr15:30618103-32153204	chr15_31386182_G_A_b38	rs56396205	ENSG00000178115.12	GOLGA8Q	Colon_Transverse	-0.4943593740463257	6.715154548887523e-05
chr15:30618103-32153204	chr15_31386182_G_A_b38	rs56396205	ENSG00000261794.2	GOLGA8H	Colon_Transverse	0.5039072632789612	2.6779254375617765e-06
chr15:30618103-32153204	chr15_31386182_G_A_b38	rs56396205	ENSG00000166664.15	CHRFAM7A	Esophagus_Mucosa	-0.5736492276191711	5.841185979747933e-07
chr15:30618103-32153204	chr15_31386182_G_A_b38	rs56396205	ENSG00000186399.11	GOLGA8R	Esophagus_Mucosa	-0.8407272100448608	1.594864573851524e-20
chr15:30618103-32153204	chr15_31386182_G_A_b38	rs56396205	ENSG00000215302.8	ENSG00000215302	Esophagus_Mucosa	-0.5948197245597839	6.803936810775817e-08
chr15:30618103-32153204	chr15_31386182_G_A_b38	rs56396205	ENSG00000270055.1	ENSG00000270055	Esophagus_Mucosa	-0.7435938715934753	2.406466640590026e-19
chr15:30618103-32153204	chr15_31386182_G_A_b38	rs56396205	ENSG00000178115.12	GOLGA8Q	Esophagus_Mucosa	-0.5214601159095764	5.799853798596891e-06
chr15:30618103-32153204	chr15_31386182_G_A_b38	rs56396205	ENSG00000260128.6	ULK4P2	Esophagus_Mucosa	0.5631231665611267	2.479278819253509e-07
chr15:30618103-32153204	chr15_31386182_G_A_b38	rs56396205	ENSG00000261794.2	GOLGA8H	Esophagus_Mucosa	0.8343397974967957	5.908396082971894e-19
chr15:30618103-32153204	chr15_31386182_G_A_b38	rs56396205	ENSG00000166664.15	CHRFAM7A	Brain_Anterior_cingulate_cortex_BA24	-0.9102506041526794	1.795255248614864e-05
chr15:30618103-32153204	chr15_31386182_G_A_b38	rs56396205	ENSG00000186399.11	GOLGA8R	Brain_Anterior_cingulate_cortex_BA24	-0.91390061378479	4.234149101723585e-05
chr15:30618103-32153204	chr15_31386182_G_A_b38	rs56396205	ENSG00000270055.1	ENSG00000270055	Brain_Anterior_cingulate_cortex_BA24	-0.9521409869194031	3.6916795096302923e-07
chr15:30618103-32153204	chr15_31386182_G_A_b38	rs56396205	ENSG00000186399.11	GOLGA8R	Stomach	-0.7407735586166382	3.128331505248267e-10
chr15:30618103-32153204	chr15_31386182_G_A_b38	rs56396205	ENSG00000215302.8	ENSG00000215302	Stomach	-0.5177933573722839	2.796346753574831e-05
chr15:30618103-32153204	chr15_31386182_G_A_b38	rs56396205	ENSG00000270055.1	ENSG00000270055	Stomach	-0.828446090221405	6.535044877906224e-14
chr15:30618103-32153204	chr15_31386182_G_A_b38	rs56396205	ENSG00000215302.8	ENSG00000215302	Brain_Cerebellar_Hemisphere	-0.7783984541893005	2.1136528928250796e-05
chr15:30618103-32153204	chr15_31386182_G_A_b38	rs56396205	ENSG00000186399.11	GOLGA8R	Adrenal_Gland	-0.9904051423072815	4.0161720138338323e-14
chr15:30618103-32153204	chr15_31386182_G_A_b38	rs56396205	ENSG00000215302.8	ENSG00000215302	Adrenal_Gland	-0.7674180269241333	8.916326864351232e-07
chr15:30618103-32153204	chr15_31386182_G_A_b38	rs56396205	ENSG00000270055.1	ENSG00000270055	Adrenal_Gland	-0.8799846172332764	5.783687542121637e-14
chr15:30618103-32153204	chr15_31386182_G_A_b38	rs56396205	ENSG00000178115.12	GOLGA8Q	Adrenal_Gland	-0.6176705956459045	8.224384852016526e-05
chr15:30618103-32153204	chr15_31386182_G_A_b38	rs56396205	ENSG00000186399.11	GOLGA8R	Spleen	-0.6505123376846313	3.345527262443979e-05
chr15:30618103-32153204	chr15_31386182_G_A_b38	rs56396205	ENSG00000215302.8	ENSG00000215302	Spleen	-0.8111546039581299	1.9925670662145787e-07
chr15:30618103-32153204	chr15_31386182_G_A_b38	rs56396205	ENSG00000270055.1	ENSG00000270055	Spleen	-0.9455205202102661	1.9150090077109984e-09
chr15:30618103-32153204	chr15_31386182_G_A_b38	rs56396205	ENSG00000186399.11	GOLGA8R	Heart_Atrial_Appendage	-0.9243857860565186	1.24941325165833e-13
chr15:30618103-32153204	chr15_31386182_G_A_b38	rs56396205	ENSG00000215302.8	ENSG00000215302	Heart_Atrial_Appendage	-0.8213260769844055	2.2947961184938856e-10
chr15:30618103-32153204	chr15_31386182_G_A_b38	rs56396205	ENSG00000270055.1	ENSG00000270055	Heart_Atrial_Appendage	-0.7662692666053772	1.4094332738649327e-19
chr15:30618103-32153204	chr15_31386182_G_A_b38	rs56396205	ENSG00000178115.12	GOLGA8Q	Heart_Atrial_Appendage	-0.8634188175201416	9.153378786511362e-09
chr15:30618103-32153204	chr15_31386182_G_A_b38	rs56396205	ENSG00000166664.15	CHRFAM7A	Ovary	-0.7328168749809265	3.5828622251115566e-07
chr15:30618103-32153204	chr15_31386182_G_A_b38	rs56396205	ENSG00000186399.11	GOLGA8R	Ovary	-1.3278617858886719	7.219157367334803e-15
chr15:30618103-32153204	chr15_31386182_G_A_b38	rs56396205	ENSG00000215302.8	ENSG00000215302	Ovary	-0.8293079733848572	2.1309044109273636e-05
chr15:30618103-32153204	chr15_31386182_G_A_b38	rs56396205	ENSG00000270055.1	ENSG00000270055	Ovary	-0.9131019115447998	8.500353529629808e-12
chr15:30618103-32153204	chr15_31386182_G_A_b38	rs56396205	ENSG00000178115.12	GOLGA8Q	Ovary	-1.0422180891036987	5.645163165651714e-07
chr15:30618103-32153204	chr15_31386182_G_A_b38	rs56396205	ENSG00000270055.1	ENSG00000270055	Cells_EBV-transformed_lymphocytes	-0.7085911631584167	2.4325665790729193e-08
chr15:30618103-32153204	chr15_31386182_G_A_b38	rs56396205	ENSG00000186399.11	GOLGA8R	Liver	-0.9483824968338013	6.791495085735998e-07
chr15:30618103-32153204	chr15_31386182_G_A_b38	rs56396205	ENSG00000215302.8	ENSG00000215302	Liver	-0.746310293674469	6.572678124497344e-06
chr15:30618103-32153204	chr15_31386182_G_A_b38	rs56396205	ENSG00000270055.1	ENSG00000270055	Liver	-0.7476345896720886	6.247497519535678e-09
chr15:30618103-32153204	chr15_31386182_G_A_b38	rs56396205	ENSG00000270055.1	ENSG00000270055	Kidney_Cortex	-1.2646739482879639	2.770746429874749e-06
chr15:30618103-32153204	chr15_31386182_G_A_b38	rs56396205	ENSG00000270055.1	ENSG00000270055	Brain_Amygdala	-0.7786229848861694	2.9046561759875633e-05
chr15:30618103-32153204	chr15_31386182_G_A_b38	rs56396205	ENSG00000186399.11	GOLGA8R	Brain_Spinal_cord_cervical_c-1	-0.9813919067382812	3.3622493389720387e-06
chr15:30618103-32153204	chr15_31386182_G_A_b38	rs56396205	ENSG00000186399.11	GOLGA8R	Cells_Cultured_fibroblasts	-0.4252198040485382	2.853529006255108e-13
chr15:30618103-32153204	chr15_31386182_G_A_b38	rs56396205	ENSG00000215302.8	ENSG00000215302	Cells_Cultured_fibroblasts	-0.608230710029602	1.449728043555235e-09
chr15:30618103-32153204	chr15_31386182_G_A_b38	rs56396205	ENSG00000270055.1	ENSG00000270055	Cells_Cultured_fibroblasts	-0.9509999752044678	3.995765591700067e-26
chr15:30618103-32153204	chr15_31386182_G_A_b38	rs56396205	ENSG00000178115.12	GOLGA8Q	Cells_Cultured_fibroblasts	-0.507163941860199	3.118634339510087e-08
chr15:30618103-32153204	chr15_31386182_G_A_b38	rs56396205	ENSG00000261794.2	GOLGA8H	Cells_Cultured_fibroblasts	0.5405935049057007	4.5167893901002924e-07
chr15:30618103-32153204	chr15_31386182_G_A_b38	rs56396205	ENSG00000166664.15	CHRFAM7A	Lung	-0.7836953401565552	1.8098398494048423e-13
chr15:30618103-32153204	chr15_31386182_G_A_b38	rs56396205	ENSG00000186399.11	GOLGA8R	Lung	-0.9674632549285889	8.242519630743597e-21
chr15:30618103-32153204	chr15_31386182_G_A_b38	rs56396205	ENSG00000215302.8	ENSG00000215302	Lung	-0.7706056237220764	1.955386471682334e-12
chr15:30618103-32153204	chr15_31386182_G_A_b38	rs56396205	ENSG00000270055.1	ENSG00000270055	Lung	-0.8035741448402405	3.120689549232948e-22
chr15:30618103-32153204	chr15_31386182_G_A_b38	rs56396205	ENSG00000178115.12	GOLGA8Q	Lung	-0.7828495502471924	1.769342066851914e-09
chr15:30618103-32153204	chr15_31386182_G_A_b38	rs56396205	ENSG00000175344.19	CHRNA7	Lung	-0.709355354309082	1.1125386517964931e-09
chr15:30618103-32153204	chr15_31386182_G_A_b38	rs56396205	ENSG00000166664.15	CHRFAM7A	Breast_Mammary_Tissue	-0.7349990606307983	1.522720212325136e-08
chr15:30618103-32153204	chr15_31386182_G_A_b38	rs56396205	ENSG00000186399.11	GOLGA8R	Breast_Mammary_Tissue	-0.9030690789222717	2.6393896895594554e-17
chr15:30618103-32153204	chr15_31386182_G_A_b38	rs56396205	ENSG00000215302.8	ENSG00000215302	Breast_Mammary_Tissue	-0.5701549053192139	2.251019742665876e-08
chr15:30618103-32153204	chr15_31386182_G_A_b38	rs56396205	ENSG00000270055.1	ENSG00000270055	Breast_Mammary_Tissue	-0.7543758153915405	4.037386316085279e-20
chr15:30618103-32153204	chr15_31386182_G_A_b38	rs56396205	ENSG00000178115.12	GOLGA8Q	Breast_Mammary_Tissue	-0.7400595545768738	5.668051880706313e-09
chr15:30618103-32153204	chr15_31386182_G_A_b38	rs56396205	ENSG00000166664.15	CHRFAM7A	Brain_Cortex	-0.6981096267700195	9.503141776429879e-06
chr15:30618103-32153204	chr15_31386182_G_A_b38	rs56396205	ENSG00000186399.11	GOLGA8R	Brain_Cortex	-0.8082469701766968	3.291358300801649e-05
chr15:30618103-32153204	chr15_31386182_G_A_b38	rs56396205	ENSG00000215302.8	ENSG00000215302	Brain_Cortex	-1.069637417793274	1.4118322644120636e-07
chr15:30618103-32153204	chr15_31386182_G_A_b38	rs56396205	ENSG00000270055.1	ENSG00000270055	Brain_Cortex	-1.004148244857788	4.773716645708662e-10
chr15:30618103-32153204	chr15_31386182_G_A_b38	rs56396205	ENSG00000270055.1	ENSG00000270055	Brain_Putamen_basal_ganglia	-0.806965172290802	1.3070142584726309e-05
chr15:30618103-32153204	chr15_31386182_G_A_b38	rs56396205	ENSG00000166664.15	CHRFAM7A	Skin_Sun_Exposed_Lower_leg	-0.584675133228302	2.3194262490071462e-08
chr15:30618103-32153204	chr15_31386182_G_A_b38	rs56396205	ENSG00000186399.11	GOLGA8R	Skin_Sun_Exposed_Lower_leg	-0.8564081192016602	7.328915869726744e-23
chr15:30618103-32153204	chr15_31386182_G_A_b38	rs56396205	ENSG00000215302.8	ENSG00000215302	Skin_Sun_Exposed_Lower_leg	-0.6417179703712463	3.008259887464617e-11
chr15:30618103-32153204	chr15_31386182_G_A_b38	rs56396205	ENSG00000270055.1	ENSG00000270055	Skin_Sun_Exposed_Lower_leg	-0.837777853012085	8.028799794023177e-26
chr15:30618103-32153204	chr15_31386182_G_A_b38	rs56396205	ENSG00000178115.12	GOLGA8Q	Skin_Sun_Exposed_Lower_leg	-0.503385066986084	4.110285095969935e-06
chr15:30618103-32153204	chr15_31386182_G_A_b38	rs56396205	ENSG00000260128.6	ULK4P2	Skin_Sun_Exposed_Lower_leg	0.5144946575164795	1.2923068382603e-06
chr15:30618103-32153204	chr15_31386182_G_A_b38	rs56396205	ENSG00000261794.2	GOLGA8H	Skin_Sun_Exposed_Lower_leg	0.6101051568984985	2.0652985892819112e-11
chr15:30618103-32153204	chr15_31386182_G_A_b38	rs56396205	ENSG00000186399.11	GOLGA8R	Artery_Coronary	-0.8804528117179871	6.711580350906106e-12
chr15:30618103-32153204	chr15_31386182_G_A_b38	rs56396205	ENSG00000270055.1	ENSG00000270055	Artery_Coronary	-0.7368766069412231	4.646697758872725e-08
chr16:28471892-28637651	chr16_28571620_C_A_b38	rs12447461	ENSG00000196502.13	SULT1A1	Vagina	-0.3396940231323242	1.6074957522097202e-06
chr16:28471892-28637651	chr16_28571620_C_A_b38	rs12447461	ENSG00000259982.1	CDC37P1	Vagina	0.564793586730957	3.9164038093692556e-08
chr16:28471892-28637651	chr16_28571620_C_A_b38	rs12447461	ENSG00000233232.7	NPIPB7	Brain_Nucleus_accumbens_basal_ganglia	-0.5816429853439331	2.1480736270482906e-17
chr16:28471892-28637651	chr16_28571620_C_A_b38	rs12447461	ENSG00000196502.13	SULT1A1	Brain_Nucleus_accumbens_basal_ganglia	-0.5238814353942871	1.0145202952100245e-13
chr16:28471892-28637651	chr16_28571620_C_A_b38	rs12447461	ENSG00000184110.15	EIF3C	Brain_Nucleus_accumbens_basal_ganglia	0.36095184087753296	4.6531438857280564e-09
chr16:28471892-28637651	chr16_28571620_C_A_b38	rs12447461	ENSG00000270424.1	ENSG00000270424	Brain_Nucleus_accumbens_basal_ganglia	0.3710872530937195	9.418901497526669e-06
chr16:28471892-28637651	chr16_28571620_C_A_b38	rs12447461	ENSG00000196993.8	NPIPB9	Brain_Nucleus_accumbens_basal_ganglia	-0.5165929794311523	3.9709907166176e-09
chr16:28471892-28637651	chr16_28571620_C_A_b38	rs12447461	ENSG00000251417.2	ENSG00000251417	Brain_Nucleus_accumbens_basal_ganglia	-0.48094484210014343	3.748535658557038e-10
chr16:28471892-28637651	chr16_28571620_C_A_b38	rs12447461	ENSG00000178952.11	TUFM	Brain_Nucleus_accumbens_basal_ganglia	0.2695167660713196	6.741356777508906e-15
chr16:28471892-28637651	chr16_28571620_C_A_b38	rs12447461	ENSG00000188322.8	SBK1	Esophagus_Muscularis	-0.2507961094379425	4.466517293375109e-08
chr16:28471892-28637651	chr16_28571620_C_A_b38	rs12447461	ENSG00000188603.22	CLN3	Esophagus_Muscularis	0.09986298531293869	0.0001759639310076438
chr16:28471892-28637651	chr16_28571620_C_A_b38	rs12447461	ENSG00000176046.9	NUPR1	Esophagus_Muscularis	-0.2672385573387146	5.126359335627822e-18
chr16:28471892-28637651	chr16_28571620_C_A_b38	rs12447461	ENSG00000176476.9	SGF29	Esophagus_Muscularis	-0.1235228180885315	3.555849685987419e-07
chr16:28471892-28637651	chr16_28571620_C_A_b38	rs12447461	ENSG00000196502.13	SULT1A1	Esophagus_Muscularis	-0.32395264506340027	4.4917787996625694e-13
chr16:28471892-28637651	chr16_28571620_C_A_b38	rs12447461	ENSG00000184110.15	EIF3C	Esophagus_Muscularis	0.27585798501968384	8.330294303371012e-12
chr16:28471892-28637651	chr16_28571620_C_A_b38	rs12447461	ENSG00000196993.8	NPIPB9	Esophagus_Muscularis	-0.5680884718894958	1.383077506093152e-21
chr16:28471892-28637651	chr16_28571620_C_A_b38	rs12447461	ENSG00000251417.2	ENSG00000251417	Esophagus_Muscularis	-0.4417996108531952	3.0343050647772612e-18
chr16:28471892-28637651	chr16_28571620_C_A_b38	rs12447461	ENSG00000178952.11	TUFM	Esophagus_Muscularis	0.24510084092617035	4.738902069927398e-22
chr16:28471892-28637651	chr16_28571620_C_A_b38	rs12447461	ENSG00000178188.15	SH2B1	Esophagus_Muscularis	-0.1065562292933464	1.6750334810800552e-08
chr16:28471892-28637651	chr16_28571620_C_A_b38	rs12447461	ENSG00000169682.18	SPNS1	Esophagus_Muscularis	0.12465239316225052	3.1402174204809666e-06
chr16:28471892-28637651	chr16_28571620_C_A_b38	rs12447461	ENSG00000213658.13	LAT	Esophagus_Muscularis	0.15660229325294495	6.315571580432103e-13
chr16:28471892-28637651	chr16_28571620_C_A_b38	rs12447461	ENSG00000261089.1	CDC37P2	Pancreas	-0.2803354561328888	5.590015836960899e-05
chr16:28471892-28637651	chr16_28571620_C_A_b38	rs12447461	ENSG00000176476.9	SGF29	Pancreas	-0.23444026708602905	2.543582062605781e-10
chr16:28471892-28637651	chr16_28571620_C_A_b38	rs12447461	ENSG00000196502.13	SULT1A1	Pancreas	-0.4433634877204895	1.0606391919438445e-15
chr16:28471892-28637651	chr16_28571620_C_A_b38	rs12447461	ENSG00000184110.15	EIF3C	Pancreas	0.22414188086986542	5.9114384676986984e-05
chr16:28471892-28637651	chr16_28571620_C_A_b38	rs12447461	ENSG00000259982.1	CDC37P1	Pancreas	0.6749890446662903	1.891854160814118e-24
chr16:28471892-28637651	chr16_28571620_C_A_b38	rs12447461	ENSG00000251417.2	ENSG00000251417	Pancreas	-0.2643504738807678	6.01990390378299e-05
chr16:28471892-28637651	chr16_28571620_C_A_b38	rs12447461	ENSG00000178952.11	TUFM	Pancreas	0.3470112085342407	1.1266073923265267e-17
chr16:28471892-28637651	chr16_28571620_C_A_b38	rs12447461	ENSG00000196502.13	SULT1A1	Adipose_Visceral_Omentum	-0.31529921293258667	5.965452655386346e-11
chr16:28471892-28637651	chr16_28571620_C_A_b38	rs12447461	ENSG00000196993.8	NPIPB9	Adipose_Visceral_Omentum	-0.29817745089530945	2.891739152345165e-07
chr16:28471892-28637651	chr16_28571620_C_A_b38	rs12447461	ENSG00000251417.2	ENSG00000251417	Adipose_Visceral_Omentum	-0.33486396074295044	2.292722597567844e-14
chr16:28471892-28637651	chr16_28571620_C_A_b38	rs12447461	ENSG00000168488.19	ATXN2L	Adipose_Visceral_Omentum	-0.09459241479635239	3.513284951103926e-05
chr16:28471892-28637651	chr16_28571620_C_A_b38	rs12447461	ENSG00000178952.11	TUFM	Adipose_Visceral_Omentum	0.0873175859451294	1.9457347716759804e-08
chr16:28471892-28637651	chr16_28571620_C_A_b38	rs12447461	ENSG00000178188.15	SH2B1	Adipose_Visceral_Omentum	-0.1313699185848236	1.5436364969344648e-13
chr16:28471892-28637651	chr16_28571620_C_A_b38	rs12447461	ENSG00000198156.10	NPIPB6	Pituitary	-0.3205181062221527	2.3497202348037245e-07
chr16:28471892-28637651	chr16_28571620_C_A_b38	rs12447461	ENSG00000196502.13	SULT1A1	Pituitary	-0.5351212620735168	1.1114062772340657e-17
chr16:28471892-28637651	chr16_28571620_C_A_b38	rs12447461	ENSG00000184110.15	EIF3C	Pituitary	0.22120772302150726	5.031487458199236e-05
chr16:28471892-28637651	chr16_28571620_C_A_b38	rs12447461	ENSG00000259982.1	CDC37P1	Pituitary	0.49709784984588623	3.26506735220846e-13
chr16:28471892-28637651	chr16_28571620_C_A_b38	rs12447461	ENSG00000270424.1	ENSG00000270424	Pituitary	0.3753032684326172	1.3764835112101303e-06
chr16:28471892-28637651	chr16_28571620_C_A_b38	rs12447461	ENSG00000196993.8	NPIPB9	Pituitary	-0.43386638164520264	8.717391046902564e-08
chr16:28471892-28637651	chr16_28571620_C_A_b38	rs12447461	ENSG00000251417.2	ENSG00000251417	Pituitary	-0.39506641030311584	2.1921961794419685e-12
chr16:28471892-28637651	chr16_28571620_C_A_b38	rs12447461	ENSG00000178952.11	TUFM	Pituitary	0.19993983209133148	1.5639146507236087e-08
chr16:28471892-28637651	chr16_28571620_C_A_b38	rs12447461	ENSG00000196296.14	ATP2A1	Pituitary	0.24286098778247833	6.794751647077642e-05
chr16:28471892-28637651	chr16_28571620_C_A_b38	rs12447461	ENSG00000271623.1	ENSG00000271623	Nerve_Tibial	-0.6448670029640198	5.875884290720404e-44
chr16:28471892-28637651	chr16_28571620_C_A_b38	rs12447461	ENSG00000188603.22	CLN3	Nerve_Tibial	0.10083269327878952	4.3429730889908966e-05
chr16:28471892-28637651	chr16_28571620_C_A_b38	rs12447461	ENSG00000176046.9	NUPR1	Nerve_Tibial	-0.1032821387052536	6.3775351088646345e-06
chr16:28471892-28637651	chr16_28571620_C_A_b38	rs12447461	ENSG00000197165.11	SULT1A2	Nerve_Tibial	0.17333991825580597	2.5625865342403455e-06
chr16:28471892-28637651	chr16_28571620_C_A_b38	rs12447461	ENSG00000196502.13	SULT1A1	Nerve_Tibial	-0.49072402715682983	4.432233081083133e-29
chr16:28471892-28637651	chr16_28571620_C_A_b38	rs12447461	ENSG00000259982.1	CDC37P1	Nerve_Tibial	0.6976830363273621	5.65972663845377e-47
chr16:28471892-28637651	chr16_28571620_C_A_b38	rs12447461	ENSG00000270424.1	ENSG00000270424	Nerve_Tibial	0.4006445109844208	2.521573638961456e-16
chr16:28471892-28637651	chr16_28571620_C_A_b38	rs12447461	ENSG00000196993.8	NPIPB9	Nerve_Tibial	-0.36808261275291443	1.1710424908130469e-11
chr16:28471892-28637651	chr16_28571620_C_A_b38	rs12447461	ENSG00000251417.2	ENSG00000251417	Nerve_Tibial	-0.4711712598800659	6.504920335166144e-26
chr16:28471892-28637651	chr16_28571620_C_A_b38	rs12447461	ENSG00000178952.11	TUFM	Nerve_Tibial	0.1839160919189453	1.3112893069632979e-23
chr16:28471892-28637651	chr16_28571620_C_A_b38	rs12447461	ENSG00000178188.15	SH2B1	Nerve_Tibial	-0.15042470395565033	1.5267992235069153e-15
chr16:28471892-28637651	chr16_28571620_C_A_b38	rs12447461	ENSG00000261766.1	ENSG00000261766	Nerve_Tibial	-0.22675998508930206	3.1644806055147913e-06
chr16:28471892-28637651	chr16_28571620_C_A_b38	rs12447461	ENSG00000196502.13	SULT1A1	Small_Intestine_Terminal_Ileum	-0.19476157426834106	1.1283280149536304e-05
chr16:28471892-28637651	chr16_28571620_C_A_b38	rs12447461	ENSG00000259982.1	CDC37P1	Small_Intestine_Terminal_Ileum	0.7604872584342957	9.30598703850277e-17
chr16:28471892-28637651	chr16_28571620_C_A_b38	rs12447461	ENSG00000196993.8	NPIPB9	Small_Intestine_Terminal_Ileum	-0.38991427421569824	3.533511159179599e-05
chr16:28471892-28637651	chr16_28571620_C_A_b38	rs12447461	ENSG00000251417.2	ENSG00000251417	Small_Intestine_Terminal_Ileum	-0.5492250323295593	3.248098039723574e-11
chr16:28471892-28637651	chr16_28571620_C_A_b38	rs12447461	ENSG00000178952.11	TUFM	Small_Intestine_Terminal_Ileum	0.14505237340927124	5.203143870926153e-07
chr16:28471892-28637651	chr16_28571620_C_A_b38	rs12447461	ENSG00000198156.10	NPIPB6	Whole_Blood	0.16721738874912262	7.569348308905389e-05
chr16:28471892-28637651	chr16_28571620_C_A_b38	rs12447461	ENSG00000233232.7	NPIPB7	Whole_Blood	-0.39305612444877625	1.2812332522297457e-21
chr16:28471892-28637651	chr16_28571620_C_A_b38	rs12447461	ENSG00000197272.2	IL27	Whole_Blood	0.12467478960752487	1.3956938617428343e-07
chr16:28471892-28637651	chr16_28571620_C_A_b38	rs12447461	ENSG00000176476.9	SGF29	Whole_Blood	-0.1952160745859146	2.9516894397148968e-18
chr16:28471892-28637651	chr16_28571620_C_A_b38	rs12447461	ENSG00000197165.11	SULT1A2	Whole_Blood	0.15110528469085693	0.00011190925185261395
chr16:28471892-28637651	chr16_28571620_C_A_b38	rs12447461	ENSG00000196502.13	SULT1A1	Whole_Blood	-0.3025405704975128	2.2255322209784664e-23
chr16:28471892-28637651	chr16_28571620_C_A_b38	rs12447461	ENSG00000168488.19	ATXN2L	Whole_Blood	-0.06350512057542801	6.871104723440235e-06
chr16:28471892-28637651	chr16_28571620_C_A_b38	rs12447461	ENSG00000178952.11	TUFM	Whole_Blood	0.43011948466300964	4.814753553516681e-75
chr16:28471892-28637651	chr16_28571620_C_A_b38	rs12447461	ENSG00000178188.15	SH2B1	Whole_Blood	-0.08356629312038422	3.4935383865580786e-08
chr16:28471892-28637651	chr16_28571620_C_A_b38	rs12447461	ENSG00000169682.18	SPNS1	Whole_Blood	0.18341857194900513	5.57296136740587e-25
chr16:28471892-28637651	chr16_28571620_C_A_b38	rs12447461	ENSG00000188322.8	SBK1	Skin_Not_Sun_Exposed_Suprapubic	-0.18876372277736664	1.2499685938826675e-10
chr16:28471892-28637651	chr16_28571620_C_A_b38	rs12447461	ENSG00000233232.7	NPIPB7	Skin_Not_Sun_Exposed_Suprapubic	-0.33000296354293823	1.853942881084068e-10
chr16:28471892-28637651	chr16_28571620_C_A_b38	rs12447461	ENSG00000176476.9	SGF29	Skin_Not_Sun_Exposed_Suprapubic	-0.10469140112400055	1.2436184494203195e-05
chr16:28471892-28637651	chr16_28571620_C_A_b38	rs12447461	ENSG00000196502.13	SULT1A1	Skin_Not_Sun_Exposed_Suprapubic	-0.2407849133014679	7.368704049852374e-14
chr16:28471892-28637651	chr16_28571620_C_A_b38	rs12447461	ENSG00000270424.1	ENSG00000270424	Skin_Not_Sun_Exposed_Suprapubic	0.37605077028274536	8.724667567264464e-13
chr16:28471892-28637651	chr16_28571620_C_A_b38	rs12447461	ENSG00000196993.8	NPIPB9	Skin_Not_Sun_Exposed_Suprapubic	-0.2587226331233978	3.4803633762703156e-06
chr16:28471892-28637651	chr16_28571620_C_A_b38	rs12447461	ENSG00000251417.2	ENSG00000251417	Skin_Not_Sun_Exposed_Suprapubic	-0.37375733256340027	5.20955173762749e-14
chr16:28471892-28637651	chr16_28571620_C_A_b38	rs12447461	ENSG00000178952.11	TUFM	Skin_Not_Sun_Exposed_Suprapubic	0.20200245082378387	3.09068385651525e-19
chr16:28471892-28637651	chr16_28571620_C_A_b38	rs12447461	ENSG00000176953.13	NFATC2IP	Skin_Not_Sun_Exposed_Suprapubic	0.10699722915887833	1.4610989037991272e-05
chr16:28471892-28637651	chr16_28571620_C_A_b38	rs12447461	ENSG00000176046.9	NUPR1	Esophagus_Gastroesophageal_Junction	-0.28248485922813416	2.642578613760291e-11
chr16:28471892-28637651	chr16_28571620_C_A_b38	rs12447461	ENSG00000176476.9	SGF29	Esophagus_Gastroesophageal_Junction	-0.13650073111057281	2.1492781256122096e-05
chr16:28471892-28637651	chr16_28571620_C_A_b38	rs12447461	ENSG00000196502.13	SULT1A1	Esophagus_Gastroesophageal_Junction	-0.32135793566703796	6.617338017284381e-09
chr16:28471892-28637651	chr16_28571620_C_A_b38	rs12447461	ENSG00000184110.15	EIF3C	Esophagus_Gastroesophageal_Junction	0.20257477462291718	5.7770213931022495e-06
chr16:28471892-28637651	chr16_28571620_C_A_b38	rs12447461	ENSG00000196993.8	NPIPB9	Esophagus_Gastroesophageal_Junction	-0.5077121257781982	7.278121683627111e-12
chr16:28471892-28637651	chr16_28571620_C_A_b38	rs12447461	ENSG00000251417.2	ENSG00000251417	Esophagus_Gastroesophageal_Junction	-0.4286443889141083	2.927726863030366e-12
chr16:28471892-28637651	chr16_28571620_C_A_b38	rs12447461	ENSG00000178952.11	TUFM	Esophagus_Gastroesophageal_Junction	0.27215126156806946	4.234174082598102e-17
chr16:28471892-28637651	chr16_28571620_C_A_b38	rs12447461	ENSG00000178188.15	SH2B1	Esophagus_Gastroesophageal_Junction	-0.11595823615789413	1.05599736644193e-05
chr16:28471892-28637651	chr16_28571620_C_A_b38	rs12447461	ENSG00000213658.13	LAT	Esophagus_Gastroesophageal_Junction	0.116612508893013	5.0155711742288496e-05
chr16:28471892-28637651	chr16_28571620_C_A_b38	rs12447461	ENSG00000233232.7	NPIPB7	Brain_Hypothalamus	-0.6245425939559937	5.644486341614973e-15
chr16:28471892-28637651	chr16_28571620_C_A_b38	rs12447461	ENSG00000196502.13	SULT1A1	Brain_Hypothalamus	-0.5481385588645935	1.5217109611006326e-14
chr16:28471892-28637651	chr16_28571620_C_A_b38	rs12447461	ENSG00000184110.15	EIF3C	Brain_Hypothalamus	0.3550092577934265	4.336231287137643e-06
chr16:28471892-28637651	chr16_28571620_C_A_b38	rs12447461	ENSG00000251417.2	ENSG00000251417	Brain_Hypothalamus	-0.5976043939590454	9.938288491090373e-11
chr16:28471892-28637651	chr16_28571620_C_A_b38	rs12447461	ENSG00000178952.11	TUFM	Brain_Hypothalamus	0.16085223853588104	6.361278433176494e-05
chr16:28471892-28637651	chr16_28571620_C_A_b38	rs12447461	ENSG00000176476.9	SGF29	Adipose_Subcutaneous	-0.09429924190044403	9.434287365348685e-05
chr16:28471892-28637651	chr16_28571620_C_A_b38	rs12447461	ENSG00000197165.11	SULT1A2	Adipose_Subcutaneous	0.18486210703849792	1.7382270993081882e-06
chr16:28471892-28637651	chr16_28571620_C_A_b38	rs12447461	ENSG00000196502.13	SULT1A1	Adipose_Subcutaneous	-0.2766822278499603	5.739031963819977e-12
chr16:28471892-28637651	chr16_28571620_C_A_b38	rs12447461	ENSG00000184110.15	EIF3C	Adipose_Subcutaneous	0.236888587474823	9.290067176388044e-09
chr16:28471892-28637651	chr16_28571620_C_A_b38	rs12447461	ENSG00000259982.1	CDC37P1	Adipose_Subcutaneous	0.6777211427688599	2.406956180954539e-46
chr16:28471892-28637651	chr16_28571620_C_A_b38	rs12447461	ENSG00000196993.8	NPIPB9	Adipose_Subcutaneous	-0.2931414246559143	3.564652672775667e-08
chr16:28471892-28637651	chr16_28571620_C_A_b38	rs12447461	ENSG00000251417.2	ENSG00000251417	Adipose_Subcutaneous	-0.47852715849876404	2.0696977073091227e-23
chr16:28471892-28637651	chr16_28571620_C_A_b38	rs12447461	ENSG00000178952.11	TUFM	Adipose_Subcutaneous	0.16879425942897797	1.8595533569056057e-15
chr16:28471892-28637651	chr16_28571620_C_A_b38	rs12447461	ENSG00000178188.15	SH2B1	Adipose_Subcutaneous	-0.1648469865322113	7.3680436996852e-16
chr16:28471892-28637651	chr16_28571620_C_A_b38	rs12447461	ENSG00000176953.13	NFATC2IP	Adipose_Subcutaneous	0.10435369610786438	0.0002040576708929654
chr16:28471892-28637651	chr16_28571620_C_A_b38	rs12447461	ENSG00000260853.2	ENSG00000260853	Adipose_Subcutaneous	0.1064077615737915	7.467990923376255e-05
chr16:28471892-28637651	chr16_28571620_C_A_b38	rs12447461	ENSG00000188322.8	SBK1	Thyroid	-0.1455400437116623	3.377529691775171e-09
chr16:28471892-28637651	chr16_28571620_C_A_b38	rs12447461	ENSG00000271623.1	ENSG00000271623	Thyroid	-0.6038718223571777	2.9009334686946726e-37
chr16:28471892-28637651	chr16_28571620_C_A_b38	rs12447461	ENSG00000261089.1	CDC37P2	Thyroid	-0.2301124930381775	3.392414225733062e-09
chr16:28471892-28637651	chr16_28571620_C_A_b38	rs12447461	ENSG00000188603.22	CLN3	Thyroid	0.1227494552731514	8.639073423051867e-09
chr16:28471892-28637651	chr16_28571620_C_A_b38	rs12447461	ENSG00000184730.12	APOBR	Thyroid	0.1255694329738617	2.338739177296443e-06
chr16:28471892-28637651	chr16_28571620_C_A_b38	rs12447461	ENSG00000176046.9	NUPR1	Thyroid	0.13788285851478577	3.234547541550679e-07
chr16:28471892-28637651	chr16_28571620_C_A_b38	rs12447461	ENSG00000197165.11	SULT1A2	Thyroid	-0.3043413758277893	1.4020156425326262e-28
chr16:28471892-28637651	chr16_28571620_C_A_b38	rs12447461	ENSG00000196502.13	SULT1A1	Thyroid	-0.5507931709289551	1.3064004115519637e-38
chr16:28471892-28637651	chr16_28571620_C_A_b38	rs12447461	ENSG00000259982.1	CDC37P1	Thyroid	0.7661566138267517	5.706619127757445e-63
chr16:28471892-28637651	chr16_28571620_C_A_b38	rs12447461	ENSG00000270424.1	ENSG00000270424	Thyroid	0.4867342412471771	4.746220279494835e-22
chr16:28471892-28637651	chr16_28571620_C_A_b38	rs12447461	ENSG00000196993.8	NPIPB9	Thyroid	-0.2704467177391052	1.3152596420599847e-08
chr16:28471892-28637651	chr16_28571620_C_A_b38	rs12447461	ENSG00000251417.2	ENSG00000251417	Thyroid	-0.29653218388557434	3.103307302598262e-14
chr16:28471892-28637651	chr16_28571620_C_A_b38	rs12447461	ENSG00000178952.11	TUFM	Thyroid	0.2147972136735916	3.8344335739600976e-31
chr16:28471892-28637651	chr16_28571620_C_A_b38	rs12447461	ENSG00000261766.1	ENSG00000261766	Thyroid	-0.14237962663173676	0.00028455371465543915
chr16:28471892-28637651	chr16_28571620_C_A_b38	rs12447461	ENSG00000176953.13	NFATC2IP	Thyroid	0.09903130680322647	1.662063788096586e-05
chr16:28471892-28637651	chr16_28571620_C_A_b38	rs12447461	ENSG00000196993.8	NPIPB9	Uterus	-0.5284990668296814	5.308784796505454e-06
chr16:28471892-28637651	chr16_28571620_C_A_b38	rs12447461	ENSG00000251417.2	ENSG00000251417	Uterus	-0.5057207345962524	3.192416877746195e-07
chr16:28471892-28637651	chr16_28571620_C_A_b38	rs12447461	ENSG00000178952.11	TUFM	Uterus	0.31854885816574097	4.954335931997477e-09
chr16:28471892-28637651	chr16_28571620_C_A_b38	rs12447461	ENSG00000259982.1	CDC37P1	Bladder	0.737499475479126	8.892186724651997e-08
chr16:28471892-28637651	chr16_28571620_C_A_b38	rs12447461	ENSG00000196502.13	SULT1A1	Heart_Left_Ventricle	-0.25280341506004333	1.0536024211232788e-05
chr16:28471892-28637651	chr16_28571620_C_A_b38	rs12447461	ENSG00000184110.15	EIF3C	Heart_Left_Ventricle	0.14518247544765472	2.33028683558906e-05
chr16:28471892-28637651	chr16_28571620_C_A_b38	rs12447461	ENSG00000251417.2	ENSG00000251417	Heart_Left_Ventricle	-0.32072561979293823	1.8162863694440602e-07
chr16:28471892-28637651	chr16_28571620_C_A_b38	rs12447461	ENSG00000178188.15	SH2B1	Heart_Left_Ventricle	-0.1397239714860916	3.6968828497763e-09
chr16:28471892-28637651	chr16_28571620_C_A_b38	rs12447461	ENSG00000198156.10	NPIPB6	Testis	-0.4503251910209656	1.2465758220083404e-38
chr16:28471892-28637651	chr16_28571620_C_A_b38	rs12447461	ENSG00000271623.1	ENSG00000271623	Testis	-0.7883095145225525	3.381102672684416e-41
chr16:28471892-28637651	chr16_28571620_C_A_b38	rs12447461	ENSG00000261089.1	CDC37P2	Testis	-0.33006858825683594	5.194913729961676e-06
chr16:28471892-28637651	chr16_28571620_C_A_b38	rs12447461	ENSG00000233232.7	NPIPB7	Testis	-0.5618466734886169	3.952995873719884e-41
chr16:28471892-28637651	chr16_28571620_C_A_b38	rs12447461	ENSG00000188603.22	CLN3	Testis	0.08989522606134415	2.0577944294980557e-05
chr16:28471892-28637651	chr16_28571620_C_A_b38	rs12447461	ENSG00000197272.2	IL27	Testis	0.5466877222061157	4.51307421955565e-22
chr16:28471892-28637651	chr16_28571620_C_A_b38	rs12447461	ENSG00000176046.9	NUPR1	Testis	-0.2313184142112732	9.943827327238397e-15
chr16:28471892-28637651	chr16_28571620_C_A_b38	rs12447461	ENSG00000278665.1	ENSG00000278665	Testis	0.5863015651702881	4.51980078696372e-22
chr16:28471892-28637651	chr16_28571620_C_A_b38	rs12447461	ENSG00000196502.13	SULT1A1	Testis	-0.33761146664619446	1.25107222352116e-09
chr16:28471892-28637651	chr16_28571620_C_A_b38	rs12447461	ENSG00000255524.8	NPIPB8	Testis	-0.3274143636226654	6.587554041356608e-13
chr16:28471892-28637651	chr16_28571620_C_A_b38	rs12447461	ENSG00000184110.15	EIF3C	Testis	0.3275320827960968	3.2278703299106687e-14
chr16:28471892-28637651	chr16_28571620_C_A_b38	rs12447461	ENSG00000259982.1	CDC37P1	Testis	0.6729493141174316	2.5110669946948972e-24
chr16:28471892-28637651	chr16_28571620_C_A_b38	rs12447461	ENSG00000270424.1	ENSG00000270424	Testis	0.5477581024169922	8.658128839268684e-16
chr16:28471892-28637651	chr16_28571620_C_A_b38	rs12447461	ENSG00000196993.8	NPIPB9	Testis	-0.2647630572319031	3.9201757996347445e-05
chr16:28471892-28637651	chr16_28571620_C_A_b38	rs12447461	ENSG00000178952.11	TUFM	Testis	0.1675153523683548	1.2002222029834898e-09
chr16:28471892-28637651	chr16_28571620_C_A_b38	rs12447461	ENSG00000196296.14	ATP2A1	Testis	0.21650126576423645	5.514905907501972e-07
chr16:28471892-28637651	chr16_28571620_C_A_b38	rs12447461	ENSG00000176953.13	NFATC2IP	Testis	0.30528515577316284	2.0120291916475796e-18
chr16:28471892-28637651	chr16_28571620_C_A_b38	rs12447461	ENSG00000260853.2	ENSG00000260853	Testis	0.1323501467704773	1.0581113260239343e-06
chr16:28471892-28637651	chr16_28571620_C_A_b38	rs12447461	ENSG00000233232.7	NPIPB7	Brain_Caudate_basal_ganglia	-0.4873400926589966	8.254237918163497e-11
chr16:28471892-28637651	chr16_28571620_C_A_b38	rs12447461	ENSG00000196502.13	SULT1A1	Brain_Caudate_basal_ganglia	-0.47413304448127747	3.1249452162167e-12
chr16:28471892-28637651	chr16_28571620_C_A_b38	rs12447461	ENSG00000184110.15	EIF3C	Brain_Caudate_basal_ganglia	0.3329867720603943	4.850917026526949e-07
chr16:28471892-28637651	chr16_28571620_C_A_b38	rs12447461	ENSG00000270424.1	ENSG00000270424	Brain_Caudate_basal_ganglia	0.39172062277793884	3.313444742294681e-06
chr16:28471892-28637651	chr16_28571620_C_A_b38	rs12447461	ENSG00000251417.2	ENSG00000251417	Brain_Caudate_basal_ganglia	-0.34536346793174744	1.4759496377065609e-06
chr16:28471892-28637651	chr16_28571620_C_A_b38	rs12447461	ENSG00000178952.11	TUFM	Brain_Caudate_basal_ganglia	0.16297146677970886	1.575219214858207e-08
chr16:28471892-28637651	chr16_28571620_C_A_b38	rs12447461	ENSG00000184730.12	APOBR	Muscle_Skeletal	0.1488877385854721	8.363301607658489e-05
chr16:28471892-28637651	chr16_28571620_C_A_b38	rs12447461	ENSG00000176476.9	SGF29	Muscle_Skeletal	-0.1093895211815834	1.1041310818562237e-09
chr16:28471892-28637651	chr16_28571620_C_A_b38	rs12447461	ENSG00000196502.13	SULT1A1	Muscle_Skeletal	-0.25059741735458374	3.638482990130581e-13
chr16:28471892-28637651	chr16_28571620_C_A_b38	rs12447461	ENSG00000184110.15	EIF3C	Muscle_Skeletal	0.1565740555524826	1.234519396322667e-05
chr16:28471892-28637651	chr16_28571620_C_A_b38	rs12447461	ENSG00000251417.2	ENSG00000251417	Muscle_Skeletal	-0.26604434847831726	3.2076982658516983e-09
chr16:28471892-28637651	chr16_28571620_C_A_b38	rs12447461	ENSG00000178952.11	TUFM	Muscle_Skeletal	0.07276313751935959	0.00013285304057127846
chr16:28471892-28637651	chr16_28571620_C_A_b38	rs12447461	ENSG00000261766.1	ENSG00000261766	Muscle_Skeletal	-0.21801909804344177	6.48538661444482e-07
chr16:28471892-28637651	chr16_28571620_C_A_b38	rs12447461	ENSG00000260442.6	ATP2A1-AS1	Muscle_Skeletal	-0.36336639523506165	2.714109911285952e-29
chr16:28471892-28637651	chr16_28571620_C_A_b38	rs12447461	ENSG00000176953.13	NFATC2IP	Muscle_Skeletal	0.09155511856079102	0.00029082053554162327
chr16:28471892-28637651	chr16_28571620_C_A_b38	rs12447461	ENSG00000213658.13	LAT	Muscle_Skeletal	0.13658641278743744	4.199027794188191e-05
chr16:28471892-28637651	chr16_28571620_C_A_b38	rs12447461	ENSG00000169203.17	NPIPB12	Muscle_Skeletal	0.15151304006576538	0.00021202643970620166
chr16:28471892-28637651	chr16_28571620_C_A_b38	rs12447461	ENSG00000188322.8	SBK1	Artery_Tibial	-0.1865634322166443	4.478148968762963e-05
chr16:28471892-28637651	chr16_28571620_C_A_b38	rs12447461	ENSG00000205609.13	EIF3CL	Artery_Tibial	0.15559270977973938	0.00019711902289381967
chr16:28471892-28637651	chr16_28571620_C_A_b38	rs12447461	ENSG00000233232.7	NPIPB7	Artery_Tibial	-0.2931334674358368	5.173839172056967e-09
chr16:28471892-28637651	chr16_28571620_C_A_b38	rs12447461	ENSG00000176046.9	NUPR1	Artery_Tibial	-0.4137764871120453	1.7854491132920546e-41
chr16:28471892-28637651	chr16_28571620_C_A_b38	rs12447461	ENSG00000176476.9	SGF29	Artery_Tibial	-0.1528611034154892	1.458586335167181e-14
chr16:28471892-28637651	chr16_28571620_C_A_b38	rs12447461	ENSG00000196502.13	SULT1A1	Artery_Tibial	-0.2675696909427643	6.628687795651316e-15
chr16:28471892-28637651	chr16_28571620_C_A_b38	rs12447461	ENSG00000184110.15	EIF3C	Artery_Tibial	0.24440765380859375	6.503299923289798e-09
chr16:28471892-28637651	chr16_28571620_C_A_b38	rs12447461	ENSG00000259982.1	CDC37P1	Artery_Tibial	0.7235816717147827	2.368434200905159e-54
chr16:28471892-28637651	chr16_28571620_C_A_b38	rs12447461	ENSG00000196993.8	NPIPB9	Artery_Tibial	-0.48710110783576965	4.0345292765362665e-19
chr16:28471892-28637651	chr16_28571620_C_A_b38	rs12447461	ENSG00000251417.2	ENSG00000251417	Artery_Tibial	-0.5800679922103882	6.994905459966245e-39
chr16:28471892-28637651	chr16_28571620_C_A_b38	rs12447461	ENSG00000178952.11	TUFM	Artery_Tibial	0.2710540294647217	1.6204981247386616e-30
chr16:28471892-28637651	chr16_28571620_C_A_b38	rs12447461	ENSG00000178188.15	SH2B1	Artery_Tibial	-0.1012747660279274	5.384434826121341e-05
chr16:28471892-28637651	chr16_28571620_C_A_b38	rs12447461	ENSG00000261766.1	ENSG00000261766	Artery_Tibial	-0.19722305238246918	3.711155628170708e-05
chr16:28471892-28637651	chr16_28571620_C_A_b38	rs12447461	ENSG00000169682.18	SPNS1	Artery_Tibial	0.12510229647159576	2.3252188536935356e-06
chr16:28471892-28637651	chr16_28571620_C_A_b38	rs12447461	ENSG00000213658.13	LAT	Artery_Tibial	0.13070793449878693	2.053058056280375e-07
chr16:28471892-28637651	chr16_28571620_C_A_b38	rs12447461	ENSG00000196502.13	SULT1A1	Brain_Substantia_nigra	-0.34507572650909424	4.9015050048373195e-06
chr16:28471892-28637651	chr16_28571620_C_A_b38	rs12447461	ENSG00000251417.2	ENSG00000251417	Brain_Substantia_nigra	-0.4424806535243988	3.917089467411652e-05
chr16:28471892-28637651	chr16_28571620_C_A_b38	rs12447461	ENSG00000197165.11	SULT1A2	Prostate	0.3297247290611267	2.3268227050996678e-05
chr16:28471892-28637651	chr16_28571620_C_A_b38	rs12447461	ENSG00000196502.13	SULT1A1	Prostate	-0.3787880837917328	1.8365013527777433e-09
chr16:28471892-28637651	chr16_28571620_C_A_b38	rs12447461	ENSG00000259982.1	CDC37P1	Prostate	0.6619646549224854	5.102682962871509e-16
chr16:28471892-28637651	chr16_28571620_C_A_b38	rs12447461	ENSG00000196993.8	NPIPB9	Prostate	-0.48047804832458496	7.530861799044615e-08
chr16:28471892-28637651	chr16_28571620_C_A_b38	rs12447461	ENSG00000251417.2	ENSG00000251417	Prostate	-0.39378759264945984	3.620460181003696e-09
chr16:28471892-28637651	chr16_28571620_C_A_b38	rs12447461	ENSG00000178952.11	TUFM	Prostate	0.176209956407547	1.476720878501659e-07
chr16:28471892-28637651	chr16_28571620_C_A_b38	rs12447461	ENSG00000178188.15	SH2B1	Prostate	-0.1273113638162613	5.909059411116218e-06
chr16:28471892-28637651	chr16_28571620_C_A_b38	rs12447461	ENSG00000233232.7	NPIPB7	Brain_Hippocampus	-0.6455945372581482	8.20182286884573e-15
chr16:28471892-28637651	chr16_28571620_C_A_b38	rs12447461	ENSG00000196502.13	SULT1A1	Brain_Hippocampus	-0.42247214913368225	1.4308264438139524e-11
chr16:28471892-28637651	chr16_28571620_C_A_b38	rs12447461	ENSG00000196993.8	NPIPB9	Brain_Hippocampus	-0.38361856341362	1.0912121316211366e-05
chr16:28471892-28637651	chr16_28571620_C_A_b38	rs12447461	ENSG00000251417.2	ENSG00000251417	Brain_Hippocampus	-0.3502776324748993	6.240956810342475e-05
chr16:28471892-28637651	chr16_28571620_C_A_b38	rs12447461	ENSG00000178952.11	TUFM	Brain_Hippocampus	0.2174329161643982	1.4961844665680472e-08
chr16:28471892-28637651	chr16_28571620_C_A_b38	rs12447461	ENSG00000233232.7	NPIPB7	Brain_Frontal_Cortex_BA9	-0.539722204208374	1.3695259595280082e-11
chr16:28471892-28637651	chr16_28571620_C_A_b38	rs12447461	ENSG00000196502.13	SULT1A1	Brain_Frontal_Cortex_BA9	-0.5192009210586548	6.416775048793776e-13
chr16:28471892-28637651	chr16_28571620_C_A_b38	rs12447461	ENSG00000184110.15	EIF3C	Brain_Frontal_Cortex_BA9	0.2337583750486374	0.00012660298911018516
chr16:28471892-28637651	chr16_28571620_C_A_b38	rs12447461	ENSG00000270424.1	ENSG00000270424	Brain_Frontal_Cortex_BA9	0.35775357484817505	3.823090158716648e-05
chr16:28471892-28637651	chr16_28571620_C_A_b38	rs12447461	ENSG00000196993.8	NPIPB9	Brain_Frontal_Cortex_BA9	-0.33044180274009705	7.763382524942013e-05
chr16:28471892-28637651	chr16_28571620_C_A_b38	rs12447461	ENSG00000178952.11	TUFM	Brain_Frontal_Cortex_BA9	0.19048288464546204	5.933191449126527e-06
chr16:28471892-28637651	chr16_28571620_C_A_b38	rs12447461	ENSG00000213658.13	LAT	Brain_Frontal_Cortex_BA9	0.1922905147075653	5.1710574101976826e-05
chr16:28471892-28637651	chr16_28571620_C_A_b38	rs12447461	ENSG00000176476.9	SGF29	Colon_Sigmoid	-0.13400104641914368	9.541211033526924e-08
chr16:28471892-28637651	chr16_28571620_C_A_b38	rs12447461	ENSG00000196502.13	SULT1A1	Colon_Sigmoid	-0.3047484755516052	1.4720111264946524e-10
chr16:28471892-28637651	chr16_28571620_C_A_b38	rs12447461	ENSG00000184110.15	EIF3C	Colon_Sigmoid	0.23405992984771729	1.1092849172877404e-06
chr16:28471892-28637651	chr16_28571620_C_A_b38	rs12447461	ENSG00000196993.8	NPIPB9	Colon_Sigmoid	-0.4584939181804657	7.374798809300409e-13
chr16:28471892-28637651	chr16_28571620_C_A_b38	rs12447461	ENSG00000251417.2	ENSG00000251417	Colon_Sigmoid	-0.37594670057296753	1.3554590631860273e-14
chr16:28471892-28637651	chr16_28571620_C_A_b38	rs12447461	ENSG00000178952.11	TUFM	Colon_Sigmoid	0.24323195219039917	3.587754182776302e-16
chr16:28471892-28637651	chr16_28571620_C_A_b38	rs12447461	ENSG00000178188.15	SH2B1	Colon_Sigmoid	-0.08597931265830994	1.1877415635778495e-05
chr16:28471892-28637651	chr16_28571620_C_A_b38	rs12447461	ENSG00000213658.13	LAT	Colon_Sigmoid	0.1460191309452057	5.42896464113438e-07
chr16:28471892-28637651	chr16_28571620_C_A_b38	rs12447461	ENSG00000188322.8	SBK1	Artery_Aorta	-0.20451310276985168	3.884391939609198e-05
chr16:28471892-28637651	chr16_28571620_C_A_b38	rs12447461	ENSG00000205609.13	EIF3CL	Artery_Aorta	0.22352102398872375	4.638055991553922e-05
chr16:28471892-28637651	chr16_28571620_C_A_b38	rs12447461	ENSG00000233232.7	NPIPB7	Artery_Aorta	-0.3738968074321747	4.3509634155876336e-08
chr16:28471892-28637651	chr16_28571620_C_A_b38	rs12447461	ENSG00000176046.9	NUPR1	Artery_Aorta	-0.3502346873283386	6.3738943442846474e-18
chr16:28471892-28637651	chr16_28571620_C_A_b38	rs12447461	ENSG00000176476.9	SGF29	Artery_Aorta	-0.15573559701442719	3.184847068153982e-08
chr16:28471892-28637651	chr16_28571620_C_A_b38	rs12447461	ENSG00000196502.13	SULT1A1	Artery_Aorta	-0.3154393434524536	1.4631970686191871e-12
chr16:28471892-28637651	chr16_28571620_C_A_b38	rs12447461	ENSG00000184110.15	EIF3C	Artery_Aorta	0.3264008164405823	2.185291580454145e-09
chr16:28471892-28637651	chr16_28571620_C_A_b38	rs12447461	ENSG00000259982.1	CDC37P1	Artery_Aorta	0.8216055631637573	3.987307717642636e-45
chr16:28471892-28637651	chr16_28571620_C_A_b38	rs12447461	ENSG00000196993.8	NPIPB9	Artery_Aorta	-0.42840632796287537	4.7128265518163465e-11
chr16:28471892-28637651	chr16_28571620_C_A_b38	rs12447461	ENSG00000251417.2	ENSG00000251417	Artery_Aorta	-0.4781334102153778	1.569625338181938e-18
chr16:28471892-28637651	chr16_28571620_C_A_b38	rs12447461	ENSG00000178952.11	TUFM	Artery_Aorta	0.3111118674278259	3.080282948462362e-27
chr16:28471892-28637651	chr16_28571620_C_A_b38	rs12447461	ENSG00000178188.15	SH2B1	Artery_Aorta	-0.11748126894235611	3.1887119754331697e-06
chr16:28471892-28637651	chr16_28571620_C_A_b38	rs12447461	ENSG00000169682.18	SPNS1	Artery_Aorta	0.18808457255363464	2.3984197971110236e-07
chr16:28471892-28637651	chr16_28571620_C_A_b38	rs12447461	ENSG00000213658.13	LAT	Artery_Aorta	0.17839978635311127	2.9451753172703915e-08
chr16:28471892-28637651	chr16_28571620_C_A_b38	rs12447461	ENSG00000188322.8	SBK1	Colon_Transverse	-0.22390344738960266	2.984318020578251e-10
chr16:28471892-28637651	chr16_28571620_C_A_b38	rs12447461	ENSG00000261089.1	CDC37P2	Colon_Transverse	-0.22169342637062073	7.714297137343056e-07
chr16:28471892-28637651	chr16_28571620_C_A_b38	rs12447461	ENSG00000233232.7	NPIPB7	Colon_Transverse	-0.20499567687511444	6.212671817614611e-05
chr16:28471892-28637651	chr16_28571620_C_A_b38	rs12447461	ENSG00000176476.9	SGF29	Colon_Transverse	-0.10901600867509842	2.4612893300779265e-05
chr16:28471892-28637651	chr16_28571620_C_A_b38	rs12447461	ENSG00000196502.13	SULT1A1	Colon_Transverse	-0.18025918304920197	3.971696999896742e-10
chr16:28471892-28637651	chr16_28571620_C_A_b38	rs12447461	ENSG00000259982.1	CDC37P1	Colon_Transverse	0.7562917470932007	1.9654365743039257e-40
chr16:28471892-28637651	chr16_28571620_C_A_b38	rs12447461	ENSG00000196993.8	NPIPB9	Colon_Transverse	-0.3518553078174591	4.0995539042837445e-11
chr16:28471892-28637651	chr16_28571620_C_A_b38	rs12447461	ENSG00000251417.2	ENSG00000251417	Colon_Transverse	-0.39447474479675293	5.693761500309083e-14
chr16:28471892-28637651	chr16_28571620_C_A_b38	rs12447461	ENSG00000178952.11	TUFM	Colon_Transverse	0.11545683443546295	3.2673128022275843e-10
chr16:28471892-28637651	chr16_28571620_C_A_b38	rs12447461	ENSG00000178188.15	SH2B1	Colon_Transverse	-0.07154060900211334	7.853979758090521e-05
chr16:28471892-28637651	chr16_28571620_C_A_b38	rs12447461	ENSG00000261766.1	ENSG00000261766	Colon_Transverse	-0.24688422679901123	6.913531401459024e-05
chr16:28471892-28637651	chr16_28571620_C_A_b38	rs12447461	ENSG00000196296.14	ATP2A1	Colon_Transverse	0.20741932094097137	1.889745143548071e-07
chr16:28471892-28637651	chr16_28571620_C_A_b38	rs12447461	ENSG00000176953.13	NFATC2IP	Colon_Transverse	0.08832088857889175	9.094890294818023e-05
chr16:28471892-28637651	chr16_28571620_C_A_b38	rs12447461	ENSG00000213658.13	LAT	Colon_Transverse	0.10743841528892517	6.552147012818063e-06
chr16:28471892-28637651	chr16_28571620_C_A_b38	rs12447461	ENSG00000188603.22	CLN3	Esophagus_Mucosa	0.11325623095035553	7.686124930172719e-06
chr16:28471892-28637651	chr16_28571620_C_A_b38	rs12447461	ENSG00000176046.9	NUPR1	Esophagus_Mucosa	-0.11615471541881561	4.372102456459957e-06
chr16:28471892-28637651	chr16_28571620_C_A_b38	rs12447461	ENSG00000176476.9	SGF29	Esophagus_Mucosa	-0.15464895963668823	2.2846386015123248e-06
chr16:28471892-28637651	chr16_28571620_C_A_b38	rs12447461	ENSG00000196502.13	SULT1A1	Esophagus_Mucosa	-0.4499123990535736	2.1519560574399447e-27
chr16:28471892-28637651	chr16_28571620_C_A_b38	rs12447461	ENSG00000184110.15	EIF3C	Esophagus_Mucosa	0.1533821076154709	5.80156930768065e-07
chr16:28471892-28637651	chr16_28571620_C_A_b38	rs12447461	ENSG00000251417.2	ENSG00000251417	Esophagus_Mucosa	-0.20246019959449768	3.636269884644674e-05
chr16:28471892-28637651	chr16_28571620_C_A_b38	rs12447461	ENSG00000178952.11	TUFM	Esophagus_Mucosa	0.12646484375	3.762918242853707e-10
chr16:28471892-28637651	chr16_28571620_C_A_b38	rs12447461	ENSG00000178188.15	SH2B1	Esophagus_Mucosa	-0.09991879016160965	2.0101717528918388e-08
chr16:28471892-28637651	chr16_28571620_C_A_b38	rs12447461	ENSG00000176953.13	NFATC2IP	Esophagus_Mucosa	0.12826739251613617	2.2360278584705525e-05
chr16:28471892-28637651	chr16_28571620_C_A_b38	rs12447461	ENSG00000233232.7	NPIPB7	Brain_Anterior_cingulate_cortex_BA24	-0.6105733513832092	1.8405192072190622e-11
chr16:28471892-28637651	chr16_28571620_C_A_b38	rs12447461	ENSG00000196502.13	SULT1A1	Brain_Anterior_cingulate_cortex_BA24	-0.6202208995819092	1.6363865013183193e-15
chr16:28471892-28637651	chr16_28571620_C_A_b38	rs12447461	ENSG00000251417.2	ENSG00000251417	Brain_Anterior_cingulate_cortex_BA24	-0.3395858407020569	6.805009961107561e-05
chr16:28471892-28637651	chr16_28571620_C_A_b38	rs12447461	ENSG00000178952.11	TUFM	Brain_Anterior_cingulate_cortex_BA24	0.17636999487876892	1.1616195427772604e-05
chr16:28471892-28637651	chr16_28571620_C_A_b38	rs12447461	ENSG00000188603.22	CLN3	Stomach	0.09742370247840881	3.501264207055639e-05
chr16:28471892-28637651	chr16_28571620_C_A_b38	rs12447461	ENSG00000176476.9	SGF29	Stomach	-0.160837784409523	1.2235438315516386e-07
chr16:28471892-28637651	chr16_28571620_C_A_b38	rs12447461	ENSG00000196502.13	SULT1A1	Stomach	-0.32120704650878906	1.6454582344088423e-13
chr16:28471892-28637651	chr16_28571620_C_A_b38	rs12447461	ENSG00000259982.1	CDC37P1	Stomach	0.5995827913284302	2.7178441653518856e-22
chr16:28471892-28637651	chr16_28571620_C_A_b38	rs12447461	ENSG00000196993.8	NPIPB9	Stomach	-0.3726211488246918	2.16979756280179e-09
chr16:28471892-28637651	chr16_28571620_C_A_b38	rs12447461	ENSG00000251417.2	ENSG00000251417	Stomach	-0.3746267855167389	1.352322445620999e-10
chr16:28471892-28637651	chr16_28571620_C_A_b38	rs12447461	ENSG00000178952.11	TUFM	Stomach	0.11071683466434479	1.348668669602494e-08
chr16:28471892-28637651	chr16_28571620_C_A_b38	rs12447461	ENSG00000178188.15	SH2B1	Stomach	-0.12623606622219086	6.76303543064234e-08
chr16:28471892-28637651	chr16_28571620_C_A_b38	rs12447461	ENSG00000213658.13	LAT	Stomach	0.12200873345136642	3.6657291403597664e-06
chr16:28471892-28637651	chr16_28571620_C_A_b38	rs12447461	ENSG00000198156.10	NPIPB6	Brain_Cerebellar_Hemisphere	0.13595014810562134	9.930835982100252e-05
chr16:28471892-28637651	chr16_28571620_C_A_b38	rs12447461	ENSG00000233232.7	NPIPB7	Brain_Cerebellar_Hemisphere	-0.5913097262382507	1.1478017269593802e-23
chr16:28471892-28637651	chr16_28571620_C_A_b38	rs12447461	ENSG00000184730.12	APOBR	Brain_Cerebellar_Hemisphere	0.2741132080554962	1.8029318777079762e-05
chr16:28471892-28637651	chr16_28571620_C_A_b38	rs12447461	ENSG00000176046.9	NUPR1	Brain_Cerebellar_Hemisphere	0.4061078727245331	5.965387667465268e-16
chr16:28471892-28637651	chr16_28571620_C_A_b38	rs12447461	ENSG00000278665.1	ENSG00000278665	Brain_Cerebellar_Hemisphere	0.5222097635269165	2.8685679009222062e-11
chr16:28471892-28637651	chr16_28571620_C_A_b38	rs12447461	ENSG00000285020.1	ENSG00000285020	Brain_Cerebellar_Hemisphere	-0.8160421252250671	1.5157597612932639e-25
chr16:28471892-28637651	chr16_28571620_C_A_b38	rs12447461	ENSG00000196502.13	SULT1A1	Brain_Cerebellar_Hemisphere	-0.4097372889518738	1.7531987069348654e-11
chr16:28471892-28637651	chr16_28571620_C_A_b38	rs12447461	ENSG00000196993.8	NPIPB9	Brain_Cerebellar_Hemisphere	-0.6016263961791992	5.059498481301428e-13
chr16:28471892-28637651	chr16_28571620_C_A_b38	rs12447461	ENSG00000251417.2	ENSG00000251417	Brain_Cerebellar_Hemisphere	-0.40770813822746277	4.6086906341379956e-11
chr16:28471892-28637651	chr16_28571620_C_A_b38	rs12447461	ENSG00000178188.15	SH2B1	Brain_Cerebellar_Hemisphere	-0.15832653641700745	4.383946344450541e-08
chr16:28471892-28637651	chr16_28571620_C_A_b38	rs12447461	ENSG00000261766.1	ENSG00000261766	Brain_Cerebellar_Hemisphere	-0.40190836787223816	1.0858473123154048e-10
chr16:28471892-28637651	chr16_28571620_C_A_b38	rs12447461	ENSG00000196296.14	ATP2A1	Brain_Cerebellar_Hemisphere	0.2299308031797409	5.169487320620461e-05
chr16:28471892-28637651	chr16_28571620_C_A_b38	rs12447461	ENSG00000233232.7	NPIPB7	Adrenal_Gland	-0.4036073386669159	1.197824256392284e-06
chr16:28471892-28637651	chr16_28571620_C_A_b38	rs12447461	ENSG00000184110.15	EIF3C	Adrenal_Gland	0.22750847041606903	3.297563662284866e-06
chr16:28471892-28637651	chr16_28571620_C_A_b38	rs12447461	ENSG00000251417.2	ENSG00000251417	Adrenal_Gland	-0.35116732120513916	3.8212141161854805e-07
chr16:28471892-28637651	chr16_28571620_C_A_b38	rs12447461	ENSG00000178188.15	SH2B1	Adrenal_Gland	-0.12607726454734802	5.3544200600442645e-06
chr16:28471892-28637651	chr16_28571620_C_A_b38	rs12447461	ENSG00000177548.13	RABEP2	Adrenal_Gland	0.15358668565750122	2.13768682327023e-06
chr16:28471892-28637651	chr16_28571620_C_A_b38	rs12447461	ENSG00000196502.13	SULT1A1	Spleen	-0.40378931164741516	1.5598605668774022e-09
chr16:28471892-28637651	chr16_28571620_C_A_b38	rs12447461	ENSG00000259982.1	CDC37P1	Spleen	0.6851575374603271	7.053144645532496e-16
chr16:28471892-28637651	chr16_28571620_C_A_b38	rs12447461	ENSG00000196993.8	NPIPB9	Spleen	-0.37806829810142517	1.3037217572837965e-05
chr16:28471892-28637651	chr16_28571620_C_A_b38	rs12447461	ENSG00000251417.2	ENSG00000251417	Spleen	-0.5659871101379395	1.249803902695119e-13
chr16:28471892-28637651	chr16_28571620_C_A_b38	rs12447461	ENSG00000275807.1	ENSG00000275807	Spleen	-0.2602844834327698	0.0001126986682088414
chr16:28471892-28637651	chr16_28571620_C_A_b38	rs12447461	ENSG00000178952.11	TUFM	Spleen	0.2253495305776596	1.6712154473252375e-10
chr16:28471892-28637651	chr16_28571620_C_A_b38	rs12447461	ENSG00000178188.15	SH2B1	Spleen	-0.1780257523059845	5.04899738010266e-09
chr16:28471892-28637651	chr16_28571620_C_A_b38	rs12447461	ENSG00000169682.18	SPNS1	Spleen	0.19806869328022003	3.067759061364158e-08
chr16:28471892-28637651	chr16_28571620_C_A_b38	rs12447461	ENSG00000197165.11	SULT1A2	Heart_Atrial_Appendage	0.18477129936218262	8.817257856824953e-06
chr16:28471892-28637651	chr16_28571620_C_A_b38	rs12447461	ENSG00000196502.13	SULT1A1	Heart_Atrial_Appendage	-0.3347572088241577	2.579982412047078e-09
chr16:28471892-28637651	chr16_28571620_C_A_b38	rs12447461	ENSG00000184110.15	EIF3C	Heart_Atrial_Appendage	0.22847989201545715	7.222779846822283e-08
chr16:28471892-28637651	chr16_28571620_C_A_b38	rs12447461	ENSG00000259982.1	CDC37P1	Heart_Atrial_Appendage	0.49252960085868835	1.1911005047875404e-17
chr16:28471892-28637651	chr16_28571620_C_A_b38	rs12447461	ENSG00000251417.2	ENSG00000251417	Heart_Atrial_Appendage	-0.422439306974411	9.999778063804724e-15
chr16:28471892-28637651	chr16_28571620_C_A_b38	rs12447461	ENSG00000178188.15	SH2B1	Heart_Atrial_Appendage	-0.15319615602493286	4.060285950065135e-09
chr16:28471892-28637651	chr16_28571620_C_A_b38	rs12447461	ENSG00000261766.1	ENSG00000261766	Heart_Atrial_Appendage	-0.2662195861339569	1.5146563466617785e-06
chr16:28471892-28637651	chr16_28571620_C_A_b38	rs12447461	ENSG00000176046.9	NUPR1	Ovary	-0.3212530016899109	1.77258011327898e-08
chr16:28471892-28637651	chr16_28571620_C_A_b38	rs12447461	ENSG00000176476.9	SGF29	Ovary	-0.27239540219306946	1.8198688125444626e-08
chr16:28471892-28637651	chr16_28571620_C_A_b38	rs12447461	ENSG00000270424.1	ENSG00000270424	Ovary	0.579016387462616	6.045122831078651e-10
chr16:28471892-28637651	chr16_28571620_C_A_b38	rs12447461	ENSG00000251417.2	ENSG00000251417	Ovary	-0.32438015937805176	9.45262225087234e-06
chr16:28471892-28637651	chr16_28571620_C_A_b38	rs12447461	ENSG00000178952.11	TUFM	Ovary	0.362861692905426	4.49740074111475e-10
chr16:28471892-28637651	chr16_28571620_C_A_b38	rs12447461	ENSG00000178188.15	SH2B1	Ovary	-0.1643465757369995	1.4431522556921033e-06
chr16:28471892-28637651	chr16_28571620_C_A_b38	rs12447461	ENSG00000184110.15	EIF3C	Cells_EBV-transformed_lymphocytes	0.35021254420280457	4.843799837364936e-07
chr16:28471892-28637651	chr16_28571620_C_A_b38	rs12447461	ENSG00000259982.1	CDC37P1	Cells_EBV-transformed_lymphocytes	0.6232256889343262	5.873662794060623e-20
chr16:28471892-28637651	chr16_28571620_C_A_b38	rs12447461	ENSG00000270424.1	ENSG00000270424	Cells_EBV-transformed_lymphocytes	0.3663161098957062	1.400762405759543e-06
chr16:28471892-28637651	chr16_28571620_C_A_b38	rs12447461	ENSG00000196993.8	NPIPB9	Cells_EBV-transformed_lymphocytes	-0.4553743004798889	3.383412020318433e-09
chr16:28471892-28637651	chr16_28571620_C_A_b38	rs12447461	ENSG00000176953.13	NFATC2IP	Cells_EBV-transformed_lymphocytes	0.1426846832036972	9.358289679137375e-06
chr16:28471892-28637651	chr16_28571620_C_A_b38	rs12447461	ENSG00000169682.18	SPNS1	Cells_EBV-transformed_lymphocytes	0.4855310022830963	6.055438024481537e-22
chr16:28471892-28637651	chr16_28571620_C_A_b38	rs12447461	ENSG00000233232.7	NPIPB7	Brain_Cerebellum	-0.6858053803443909	3.697559214900281e-19
chr16:28471892-28637651	chr16_28571620_C_A_b38	rs12447461	ENSG00000176046.9	NUPR1	Brain_Cerebellum	0.44768545031547546	1.481554547482622e-13
chr16:28471892-28637651	chr16_28571620_C_A_b38	rs12447461	ENSG00000176476.9	SGF29	Brain_Cerebellum	0.19280870258808136	2.213839899914551e-05
chr16:28471892-28637651	chr16_28571620_C_A_b38	rs12447461	ENSG00000278665.1	ENSG00000278665	Brain_Cerebellum	0.41119715571403503	4.348842580803768e-06
chr16:28471892-28637651	chr16_28571620_C_A_b38	rs12447461	ENSG00000285020.1	ENSG00000285020	Brain_Cerebellum	-0.7278158664703369	4.074020391670445e-18
chr16:28471892-28637651	chr16_28571620_C_A_b38	rs12447461	ENSG00000196502.13	SULT1A1	Brain_Cerebellum	-0.5325034260749817	3.8083387828483745e-12
chr16:28471892-28637651	chr16_28571620_C_A_b38	rs12447461	ENSG00000270424.1	ENSG00000270424	Brain_Cerebellum	0.34289610385894775	3.619200016103037e-05
chr16:28471892-28637651	chr16_28571620_C_A_b38	rs12447461	ENSG00000196993.8	NPIPB9	Brain_Cerebellum	-0.44580334424972534	2.9345813168092348e-06
chr16:28471892-28637651	chr16_28571620_C_A_b38	rs12447461	ENSG00000251417.2	ENSG00000251417	Brain_Cerebellum	-0.4199848771095276	7.134167285114714e-09
chr16:28471892-28637651	chr16_28571620_C_A_b38	rs12447461	ENSG00000178188.15	SH2B1	Brain_Cerebellum	-0.22261132299900055	1.7386109392344115e-08
chr16:28471892-28637651	chr16_28571620_C_A_b38	rs12447461	ENSG00000261766.1	ENSG00000261766	Brain_Cerebellum	-0.4220265746116638	1.7972680870034736e-09
chr16:28471892-28637651	chr16_28571620_C_A_b38	rs12447461	ENSG00000197272.2	IL27	Liver	0.5127385854721069	5.591545360710278e-43
chr16:28471892-28637651	chr16_28571620_C_A_b38	rs12447461	ENSG00000176046.9	NUPR1	Liver	0.2262578159570694	5.870683752809089e-06
chr16:28471892-28637651	chr16_28571620_C_A_b38	rs12447461	ENSG00000259982.1	CDC37P1	Liver	0.5544386506080627	1.7200727920706466e-12
chr16:28471892-28637651	chr16_28571620_C_A_b38	rs12447461	ENSG00000251417.2	ENSG00000251417	Liver	-0.3089611828327179	4.424692343323771e-08
chr16:28471892-28637651	chr16_28571620_C_A_b38	rs12447461	ENSG00000233232.7	NPIPB7	Brain_Amygdala	-0.5762216448783875	7.835783771620774e-09
chr16:28471892-28637651	chr16_28571620_C_A_b38	rs12447461	ENSG00000196502.13	SULT1A1	Brain_Amygdala	-0.5667499899864197	2.017625043295358e-10
chr16:28471892-28637651	chr16_28571620_C_A_b38	rs12447461	ENSG00000251417.2	ENSG00000251417	Brain_Amygdala	-0.5285895466804504	1.993143428850907e-06
chr16:28471892-28637651	chr16_28571620_C_A_b38	rs12447461	ENSG00000178952.11	TUFM	Brain_Amygdala	0.2691969871520996	8.555479481799338e-10
chr16:28471892-28637651	chr16_28571620_C_A_b38	rs12447461	ENSG00000233232.7	NPIPB7	Brain_Spinal_cord_cervical_c-1	-0.4534780979156494	4.3464582290444495e-06
chr16:28471892-28637651	chr16_28571620_C_A_b38	rs12447461	ENSG00000196502.13	SULT1A1	Brain_Spinal_cord_cervical_c-1	-0.4554944932460785	5.403132106147491e-09
chr16:28471892-28637651	chr16_28571620_C_A_b38	rs12447461	ENSG00000251417.2	ENSG00000251417	Brain_Spinal_cord_cervical_c-1	-0.5233818888664246	3.440820309272769e-08
chr16:28471892-28637651	chr16_28571620_C_A_b38	rs12447461	ENSG00000178952.11	TUFM	Brain_Spinal_cord_cervical_c-1	0.25018465518951416	2.0354353704033217e-06
chr16:28471892-28637651	chr16_28571620_C_A_b38	rs12447461	ENSG00000196502.13	SULT1A1	Cells_Cultured_fibroblasts	-0.23648710548877716	3.514271123210534e-15
chr16:28471892-28637651	chr16_28571620_C_A_b38	rs12447461	ENSG00000184110.15	EIF3C	Cells_Cultured_fibroblasts	0.25464072823524475	3.391004982278892e-11
chr16:28471892-28637651	chr16_28571620_C_A_b38	rs12447461	ENSG00000259982.1	CDC37P1	Cells_Cultured_fibroblasts	0.5270744562149048	1.5701502963326816e-31
chr16:28471892-28637651	chr16_28571620_C_A_b38	rs12447461	ENSG00000196993.8	NPIPB9	Cells_Cultured_fibroblasts	-0.398690789937973	1.0737131099515594e-17
chr16:28471892-28637651	chr16_28571620_C_A_b38	rs12447461	ENSG00000251417.2	ENSG00000251417	Cells_Cultured_fibroblasts	-0.1800718456506729	1.0093365184160996e-06
chr16:28471892-28637651	chr16_28571620_C_A_b38	rs12447461	ENSG00000178188.15	SH2B1	Cells_Cultured_fibroblasts	-0.07792269438505173	2.1499579394982186e-05
chr16:28471892-28637651	chr16_28571620_C_A_b38	rs12447461	ENSG00000213658.13	LAT	Cells_Cultured_fibroblasts	0.14313995838165283	4.0919467336624906e-08
chr16:28471892-28637651	chr16_28571620_C_A_b38	rs12447461	ENSG00000176046.9	NUPR1	Lung	-0.10852959007024765	1.8543715072051036e-05
chr16:28471892-28637651	chr16_28571620_C_A_b38	rs12447461	ENSG00000176476.9	SGF29	Lung	-0.0866362676024437	2.1283386364281446e-05
chr16:28471892-28637651	chr16_28571620_C_A_b38	rs12447461	ENSG00000196502.13	SULT1A1	Lung	-0.34580764174461365	2.616783129903348e-16
chr16:28471892-28637651	chr16_28571620_C_A_b38	rs12447461	ENSG00000259982.1	CDC37P1	Lung	0.7102386355400085	4.320374504618483e-44
chr16:28471892-28637651	chr16_28571620_C_A_b38	rs12447461	ENSG00000196993.8	NPIPB9	Lung	-0.3900344967842102	3.0256573723465567e-13
chr16:28471892-28637651	chr16_28571620_C_A_b38	rs12447461	ENSG00000251417.2	ENSG00000251417	Lung	-0.4793030619621277	2.0553174971554402e-23
chr16:28471892-28637651	chr16_28571620_C_A_b38	rs12447461	ENSG00000178952.11	TUFM	Lung	0.1584545373916626	8.481370569304657e-20
chr16:28471892-28637651	chr16_28571620_C_A_b38	rs12447461	ENSG00000178188.15	SH2B1	Lung	-0.09946084767580032	7.34498079849751e-10
chr16:28471892-28637651	chr16_28571620_C_A_b38	rs12447461	ENSG00000169682.18	SPNS1	Lung	0.10239708423614502	7.32705741932601e-05
chr16:28471892-28637651	chr16_28571620_C_A_b38	rs12447461	ENSG00000233232.7	NPIPB7	Breast_Mammary_Tissue	-0.2374335080385208	8.440332740454167e-05
chr16:28471892-28637651	chr16_28571620_C_A_b38	rs12447461	ENSG00000176476.9	SGF29	Breast_Mammary_Tissue	-0.13142485916614532	1.3132764835327987e-06
chr16:28471892-28637651	chr16_28571620_C_A_b38	rs12447461	ENSG00000196502.13	SULT1A1	Breast_Mammary_Tissue	-0.2584373354911804	2.036180044198863e-08
chr16:28471892-28637651	chr16_28571620_C_A_b38	rs12447461	ENSG00000184110.15	EIF3C	Breast_Mammary_Tissue	0.19683054089546204	8.173761386306432e-05
chr16:28471892-28637651	chr16_28571620_C_A_b38	rs12447461	ENSG00000259982.1	CDC37P1	Breast_Mammary_Tissue	0.665006697177887	3.9155764856787793e-35
chr16:28471892-28637651	chr16_28571620_C_A_b38	rs12447461	ENSG00000251417.2	ENSG00000251417	Breast_Mammary_Tissue	-0.4140273928642273	8.15956462627467e-22
chr16:28471892-28637651	chr16_28571620_C_A_b38	rs12447461	ENSG00000178952.11	TUFM	Breast_Mammary_Tissue	0.15666480362415314	1.3349845152420969e-16
chr16:28471892-28637651	chr16_28571620_C_A_b38	rs12447461	ENSG00000178188.15	SH2B1	Breast_Mammary_Tissue	-0.12011871486902237	5.708843615511653e-08
chr16:28471892-28637651	chr16_28571620_C_A_b38	rs12447461	ENSG00000176953.13	NFATC2IP	Breast_Mammary_Tissue	0.14797431230545044	4.503488591848506e-07
chr16:28471892-28637651	chr16_28571620_C_A_b38	rs12447461	ENSG00000259982.1	CDC37P1	Minor_Salivary_Gland	0.6097220778465271	2.6188708393145408e-09
chr16:28471892-28637651	chr16_28571620_C_A_b38	rs12447461	ENSG00000251417.2	ENSG00000251417	Minor_Salivary_Gland	-0.5340878963470459	5.170174005110353e-10
chr16:28471892-28637651	chr16_28571620_C_A_b38	rs12447461	ENSG00000178952.11	TUFM	Minor_Salivary_Gland	0.20367227494716644	1.980857539731253e-05
chr16:28471892-28637651	chr16_28571620_C_A_b38	rs12447461	ENSG00000233232.7	NPIPB7	Brain_Cortex	-0.739798367023468	7.680136417433095e-23
chr16:28471892-28637651	chr16_28571620_C_A_b38	rs12447461	ENSG00000196502.13	SULT1A1	Brain_Cortex	-0.5625852346420288	6.757679076637995e-13
chr16:28471892-28637651	chr16_28571620_C_A_b38	rs12447461	ENSG00000184110.15	EIF3C	Brain_Cortex	0.2802187204360962	6.650978605786626e-06
chr16:28471892-28637651	chr16_28571620_C_A_b38	rs12447461	ENSG00000196993.8	NPIPB9	Brain_Cortex	-0.4587990939617157	2.169768960649127e-07
chr16:28471892-28637651	chr16_28571620_C_A_b38	rs12447461	ENSG00000251417.2	ENSG00000251417	Brain_Cortex	-0.35928401350975037	8.725084139975823e-06
chr16:28471892-28637651	chr16_28571620_C_A_b38	rs12447461	ENSG00000213658.13	LAT	Brain_Cortex	0.21241813898086548	1.3966109447087947e-05
chr16:28471892-28637651	chr16_28571620_C_A_b38	rs12447461	ENSG00000233232.7	NPIPB7	Brain_Putamen_basal_ganglia	-0.4228324294090271	3.6908419930607747e-06
chr16:28471892-28637651	chr16_28571620_C_A_b38	rs12447461	ENSG00000196502.13	SULT1A1	Brain_Putamen_basal_ganglia	-0.38556450605392456	1.7828310482171025e-06
chr16:28471892-28637651	chr16_28571620_C_A_b38	rs12447461	ENSG00000178952.11	TUFM	Brain_Putamen_basal_ganglia	0.15487068891525269	1.738375054747004e-05
chr16:28471892-28637651	chr16_28571620_C_A_b38	rs12447461	ENSG00000188322.8	SBK1	Skin_Sun_Exposed_Lower_leg	-0.22049790620803833	1.6883038589051823e-16
chr16:28471892-28637651	chr16_28571620_C_A_b38	rs12447461	ENSG00000198156.10	NPIPB6	Skin_Sun_Exposed_Lower_leg	0.27366170287132263	3.863363536931952e-15
chr16:28471892-28637651	chr16_28571620_C_A_b38	rs12447461	ENSG00000233232.7	NPIPB7	Skin_Sun_Exposed_Lower_leg	-0.5460208058357239	5.00532820837456e-31
chr16:28471892-28637651	chr16_28571620_C_A_b38	rs12447461	ENSG00000188603.22	CLN3	Skin_Sun_Exposed_Lower_leg	0.07477221637964249	0.0001214545630969092
chr16:28471892-28637651	chr16_28571620_C_A_b38	rs12447461	ENSG00000176046.9	NUPR1	Skin_Sun_Exposed_Lower_leg	-0.07311681658029556	4.082680055814052e-05
chr16:28471892-28637651	chr16_28571620_C_A_b38	rs12447461	ENSG00000176476.9	SGF29	Skin_Sun_Exposed_Lower_leg	-0.10728177428245544	1.0816909690573106e-06
chr16:28471892-28637651	chr16_28571620_C_A_b38	rs12447461	ENSG00000196502.13	SULT1A1	Skin_Sun_Exposed_Lower_leg	-0.3340418040752411	8.6771782003805e-24
chr16:28471892-28637651	chr16_28571620_C_A_b38	rs12447461	ENSG00000184110.15	EIF3C	Skin_Sun_Exposed_Lower_leg	0.17251460254192352	1.3442555086724628e-06
chr16:28471892-28637651	chr16_28571620_C_A_b38	rs12447461	ENSG00000270424.1	ENSG00000270424	Skin_Sun_Exposed_Lower_leg	0.4253605306148529	5.214264225288701e-18
chr16:28471892-28637651	chr16_28571620_C_A_b38	rs12447461	ENSG00000196993.8	NPIPB9	Skin_Sun_Exposed_Lower_leg	-0.27049481868743896	4.50808278410741e-07
chr16:28471892-28637651	chr16_28571620_C_A_b38	rs12447461	ENSG00000251417.2	ENSG00000251417	Skin_Sun_Exposed_Lower_leg	-0.4835183322429657	1.186611484150305e-26
chr16:28471892-28637651	chr16_28571620_C_A_b38	rs12447461	ENSG00000178952.11	TUFM	Skin_Sun_Exposed_Lower_leg	0.24601279199123383	1.6598980021224175e-37
chr16:28471892-28637651	chr16_28571620_C_A_b38	rs12447461	ENSG00000196296.14	ATP2A1	Skin_Sun_Exposed_Lower_leg	0.14466498792171478	9.644568253587472e-05
chr16:28471892-28637651	chr16_28571620_C_A_b38	rs12447461	ENSG00000259982.1	CDC37P1	Artery_Coronary	0.7030171751976013	8.651175789169809e-20
chr16:28471892-28637651	chr16_28571620_C_A_b38	rs12447461	ENSG00000251417.2	ENSG00000251417	Artery_Coronary	-0.44148221611976624	1.7653235399689077e-10
chr16:28471892-28637651	chr16_28571620_C_A_b38	rs12447461	ENSG00000178952.11	TUFM	Artery_Coronary	0.20811185240745544	1.3628361449781233e-11
chr16:75206214-75222748	chr16_75214647_C_G_b38	rs12599715	ENSG00000280152.1	ENSG00000280152	Esophagus_Muscularis	0.31841665506362915	1.3851576973466757e-11
chr16:75206214-75222748	chr16_75214647_C_G_b38	rs12599715	ENSG00000168928.13	CTRB2	Pancreas	-0.4479977488517761	3.452597604624086e-16
chr16:75206214-75222748	chr16_75214647_C_G_b38	rs12599715	ENSG00000168925.12	CTRB1	Pancreas	0.1496690809726715	5.323490922914921e-05
chr16:75206214-75222748	chr16_75214647_C_G_b38	rs12599715	ENSG00000240338.6	ENSG00000240338	Pancreas	0.16535180807113647	1.414349764994241e-05
chr16:75206214-75222748	chr16_75214647_C_G_b38	rs12599715	ENSG00000280152.1	ENSG00000280152	Pancreas	0.37206342816352844	1.6680593132810817e-07
chr16:75206214-75222748	chr16_75214647_C_G_b38	rs12599715	ENSG00000280152.1	ENSG00000280152	Adipose_Visceral_Omentum	0.18814247846603394	6.123839812583615e-06
chr16:75206214-75222748	chr16_75214647_C_G_b38	rs12599715	ENSG00000280152.1	ENSG00000280152	Pituitary	0.2917615473270416	9.133273423292171e-06
chr16:75206214-75222748	chr16_75214647_C_G_b38	rs12599715	ENSG00000280152.1	ENSG00000280152	Nerve_Tibial	0.3626827299594879	2.869078101289672e-17
chr16:75206214-75222748	chr16_75214647_C_G_b38	rs12599715	ENSG00000050820.17	BCAR1	Nerve_Tibial	0.1422087699174881	5.788523613513024e-09
chr16:75206214-75222748	chr16_75214647_C_G_b38	rs12599715	ENSG00000050820.17	BCAR1	Whole_Blood	-0.14310477674007416	2.4000470705849044e-06
chr16:75206214-75222748	chr16_75214647_C_G_b38	rs12599715	ENSG00000261783.1	ENSG00000261783	Whole_Blood	-0.16910205781459808	0.0001894198542427644
chr16:75206214-75222748	chr16_75214647_C_G_b38	rs12599715	ENSG00000280152.1	ENSG00000280152	Skin_Not_Sun_Exposed_Suprapubic	0.2965661585330963	2.106816579681358e-12
chr16:75206214-75222748	chr16_75214647_C_G_b38	rs12599715	ENSG00000166822.13	TMEM170A	Skin_Not_Sun_Exposed_Suprapubic	0.1667364239692688	3.160463965541295e-07
chr16:75206214-75222748	chr16_75214647_C_G_b38	rs12599715	ENSG00000280152.1	ENSG00000280152	Esophagus_Gastroesophageal_Junction	0.3757203221321106	1.7974397754843584e-09
chr16:75206214-75222748	chr16_75214647_C_G_b38	rs12599715	ENSG00000280152.1	ENSG00000280152	Brain_Hypothalamus	0.36629822850227356	1.1174384551007841e-06
chr16:75206214-75222748	chr16_75214647_C_G_b38	rs12599715	ENSG00000280152.1	ENSG00000280152	Adipose_Subcutaneous	0.3083910346031189	1.3923306655083784e-14
chr16:75206214-75222748	chr16_75214647_C_G_b38	rs12599715	ENSG00000186187.12	ZNRF1	Thyroid	0.10268604755401611	0.0002292023352240389
chr16:75206214-75222748	chr16_75214647_C_G_b38	rs12599715	ENSG00000280152.1	ENSG00000280152	Thyroid	0.3345247805118561	2.846690220410801e-13
chr16:75206214-75222748	chr16_75214647_C_G_b38	rs12599715	ENSG00000261783.1	ENSG00000261783	Thyroid	-0.235584557056427	3.0886344959478284e-06
chr16:75206214-75222748	chr16_75214647_C_G_b38	rs12599715	ENSG00000280152.1	ENSG00000280152	Heart_Left_Ventricle	0.43096449971199036	1.0917913039314038e-15
chr16:75206214-75222748	chr16_75214647_C_G_b38	rs12599715	ENSG00000280152.1	ENSG00000280152	Testis	0.3428249955177307	9.575286129574197e-09
chr16:75206214-75222748	chr16_75214647_C_G_b38	rs12599715	ENSG00000050820.17	BCAR1	Testis	0.18433961272239685	2.8048980118634986e-12
chr16:75206214-75222748	chr16_75214647_C_G_b38	rs12599715	ENSG00000166822.13	TMEM170A	Testis	0.18054716289043427	4.6828728843216e-06
chr16:75206214-75222748	chr16_75214647_C_G_b38	rs12599715	ENSG00000280152.1	ENSG00000280152	Brain_Caudate_basal_ganglia	0.33233845233917236	7.932103992012146e-07
chr16:75206214-75222748	chr16_75214647_C_G_b38	rs12599715	ENSG00000280152.1	ENSG00000280152	Muscle_Skeletal	0.43530625104904175	2.0780327947612153e-27
chr16:75206214-75222748	chr16_75214647_C_G_b38	rs12599715	ENSG00000280152.1	ENSG00000280152	Artery_Tibial	0.38346636295318604	2.595117237312788e-22
chr16:75206214-75222748	chr16_75214647_C_G_b38	rs12599715	ENSG00000050820.17	BCAR1	Artery_Tibial	0.08324050158262253	1.5057628274165686e-05
chr16:75206214-75222748	chr16_75214647_C_G_b38	rs12599715	ENSG00000280152.1	ENSG00000280152	Brain_Substantia_nigra	0.46076056361198425	7.819498513408267e-07
chr16:75206214-75222748	chr16_75214647_C_G_b38	rs12599715	ENSG00000280152.1	ENSG00000280152	Prostate	0.37731051445007324	3.326255893636396e-06
chr16:75206214-75222748	chr16_75214647_C_G_b38	rs12599715	ENSG00000261783.1	ENSG00000261783	Prostate	-0.36233773827552795	8.715123821122564e-06
chr16:75206214-75222748	chr16_75214647_C_G_b38	rs12599715	ENSG00000280152.1	ENSG00000280152	Brain_Hippocampus	0.318597674369812	8.408050749506207e-06
chr16:75206214-75222748	chr16_75214647_C_G_b38	rs12599715	ENSG00000280152.1	ENSG00000280152	Brain_Frontal_Cortex_BA9	0.36554720997810364	1.7025601565145737e-06
chr16:75206214-75222748	chr16_75214647_C_G_b38	rs12599715	ENSG00000280152.1	ENSG00000280152	Colon_Sigmoid	0.31784185767173767	4.863065946242846e-08
chr16:75206214-75222748	chr16_75214647_C_G_b38	rs12599715	ENSG00000280152.1	ENSG00000280152	Artery_Aorta	0.4005460739135742	3.860115066905054e-16
chr16:75206214-75222748	chr16_75214647_C_G_b38	rs12599715	ENSG00000261783.1	ENSG00000261783	Artery_Aorta	-0.3151145577430725	1.562431767846362e-06
chr16:75206214-75222748	chr16_75214647_C_G_b38	rs12599715	ENSG00000280152.1	ENSG00000280152	Colon_Transverse	0.37871503829956055	6.615570774110103e-15
chr16:75206214-75222748	chr16_75214647_C_G_b38	rs12599715	ENSG00000280152.1	ENSG00000280152	Esophagus_Mucosa	0.2757927477359772	6.001916291257326e-09
chr16:75206214-75222748	chr16_75214647_C_G_b38	rs12599715	ENSG00000050820.17	BCAR1	Esophagus_Mucosa	-0.2330167442560196	2.3166500011167817e-12
chr16:75206214-75222748	chr16_75214647_C_G_b38	rs12599715	ENSG00000261783.1	ENSG00000261783	Esophagus_Mucosa	-0.24512706696987152	3.895205183976509e-06
chr16:75206214-75222748	chr16_75214647_C_G_b38	rs12599715	ENSG00000280152.1	ENSG00000280152	Brain_Anterior_cingulate_cortex_BA24	0.3900633752346039	1.5531441090415982e-06
chr16:75206214-75222748	chr16_75214647_C_G_b38	rs12599715	ENSG00000280152.1	ENSG00000280152	Stomach	0.3988206386566162	1.2429472567526024e-12
chr16:75206214-75222748	chr16_75214647_C_G_b38	rs12599715	ENSG00000280152.1	ENSG00000280152	Adrenal_Gland	0.29565873742103577	3.189598290400032e-05
chr16:75206214-75222748	chr16_75214647_C_G_b38	rs12599715	ENSG00000280152.1	ENSG00000280152	Spleen	0.4366016983985901	2.508722694099476e-12
chr16:75206214-75222748	chr16_75214647_C_G_b38	rs12599715	ENSG00000280152.1	ENSG00000280152	Heart_Atrial_Appendage	0.3813646733760834	3.102813791028617e-14
chr16:75206214-75222748	chr16_75214647_C_G_b38	rs12599715	ENSG00000280152.1	ENSG00000280152	Brain_Spinal_cord_cervical_c-1	0.3980858325958252	4.404053834752681e-07
chr16:75206214-75222748	chr16_75214647_C_G_b38	rs12599715	ENSG00000153774.9	CFDP1	Cells_Cultured_fibroblasts	-0.11244262009859085	5.114962633436621e-05
chr16:75206214-75222748	chr16_75214647_C_G_b38	rs12599715	ENSG00000280152.1	ENSG00000280152	Lung	0.3536209464073181	2.204227989166439e-16
chr16:75206214-75222748	chr16_75214647_C_G_b38	rs12599715	ENSG00000261783.1	ENSG00000261783	Lung	-0.24350298941135406	2.9871793574473816e-06
chr16:75206214-75222748	chr16_75214647_C_G_b38	rs12599715	ENSG00000280152.1	ENSG00000280152	Breast_Mammary_Tissue	0.2692483365535736	2.3611419212912998e-08
chr16:75206214-75222748	chr16_75214647_C_G_b38	rs12599715	ENSG00000280152.1	ENSG00000280152	Brain_Cortex	0.4280242919921875	4.445014554443745e-07
chr16:75206214-75222748	chr16_75214647_C_G_b38	rs12599715	ENSG00000280152.1	ENSG00000280152	Brain_Putamen_basal_ganglia	0.35172781348228455	2.9302138049755267e-05
chr16:75206214-75222748	chr16_75214647_C_G_b38	rs12599715	ENSG00000280152.1	ENSG00000280152	Skin_Sun_Exposed_Lower_leg	0.2982955873012543	8.709864591400279e-16
chr16:75206214-75222748	chr16_75214647_C_G_b38	rs12599715	ENSG00000166822.13	TMEM170A	Skin_Sun_Exposed_Lower_leg	0.16141746938228607	2.947759580616726e-08
chr16:75206214-75222748	chr16_75214647_C_G_b38	rs12599715	ENSG00000280152.1	ENSG00000280152	Artery_Coronary	0.3846062123775482	2.4065773739769603e-07
chr17:45585159-46292045	chr17_45585881_C_A_b38	rs1724390	ENSG00000214425.9	LRRC37A4P	Vagina	-0.9824565649032593	1.7765582702503172e-28
chr17:45585159-46292045	chr17_45585881_C_A_b38	rs1724390	ENSG00000264070.1	DND1P1	Vagina	1.0386340618133545	2.6906483215461914e-22
chr17:45585159-46292045	chr17_45585881_C_A_b38	rs1724390	ENSG00000285668.1	ENSG00000285668	Vagina	1.0675804615020752	3.588524974679319e-25
chr17:45585159-46292045	chr17_45585881_C_A_b38	rs1724390	ENSG00000280022.1	ENSG00000280022	Vagina	0.8418017625808716	2.0709859280122164e-16
chr17:45585159-46292045	chr17_45585881_C_A_b38	rs1724390	ENSG00000263503.1	MAPK8IP1P2	Vagina	0.9729968309402466	3.428924205573066e-21
chr17:45585159-46292045	chr17_45585881_C_A_b38	rs1724390	ENSG00000204650.14	LINC02210	Vagina	0.6513006687164307	6.3217766936036385e-31
chr17:45585159-46292045	chr17_45585881_C_A_b38	rs1724390	ENSG00000214401.5	KANSL1-AS1	Vagina	1.1299018859863281	4.698291187425629e-32
chr17:45585159-46292045	chr17_45585881_C_A_b38	rs1724390	ENSG00000262500.1	MAPK8IP1P1	Vagina	0.9860190749168396	1.549379954320771e-24
chr17:45585159-46292045	chr17_45585881_C_A_b38	rs1724390	ENSG00000262539.1	ENSG00000262539	Vagina	1.0155004262924194	1.5790771624963e-25
chr17:45585159-46292045	chr17_45585881_C_A_b38	rs1724390	ENSG00000261575.3	ENSG00000261575	Vagina	0.6737265586853027	4.2292177567396295e-10
chr17:45585159-46292045	chr17_45585881_C_A_b38	rs1724390	ENSG00000176681.14	LRRC37A	Vagina	0.8515661954879761	1.761453842848171e-19
chr17:45585159-46292045	chr17_45585881_C_A_b38	rs1724390	ENSG00000238083.8	LRRC37A2	Vagina	0.9193284511566162	3.6787307715744197e-25
chr17:45585159-46292045	chr17_45585881_C_A_b38	rs1724390	ENSG00000159314.12	ARHGAP27	Brain_Nucleus_accumbens_basal_ganglia	0.3669312596321106	9.829439905044248e-20
chr17:45585159-46292045	chr17_45585881_C_A_b38	rs1724390	ENSG00000225190.11	PLEKHM1	Brain_Nucleus_accumbens_basal_ganglia	0.4832058548927307	1.5222870704986116e-26
chr17:45585159-46292045	chr17_45585881_C_A_b38	rs1724390	ENSG00000266918.1	ENSG00000266918	Brain_Nucleus_accumbens_basal_ganglia	0.4695507884025574	4.878073663888317e-07
chr17:45585159-46292045	chr17_45585881_C_A_b38	rs1724390	ENSG00000214425.9	LRRC37A4P	Brain_Nucleus_accumbens_basal_ganglia	-0.9656960964202881	2.391775878193363e-60
chr17:45585159-46292045	chr17_45585881_C_A_b38	rs1724390	ENSG00000264070.1	DND1P1	Brain_Nucleus_accumbens_basal_ganglia	1.1146122217178345	1.0454908474000118e-40
chr17:45585159-46292045	chr17_45585881_C_A_b38	rs1724390	ENSG00000263503.1	MAPK8IP1P2	Brain_Nucleus_accumbens_basal_ganglia	1.2800276279449463	3.561186880503964e-53
chr17:45585159-46292045	chr17_45585881_C_A_b38	rs1724390	ENSG00000204650.14	LINC02210	Brain_Nucleus_accumbens_basal_ganglia	0.7003738880157471	4.815424143575521e-50
chr17:45585159-46292045	chr17_45585881_C_A_b38	rs1724390	ENSG00000120088.15	CRHR1	Brain_Nucleus_accumbens_basal_ganglia	-0.19976678490638733	9.596541309221795e-05
chr17:45585159-46292045	chr17_45585881_C_A_b38	rs1724390	ENSG00000264589.5	MAPT-AS1	Brain_Nucleus_accumbens_basal_ganglia	-0.43459707498550415	7.663824657668538e-11
chr17:45585159-46292045	chr17_45585881_C_A_b38	rs1724390	ENSG00000279685.2	MAPT-IT1	Brain_Nucleus_accumbens_basal_ganglia	0.25020670890808105	1.7820249118375772e-06
chr17:45585159-46292045	chr17_45585881_C_A_b38	rs1724390	ENSG00000214401.5	KANSL1-AS1	Brain_Nucleus_accumbens_basal_ganglia	1.077351450920105	1.24433931146143e-59
chr17:45585159-46292045	chr17_45585881_C_A_b38	rs1724390	ENSG00000262500.1	MAPK8IP1P1	Brain_Nucleus_accumbens_basal_ganglia	1.2244672775268555	4.119315071225583e-48
chr17:45585159-46292045	chr17_45585881_C_A_b38	rs1724390	ENSG00000262539.1	ENSG00000262539	Brain_Nucleus_accumbens_basal_ganglia	1.2219879627227783	3.081467402099611e-57
chr17:45585159-46292045	chr17_45585881_C_A_b38	rs1724390	ENSG00000261575.3	ENSG00000261575	Brain_Nucleus_accumbens_basal_ganglia	0.9888573288917542	1.5589071034349338e-39
chr17:45585159-46292045	chr17_45585881_C_A_b38	rs1724390	ENSG00000176681.14	LRRC37A	Brain_Nucleus_accumbens_basal_ganglia	1.287550926208496	3.889932291782266e-63
chr17:45585159-46292045	chr17_45585881_C_A_b38	rs1724390	ENSG00000238083.8	LRRC37A2	Brain_Nucleus_accumbens_basal_ganglia	1.1860909461975098	1.9165709423843645e-56
chr17:45585159-46292045	chr17_45585881_C_A_b38	rs1724390	ENSG00000185829.18	ARL17A	Brain_Nucleus_accumbens_basal_ganglia	0.8622570633888245	3.1105476119266278e-28
chr17:45585159-46292045	chr17_45585881_C_A_b38	rs1724390	ENSG00000136448.13	NMT1	Esophagus_Muscularis	-0.10726962238550186	8.250726354606842e-05
chr17:45585159-46292045	chr17_45585881_C_A_b38	rs1724390	ENSG00000225190.11	PLEKHM1	Esophagus_Muscularis	0.15676939487457275	3.6170590470482526e-12
chr17:45585159-46292045	chr17_45585881_C_A_b38	rs1724390	ENSG00000266918.1	ENSG00000266918	Esophagus_Muscularis	0.2462061196565628	0.00018758855330272762
chr17:45585159-46292045	chr17_45585881_C_A_b38	rs1724390	ENSG00000214425.9	LRRC37A4P	Esophagus_Muscularis	-1.2504310607910156	1.0732538579775513e-141
chr17:45585159-46292045	chr17_45585881_C_A_b38	rs1724390	ENSG00000264070.1	DND1P1	Esophagus_Muscularis	1.188762903213501	1.8205904975419352e-87
chr17:45585159-46292045	chr17_45585881_C_A_b38	rs1724390	ENSG00000285668.1	ENSG00000285668	Esophagus_Muscularis	1.195122480392456	7.425605431873415e-132
chr17:45585159-46292045	chr17_45585881_C_A_b38	rs1724390	ENSG00000280022.1	ENSG00000280022	Esophagus_Muscularis	1.080256700515747	1.3048278317678408e-77
chr17:45585159-46292045	chr17_45585881_C_A_b38	rs1724390	ENSG00000263503.1	MAPK8IP1P2	Esophagus_Muscularis	1.181620717048645	2.4230804832617916e-102
chr17:45585159-46292045	chr17_45585881_C_A_b38	rs1724390	ENSG00000204650.14	LINC02210	Esophagus_Muscularis	1.2775503396987915	3.3706430612851964e-195
chr17:45585159-46292045	chr17_45585881_C_A_b38	rs1724390	ENSG00000120088.15	CRHR1	Esophagus_Muscularis	0.34172365069389343	1.9759933923739624e-09
chr17:45585159-46292045	chr17_45585881_C_A_b38	rs1724390	ENSG00000186868.17	MAPT	Esophagus_Muscularis	-0.17707771062850952	3.757780914279815e-05
chr17:45585159-46292045	chr17_45585881_C_A_b38	rs1724390	ENSG00000214401.5	KANSL1-AS1	Esophagus_Muscularis	1.2048739194869995	3.8259335960733067e-125
chr17:45585159-46292045	chr17_45585881_C_A_b38	rs1724390	ENSG00000262500.1	MAPK8IP1P1	Esophagus_Muscularis	1.0124238729476929	2.3032606030448313e-81
chr17:45585159-46292045	chr17_45585881_C_A_b38	rs1724390	ENSG00000262539.1	ENSG00000262539	Esophagus_Muscularis	1.2197540998458862	3.2557578873831026e-109
chr17:45585159-46292045	chr17_45585881_C_A_b38	rs1724390	ENSG00000261575.3	ENSG00000261575	Esophagus_Muscularis	0.8247624039649963	2.864635125576777e-38
chr17:45585159-46292045	chr17_45585881_C_A_b38	rs1724390	ENSG00000176681.14	LRRC37A	Esophagus_Muscularis	1.0396875143051147	6.51840604474198e-78
chr17:45585159-46292045	chr17_45585881_C_A_b38	rs1724390	ENSG00000238083.8	LRRC37A2	Esophagus_Muscularis	1.07204270362854	4.0966002794363395e-113
chr17:45585159-46292045	chr17_45585881_C_A_b38	rs1724390	ENSG00000185829.18	ARL17A	Esophagus_Muscularis	0.37343811988830566	4.8064996270113323e-11
chr17:45585159-46292045	chr17_45585881_C_A_b38	rs1724390	ENSG00000266918.1	ENSG00000266918	Pancreas	0.4534718096256256	5.986211302153634e-07
chr17:45585159-46292045	chr17_45585881_C_A_b38	rs1724390	ENSG00000214425.9	LRRC37A4P	Pancreas	-1.304646611213684	1.0726590697952589e-95
chr17:45585159-46292045	chr17_45585881_C_A_b38	rs1724390	ENSG00000264070.1	DND1P1	Pancreas	1.1664657592773438	1.3631682772215348e-41
chr17:45585159-46292045	chr17_45585881_C_A_b38	rs1724390	ENSG00000280022.1	ENSG00000280022	Pancreas	1.1225825548171997	2.092943397131942e-43
chr17:45585159-46292045	chr17_45585881_C_A_b38	rs1724390	ENSG00000263503.1	MAPK8IP1P2	Pancreas	1.0760020017623901	2.568041504258254e-45
chr17:45585159-46292045	chr17_45585881_C_A_b38	rs1724390	ENSG00000204650.14	LINC02210	Pancreas	1.1457414627075195	5.198952000531369e-93
chr17:45585159-46292045	chr17_45585881_C_A_b38	rs1724390	ENSG00000214401.5	KANSL1-AS1	Pancreas	1.0874279737472534	1.1731604589552555e-59
chr17:45585159-46292045	chr17_45585881_C_A_b38	rs1724390	ENSG00000262539.1	ENSG00000262539	Pancreas	1.216651439666748	3.059426238371311e-56
chr17:45585159-46292045	chr17_45585881_C_A_b38	rs1724390	ENSG00000261575.3	ENSG00000261575	Pancreas	0.761810302734375	6.266845924216295e-38
chr17:45585159-46292045	chr17_45585881_C_A_b38	rs1724390	ENSG00000176681.14	LRRC37A	Pancreas	0.798340916633606	7.387567188679482e-19
chr17:45585159-46292045	chr17_45585881_C_A_b38	rs1724390	ENSG00000238083.8	LRRC37A2	Pancreas	1.0092344284057617	3.8693989158589516e-45
chr17:45585159-46292045	chr17_45585881_C_A_b38	rs1724390	ENSG00000185829.18	ARL17A	Pancreas	0.47465115785598755	7.74291508451638e-09
chr17:45585159-46292045	chr17_45585881_C_A_b38	rs1724390	ENSG00000225190.11	PLEKHM1	Adipose_Visceral_Omentum	0.16382601857185364	4.039877065940041e-07
chr17:45585159-46292045	chr17_45585881_C_A_b38	rs1724390	ENSG00000266918.1	ENSG00000266918	Adipose_Visceral_Omentum	0.37610089778900146	1.2744747360155461e-09
chr17:45585159-46292045	chr17_45585881_C_A_b38	rs1724390	ENSG00000214425.9	LRRC37A4P	Adipose_Visceral_Omentum	-1.1144880056381226	3.3479419356147305e-138
chr17:45585159-46292045	chr17_45585881_C_A_b38	rs1724390	ENSG00000264070.1	DND1P1	Adipose_Visceral_Omentum	1.2965294122695923	1.7903200512312014e-109
chr17:45585159-46292045	chr17_45585881_C_A_b38	rs1724390	ENSG00000285668.1	ENSG00000285668	Adipose_Visceral_Omentum	1.189613699913025	1.23601823928677e-141
chr17:45585159-46292045	chr17_45585881_C_A_b38	rs1724390	ENSG00000280022.1	ENSG00000280022	Adipose_Visceral_Omentum	1.0159461498260498	7.842113839546346e-69
chr17:45585159-46292045	chr17_45585881_C_A_b38	rs1724390	ENSG00000263503.1	MAPK8IP1P2	Adipose_Visceral_Omentum	1.2093356847763062	8.828236895069455e-127
chr17:45585159-46292045	chr17_45585881_C_A_b38	rs1724390	ENSG00000204650.14	LINC02210	Adipose_Visceral_Omentum	1.0763529539108276	1.7226712200583346e-232
chr17:45585159-46292045	chr17_45585881_C_A_b38	rs1724390	ENSG00000120088.15	CRHR1	Adipose_Visceral_Omentum	0.5033557415008545	7.028525918612449e-26
chr17:45585159-46292045	chr17_45585881_C_A_b38	rs1724390	ENSG00000186868.17	MAPT	Adipose_Visceral_Omentum	0.18757542967796326	2.9745963694756996e-09
chr17:45585159-46292045	chr17_45585881_C_A_b38	rs1724390	ENSG00000214401.5	KANSL1-AS1	Adipose_Visceral_Omentum	1.2544760704040527	7.751709972005165e-147
chr17:45585159-46292045	chr17_45585881_C_A_b38	rs1724390	ENSG00000120071.15	KANSL1	Adipose_Visceral_Omentum	0.21712340414524078	1.1839205702941498e-08
chr17:45585159-46292045	chr17_45585881_C_A_b38	rs1724390	ENSG00000262500.1	MAPK8IP1P1	Adipose_Visceral_Omentum	1.0887378454208374	5.337911349115409e-112
chr17:45585159-46292045	chr17_45585881_C_A_b38	rs1724390	ENSG00000262539.1	ENSG00000262539	Adipose_Visceral_Omentum	1.239709734916687	3.708220827339467e-124
chr17:45585159-46292045	chr17_45585881_C_A_b38	rs1724390	ENSG00000261575.3	ENSG00000261575	Adipose_Visceral_Omentum	0.5818305015563965	8.151809594335065e-22
chr17:45585159-46292045	chr17_45585881_C_A_b38	rs1724390	ENSG00000176681.14	LRRC37A	Adipose_Visceral_Omentum	0.8720510005950928	5.377156570643664e-74
chr17:45585159-46292045	chr17_45585881_C_A_b38	rs1724390	ENSG00000238083.8	LRRC37A2	Adipose_Visceral_Omentum	0.9624605178833008	5.714712915684029e-113
chr17:45585159-46292045	chr17_45585881_C_A_b38	rs1724390	ENSG00000185829.18	ARL17A	Adipose_Visceral_Omentum	0.36657482385635376	2.145965865790315e-12
chr17:45585159-46292045	chr17_45585881_C_A_b38	rs1724390	ENSG00000266918.1	ENSG00000266918	Pituitary	0.45664313435554504	1.316910729861903e-06
chr17:45585159-46292045	chr17_45585881_C_A_b38	rs1724390	ENSG00000214425.9	LRRC37A4P	Pituitary	-1.2477415800094604	2.9319302923023567e-87
chr17:45585159-46292045	chr17_45585881_C_A_b38	rs1724390	ENSG00000264070.1	DND1P1	Pituitary	1.1668951511383057	7.943286030093674e-51
chr17:45585159-46292045	chr17_45585881_C_A_b38	rs1724390	ENSG00000285668.1	ENSG00000285668	Pituitary	1.158125638961792	8.971407184094741e-54
chr17:45585159-46292045	chr17_45585881_C_A_b38	rs1724390	ENSG00000280022.1	ENSG00000280022	Pituitary	0.7477605938911438	1.2941937520335448e-20
chr17:45585159-46292045	chr17_45585881_C_A_b38	rs1724390	ENSG00000263503.1	MAPK8IP1P2	Pituitary	1.1780791282653809	2.304149204555307e-48
chr17:45585159-46292045	chr17_45585881_C_A_b38	rs1724390	ENSG00000204650.14	LINC02210	Pituitary	1.0492280721664429	8.52126519570409e-89
chr17:45585159-46292045	chr17_45585881_C_A_b38	rs1724390	ENSG00000279685.2	MAPT-IT1	Pituitary	0.22827543318271637	2.7952800025088748e-05
chr17:45585159-46292045	chr17_45585881_C_A_b38	rs1724390	ENSG00000214401.5	KANSL1-AS1	Pituitary	1.1510008573532104	1.043720442221188e-58
chr17:45585159-46292045	chr17_45585881_C_A_b38	rs1724390	ENSG00000120071.15	KANSL1	Pituitary	0.30430805683135986	8.553296715374847e-05
chr17:45585159-46292045	chr17_45585881_C_A_b38	rs1724390	ENSG00000262500.1	MAPK8IP1P1	Pituitary	1.1578866243362427	1.160421003054104e-44
chr17:45585159-46292045	chr17_45585881_C_A_b38	rs1724390	ENSG00000262539.1	ENSG00000262539	Pituitary	1.2721469402313232	1.463378251605969e-57
chr17:45585159-46292045	chr17_45585881_C_A_b38	rs1724390	ENSG00000261575.3	ENSG00000261575	Pituitary	0.8082360625267029	1.6345270988841957e-24
chr17:45585159-46292045	chr17_45585881_C_A_b38	rs1724390	ENSG00000176681.14	LRRC37A	Pituitary	1.210063099861145	1.566435783541387e-54
chr17:45585159-46292045	chr17_45585881_C_A_b38	rs1724390	ENSG00000238083.8	LRRC37A2	Pituitary	1.1990020275115967	4.164577093332837e-62
chr17:45585159-46292045	chr17_45585881_C_A_b38	rs1724390	ENSG00000232300.1	FAM215B	Pituitary	0.5508876442909241	6.575452071834522e-11
chr17:45585159-46292045	chr17_45585881_C_A_b38	rs1724390	ENSG00000185829.18	ARL17A	Pituitary	0.6695472598075867	3.920044139278e-17
chr17:45585159-46292045	chr17_45585881_C_A_b38	rs1724390	ENSG00000172992.13	DCAKD	Nerve_Tibial	0.1817559450864792	1.9781741562896958e-05
chr17:45585159-46292045	chr17_45585881_C_A_b38	rs1724390	ENSG00000181513.15	ACBD4	Nerve_Tibial	-0.1207965686917305	9.47222184565575e-06
chr17:45585159-46292045	chr17_45585881_C_A_b38	rs1724390	ENSG00000266918.1	ENSG00000266918	Nerve_Tibial	0.4208488464355469	5.829607071723815e-12
chr17:45585159-46292045	chr17_45585881_C_A_b38	rs1724390	ENSG00000214425.9	LRRC37A4P	Nerve_Tibial	-1.254880666732788	2.5117655163712917e-187
chr17:45585159-46292045	chr17_45585881_C_A_b38	rs1724390	ENSG00000264070.1	DND1P1	Nerve_Tibial	1.1990721225738525	7.082714027351984e-106
chr17:45585159-46292045	chr17_45585881_C_A_b38	rs1724390	ENSG00000285668.1	ENSG00000285668	Nerve_Tibial	1.168595790863037	9.8148949471328e-128
chr17:45585159-46292045	chr17_45585881_C_A_b38	rs1724390	ENSG00000280022.1	ENSG00000280022	Nerve_Tibial	1.0590956211090088	3.1430344735674494e-84
chr17:45585159-46292045	chr17_45585881_C_A_b38	rs1724390	ENSG00000263503.1	MAPK8IP1P2	Nerve_Tibial	1.201076865196228	9.95583116028723e-118
chr17:45585159-46292045	chr17_45585881_C_A_b38	rs1724390	ENSG00000204652.6	RPS26P8	Nerve_Tibial	0.9924708604812622	5.920558211945877e-66
chr17:45585159-46292045	chr17_45585881_C_A_b38	rs1724390	ENSG00000204650.14	LINC02210	Nerve_Tibial	1.1497738361358643	3.979390246515696e-244
chr17:45585159-46292045	chr17_45585881_C_A_b38	rs1724390	ENSG00000120088.15	CRHR1	Nerve_Tibial	0.532170832157135	3.7899088704687954e-20
chr17:45585159-46292045	chr17_45585881_C_A_b38	rs1724390	ENSG00000214401.5	KANSL1-AS1	Nerve_Tibial	1.1664586067199707	5.198508564181256e-140
chr17:45585159-46292045	chr17_45585881_C_A_b38	rs1724390	ENSG00000262500.1	MAPK8IP1P1	Nerve_Tibial	0.9464558959007263	3.5677713009454175e-70
chr17:45585159-46292045	chr17_45585881_C_A_b38	rs1724390	ENSG00000262539.1	ENSG00000262539	Nerve_Tibial	1.2273348569869995	9.40432265393254e-129
chr17:45585159-46292045	chr17_45585881_C_A_b38	rs1724390	ENSG00000261575.3	ENSG00000261575	Nerve_Tibial	0.7548065185546875	8.291138620604331e-38
chr17:45585159-46292045	chr17_45585881_C_A_b38	rs1724390	ENSG00000176681.14	LRRC37A	Nerve_Tibial	1.1801249980926514	1.1819552710970542e-113
chr17:45585159-46292045	chr17_45585881_C_A_b38	rs1724390	ENSG00000228696.10	ARL17B	Nerve_Tibial	0.2911800146102905	2.1486152969777853e-05
chr17:45585159-46292045	chr17_45585881_C_A_b38	rs1724390	ENSG00000238083.8	LRRC37A2	Nerve_Tibial	1.1293879747390747	7.657028057148361e-129
chr17:45585159-46292045	chr17_45585881_C_A_b38	rs1724390	ENSG00000232300.1	FAM215B	Nerve_Tibial	0.42790043354034424	7.510431287030982e-13
chr17:45585159-46292045	chr17_45585881_C_A_b38	rs1724390	ENSG00000185829.18	ARL17A	Nerve_Tibial	0.31950825452804565	1.7942340363003615e-08
chr17:45585159-46292045	chr17_45585881_C_A_b38	rs1724390	ENSG00000214425.9	LRRC37A4P	Small_Intestine_Terminal_Ileum	-0.9460045695304871	1.060506038809174e-53
chr17:45585159-46292045	chr17_45585881_C_A_b38	rs1724390	ENSG00000264070.1	DND1P1	Small_Intestine_Terminal_Ileum	1.1629149913787842	1.0767212070493478e-39
chr17:45585159-46292045	chr17_45585881_C_A_b38	rs1724390	ENSG00000285668.1	ENSG00000285668	Small_Intestine_Terminal_Ileum	1.3372349739074707	9.822305097882982e-51
chr17:45585159-46292045	chr17_45585881_C_A_b38	rs1724390	ENSG00000280022.1	ENSG00000280022	Small_Intestine_Terminal_Ileum	0.7691254615783691	1.3429015842768184e-20
chr17:45585159-46292045	chr17_45585881_C_A_b38	rs1724390	ENSG00000263503.1	MAPK8IP1P2	Small_Intestine_Terminal_Ileum	1.259818196296692	7.637800831790171e-44
chr17:45585159-46292045	chr17_45585881_C_A_b38	rs1724390	ENSG00000204650.14	LINC02210	Small_Intestine_Terminal_Ileum	0.8210964202880859	2.4707051287947576e-60
chr17:45585159-46292045	chr17_45585881_C_A_b38	rs1724390	ENSG00000214401.5	KANSL1-AS1	Small_Intestine_Terminal_Ileum	1.221604347229004	7.412083310616895e-44
chr17:45585159-46292045	chr17_45585881_C_A_b38	rs1724390	ENSG00000262500.1	MAPK8IP1P1	Small_Intestine_Terminal_Ileum	1.1009100675582886	2.310348375878455e-41
chr17:45585159-46292045	chr17_45585881_C_A_b38	rs1724390	ENSG00000262539.1	ENSG00000262539	Small_Intestine_Terminal_Ileum	1.2157758474349976	5.059448153172842e-40
chr17:45585159-46292045	chr17_45585881_C_A_b38	rs1724390	ENSG00000261575.3	ENSG00000261575	Small_Intestine_Terminal_Ileum	0.764718234539032	1.6337629066695946e-13
chr17:45585159-46292045	chr17_45585881_C_A_b38	rs1724390	ENSG00000176681.14	LRRC37A	Small_Intestine_Terminal_Ileum	0.9617160558700562	6.04126272369637e-21
chr17:45585159-46292045	chr17_45585881_C_A_b38	rs1724390	ENSG00000238083.8	LRRC37A2	Small_Intestine_Terminal_Ileum	1.009260892868042	1.626163075725054e-29
chr17:45585159-46292045	chr17_45585881_C_A_b38	rs1724390	ENSG00000172992.13	DCAKD	Whole_Blood	0.11271899193525314	0.00015169589976627204
chr17:45585159-46292045	chr17_45585881_C_A_b38	rs1724390	ENSG00000225190.11	PLEKHM1	Whole_Blood	-0.07062705606222153	4.555711695150037e-08
chr17:45585159-46292045	chr17_45585881_C_A_b38	rs1724390	ENSG00000266918.1	ENSG00000266918	Whole_Blood	0.24830907583236694	8.520810793892908e-06
chr17:45585159-46292045	chr17_45585881_C_A_b38	rs1724390	ENSG00000214425.9	LRRC37A4P	Whole_Blood	-1.1146562099456787	2.171921692084751e-213
chr17:45585159-46292045	chr17_45585881_C_A_b38	rs1724390	ENSG00000264070.1	DND1P1	Whole_Blood	1.271332025527954	7.08797457682236e-138
chr17:45585159-46292045	chr17_45585881_C_A_b38	rs1724390	ENSG00000285668.1	ENSG00000285668	Whole_Blood	1.1341216564178467	1.1072756692072878e-160
chr17:45585159-46292045	chr17_45585881_C_A_b38	rs1724390	ENSG00000280022.1	ENSG00000280022	Whole_Blood	0.955431342124939	5.951979459000153e-83
chr17:45585159-46292045	chr17_45585881_C_A_b38	rs1724390	ENSG00000263503.1	MAPK8IP1P2	Whole_Blood	1.1744205951690674	2.9738811294599324e-174
chr17:45585159-46292045	chr17_45585881_C_A_b38	rs1724390	ENSG00000204650.14	LINC02210	Whole_Blood	0.5861364006996155	1.1584539479371847e-134
chr17:45585159-46292045	chr17_45585881_C_A_b38	rs1724390	ENSG00000214401.5	KANSL1-AS1	Whole_Blood	1.230169415473938	5.1287409720708924e-173
chr17:45585159-46292045	chr17_45585881_C_A_b38	rs1724390	ENSG00000120071.15	KANSL1	Whole_Blood	0.21879194676876068	4.676754314552624e-14
chr17:45585159-46292045	chr17_45585881_C_A_b38	rs1724390	ENSG00000262500.1	MAPK8IP1P1	Whole_Blood	1.0783343315124512	5.6557497471593124e-155
chr17:45585159-46292045	chr17_45585881_C_A_b38	rs1724390	ENSG00000262539.1	ENSG00000262539	Whole_Blood	1.2391031980514526	1.640142466252655e-177
chr17:45585159-46292045	chr17_45585881_C_A_b38	rs1724390	ENSG00000176681.14	LRRC37A	Whole_Blood	0.8852396607398987	6.952452669130602e-68
chr17:45585159-46292045	chr17_45585881_C_A_b38	rs1724390	ENSG00000238083.8	LRRC37A2	Whole_Blood	0.8481191992759705	7.010645353463445e-74
chr17:45585159-46292045	chr17_45585881_C_A_b38	rs1724390	ENSG00000267344.1	ENSG00000267344	Skin_Not_Sun_Exposed_Suprapubic	0.21366560459136963	1.1000607441267347e-08
chr17:45585159-46292045	chr17_45585881_C_A_b38	rs1724390	ENSG00000159314.12	ARHGAP27	Skin_Not_Sun_Exposed_Suprapubic	0.37583696842193604	2.871302365093103e-41
chr17:45585159-46292045	chr17_45585881_C_A_b38	rs1724390	ENSG00000266918.1	ENSG00000266918	Skin_Not_Sun_Exposed_Suprapubic	0.3166281282901764	3.1069634156617817e-07
chr17:45585159-46292045	chr17_45585881_C_A_b38	rs1724390	ENSG00000267198.1	ENSG00000267198	Skin_Not_Sun_Exposed_Suprapubic	-0.24792927503585815	0.00023622807695785554
chr17:45585159-46292045	chr17_45585881_C_A_b38	rs1724390	ENSG00000214425.9	LRRC37A4P	Skin_Not_Sun_Exposed_Suprapubic	-1.1553386449813843	2.730244579714668e-172
chr17:45585159-46292045	chr17_45585881_C_A_b38	rs1724390	ENSG00000264070.1	DND1P1	Skin_Not_Sun_Exposed_Suprapubic	1.1807750463485718	4.643213207156269e-114
chr17:45585159-46292045	chr17_45585881_C_A_b38	rs1724390	ENSG00000285668.1	ENSG00000285668	Skin_Not_Sun_Exposed_Suprapubic	1.1367921829223633	4.1585784748587265e-124
chr17:45585159-46292045	chr17_45585881_C_A_b38	rs1724390	ENSG00000280022.1	ENSG00000280022	Skin_Not_Sun_Exposed_Suprapubic	1.0524340867996216	4.859334973172048e-80
chr17:45585159-46292045	chr17_45585881_C_A_b38	rs1724390	ENSG00000263503.1	MAPK8IP1P2	Skin_Not_Sun_Exposed_Suprapubic	1.1822236776351929	4.462372921807713e-137
chr17:45585159-46292045	chr17_45585881_C_A_b38	rs1724390	ENSG00000204650.14	LINC02210	Skin_Not_Sun_Exposed_Suprapubic	1.124312400817871	7.365001104164175e-231
chr17:45585159-46292045	chr17_45585881_C_A_b38	rs1724390	ENSG00000186868.17	MAPT	Skin_Not_Sun_Exposed_Suprapubic	0.36856597661972046	9.180405897940964e-18
chr17:45585159-46292045	chr17_45585881_C_A_b38	rs1724390	ENSG00000214401.5	KANSL1-AS1	Skin_Not_Sun_Exposed_Suprapubic	1.2034245729446411	3.896034758451745e-143
chr17:45585159-46292045	chr17_45585881_C_A_b38	rs1724390	ENSG00000120071.15	KANSL1	Skin_Not_Sun_Exposed_Suprapubic	0.32951390743255615	5.3304583963787794e-20
chr17:45585159-46292045	chr17_45585881_C_A_b38	rs1724390	ENSG00000262500.1	MAPK8IP1P1	Skin_Not_Sun_Exposed_Suprapubic	1.1259292364120483	1.2210211755623903e-135
chr17:45585159-46292045	chr17_45585881_C_A_b38	rs1724390	ENSG00000262539.1	ENSG00000262539	Skin_Not_Sun_Exposed_Suprapubic	1.2212700843811035	4.986833345296919e-136
chr17:45585159-46292045	chr17_45585881_C_A_b38	rs1724390	ENSG00000261575.3	ENSG00000261575	Skin_Not_Sun_Exposed_Suprapubic	0.8114803433418274	1.7125739459069184e-58
chr17:45585159-46292045	chr17_45585881_C_A_b38	rs1724390	ENSG00000176681.14	LRRC37A	Skin_Not_Sun_Exposed_Suprapubic	0.9161726236343384	2.7630437592645496e-76
chr17:45585159-46292045	chr17_45585881_C_A_b38	rs1724390	ENSG00000228696.10	ARL17B	Skin_Not_Sun_Exposed_Suprapubic	0.48985937237739563	5.311915401925999e-14
chr17:45585159-46292045	chr17_45585881_C_A_b38	rs1724390	ENSG00000238083.8	LRRC37A2	Skin_Not_Sun_Exposed_Suprapubic	0.8715525269508362	1.1134444840019193e-83
chr17:45585159-46292045	chr17_45585881_C_A_b38	rs1724390	ENSG00000185829.18	ARL17A	Skin_Not_Sun_Exposed_Suprapubic	0.2770393192768097	2.0711624066001075e-08
chr17:45585159-46292045	chr17_45585881_C_A_b38	rs1724390	ENSG00000266918.1	ENSG00000266918	Esophagus_Gastroesophageal_Junction	0.4022028148174286	1.2984849045580142e-07
chr17:45585159-46292045	chr17_45585881_C_A_b38	rs1724390	ENSG00000214425.9	LRRC37A4P	Esophagus_Gastroesophageal_Junction	-1.2113776206970215	1.5723560626005558e-90
chr17:45585159-46292045	chr17_45585881_C_A_b38	rs1724390	ENSG00000264070.1	DND1P1	Esophagus_Gastroesophageal_Junction	1.1792722940444946	9.076937540914286e-59
chr17:45585159-46292045	chr17_45585881_C_A_b38	rs1724390	ENSG00000285668.1	ENSG00000285668	Esophagus_Gastroesophageal_Junction	1.1470367908477783	4.8947881403141385e-91
chr17:45585159-46292045	chr17_45585881_C_A_b38	rs1724390	ENSG00000280022.1	ENSG00000280022	Esophagus_Gastroesophageal_Junction	1.1028424501419067	7.814121102563405e-65
chr17:45585159-46292045	chr17_45585881_C_A_b38	rs1724390	ENSG00000263503.1	MAPK8IP1P2	Esophagus_Gastroesophageal_Junction	1.1409348249435425	8.749646016922039e-72
chr17:45585159-46292045	chr17_45585881_C_A_b38	rs1724390	ENSG00000204650.14	LINC02210	Esophagus_Gastroesophageal_Junction	1.2268480062484741	4.139799262301707e-134
chr17:45585159-46292045	chr17_45585881_C_A_b38	rs1724390	ENSG00000120088.15	CRHR1	Esophagus_Gastroesophageal_Junction	0.39593222737312317	4.919285926093548e-08
chr17:45585159-46292045	chr17_45585881_C_A_b38	rs1724390	ENSG00000214401.5	KANSL1-AS1	Esophagus_Gastroesophageal_Junction	1.1989597082138062	3.7289980074933896e-92
chr17:45585159-46292045	chr17_45585881_C_A_b38	rs1724390	ENSG00000262500.1	MAPK8IP1P1	Esophagus_Gastroesophageal_Junction	1.0789680480957031	5.484743242958719e-64
chr17:45585159-46292045	chr17_45585881_C_A_b38	rs1724390	ENSG00000262539.1	ENSG00000262539	Esophagus_Gastroesophageal_Junction	1.1801338195800781	2.7401732448562033e-78
chr17:45585159-46292045	chr17_45585881_C_A_b38	rs1724390	ENSG00000261575.3	ENSG00000261575	Esophagus_Gastroesophageal_Junction	0.9011613726615906	1.1689622599017906e-30
chr17:45585159-46292045	chr17_45585881_C_A_b38	rs1724390	ENSG00000176681.14	LRRC37A	Esophagus_Gastroesophageal_Junction	0.9616524577140808	4.0987983946946983e-53
chr17:45585159-46292045	chr17_45585881_C_A_b38	rs1724390	ENSG00000238083.8	LRRC37A2	Esophagus_Gastroesophageal_Junction	1.0313820838928223	3.036216619680935e-80
chr17:45585159-46292045	chr17_45585881_C_A_b38	rs1724390	ENSG00000232300.1	FAM215B	Esophagus_Gastroesophageal_Junction	0.41062062978744507	6.175877469647493e-07
chr17:45585159-46292045	chr17_45585881_C_A_b38	rs1724390	ENSG00000185829.18	ARL17A	Esophagus_Gastroesophageal_Junction	0.2958139181137085	4.855890564375643e-06
chr17:45585159-46292045	chr17_45585881_C_A_b38	rs1724390	ENSG00000225190.11	PLEKHM1	Brain_Hypothalamus	0.21122011542320251	5.213118565810881e-06
chr17:45585159-46292045	chr17_45585881_C_A_b38	rs1724390	ENSG00000214425.9	LRRC37A4P	Brain_Hypothalamus	-1.1450749635696411	8.326370557512595e-65
chr17:45585159-46292045	chr17_45585881_C_A_b38	rs1724390	ENSG00000264070.1	DND1P1	Brain_Hypothalamus	1.089072346687317	5.43006797549346e-35
chr17:45585159-46292045	chr17_45585881_C_A_b38	rs1724390	ENSG00000280022.1	ENSG00000280022	Brain_Hypothalamus	-0.5334203839302063	9.937505799730851e-09
chr17:45585159-46292045	chr17_45585881_C_A_b38	rs1724390	ENSG00000263503.1	MAPK8IP1P2	Brain_Hypothalamus	1.1655205488204956	7.40329549980524e-40
chr17:45585159-46292045	chr17_45585881_C_A_b38	rs1724390	ENSG00000204650.14	LINC02210	Brain_Hypothalamus	0.8368446230888367	3.8214598157983635e-53
chr17:45585159-46292045	chr17_45585881_C_A_b38	rs1724390	ENSG00000264589.5	MAPT-AS1	Brain_Hypothalamus	-0.21179132163524628	2.2335622744790636e-05
chr17:45585159-46292045	chr17_45585881_C_A_b38	rs1724390	ENSG00000279685.2	MAPT-IT1	Brain_Hypothalamus	0.18889017403125763	1.8807123751688934e-06
chr17:45585159-46292045	chr17_45585881_C_A_b38	rs1724390	ENSG00000214401.5	KANSL1-AS1	Brain_Hypothalamus	1.1112120151519775	1.839006498748497e-48
chr17:45585159-46292045	chr17_45585881_C_A_b38	rs1724390	ENSG00000262500.1	MAPK8IP1P1	Brain_Hypothalamus	1.0664418935775757	1.5744139518659265e-33
chr17:45585159-46292045	chr17_45585881_C_A_b38	rs1724390	ENSG00000262539.1	ENSG00000262539	Brain_Hypothalamus	1.1621840000152588	2.2730673113519896e-45
chr17:45585159-46292045	chr17_45585881_C_A_b38	rs1724390	ENSG00000261575.3	ENSG00000261575	Brain_Hypothalamus	0.9460813999176025	5.085413827474589e-25
chr17:45585159-46292045	chr17_45585881_C_A_b38	rs1724390	ENSG00000176681.14	LRRC37A	Brain_Hypothalamus	1.171184778213501	6.83041887069807e-57
chr17:45585159-46292045	chr17_45585881_C_A_b38	rs1724390	ENSG00000238083.8	LRRC37A2	Brain_Hypothalamus	1.2533562183380127	4.83811229137516e-59
chr17:45585159-46292045	chr17_45585881_C_A_b38	rs1724390	ENSG00000185829.18	ARL17A	Brain_Hypothalamus	1.0259324312210083	5.980024297221188e-37
chr17:45585159-46292045	chr17_45585881_C_A_b38	rs1724390	ENSG00000136448.13	NMT1	Adipose_Subcutaneous	-0.0864187628030777	0.0001187913688011998
chr17:45585159-46292045	chr17_45585881_C_A_b38	rs1724390	ENSG00000172992.13	DCAKD	Adipose_Subcutaneous	0.16473832726478577	3.198637413575136e-06
chr17:45585159-46292045	chr17_45585881_C_A_b38	rs1724390	ENSG00000225190.11	PLEKHM1	Adipose_Subcutaneous	0.15685608983039856	5.577657052597103e-09
chr17:45585159-46292045	chr17_45585881_C_A_b38	rs1724390	ENSG00000266918.1	ENSG00000266918	Adipose_Subcutaneous	0.3990074694156647	7.647059486843838e-11
chr17:45585159-46292045	chr17_45585881_C_A_b38	rs1724390	ENSG00000214425.9	LRRC37A4P	Adipose_Subcutaneous	-1.1337652206420898	7.504765478530072e-176
chr17:45585159-46292045	chr17_45585881_C_A_b38	rs1724390	ENSG00000264070.1	DND1P1	Adipose_Subcutaneous	1.2775206565856934	1.2613431111992808e-124
chr17:45585159-46292045	chr17_45585881_C_A_b38	rs1724390	ENSG00000280022.1	ENSG00000280022	Adipose_Subcutaneous	1.1180768013000488	2.464411527763807e-91
chr17:45585159-46292045	chr17_45585881_C_A_b38	rs1724390	ENSG00000263503.1	MAPK8IP1P2	Adipose_Subcutaneous	1.1898785829544067	1.917841854288833e-139
chr17:45585159-46292045	chr17_45585881_C_A_b38	rs1724390	ENSG00000204650.14	LINC02210	Adipose_Subcutaneous	1.3153696060180664	6.264291919627111e-242
chr17:45585159-46292045	chr17_45585881_C_A_b38	rs1724390	ENSG00000120088.15	CRHR1	Adipose_Subcutaneous	0.5429874062538147	2.6524072092092632e-25
chr17:45585159-46292045	chr17_45585881_C_A_b38	rs1724390	ENSG00000186868.17	MAPT	Adipose_Subcutaneous	0.12930747866630554	1.9625101025174137e-06
chr17:45585159-46292045	chr17_45585881_C_A_b38	rs1724390	ENSG00000214401.5	KANSL1-AS1	Adipose_Subcutaneous	1.1952587366104126	6.46574363290875e-146
chr17:45585159-46292045	chr17_45585881_C_A_b38	rs1724390	ENSG00000120071.15	KANSL1	Adipose_Subcutaneous	0.2793205678462982	5.943616296825177e-11
chr17:45585159-46292045	chr17_45585881_C_A_b38	rs1724390	ENSG00000262539.1	ENSG00000262539	Adipose_Subcutaneous	1.2433329820632935	6.485868110516316e-149
chr17:45585159-46292045	chr17_45585881_C_A_b38	rs1724390	ENSG00000261575.3	ENSG00000261575	Adipose_Subcutaneous	0.5742607116699219	9.028946223712293e-26
chr17:45585159-46292045	chr17_45585881_C_A_b38	rs1724390	ENSG00000176681.14	LRRC37A	Adipose_Subcutaneous	1.134050965309143	9.125836940531804e-108
chr17:45585159-46292045	chr17_45585881_C_A_b38	rs1724390	ENSG00000238083.8	LRRC37A2	Adipose_Subcutaneous	1.1881768703460693	6.505754844749734e-151
chr17:45585159-46292045	chr17_45585881_C_A_b38	rs1724390	ENSG00000185829.18	ARL17A	Adipose_Subcutaneous	0.38686367869377136	8.990143375232683e-13
chr17:45585159-46292045	chr17_45585881_C_A_b38	rs1724390	ENSG00000136448.13	NMT1	Thyroid	-0.12124566733837128	4.346470134466409e-06
chr17:45585159-46292045	chr17_45585881_C_A_b38	rs1724390	ENSG00000181513.15	ACBD4	Thyroid	-0.0903925821185112	8.67634798093753e-05
chr17:45585159-46292045	chr17_45585881_C_A_b38	rs1724390	ENSG00000266918.1	ENSG00000266918	Thyroid	0.5226788520812988	6.567159936117513e-18
chr17:45585159-46292045	chr17_45585881_C_A_b38	rs1724390	ENSG00000131484.4	ENSG00000131484	Thyroid	-0.23951803147792816	0.00010026451000020704
chr17:45585159-46292045	chr17_45585881_C_A_b38	rs1724390	ENSG00000214425.9	LRRC37A4P	Thyroid	-1.268622875213623	4.993184810399831e-210
chr17:45585159-46292045	chr17_45585881_C_A_b38	rs1724390	ENSG00000264070.1	DND1P1	Thyroid	1.1151326894760132	3.8577066368355126e-101
chr17:45585159-46292045	chr17_45585881_C_A_b38	rs1724390	ENSG00000285668.1	ENSG00000285668	Thyroid	1.1471576690673828	1.9132876069890508e-119
chr17:45585159-46292045	chr17_45585881_C_A_b38	rs1724390	ENSG00000280022.1	ENSG00000280022	Thyroid	0.7682963013648987	8.802682315064397e-44
chr17:45585159-46292045	chr17_45585881_C_A_b38	rs1724390	ENSG00000263503.1	MAPK8IP1P2	Thyroid	1.1784061193466187	5.519718839685194e-124
chr17:45585159-46292045	chr17_45585881_C_A_b38	rs1724390	ENSG00000204650.14	LINC02210	Thyroid	0.9801236391067505	3.503040500036051e-198
chr17:45585159-46292045	chr17_45585881_C_A_b38	rs1724390	ENSG00000120088.15	CRHR1	Thyroid	-0.2168099582195282	3.098258938805869e-07
chr17:45585159-46292045	chr17_45585881_C_A_b38	rs1724390	ENSG00000186868.17	MAPT	Thyroid	-0.17566460371017456	3.487506791707976e-05
chr17:45585159-46292045	chr17_45585881_C_A_b38	rs1724390	ENSG00000262372.1	ENSG00000262372	Thyroid	-0.14031930267810822	0.00043997620899595527
chr17:45585159-46292045	chr17_45585881_C_A_b38	rs1724390	ENSG00000214401.5	KANSL1-AS1	Thyroid	1.0655088424682617	3.6165914862508446e-129
chr17:45585159-46292045	chr17_45585881_C_A_b38	rs1724390	ENSG00000262500.1	MAPK8IP1P1	Thyroid	1.1026195287704468	1.0930614719226617e-117
chr17:45585159-46292045	chr17_45585881_C_A_b38	rs1724390	ENSG00000262539.1	ENSG00000262539	Thyroid	1.2545578479766846	2.838732920841141e-132
chr17:45585159-46292045	chr17_45585881_C_A_b38	rs1724390	ENSG00000261575.3	ENSG00000261575	Thyroid	0.6711490750312805	8.964935562572597e-33
chr17:45585159-46292045	chr17_45585881_C_A_b38	rs1724390	ENSG00000176681.14	LRRC37A	Thyroid	0.8278400301933289	2.3763000094923787e-50
chr17:45585159-46292045	chr17_45585881_C_A_b38	rs1724390	ENSG00000238083.8	LRRC37A2	Thyroid	1.038910984992981	4.643194324652827e-129
chr17:45585159-46292045	chr17_45585881_C_A_b38	rs1724390	ENSG00000232300.1	FAM215B	Thyroid	0.6507787704467773	2.667989959969132e-28
chr17:45585159-46292045	chr17_45585881_C_A_b38	rs1724390	ENSG00000185829.18	ARL17A	Thyroid	0.5721725821495056	2.6926449165790133e-30
chr17:45585159-46292045	chr17_45585881_C_A_b38	rs1724390	ENSG00000266918.1	ENSG00000266918	Uterus	0.67640620470047	8.541654230710143e-07
chr17:45585159-46292045	chr17_45585881_C_A_b38	rs1724390	ENSG00000214425.9	LRRC37A4P	Uterus	-1.2744083404541016	1.5640368385403116e-28
chr17:45585159-46292045	chr17_45585881_C_A_b38	rs1724390	ENSG00000264070.1	DND1P1	Uterus	1.0492300987243652	1.9199226527591093e-18
chr17:45585159-46292045	chr17_45585881_C_A_b38	rs1724390	ENSG00000285668.1	ENSG00000285668	Uterus	1.199140191078186	3.4821566329219323e-32
chr17:45585159-46292045	chr17_45585881_C_A_b38	rs1724390	ENSG00000280022.1	ENSG00000280022	Uterus	0.9611709713935852	1.4660287769617877e-17
chr17:45585159-46292045	chr17_45585881_C_A_b38	rs1724390	ENSG00000263503.1	MAPK8IP1P2	Uterus	1.0324485301971436	4.936480534089406e-21
chr17:45585159-46292045	chr17_45585881_C_A_b38	rs1724390	ENSG00000204650.14	LINC02210	Uterus	1.1115130186080933	6.063981893969456e-44
chr17:45585159-46292045	chr17_45585881_C_A_b38	rs1724390	ENSG00000214401.5	KANSL1-AS1	Uterus	1.2197659015655518	2.403899418709394e-29
chr17:45585159-46292045	chr17_45585881_C_A_b38	rs1724390	ENSG00000262500.1	MAPK8IP1P1	Uterus	0.9691016674041748	1.0478798445800255e-18
chr17:45585159-46292045	chr17_45585881_C_A_b38	rs1724390	ENSG00000262539.1	ENSG00000262539	Uterus	1.2231172323226929	1.6752433762582246e-26
chr17:45585159-46292045	chr17_45585881_C_A_b38	rs1724390	ENSG00000261575.3	ENSG00000261575	Uterus	0.968352735042572	1.7579693650258194e-15
chr17:45585159-46292045	chr17_45585881_C_A_b38	rs1724390	ENSG00000176681.14	LRRC37A	Uterus	0.8906912207603455	2.6928471269593036e-18
chr17:45585159-46292045	chr17_45585881_C_A_b38	rs1724390	ENSG00000238083.8	LRRC37A2	Uterus	0.8948945999145508	8.987970938815554e-22
chr17:45585159-46292045	chr17_45585881_C_A_b38	rs1724390	ENSG00000185829.18	ARL17A	Uterus	0.4675193428993225	4.674862060555285e-05
chr17:45585159-46292045	chr17_45585881_C_A_b38	rs1724390	ENSG00000214425.9	LRRC37A4P	Bladder	-1.2372459173202515	3.853024745239596e-20
chr17:45585159-46292045	chr17_45585881_C_A_b38	rs1724390	ENSG00000264070.1	DND1P1	Bladder	0.906025767326355	6.70657416615851e-11
chr17:45585159-46292045	chr17_45585881_C_A_b38	rs1724390	ENSG00000285668.1	ENSG00000285668	Bladder	1.0036355257034302	1.8441921386146842e-13
chr17:45585159-46292045	chr17_45585881_C_A_b38	rs1724390	ENSG00000280022.1	ENSG00000280022	Bladder	0.8641669154167175	1.2881463506361954e-07
chr17:45585159-46292045	chr17_45585881_C_A_b38	rs1724390	ENSG00000263503.1	MAPK8IP1P2	Bladder	1.009181261062622	3.3223984274313173e-13
chr17:45585159-46292045	chr17_45585881_C_A_b38	rs1724390	ENSG00000204650.14	LINC02210	Bladder	1.1749204397201538	7.135225463412563e-25
chr17:45585159-46292045	chr17_45585881_C_A_b38	rs1724390	ENSG00000214401.5	KANSL1-AS1	Bladder	1.043792963027954	9.15881191585969e-13
chr17:45585159-46292045	chr17_45585881_C_A_b38	rs1724390	ENSG00000262500.1	MAPK8IP1P1	Bladder	0.9511767029762268	6.786230991973182e-12
chr17:45585159-46292045	chr17_45585881_C_A_b38	rs1724390	ENSG00000262539.1	ENSG00000262539	Bladder	1.0367809534072876	1.6361633295049148e-11
chr17:45585159-46292045	chr17_45585881_C_A_b38	rs1724390	ENSG00000261575.3	ENSG00000261575	Bladder	0.886829674243927	5.444479412769761e-09
chr17:45585159-46292045	chr17_45585881_C_A_b38	rs1724390	ENSG00000176681.14	LRRC37A	Bladder	1.0204991102218628	1.2253157142950665e-13
chr17:45585159-46292045	chr17_45585881_C_A_b38	rs1724390	ENSG00000238083.8	LRRC37A2	Bladder	0.9350970983505249	2.1695868827557102e-14
chr17:45585159-46292045	chr17_45585881_C_A_b38	rs1724390	ENSG00000279879.1	ENSG00000279879	Heart_Left_Ventricle	-0.23165100812911987	3.7588102735876704e-05
chr17:45585159-46292045	chr17_45585881_C_A_b38	rs1724390	ENSG00000214425.9	LRRC37A4P	Heart_Left_Ventricle	-1.1117991209030151	6.996881682639235e-82
chr17:45585159-46292045	chr17_45585881_C_A_b38	rs1724390	ENSG00000264070.1	DND1P1	Heart_Left_Ventricle	1.233628749847412	5.8773514759225505e-64
chr17:45585159-46292045	chr17_45585881_C_A_b38	rs1724390	ENSG00000280022.1	ENSG00000280022	Heart_Left_Ventricle	0.9662734866142273	3.139500106509659e-38
chr17:45585159-46292045	chr17_45585881_C_A_b38	rs1724390	ENSG00000263503.1	MAPK8IP1P2	Heart_Left_Ventricle	1.1597590446472168	2.7909051206936706e-83
chr17:45585159-46292045	chr17_45585881_C_A_b38	rs1724390	ENSG00000204650.14	LINC02210	Heart_Left_Ventricle	1.157141089439392	6.067870804418925e-102
chr17:45585159-46292045	chr17_45585881_C_A_b38	rs1724390	ENSG00000186868.17	MAPT	Heart_Left_Ventricle	-0.4944639503955841	6.453362493324565e-21
chr17:45585159-46292045	chr17_45585881_C_A_b38	rs1724390	ENSG00000214401.5	KANSL1-AS1	Heart_Left_Ventricle	1.1590405702590942	1.5461145153141907e-77
chr17:45585159-46292045	chr17_45585881_C_A_b38	rs1724390	ENSG00000262539.1	ENSG00000262539	Heart_Left_Ventricle	1.1969890594482422	6.958046433470934e-77
chr17:45585159-46292045	chr17_45585881_C_A_b38	rs1724390	ENSG00000261575.3	ENSG00000261575	Heart_Left_Ventricle	0.529538631439209	3.3586236959623045e-13
chr17:45585159-46292045	chr17_45585881_C_A_b38	rs1724390	ENSG00000176681.14	LRRC37A	Heart_Left_Ventricle	0.81296706199646	1.5856064927766267e-32
chr17:45585159-46292045	chr17_45585881_C_A_b38	rs1724390	ENSG00000238083.8	LRRC37A2	Heart_Left_Ventricle	0.9682544469833374	6.651450079794843e-64
chr17:45585159-46292045	chr17_45585881_C_A_b38	rs1724390	ENSG00000185829.18	ARL17A	Heart_Left_Ventricle	0.493775337934494	6.790751862965486e-14
chr17:45585159-46292045	chr17_45585881_C_A_b38	rs1724390	ENSG00000131095.14	GFAP	Testis	0.35095828771591187	2.599002358445771e-05
chr17:45585159-46292045	chr17_45585881_C_A_b38	rs1724390	ENSG00000159314.12	ARHGAP27	Testis	-0.28479230403900146	2.3675975655255597e-09
chr17:45585159-46292045	chr17_45585881_C_A_b38	rs1724390	ENSG00000225190.11	PLEKHM1	Testis	-0.31674841046333313	2.274136499546518e-10
chr17:45585159-46292045	chr17_45585881_C_A_b38	rs1724390	ENSG00000214425.9	LRRC37A4P	Testis	-1.0350216627120972	8.087409294787506e-74
chr17:45585159-46292045	chr17_45585881_C_A_b38	rs1724390	ENSG00000285668.1	ENSG00000285668	Testis	1.1728324890136719	1.1767654428678915e-54
chr17:45585159-46292045	chr17_45585881_C_A_b38	rs1724390	ENSG00000280022.1	ENSG00000280022	Testis	1.0534981489181519	7.061455448674911e-43
chr17:45585159-46292045	chr17_45585881_C_A_b38	rs1724390	ENSG00000263503.1	MAPK8IP1P2	Testis	0.9886972308158875	1.1650425197502607e-94
chr17:45585159-46292045	chr17_45585881_C_A_b38	rs1724390	ENSG00000204652.6	RPS26P8	Testis	0.21296145021915436	1.742891997338839e-10
chr17:45585159-46292045	chr17_45585881_C_A_b38	rs1724390	ENSG00000204650.14	LINC02210	Testis	0.6885945200920105	2.1427454878744942e-84
chr17:45585159-46292045	chr17_45585881_C_A_b38	rs1724390	ENSG00000265964.1	ENSG00000265964	Testis	-0.3597349226474762	1.1685952073120422e-11
chr17:45585159-46292045	chr17_45585881_C_A_b38	rs1724390	ENSG00000185294.7	SPPL2C	Testis	0.10615112632513046	2.135838574908832e-05
chr17:45585159-46292045	chr17_45585881_C_A_b38	rs1724390	ENSG00000186868.17	MAPT	Testis	1.1678122282028198	1.371645754837611e-132
chr17:45585159-46292045	chr17_45585881_C_A_b38	rs1724390	ENSG00000279685.2	MAPT-IT1	Testis	0.4047446548938751	3.615869589677137e-13
chr17:45585159-46292045	chr17_45585881_C_A_b38	rs1724390	ENSG00000262372.1	ENSG00000262372	Testis	-0.31728196144104004	1.7294157003005052e-06
chr17:45585159-46292045	chr17_45585881_C_A_b38	rs1724390	ENSG00000214401.5	KANSL1-AS1	Testis	1.2356027364730835	2.507226693300793e-69
chr17:45585159-46292045	chr17_45585881_C_A_b38	rs1724390	ENSG00000262500.1	MAPK8IP1P1	Testis	1.3017597198486328	2.947715123552925e-77
chr17:45585159-46292045	chr17_45585881_C_A_b38	rs1724390	ENSG00000262539.1	ENSG00000262539	Testis	1.3576968908309937	2.6921487628781214e-83
chr17:45585159-46292045	chr17_45585881_C_A_b38	rs1724390	ENSG00000261575.3	ENSG00000261575	Testis	1.2766578197479248	7.906163568117182e-83
chr17:45585159-46292045	chr17_45585881_C_A_b38	rs1724390	ENSG00000228696.10	ARL17B	Testis	0.9320236444473267	8.088612092163091e-27
chr17:45585159-46292045	chr17_45585881_C_A_b38	rs1724390	ENSG00000238083.8	LRRC37A2	Testis	0.27607396245002747	0.00013112682532339517
chr17:45585159-46292045	chr17_45585881_C_A_b38	rs1724390	ENSG00000185829.18	ARL17A	Testis	0.3757866322994232	7.937499261942422e-07
chr17:45585159-46292045	chr17_45585881_C_A_b38	rs1724390	ENSG00000159314.12	ARHGAP27	Brain_Caudate_basal_ganglia	0.21016795933246613	1.1898816886474333e-09
chr17:45585159-46292045	chr17_45585881_C_A_b38	rs1724390	ENSG00000225190.11	PLEKHM1	Brain_Caudate_basal_ganglia	0.35131844878196716	3.2403641436448444e-13
chr17:45585159-46292045	chr17_45585881_C_A_b38	rs1724390	ENSG00000266918.1	ENSG00000266918	Brain_Caudate_basal_ganglia	0.46462687849998474	1.5148644143936107e-06
chr17:45585159-46292045	chr17_45585881_C_A_b38	rs1724390	ENSG00000214425.9	LRRC37A4P	Brain_Caudate_basal_ganglia	-1.0328227281570435	1.0109432073536722e-66
chr17:45585159-46292045	chr17_45585881_C_A_b38	rs1724390	ENSG00000264070.1	DND1P1	Brain_Caudate_basal_ganglia	1.109205722808838	1.8419050903430112e-40
chr17:45585159-46292045	chr17_45585881_C_A_b38	rs1724390	ENSG00000263503.1	MAPK8IP1P2	Brain_Caudate_basal_ganglia	1.1389997005462646	2.5045684690840653e-41
chr17:45585159-46292045	chr17_45585881_C_A_b38	rs1724390	ENSG00000204650.14	LINC02210	Brain_Caudate_basal_ganglia	0.8510836958885193	3.333550902481423e-53
chr17:45585159-46292045	chr17_45585881_C_A_b38	rs1724390	ENSG00000120088.15	CRHR1	Brain_Caudate_basal_ganglia	-0.2727856934070587	1.223247115427707e-07
chr17:45585159-46292045	chr17_45585881_C_A_b38	rs1724390	ENSG00000186868.17	MAPT	Brain_Caudate_basal_ganglia	0.17640897631645203	4.619368869479787e-05
chr17:45585159-46292045	chr17_45585881_C_A_b38	rs1724390	ENSG00000214401.5	KANSL1-AS1	Brain_Caudate_basal_ganglia	1.1120587587356567	2.5773082563468806e-52
chr17:45585159-46292045	chr17_45585881_C_A_b38	rs1724390	ENSG00000120071.15	KANSL1	Brain_Caudate_basal_ganglia	0.25842949748039246	6.877355814271229e-06
chr17:45585159-46292045	chr17_45585881_C_A_b38	rs1724390	ENSG00000262500.1	MAPK8IP1P1	Brain_Caudate_basal_ganglia	1.1815742254257202	1.3076044739569976e-43
chr17:45585159-46292045	chr17_45585881_C_A_b38	rs1724390	ENSG00000262539.1	ENSG00000262539	Brain_Caudate_basal_ganglia	1.2276827096939087	1.5787708124148492e-54
chr17:45585159-46292045	chr17_45585881_C_A_b38	rs1724390	ENSG00000261575.3	ENSG00000261575	Brain_Caudate_basal_ganglia	1.0236761569976807	1.1782740340263609e-31
chr17:45585159-46292045	chr17_45585881_C_A_b38	rs1724390	ENSG00000176681.14	LRRC37A	Brain_Caudate_basal_ganglia	1.1986415386199951	1.4359547985637753e-54
chr17:45585159-46292045	chr17_45585881_C_A_b38	rs1724390	ENSG00000238083.8	LRRC37A2	Brain_Caudate_basal_ganglia	1.1379960775375366	3.5463412545745313e-50
chr17:45585159-46292045	chr17_45585881_C_A_b38	rs1724390	ENSG00000185829.18	ARL17A	Brain_Caudate_basal_ganglia	0.803834080696106	2.8672818010452394e-22
chr17:45585159-46292045	chr17_45585881_C_A_b38	rs1724390	ENSG00000225190.11	PLEKHM1	Muscle_Skeletal	0.3070280849933624	4.4487621174132856e-39
chr17:45585159-46292045	chr17_45585881_C_A_b38	rs1724390	ENSG00000266918.1	ENSG00000266918	Muscle_Skeletal	0.5543966889381409	1.7440005774317378e-25
chr17:45585159-46292045	chr17_45585881_C_A_b38	rs1724390	ENSG00000214425.9	LRRC37A4P	Muscle_Skeletal	-0.6721612215042114	7.345404719641645e-41
chr17:45585159-46292045	chr17_45585881_C_A_b38	rs1724390	ENSG00000264070.1	DND1P1	Muscle_Skeletal	1.2638318538665771	1.002359756244251e-162
chr17:45585159-46292045	chr17_45585881_C_A_b38	rs1724390	ENSG00000280022.1	ENSG00000280022	Muscle_Skeletal	1.1329233646392822	3.162290708172884e-118
chr17:45585159-46292045	chr17_45585881_C_A_b38	rs1724390	ENSG00000263503.1	MAPK8IP1P2	Muscle_Skeletal	1.1820976734161377	5.322313259238176e-175
chr17:45585159-46292045	chr17_45585881_C_A_b38	rs1724390	ENSG00000204650.14	LINC02210	Muscle_Skeletal	0.8523600101470947	1.4117032322664908e-164
chr17:45585159-46292045	chr17_45585881_C_A_b38	rs1724390	ENSG00000120088.15	CRHR1	Muscle_Skeletal	0.24715158343315125	4.6914515592610224e-08
chr17:45585159-46292045	chr17_45585881_C_A_b38	rs1724390	ENSG00000264589.5	MAPT-AS1	Muscle_Skeletal	-0.40494051575660706	2.9109782961603904e-19
chr17:45585159-46292045	chr17_45585881_C_A_b38	rs1724390	ENSG00000214401.5	KANSL1-AS1	Muscle_Skeletal	1.2256779670715332	1.8987510713590651e-177
chr17:45585159-46292045	chr17_45585881_C_A_b38	rs1724390	ENSG00000120071.15	KANSL1	Muscle_Skeletal	0.3952886760234833	1.0809894577259235e-24
chr17:45585159-46292045	chr17_45585881_C_A_b38	rs1724390	ENSG00000262539.1	ENSG00000262539	Muscle_Skeletal	1.233635663986206	3.5438568150074235e-146
chr17:45585159-46292045	chr17_45585881_C_A_b38	rs1724390	ENSG00000261575.3	ENSG00000261575	Muscle_Skeletal	0.296800434589386	1.570628082543828e-12
chr17:45585159-46292045	chr17_45585881_C_A_b38	rs1724390	ENSG00000176681.14	LRRC37A	Muscle_Skeletal	0.9781243801116943	7.087355985761138e-75
chr17:45585159-46292045	chr17_45585881_C_A_b38	rs1724390	ENSG00000238083.8	LRRC37A2	Muscle_Skeletal	0.960580587387085	6.114961006035135e-83
chr17:45585159-46292045	chr17_45585881_C_A_b38	rs1724390	ENSG00000185829.18	ARL17A	Muscle_Skeletal	0.48951032757759094	3.8034843933840074e-25
chr17:45585159-46292045	chr17_45585881_C_A_b38	rs1724390	ENSG00000172992.13	DCAKD	Artery_Tibial	0.16650402545928955	3.576743936588672e-05
chr17:45585159-46292045	chr17_45585881_C_A_b38	rs1724390	ENSG00000225190.11	PLEKHM1	Artery_Tibial	0.09067533910274506	3.622892750633415e-05
chr17:45585159-46292045	chr17_45585881_C_A_b38	rs1724390	ENSG00000266918.1	ENSG00000266918	Artery_Tibial	0.42301151156425476	1.217336160074105e-12
chr17:45585159-46292045	chr17_45585881_C_A_b38	rs1724390	ENSG00000214425.9	LRRC37A4P	Artery_Tibial	-1.0399630069732666	7.647444931992146e-122
chr17:45585159-46292045	chr17_45585881_C_A_b38	rs1724390	ENSG00000264070.1	DND1P1	Artery_Tibial	1.2307698726654053	3.628845378394432e-113
chr17:45585159-46292045	chr17_45585881_C_A_b38	rs1724390	ENSG00000285668.1	ENSG00000285668	Artery_Tibial	1.2019705772399902	2.0706064774182992e-188
chr17:45585159-46292045	chr17_45585881_C_A_b38	rs1724390	ENSG00000280022.1	ENSG00000280022	Artery_Tibial	1.1221201419830322	8.860544716608441e-98
chr17:45585159-46292045	chr17_45585881_C_A_b38	rs1724390	ENSG00000263503.1	MAPK8IP1P2	Artery_Tibial	1.1668314933776855	5.31812874305597e-129
chr17:45585159-46292045	chr17_45585881_C_A_b38	rs1724390	ENSG00000204650.14	LINC02210	Artery_Tibial	1.328593373298645	4.8245984282874755e-220
chr17:45585159-46292045	chr17_45585881_C_A_b38	rs1724390	ENSG00000186868.17	MAPT	Artery_Tibial	-0.21002469956874847	7.352748109259021e-09
chr17:45585159-46292045	chr17_45585881_C_A_b38	rs1724390	ENSG00000214401.5	KANSL1-AS1	Artery_Tibial	1.1919273138046265	7.189189033117591e-161
chr17:45585159-46292045	chr17_45585881_C_A_b38	rs1724390	ENSG00000120071.15	KANSL1	Artery_Tibial	0.21031717956066132	1.936501430589814e-06
chr17:45585159-46292045	chr17_45585881_C_A_b38	rs1724390	ENSG00000262539.1	ENSG00000262539	Artery_Tibial	1.2198582887649536	1.5899549241475487e-150
chr17:45585159-46292045	chr17_45585881_C_A_b38	rs1724390	ENSG00000261575.3	ENSG00000261575	Artery_Tibial	0.5263341665267944	4.5276761443929494e-18
chr17:45585159-46292045	chr17_45585881_C_A_b38	rs1724390	ENSG00000176681.14	LRRC37A	Artery_Tibial	1.0765007734298706	1.4109213101889149e-102
chr17:45585159-46292045	chr17_45585881_C_A_b38	rs1724390	ENSG00000238083.8	LRRC37A2	Artery_Tibial	1.1258901357650757	2.3117568418302345e-130
chr17:45585159-46292045	chr17_45585881_C_A_b38	rs1724390	ENSG00000185829.18	ARL17A	Artery_Tibial	0.2550547122955322	2.319887323865281e-07
chr17:45585159-46292045	chr17_45585881_C_A_b38	rs1724390	ENSG00000214425.9	LRRC37A4P	Brain_Substantia_nigra	-1.0968928337097168	1.3769166101039704e-35
chr17:45585159-46292045	chr17_45585881_C_A_b38	rs1724390	ENSG00000264070.1	DND1P1	Brain_Substantia_nigra	1.0199247598648071	1.2775216809035682e-20
chr17:45585159-46292045	chr17_45585881_C_A_b38	rs1724390	ENSG00000263503.1	MAPK8IP1P2	Brain_Substantia_nigra	1.1792064905166626	6.622860951487188e-23
chr17:45585159-46292045	chr17_45585881_C_A_b38	rs1724390	ENSG00000204650.14	LINC02210	Brain_Substantia_nigra	0.9032886028289795	1.3472461431837183e-35
chr17:45585159-46292045	chr17_45585881_C_A_b38	rs1724390	ENSG00000279685.2	MAPT-IT1	Brain_Substantia_nigra	0.30558687448501587	1.4364452805145988e-06
chr17:45585159-46292045	chr17_45585881_C_A_b38	rs1724390	ENSG00000214401.5	KANSL1-AS1	Brain_Substantia_nigra	0.958392858505249	1.4821450681669205e-27
chr17:45585159-46292045	chr17_45585881_C_A_b38	rs1724390	ENSG00000262500.1	MAPK8IP1P1	Brain_Substantia_nigra	1.1188856363296509	5.763519129513946e-23
chr17:45585159-46292045	chr17_45585881_C_A_b38	rs1724390	ENSG00000262539.1	ENSG00000262539	Brain_Substantia_nigra	1.0464755296707153	3.519382698380494e-22
chr17:45585159-46292045	chr17_45585881_C_A_b38	rs1724390	ENSG00000261575.3	ENSG00000261575	Brain_Substantia_nigra	0.7576612830162048	9.040615811313256e-12
chr17:45585159-46292045	chr17_45585881_C_A_b38	rs1724390	ENSG00000176681.14	LRRC37A	Brain_Substantia_nigra	1.228932499885559	4.995660383999419e-34
chr17:45585159-46292045	chr17_45585881_C_A_b38	rs1724390	ENSG00000238083.8	LRRC37A2	Brain_Substantia_nigra	1.121782660484314	1.0968685887575602e-33
chr17:45585159-46292045	chr17_45585881_C_A_b38	rs1724390	ENSG00000185829.18	ARL17A	Brain_Substantia_nigra	0.5529405474662781	9.306592436658623e-08
chr17:45585159-46292045	chr17_45585881_C_A_b38	rs1724390	ENSG00000214425.9	LRRC37A4P	Prostate	-1.0564361810684204	1.1561722541466265e-67
chr17:45585159-46292045	chr17_45585881_C_A_b38	rs1724390	ENSG00000264070.1	DND1P1	Prostate	1.15035879611969	1.6430537659925445e-51
chr17:45585159-46292045	chr17_45585881_C_A_b38	rs1724390	ENSG00000285668.1	ENSG00000285668	Prostate	1.2118074893951416	1.4547502225799695e-56
chr17:45585159-46292045	chr17_45585881_C_A_b38	rs1724390	ENSG00000280022.1	ENSG00000280022	Prostate	0.5827139019966125	1.1777135342499065e-14
chr17:45585159-46292045	chr17_45585881_C_A_b38	rs1724390	ENSG00000263503.1	MAPK8IP1P2	Prostate	1.1811906099319458	1.0701663590073038e-48
chr17:45585159-46292045	chr17_45585881_C_A_b38	rs1724390	ENSG00000204650.14	LINC02210	Prostate	1.1905823945999146	2.3978234715307787e-93
chr17:45585159-46292045	chr17_45585881_C_A_b38	rs1724390	ENSG00000186868.17	MAPT	Prostate	-0.23947684466838837	4.3370989019409496e-07
chr17:45585159-46292045	chr17_45585881_C_A_b38	rs1724390	ENSG00000214401.5	KANSL1-AS1	Prostate	1.144219994544983	3.141379337168443e-53
chr17:45585159-46292045	chr17_45585881_C_A_b38	rs1724390	ENSG00000262500.1	MAPK8IP1P1	Prostate	1.1436219215393066	5.165773460051737e-47
chr17:45585159-46292045	chr17_45585881_C_A_b38	rs1724390	ENSG00000262539.1	ENSG00000262539	Prostate	1.2465449571609497	6.710738502511281e-56
chr17:45585159-46292045	chr17_45585881_C_A_b38	rs1724390	ENSG00000261575.3	ENSG00000261575	Prostate	1.0264335870742798	5.529231095973609e-29
chr17:45585159-46292045	chr17_45585881_C_A_b38	rs1724390	ENSG00000176681.14	LRRC37A	Prostate	1.037196397781372	7.317458824927356e-39
chr17:45585159-46292045	chr17_45585881_C_A_b38	rs1724390	ENSG00000238083.8	LRRC37A2	Prostate	1.056699514389038	3.2130727632243944e-45
chr17:45585159-46292045	chr17_45585881_C_A_b38	rs1724390	ENSG00000232300.1	FAM215B	Prostate	0.5696878433227539	3.922036483694512e-08
chr17:45585159-46292045	chr17_45585881_C_A_b38	rs1724390	ENSG00000185829.18	ARL17A	Prostate	0.4336611032485962	3.9459467314400153e-07
chr17:45585159-46292045	chr17_45585881_C_A_b38	rs1724390	ENSG00000225190.11	PLEKHM1	Brain_Hippocampus	0.20559243857860565	7.384333752700218e-06
chr17:45585159-46292045	chr17_45585881_C_A_b38	rs1724390	ENSG00000214425.9	LRRC37A4P	Brain_Hippocampus	-1.020603060722351	1.328149100049034e-58
chr17:45585159-46292045	chr17_45585881_C_A_b38	rs1724390	ENSG00000264070.1	DND1P1	Brain_Hippocampus	1.1617741584777832	1.7450595297857444e-39
chr17:45585159-46292045	chr17_45585881_C_A_b38	rs1724390	ENSG00000263503.1	MAPK8IP1P2	Brain_Hippocampus	1.2336853742599487	9.365616111461215e-46
chr17:45585159-46292045	chr17_45585881_C_A_b38	rs1724390	ENSG00000204650.14	LINC02210	Brain_Hippocampus	0.7869069576263428	1.0660558539330493e-47
chr17:45585159-46292045	chr17_45585881_C_A_b38	rs1724390	ENSG00000120088.15	CRHR1	Brain_Hippocampus	-0.20257842540740967	8.62982633953929e-07
chr17:45585159-46292045	chr17_45585881_C_A_b38	rs1724390	ENSG00000214401.5	KANSL1-AS1	Brain_Hippocampus	1.1335335969924927	1.845064453084171e-46
chr17:45585159-46292045	chr17_45585881_C_A_b38	rs1724390	ENSG00000120071.15	KANSL1	Brain_Hippocampus	0.24442462623119354	7.446166670354501e-05
chr17:45585159-46292045	chr17_45585881_C_A_b38	rs1724390	ENSG00000262500.1	MAPK8IP1P1	Brain_Hippocampus	1.1871709823608398	8.030083913727619e-44
chr17:45585159-46292045	chr17_45585881_C_A_b38	rs1724390	ENSG00000262539.1	ENSG00000262539	Brain_Hippocampus	1.1307681798934937	4.737342575931149e-41
chr17:45585159-46292045	chr17_45585881_C_A_b38	rs1724390	ENSG00000261575.3	ENSG00000261575	Brain_Hippocampus	0.7905510663986206	1.463947578293677e-19
chr17:45585159-46292045	chr17_45585881_C_A_b38	rs1724390	ENSG00000176681.14	LRRC37A	Brain_Hippocampus	1.12722909450531	4.728830795012052e-51
chr17:45585159-46292045	chr17_45585881_C_A_b38	rs1724390	ENSG00000238083.8	LRRC37A2	Brain_Hippocampus	1.1090980768203735	1.2321222103333823e-50
chr17:45585159-46292045	chr17_45585881_C_A_b38	rs1724390	ENSG00000185829.18	ARL17A	Brain_Hippocampus	0.6458284258842468	1.242763597599583e-14
chr17:45585159-46292045	chr17_45585881_C_A_b38	rs1724390	ENSG00000225190.11	PLEKHM1	Brain_Frontal_Cortex_BA9	0.31725963950157166	1.6082916385725182e-10
chr17:45585159-46292045	chr17_45585881_C_A_b38	rs1724390	ENSG00000266918.1	ENSG00000266918	Brain_Frontal_Cortex_BA9	0.5834342837333679	1.1027504925670875e-10
chr17:45585159-46292045	chr17_45585881_C_A_b38	rs1724390	ENSG00000214425.9	LRRC37A4P	Brain_Frontal_Cortex_BA9	-1.086316466331482	1.6442648112976245e-63
chr17:45585159-46292045	chr17_45585881_C_A_b38	rs1724390	ENSG00000264070.1	DND1P1	Brain_Frontal_Cortex_BA9	1.036868929862976	3.5003467402099194e-35
chr17:45585159-46292045	chr17_45585881_C_A_b38	rs1724390	ENSG00000263503.1	MAPK8IP1P2	Brain_Frontal_Cortex_BA9	1.1618229150772095	1.7716894583267824e-44
chr17:45585159-46292045	chr17_45585881_C_A_b38	rs1724390	ENSG00000204650.14	LINC02210	Brain_Frontal_Cortex_BA9	0.5291769504547119	5.397753100385461e-40
chr17:45585159-46292045	chr17_45585881_C_A_b38	rs1724390	ENSG00000120088.15	CRHR1	Brain_Frontal_Cortex_BA9	0.17937853932380676	4.278844231213551e-08
chr17:45585159-46292045	chr17_45585881_C_A_b38	rs1724390	ENSG00000185294.7	SPPL2C	Brain_Frontal_Cortex_BA9	0.36292019486427307	6.092969465870566e-07
chr17:45585159-46292045	chr17_45585881_C_A_b38	rs1724390	ENSG00000264589.5	MAPT-AS1	Brain_Frontal_Cortex_BA9	0.5915769338607788	4.385454061501988e-23
chr17:45585159-46292045	chr17_45585881_C_A_b38	rs1724390	ENSG00000214401.5	KANSL1-AS1	Brain_Frontal_Cortex_BA9	1.0799622535705566	1.3626032063187355e-53
chr17:45585159-46292045	chr17_45585881_C_A_b38	rs1724390	ENSG00000120071.15	KANSL1	Brain_Frontal_Cortex_BA9	0.27781593799591064	1.9352919310193192e-07
chr17:45585159-46292045	chr17_45585881_C_A_b38	rs1724390	ENSG00000262500.1	MAPK8IP1P1	Brain_Frontal_Cortex_BA9	1.1003243923187256	2.5567392329597206e-38
chr17:45585159-46292045	chr17_45585881_C_A_b38	rs1724390	ENSG00000262539.1	ENSG00000262539	Brain_Frontal_Cortex_BA9	1.1878373622894287	1.1915984220159474e-48
chr17:45585159-46292045	chr17_45585881_C_A_b38	rs1724390	ENSG00000261575.3	ENSG00000261575	Brain_Frontal_Cortex_BA9	0.9621323347091675	1.1539996240332877e-27
chr17:45585159-46292045	chr17_45585881_C_A_b38	rs1724390	ENSG00000176681.14	LRRC37A	Brain_Frontal_Cortex_BA9	1.1919885873794556	2.7582363315893447e-52
chr17:45585159-46292045	chr17_45585881_C_A_b38	rs1724390	ENSG00000238083.8	LRRC37A2	Brain_Frontal_Cortex_BA9	1.150814414024353	8.897259846233837e-47
chr17:45585159-46292045	chr17_45585881_C_A_b38	rs1724390	ENSG00000185829.18	ARL17A	Brain_Frontal_Cortex_BA9	1.0034880638122559	2.34585060623121e-34
chr17:45585159-46292045	chr17_45585881_C_A_b38	rs1724390	ENSG00000266918.1	ENSG00000266918	Colon_Sigmoid	0.4799085259437561	1.1485748006246364e-10
chr17:45585159-46292045	chr17_45585881_C_A_b38	rs1724390	ENSG00000214425.9	LRRC37A4P	Colon_Sigmoid	-1.2648104429244995	1.6925369114843956e-109
chr17:45585159-46292045	chr17_45585881_C_A_b38	rs1724390	ENSG00000264070.1	DND1P1	Colon_Sigmoid	1.1941190958023071	3.8773657616093973e-66
chr17:45585159-46292045	chr17_45585881_C_A_b38	rs1724390	ENSG00000285668.1	ENSG00000285668	Colon_Sigmoid	1.2073774337768555	1.903868569166503e-99
chr17:45585159-46292045	chr17_45585881_C_A_b38	rs1724390	ENSG00000280022.1	ENSG00000280022	Colon_Sigmoid	1.0707224607467651	7.966780793838016e-54
chr17:45585159-46292045	chr17_45585881_C_A_b38	rs1724390	ENSG00000263503.1	MAPK8IP1P2	Colon_Sigmoid	1.1659404039382935	1.8613041265768457e-74
chr17:45585159-46292045	chr17_45585881_C_A_b38	rs1724390	ENSG00000204650.14	LINC02210	Colon_Sigmoid	1.1423040628433228	1.3792647817800224e-151
chr17:45585159-46292045	chr17_45585881_C_A_b38	rs1724390	ENSG00000120088.15	CRHR1	Colon_Sigmoid	0.3318904638290405	8.617062227174701e-07
chr17:45585159-46292045	chr17_45585881_C_A_b38	rs1724390	ENSG00000186868.17	MAPT	Colon_Sigmoid	-0.6376216411590576	4.413847701695776e-31
chr17:45585159-46292045	chr17_45585881_C_A_b38	rs1724390	ENSG00000214401.5	KANSL1-AS1	Colon_Sigmoid	1.1879162788391113	3.956465045370704e-91
chr17:45585159-46292045	chr17_45585881_C_A_b38	rs1724390	ENSG00000120071.15	KANSL1	Colon_Sigmoid	0.3259868025779724	6.741239620660049e-09
chr17:45585159-46292045	chr17_45585881_C_A_b38	rs1724390	ENSG00000262500.1	MAPK8IP1P1	Colon_Sigmoid	1.1206468343734741	5.269698164560672e-78
chr17:45585159-46292045	chr17_45585881_C_A_b38	rs1724390	ENSG00000262539.1	ENSG00000262539	Colon_Sigmoid	1.2333693504333496	5.455222419561001e-81
chr17:45585159-46292045	chr17_45585881_C_A_b38	rs1724390	ENSG00000261575.3	ENSG00000261575	Colon_Sigmoid	0.851691484451294	4.27787473400156e-31
chr17:45585159-46292045	chr17_45585881_C_A_b38	rs1724390	ENSG00000176681.14	LRRC37A	Colon_Sigmoid	0.9948374032974243	3.0357925431610208e-55
chr17:45585159-46292045	chr17_45585881_C_A_b38	rs1724390	ENSG00000238083.8	LRRC37A2	Colon_Sigmoid	1.0554769039154053	4.050766932469184e-75
chr17:45585159-46292045	chr17_45585881_C_A_b38	rs1724390	ENSG00000185829.18	ARL17A	Colon_Sigmoid	0.440771222114563	4.446917801791604e-10
chr17:45585159-46292045	chr17_45585881_C_A_b38	rs1724390	ENSG00000159314.12	ARHGAP27	Artery_Aorta	0.1141844391822815	0.00015613019080957993
chr17:45585159-46292045	chr17_45585881_C_A_b38	rs1724390	ENSG00000225190.11	PLEKHM1	Artery_Aorta	0.12432530522346497	0.0001354049221796888
chr17:45585159-46292045	chr17_45585881_C_A_b38	rs1724390	ENSG00000266918.1	ENSG00000266918	Artery_Aorta	0.30537843704223633	1.706268675387588e-05
chr17:45585159-46292045	chr17_45585881_C_A_b38	rs1724390	ENSG00000214425.9	LRRC37A4P	Artery_Aorta	-1.2612392902374268	1.190519922951249e-108
chr17:45585159-46292045	chr17_45585881_C_A_b38	rs1724390	ENSG00000264070.1	DND1P1	Artery_Aorta	1.1805415153503418	1.0230212458423815e-62
chr17:45585159-46292045	chr17_45585881_C_A_b38	rs1724390	ENSG00000285668.1	ENSG00000285668	Artery_Aorta	1.1840007305145264	7.869594464081073e-102
chr17:45585159-46292045	chr17_45585881_C_A_b38	rs1724390	ENSG00000280022.1	ENSG00000280022	Artery_Aorta	1.1049299240112305	4.2300753903623147e-57
chr17:45585159-46292045	chr17_45585881_C_A_b38	rs1724390	ENSG00000263503.1	MAPK8IP1P2	Artery_Aorta	1.1861635446548462	5.525860602290645e-90
chr17:45585159-46292045	chr17_45585881_C_A_b38	rs1724390	ENSG00000204650.14	LINC02210	Artery_Aorta	1.313947319984436	7.777761161037516e-176
chr17:45585159-46292045	chr17_45585881_C_A_b38	rs1724390	ENSG00000186868.17	MAPT	Artery_Aorta	-0.31612831354141235	8.073916610683403e-11
chr17:45585159-46292045	chr17_45585881_C_A_b38	rs1724390	ENSG00000214401.5	KANSL1-AS1	Artery_Aorta	1.22637939453125	1.4013264783758888e-97
chr17:45585159-46292045	chr17_45585881_C_A_b38	rs1724390	ENSG00000262539.1	ENSG00000262539	Artery_Aorta	1.2191416025161743	3.296829615894461e-93
chr17:45585159-46292045	chr17_45585881_C_A_b38	rs1724390	ENSG00000261575.3	ENSG00000261575	Artery_Aorta	0.7866811156272888	3.1469746016246833e-24
chr17:45585159-46292045	chr17_45585881_C_A_b38	rs1724390	ENSG00000176681.14	LRRC37A	Artery_Aorta	0.9293583631515503	2.314614358586876e-55
chr17:45585159-46292045	chr17_45585881_C_A_b38	rs1724390	ENSG00000238083.8	LRRC37A2	Artery_Aorta	1.0177057981491089	1.0552688898102126e-86
chr17:45585159-46292045	chr17_45585881_C_A_b38	rs1724390	ENSG00000185829.18	ARL17A	Artery_Aorta	0.2748832404613495	2.704195027895397e-07
chr17:45585159-46292045	chr17_45585881_C_A_b38	rs1724390	ENSG00000236234.1	ENSG00000236234	Colon_Transverse	-0.24071873724460602	4.671753977256443e-07
chr17:45585159-46292045	chr17_45585881_C_A_b38	rs1724390	ENSG00000225190.11	PLEKHM1	Colon_Transverse	0.08737081289291382	0.00021547210050618454
chr17:45585159-46292045	chr17_45585881_C_A_b38	rs1724390	ENSG00000266918.1	ENSG00000266918	Colon_Transverse	0.46860647201538086	1.8677762548923767e-10
chr17:45585159-46292045	chr17_45585881_C_A_b38	rs1724390	ENSG00000214425.9	LRRC37A4P	Colon_Transverse	-1.1506098508834839	3.4999031948645654e-146
chr17:45585159-46292045	chr17_45585881_C_A_b38	rs1724390	ENSG00000264070.1	DND1P1	Colon_Transverse	1.2005257606506348	2.2450535590848445e-82
chr17:45585159-46292045	chr17_45585881_C_A_b38	rs1724390	ENSG00000285668.1	ENSG00000285668	Colon_Transverse	1.2121154069900513	6.424284320550384e-107
chr17:45585159-46292045	chr17_45585881_C_A_b38	rs1724390	ENSG00000280022.1	ENSG00000280022	Colon_Transverse	1.0484747886657715	4.8962643544195e-57
chr17:45585159-46292045	chr17_45585881_C_A_b38	rs1724390	ENSG00000263503.1	MAPK8IP1P2	Colon_Transverse	1.1409567594528198	8.047674199819416e-98
chr17:45585159-46292045	chr17_45585881_C_A_b38	rs1724390	ENSG00000204650.14	LINC02210	Colon_Transverse	0.9096004366874695	7.337853518359697e-148
chr17:45585159-46292045	chr17_45585881_C_A_b38	rs1724390	ENSG00000186868.17	MAPT	Colon_Transverse	-0.1324208527803421	8.849039412241802e-07
chr17:45585159-46292045	chr17_45585881_C_A_b38	rs1724390	ENSG00000214401.5	KANSL1-AS1	Colon_Transverse	1.1708903312683105	3.9966681570969936e-106
chr17:45585159-46292045	chr17_45585881_C_A_b38	rs1724390	ENSG00000120071.15	KANSL1	Colon_Transverse	0.3064039349555969	2.9951718411798526e-08
chr17:45585159-46292045	chr17_45585881_C_A_b38	rs1724390	ENSG00000262500.1	MAPK8IP1P1	Colon_Transverse	1.0567392110824585	7.723769939991642e-88
chr17:45585159-46292045	chr17_45585881_C_A_b38	rs1724390	ENSG00000262539.1	ENSG00000262539	Colon_Transverse	1.2415210008621216	2.0410379151106777e-95
chr17:45585159-46292045	chr17_45585881_C_A_b38	rs1724390	ENSG00000261575.3	ENSG00000261575	Colon_Transverse	0.7009404301643372	6.255890493599952e-24
chr17:45585159-46292045	chr17_45585881_C_A_b38	rs1724390	ENSG00000176681.14	LRRC37A	Colon_Transverse	0.9028477072715759	5.0535588385807486e-42
chr17:45585159-46292045	chr17_45585881_C_A_b38	rs1724390	ENSG00000238083.8	LRRC37A2	Colon_Transverse	1.0383862257003784	3.024695598665141e-76
chr17:45585159-46292045	chr17_45585881_C_A_b38	rs1724390	ENSG00000185829.18	ARL17A	Colon_Transverse	0.4225912094116211	8.355814905628464e-11
chr17:45585159-46292045	chr17_45585881_C_A_b38	rs1724390	ENSG00000267344.1	ENSG00000267344	Esophagus_Mucosa	-0.1554609090089798	5.87111543599463e-08
chr17:45585159-46292045	chr17_45585881_C_A_b38	rs1724390	ENSG00000159314.12	ARHGAP27	Esophagus_Mucosa	-0.15777353942394257	1.0981972975035735e-20
chr17:45585159-46292045	chr17_45585881_C_A_b38	rs1724390	ENSG00000236234.1	ENSG00000236234	Esophagus_Mucosa	-0.286199688911438	1.4143801912778682e-13
chr17:45585159-46292045	chr17_45585881_C_A_b38	rs1724390	ENSG00000225190.11	PLEKHM1	Esophagus_Mucosa	-0.29535332322120667	8.618376180309165e-29
chr17:45585159-46292045	chr17_45585881_C_A_b38	rs1724390	ENSG00000267198.1	ENSG00000267198	Esophagus_Mucosa	-0.4753449261188507	4.1733578122061535e-11
chr17:45585159-46292045	chr17_45585881_C_A_b38	rs1724390	ENSG00000214425.9	LRRC37A4P	Esophagus_Mucosa	-1.032382607460022	2.224934409811651e-110
chr17:45585159-46292045	chr17_45585881_C_A_b38	rs1724390	ENSG00000264070.1	DND1P1	Esophagus_Mucosa	0.9337833523750305	1.9303241678348935e-59
chr17:45585159-46292045	chr17_45585881_C_A_b38	rs1724390	ENSG00000285668.1	ENSG00000285668	Esophagus_Mucosa	1.2129042148590088	3.557335509114496e-120
chr17:45585159-46292045	chr17_45585881_C_A_b38	rs1724390	ENSG00000280022.1	ENSG00000280022	Esophagus_Mucosa	0.6770299673080444	7.69807145119641e-33
chr17:45585159-46292045	chr17_45585881_C_A_b38	rs1724390	ENSG00000263503.1	MAPK8IP1P2	Esophagus_Mucosa	1.1889398097991943	8.488137994526247e-115
chr17:45585159-46292045	chr17_45585881_C_A_b38	rs1724390	ENSG00000204650.14	LINC02210	Esophagus_Mucosa	0.5863293409347534	5.62283934378368e-119
chr17:45585159-46292045	chr17_45585881_C_A_b38	rs1724390	ENSG00000186868.17	MAPT	Esophagus_Mucosa	0.6992385387420654	6.409704496043959e-93
chr17:45585159-46292045	chr17_45585881_C_A_b38	rs1724390	ENSG00000214401.5	KANSL1-AS1	Esophagus_Mucosa	1.1628313064575195	1.8797256594026364e-112
chr17:45585159-46292045	chr17_45585881_C_A_b38	rs1724390	ENSG00000120071.15	KANSL1	Esophagus_Mucosa	0.32667845487594604	2.0221911061121294e-19
chr17:45585159-46292045	chr17_45585881_C_A_b38	rs1724390	ENSG00000262500.1	MAPK8IP1P1	Esophagus_Mucosa	1.004119873046875	1.373697434280801e-98
chr17:45585159-46292045	chr17_45585881_C_A_b38	rs1724390	ENSG00000262539.1	ENSG00000262539	Esophagus_Mucosa	1.2261520624160767	3.1676170451186987e-119
chr17:45585159-46292045	chr17_45585881_C_A_b38	rs1724390	ENSG00000261575.3	ENSG00000261575	Esophagus_Mucosa	0.853032648563385	9.469707821099108e-46
chr17:45585159-46292045	chr17_45585881_C_A_b38	rs1724390	ENSG00000176681.14	LRRC37A	Esophagus_Mucosa	0.7582639455795288	2.9394673636265684e-38
chr17:45585159-46292045	chr17_45585881_C_A_b38	rs1724390	ENSG00000238083.8	LRRC37A2	Esophagus_Mucosa	0.9612666368484497	3.686964142590096e-86
chr17:45585159-46292045	chr17_45585881_C_A_b38	rs1724390	ENSG00000232300.1	FAM215B	Esophagus_Mucosa	0.2856960892677307	2.835612243025352e-05
chr17:45585159-46292045	chr17_45585881_C_A_b38	rs1724390	ENSG00000185829.18	ARL17A	Esophagus_Mucosa	0.3365047872066498	1.393475583999464e-09
chr17:45585159-46292045	chr17_45585881_C_A_b38	rs1724390	ENSG00000225190.11	PLEKHM1	Brain_Anterior_cingulate_cortex_BA24	0.45099273324012756	5.15852978873217e-18
chr17:45585159-46292045	chr17_45585881_C_A_b38	rs1724390	ENSG00000266918.1	ENSG00000266918	Brain_Anterior_cingulate_cortex_BA24	0.5495544672012329	2.2179474828756847e-08
chr17:45585159-46292045	chr17_45585881_C_A_b38	rs1724390	ENSG00000214425.9	LRRC37A4P	Brain_Anterior_cingulate_cortex_BA24	-1.1941059827804565	1.023047758102319e-60
chr17:45585159-46292045	chr17_45585881_C_A_b38	rs1724390	ENSG00000264070.1	DND1P1	Brain_Anterior_cingulate_cortex_BA24	0.9987807869911194	2.6725125134651316e-28
chr17:45585159-46292045	chr17_45585881_C_A_b38	rs1724390	ENSG00000263503.1	MAPK8IP1P2	Brain_Anterior_cingulate_cortex_BA24	1.2078967094421387	9.984257220546968e-39
chr17:45585159-46292045	chr17_45585881_C_A_b38	rs1724390	ENSG00000204650.14	LINC02210	Brain_Anterior_cingulate_cortex_BA24	0.6693715453147888	6.342195962893157e-41
chr17:45585159-46292045	chr17_45585881_C_A_b38	rs1724390	ENSG00000185294.7	SPPL2C	Brain_Anterior_cingulate_cortex_BA24	0.3208746314048767	2.5716261174750693e-05
chr17:45585159-46292045	chr17_45585881_C_A_b38	rs1724390	ENSG00000264589.5	MAPT-AS1	Brain_Anterior_cingulate_cortex_BA24	0.33070769906044006	2.374416377604401e-07
chr17:45585159-46292045	chr17_45585881_C_A_b38	rs1724390	ENSG00000214401.5	KANSL1-AS1	Brain_Anterior_cingulate_cortex_BA24	1.1025935411453247	2.7819954077972464e-50
chr17:45585159-46292045	chr17_45585881_C_A_b38	rs1724390	ENSG00000120071.15	KANSL1	Brain_Anterior_cingulate_cortex_BA24	0.25674670934677124	1.6027392710126687e-05
chr17:45585159-46292045	chr17_45585881_C_A_b38	rs1724390	ENSG00000262500.1	MAPK8IP1P1	Brain_Anterior_cingulate_cortex_BA24	1.1452163457870483	4.745775497092987e-35
chr17:45585159-46292045	chr17_45585881_C_A_b38	rs1724390	ENSG00000262539.1	ENSG00000262539	Brain_Anterior_cingulate_cortex_BA24	1.1527999639511108	1.4212274174411578e-39
chr17:45585159-46292045	chr17_45585881_C_A_b38	rs1724390	ENSG00000261575.3	ENSG00000261575	Brain_Anterior_cingulate_cortex_BA24	0.9440611004829407	4.4140656433388736e-26
chr17:45585159-46292045	chr17_45585881_C_A_b38	rs1724390	ENSG00000176681.14	LRRC37A	Brain_Anterior_cingulate_cortex_BA24	1.18519926071167	9.01190922181617e-48
chr17:45585159-46292045	chr17_45585881_C_A_b38	rs1724390	ENSG00000238083.8	LRRC37A2	Brain_Anterior_cingulate_cortex_BA24	1.1899465322494507	1.1934701829554817e-43
chr17:45585159-46292045	chr17_45585881_C_A_b38	rs1724390	ENSG00000185829.18	ARL17A	Brain_Anterior_cingulate_cortex_BA24	0.962946891784668	4.274688042998361e-27
chr17:45585159-46292045	chr17_45585881_C_A_b38	rs1724390	ENSG00000266918.1	ENSG00000266918	Stomach	0.37541183829307556	6.9334996396123725e-06
chr17:45585159-46292045	chr17_45585881_C_A_b38	rs1724390	ENSG00000214425.9	LRRC37A4P	Stomach	-0.9733678698539734	2.383886347455658e-81
chr17:45585159-46292045	chr17_45585881_C_A_b38	rs1724390	ENSG00000264070.1	DND1P1	Stomach	0.9812976717948914	4.833784312199601e-49
chr17:45585159-46292045	chr17_45585881_C_A_b38	rs1724390	ENSG00000280022.1	ENSG00000280022	Stomach	0.9435582756996155	6.414094370691348e-36
chr17:45585159-46292045	chr17_45585881_C_A_b38	rs1724390	ENSG00000263503.1	MAPK8IP1P2	Stomach	1.1419970989227295	2.380393991129519e-73
chr17:45585159-46292045	chr17_45585881_C_A_b38	rs1724390	ENSG00000204650.14	LINC02210	Stomach	1.0767168998718262	8.480367560881041e-101
chr17:45585159-46292045	chr17_45585881_C_A_b38	rs1724390	ENSG00000214401.5	KANSL1-AS1	Stomach	1.2005904912948608	1.7186082520393098e-79
chr17:45585159-46292045	chr17_45585881_C_A_b38	rs1724390	ENSG00000262539.1	ENSG00000262539	Stomach	1.2372369766235352	1.9841149305944362e-73
chr17:45585159-46292045	chr17_45585881_C_A_b38	rs1724390	ENSG00000261575.3	ENSG00000261575	Stomach	0.3016725182533264	4.328177420486581e-07
chr17:45585159-46292045	chr17_45585881_C_A_b38	rs1724390	ENSG00000176681.14	LRRC37A	Stomach	0.8451889157295227	9.005065805762776e-29
chr17:45585159-46292045	chr17_45585881_C_A_b38	rs1724390	ENSG00000238083.8	LRRC37A2	Stomach	0.9939789772033691	9.544116091600402e-64
chr17:45585159-46292045	chr17_45585881_C_A_b38	rs1724390	ENSG00000185829.18	ARL17A	Stomach	0.431126207113266	6.66329516858932e-10
chr17:45585159-46292045	chr17_45585881_C_A_b38	rs1724390	ENSG00000136448.13	NMT1	Brain_Cerebellar_Hemisphere	-0.16324003040790558	3.085760810098631e-05
chr17:45585159-46292045	chr17_45585881_C_A_b38	rs1724390	ENSG00000267121.6	FMNL1-DT	Brain_Cerebellar_Hemisphere	-0.42425858974456787	1.8965685210776185e-10
chr17:45585159-46292045	chr17_45585881_C_A_b38	rs1724390	ENSG00000184922.15	FMNL1	Brain_Cerebellar_Hemisphere	-0.6425458788871765	1.0519768799075965e-30
chr17:45585159-46292045	chr17_45585881_C_A_b38	rs1724390	ENSG00000267344.1	ENSG00000267344	Brain_Cerebellar_Hemisphere	-0.37485793232917786	1.4692312644394837e-05
chr17:45585159-46292045	chr17_45585881_C_A_b38	rs1724390	ENSG00000225190.11	PLEKHM1	Brain_Cerebellar_Hemisphere	-0.8352372050285339	1.0445190752866118e-42
chr17:45585159-46292045	chr17_45585881_C_A_b38	rs1724390	ENSG00000266918.1	ENSG00000266918	Brain_Cerebellar_Hemisphere	0.7739620208740234	8.575941651756181e-21
chr17:45585159-46292045	chr17_45585881_C_A_b38	rs1724390	ENSG00000214425.9	LRRC37A4P	Brain_Cerebellar_Hemisphere	-1.1195664405822754	2.1486699575291578e-64
chr17:45585159-46292045	chr17_45585881_C_A_b38	rs1724390	ENSG00000264070.1	DND1P1	Brain_Cerebellar_Hemisphere	0.6568333506584167	1.0865809672201403e-16
chr17:45585159-46292045	chr17_45585881_C_A_b38	rs1724390	ENSG00000285668.1	ENSG00000285668	Brain_Cerebellar_Hemisphere	1.1154406070709229	2.568064700292947e-39
chr17:45585159-46292045	chr17_45585881_C_A_b38	rs1724390	ENSG00000280022.1	ENSG00000280022	Brain_Cerebellar_Hemisphere	-0.5068135261535645	1.1355188265154161e-13
chr17:45585159-46292045	chr17_45585881_C_A_b38	rs1724390	ENSG00000263503.1	MAPK8IP1P2	Brain_Cerebellar_Hemisphere	1.2251514196395874	2.4562700793710085e-43
chr17:45585159-46292045	chr17_45585881_C_A_b38	rs1724390	ENSG00000204650.14	LINC02210	Brain_Cerebellar_Hemisphere	0.264536052942276	1.1312792766507912e-14
chr17:45585159-46292045	chr17_45585881_C_A_b38	rs1724390	ENSG00000185294.7	SPPL2C	Brain_Cerebellar_Hemisphere	0.6943143606185913	1.189989046802206e-41
chr17:45585159-46292045	chr17_45585881_C_A_b38	rs1724390	ENSG00000186868.17	MAPT	Brain_Cerebellar_Hemisphere	-0.14901664853096008	0.00010450934568159656
chr17:45585159-46292045	chr17_45585881_C_A_b38	rs1724390	ENSG00000264589.5	MAPT-AS1	Brain_Cerebellar_Hemisphere	0.37310460209846497	2.05665377831914e-14
chr17:45585159-46292045	chr17_45585881_C_A_b38	rs1724390	ENSG00000279685.2	MAPT-IT1	Brain_Cerebellar_Hemisphere	0.4131471812725067	1.4758962495803077e-09
chr17:45585159-46292045	chr17_45585881_C_A_b38	rs1724390	ENSG00000214401.5	KANSL1-AS1	Brain_Cerebellar_Hemisphere	1.0480808019638062	1.9774855370869033e-50
chr17:45585159-46292045	chr17_45585881_C_A_b38	rs1724390	ENSG00000120071.15	KANSL1	Brain_Cerebellar_Hemisphere	0.23748187720775604	7.295213704399446e-06
chr17:45585159-46292045	chr17_45585881_C_A_b38	rs1724390	ENSG00000262500.1	MAPK8IP1P1	Brain_Cerebellar_Hemisphere	1.1893117427825928	2.226029778607956e-42
chr17:45585159-46292045	chr17_45585881_C_A_b38	rs1724390	ENSG00000262539.1	ENSG00000262539	Brain_Cerebellar_Hemisphere	1.2745568752288818	6.260253501036973e-55
chr17:45585159-46292045	chr17_45585881_C_A_b38	rs1724390	ENSG00000261575.3	ENSG00000261575	Brain_Cerebellar_Hemisphere	1.1252740621566772	6.380078669024125e-65
chr17:45585159-46292045	chr17_45585881_C_A_b38	rs1724390	ENSG00000176681.14	LRRC37A	Brain_Cerebellar_Hemisphere	1.2856109142303467	8.353207974757115e-61
chr17:45585159-46292045	chr17_45585881_C_A_b38	rs1724390	ENSG00000238083.8	LRRC37A2	Brain_Cerebellar_Hemisphere	1.2333849668502808	4.5882970254447654e-64
chr17:45585159-46292045	chr17_45585881_C_A_b38	rs1724390	ENSG00000232300.1	FAM215B	Brain_Cerebellar_Hemisphere	0.7870420813560486	6.793489467206277e-21
chr17:45585159-46292045	chr17_45585881_C_A_b38	rs1724390	ENSG00000185829.18	ARL17A	Brain_Cerebellar_Hemisphere	0.9905431866645813	5.455357866558784e-43
chr17:45585159-46292045	chr17_45585881_C_A_b38	rs1724390	ENSG00000225190.11	PLEKHM1	Adrenal_Gland	0.4559985399246216	6.053177984664018e-19
chr17:45585159-46292045	chr17_45585881_C_A_b38	rs1724390	ENSG00000267198.1	ENSG00000267198	Adrenal_Gland	-0.3687974512577057	0.00010888199644084341
chr17:45585159-46292045	chr17_45585881_C_A_b38	rs1724390	ENSG00000214425.9	LRRC37A4P	Adrenal_Gland	-1.2089818716049194	4.932805020961946e-63
chr17:45585159-46292045	chr17_45585881_C_A_b38	rs1724390	ENSG00000264070.1	DND1P1	Adrenal_Gland	1.2149556875228882	6.857173292731586e-45
chr17:45585159-46292045	chr17_45585881_C_A_b38	rs1724390	ENSG00000285668.1	ENSG00000285668	Adrenal_Gland	1.1645290851593018	1.3001637506504446e-67
chr17:45585159-46292045	chr17_45585881_C_A_b38	rs1724390	ENSG00000280022.1	ENSG00000280022	Adrenal_Gland	1.0729256868362427	2.365279946758527e-35
chr17:45585159-46292045	chr17_45585881_C_A_b38	rs1724390	ENSG00000263503.1	MAPK8IP1P2	Adrenal_Gland	1.213262677192688	6.382522876828891e-47
chr17:45585159-46292045	chr17_45585881_C_A_b38	rs1724390	ENSG00000204650.14	LINC02210	Adrenal_Gland	1.1711314916610718	3.133357965331371e-81
chr17:45585159-46292045	chr17_45585881_C_A_b38	rs1724390	ENSG00000214401.5	KANSL1-AS1	Adrenal_Gland	1.169405221939087	6.139665849159379e-54
chr17:45585159-46292045	chr17_45585881_C_A_b38	rs1724390	ENSG00000262500.1	MAPK8IP1P1	Adrenal_Gland	0.9486661553382874	1.3801927160445523e-28
chr17:45585159-46292045	chr17_45585881_C_A_b38	rs1724390	ENSG00000262539.1	ENSG00000262539	Adrenal_Gland	1.2305207252502441	6.449898615814154e-51
chr17:45585159-46292045	chr17_45585881_C_A_b38	rs1724390	ENSG00000176681.14	LRRC37A	Adrenal_Gland	0.8949468731880188	7.014192335541596e-23
chr17:45585159-46292045	chr17_45585881_C_A_b38	rs1724390	ENSG00000238083.8	LRRC37A2	Adrenal_Gland	1.0495890378952026	1.1532791843971272e-42
chr17:45585159-46292045	chr17_45585881_C_A_b38	rs1724390	ENSG00000185829.18	ARL17A	Adrenal_Gland	0.6391234397888184	3.8928230993199104e-13
chr17:45585159-46292045	chr17_45585881_C_A_b38	rs1724390	ENSG00000266918.1	ENSG00000266918	Spleen	0.49795833230018616	3.2567092822125325e-06
chr17:45585159-46292045	chr17_45585881_C_A_b38	rs1724390	ENSG00000214425.9	LRRC37A4P	Spleen	-1.1814368963241577	8.459212556560232e-74
chr17:45585159-46292045	chr17_45585881_C_A_b38	rs1724390	ENSG00000264070.1	DND1P1	Spleen	1.2771127223968506	3.224973626879357e-39
chr17:45585159-46292045	chr17_45585881_C_A_b38	rs1724390	ENSG00000285668.1	ENSG00000285668	Spleen	1.283666729927063	2.2685825529470155e-52
chr17:45585159-46292045	chr17_45585881_C_A_b38	rs1724390	ENSG00000280022.1	ENSG00000280022	Spleen	0.6570373177528381	4.48382815697955e-12
chr17:45585159-46292045	chr17_45585881_C_A_b38	rs1724390	ENSG00000263503.1	MAPK8IP1P2	Spleen	1.1653096675872803	4.421391335153064e-46
chr17:45585159-46292045	chr17_45585881_C_A_b38	rs1724390	ENSG00000204650.14	LINC02210	Spleen	1.2366095781326294	8.451018055570271e-79
chr17:45585159-46292045	chr17_45585881_C_A_b38	rs1724390	ENSG00000186868.17	MAPT	Spleen	0.48066025972366333	1.4466841078558496e-07
chr17:45585159-46292045	chr17_45585881_C_A_b38	rs1724390	ENSG00000214401.5	KANSL1-AS1	Spleen	1.1861329078674316	6.72873601021838e-48
chr17:45585159-46292045	chr17_45585881_C_A_b38	rs1724390	ENSG00000262500.1	MAPK8IP1P1	Spleen	1.198671817779541	5.919828941397012e-58
chr17:45585159-46292045	chr17_45585881_C_A_b38	rs1724390	ENSG00000262539.1	ENSG00000262539	Spleen	1.2594422101974487	5.269036074628798e-54
chr17:45585159-46292045	chr17_45585881_C_A_b38	rs1724390	ENSG00000261575.3	ENSG00000261575	Spleen	0.9471243619918823	6.13480772900042e-22
chr17:45585159-46292045	chr17_45585881_C_A_b38	rs1724390	ENSG00000176681.14	LRRC37A	Spleen	0.9266577363014221	5.5576756359712216e-24
chr17:45585159-46292045	chr17_45585881_C_A_b38	rs1724390	ENSG00000238083.8	LRRC37A2	Spleen	1.0899412631988525	3.399378013850251e-40
chr17:45585159-46292045	chr17_45585881_C_A_b38	rs1724390	ENSG00000185829.18	ARL17A	Spleen	0.44788891077041626	7.6082813318698925e-06
chr17:45585159-46292045	chr17_45585881_C_A_b38	rs1724390	ENSG00000159314.12	ARHGAP27	Heart_Atrial_Appendage	-0.13286679983139038	0.00017347190688870537
chr17:45585159-46292045	chr17_45585881_C_A_b38	rs1724390	ENSG00000266918.1	ENSG00000266918	Heart_Atrial_Appendage	0.36950555443763733	3.4581407150881647e-06
chr17:45585159-46292045	chr17_45585881_C_A_b38	rs1724390	ENSG00000214425.9	LRRC37A4P	Heart_Atrial_Appendage	-1.163751482963562	1.7310411077999478e-94
chr17:45585159-46292045	chr17_45585881_C_A_b38	rs1724390	ENSG00000264070.1	DND1P1	Heart_Atrial_Appendage	1.2237647771835327	8.586151461978826e-66
chr17:45585159-46292045	chr17_45585881_C_A_b38	rs1724390	ENSG00000280022.1	ENSG00000280022	Heart_Atrial_Appendage	1.0496107339859009	9.03325202309621e-50
chr17:45585159-46292045	chr17_45585881_C_A_b38	rs1724390	ENSG00000263503.1	MAPK8IP1P2	Heart_Atrial_Appendage	1.1803340911865234	1.0363117246889742e-83
chr17:45585159-46292045	chr17_45585881_C_A_b38	rs1724390	ENSG00000204650.14	LINC02210	Heart_Atrial_Appendage	1.1284575462341309	6.844045241293142e-138
chr17:45585159-46292045	chr17_45585881_C_A_b38	rs1724390	ENSG00000262372.1	ENSG00000262372	Heart_Atrial_Appendage	-0.24281160533428192	9.389835547543412e-05
chr17:45585159-46292045	chr17_45585881_C_A_b38	rs1724390	ENSG00000214401.5	KANSL1-AS1	Heart_Atrial_Appendage	1.1992378234863281	5.734225145840895e-88
chr17:45585159-46292045	chr17_45585881_C_A_b38	rs1724390	ENSG00000262539.1	ENSG00000262539	Heart_Atrial_Appendage	1.2599613666534424	1.1993342769581595e-89
chr17:45585159-46292045	chr17_45585881_C_A_b38	rs1724390	ENSG00000261575.3	ENSG00000261575	Heart_Atrial_Appendage	0.6614972352981567	9.209354325591911e-18
chr17:45585159-46292045	chr17_45585881_C_A_b38	rs1724390	ENSG00000176681.14	LRRC37A	Heart_Atrial_Appendage	0.7370981574058533	2.969391647536912e-30
chr17:45585159-46292045	chr17_45585881_C_A_b38	rs1724390	ENSG00000238083.8	LRRC37A2	Heart_Atrial_Appendage	0.9824338555335999	7.508698554014844e-69
chr17:45585159-46292045	chr17_45585881_C_A_b38	rs1724390	ENSG00000185829.18	ARL17A	Heart_Atrial_Appendage	0.43583783507347107	4.33095918131597e-11
chr17:45585159-46292045	chr17_45585881_C_A_b38	rs1724390	ENSG00000266918.1	ENSG00000266918	Ovary	0.70220947265625	3.210258325589434e-08
chr17:45585159-46292045	chr17_45585881_C_A_b38	rs1724390	ENSG00000214425.9	LRRC37A4P	Ovary	-1.309574007987976	2.6278239817876135e-40
chr17:45585159-46292045	chr17_45585881_C_A_b38	rs1724390	ENSG00000264070.1	DND1P1	Ovary	1.134552001953125	6.012555809234785e-22
chr17:45585159-46292045	chr17_45585881_C_A_b38	rs1724390	ENSG00000285668.1	ENSG00000285668	Ovary	1.1668626070022583	6.289601401809386e-36
chr17:45585159-46292045	chr17_45585881_C_A_b38	rs1724390	ENSG00000280022.1	ENSG00000280022	Ovary	1.13624107837677	1.3304900419918608e-22
chr17:45585159-46292045	chr17_45585881_C_A_b38	rs1724390	ENSG00000263503.1	MAPK8IP1P2	Ovary	1.1113264560699463	1.9102796108959858e-26
chr17:45585159-46292045	chr17_45585881_C_A_b38	rs1724390	ENSG00000204652.6	RPS26P8	Ovary	0.6611146926879883	4.2385276185243663e-07
chr17:45585159-46292045	chr17_45585881_C_A_b38	rs1724390	ENSG00000204650.14	LINC02210	Ovary	1.204102873802185	7.802113914017399e-60
chr17:45585159-46292045	chr17_45585881_C_A_b38	rs1724390	ENSG00000214401.5	KANSL1-AS1	Ovary	1.1972835063934326	9.846979241133887e-32
chr17:45585159-46292045	chr17_45585881_C_A_b38	rs1724390	ENSG00000120071.15	KANSL1	Ovary	0.4438376724720001	1.0912540164324211e-05
chr17:45585159-46292045	chr17_45585881_C_A_b38	rs1724390	ENSG00000262500.1	MAPK8IP1P1	Ovary	1.1180851459503174	9.671874498859417e-29
chr17:45585159-46292045	chr17_45585881_C_A_b38	rs1724390	ENSG00000262539.1	ENSG00000262539	Ovary	1.272189736366272	2.831204294102865e-31
chr17:45585159-46292045	chr17_45585881_C_A_b38	rs1724390	ENSG00000261575.3	ENSG00000261575	Ovary	0.9487330317497253	1.1990740725049827e-14
chr17:45585159-46292045	chr17_45585881_C_A_b38	rs1724390	ENSG00000176681.14	LRRC37A	Ovary	0.8217429518699646	1.8988577497940258e-17
chr17:45585159-46292045	chr17_45585881_C_A_b38	rs1724390	ENSG00000238083.8	LRRC37A2	Ovary	1.009276270866394	1.1474319925927848e-29
chr17:45585159-46292045	chr17_45585881_C_A_b38	rs1724390	ENSG00000232300.1	FAM215B	Ovary	0.6929460763931274	9.625141026717132e-08
chr17:45585159-46292045	chr17_45585881_C_A_b38	rs1724390	ENSG00000185829.18	ARL17A	Ovary	0.5663549304008484	2.376162893200777e-08
chr17:45585159-46292045	chr17_45585881_C_A_b38	rs1724390	ENSG00000184922.15	FMNL1	Cells_EBV-transformed_lymphocytes	-0.15583938360214233	5.206731816223538e-05
chr17:45585159-46292045	chr17_45585881_C_A_b38	rs1724390	ENSG00000267344.1	ENSG00000267344	Cells_EBV-transformed_lymphocytes	-0.3077712655067444	7.659200294558146e-05
chr17:45585159-46292045	chr17_45585881_C_A_b38	rs1724390	ENSG00000159314.12	ARHGAP27	Cells_EBV-transformed_lymphocytes	-0.5384368896484375	5.912637357219562e-34
chr17:45585159-46292045	chr17_45585881_C_A_b38	rs1724390	ENSG00000236234.1	ENSG00000236234	Cells_EBV-transformed_lymphocytes	-0.4724503755569458	2.2090260292830898e-08
chr17:45585159-46292045	chr17_45585881_C_A_b38	rs1724390	ENSG00000266918.1	ENSG00000266918	Cells_EBV-transformed_lymphocytes	0.6039968132972717	2.0750315867646397e-10
chr17:45585159-46292045	chr17_45585881_C_A_b38	rs1724390	ENSG00000214425.9	LRRC37A4P	Cells_EBV-transformed_lymphocytes	-1.2706785202026367	8.437009097574375e-102
chr17:45585159-46292045	chr17_45585881_C_A_b38	rs1724390	ENSG00000264070.1	DND1P1	Cells_EBV-transformed_lymphocytes	1.0160980224609375	4.459707761163792e-36
chr17:45585159-46292045	chr17_45585881_C_A_b38	rs1724390	ENSG00000285668.1	ENSG00000285668	Cells_EBV-transformed_lymphocytes	1.2122050523757935	7.006144900309286e-54
chr17:45585159-46292045	chr17_45585881_C_A_b38	rs1724390	ENSG00000280022.1	ENSG00000280022	Cells_EBV-transformed_lymphocytes	1.0295639038085938	2.4127716646440088e-29
chr17:45585159-46292045	chr17_45585881_C_A_b38	rs1724390	ENSG00000263503.1	MAPK8IP1P2	Cells_EBV-transformed_lymphocytes	1.1769438982009888	9.602751646585256e-68
chr17:45585159-46292045	chr17_45585881_C_A_b38	rs1724390	ENSG00000204650.14	LINC02210	Cells_EBV-transformed_lymphocytes	0.7365214228630066	5.903384422225697e-44
chr17:45585159-46292045	chr17_45585881_C_A_b38	rs1724390	ENSG00000214401.5	KANSL1-AS1	Cells_EBV-transformed_lymphocytes	1.1298555135726929	1.2579791191787304e-52
chr17:45585159-46292045	chr17_45585881_C_A_b38	rs1724390	ENSG00000120071.15	KANSL1	Cells_EBV-transformed_lymphocytes	0.6912416815757751	6.958313697486355e-23
chr17:45585159-46292045	chr17_45585881_C_A_b38	rs1724390	ENSG00000262539.1	ENSG00000262539	Cells_EBV-transformed_lymphocytes	1.2516816854476929	1.227380031000335e-65
chr17:45585159-46292045	chr17_45585881_C_A_b38	rs1724390	ENSG00000261575.3	ENSG00000261575	Cells_EBV-transformed_lymphocytes	0.7932447195053101	7.81642471696605e-20
chr17:45585159-46292045	chr17_45585881_C_A_b38	rs1724390	ENSG00000238083.8	LRRC37A2	Cells_EBV-transformed_lymphocytes	0.8537777662277222	2.4252694042701225e-26
chr17:45585159-46292045	chr17_45585881_C_A_b38	rs1724390	ENSG00000185829.18	ARL17A	Cells_EBV-transformed_lymphocytes	0.5161489248275757	1.5501705822075378e-09
chr17:45585159-46292045	chr17_45585881_C_A_b38	rs1724390	ENSG00000267121.6	FMNL1-DT	Brain_Cerebellum	-0.5546377897262573	7.884749957731484e-12
chr17:45585159-46292045	chr17_45585881_C_A_b38	rs1724390	ENSG00000184922.15	FMNL1	Brain_Cerebellum	-0.6966688632965088	1.8159802533195107e-25
chr17:45585159-46292045	chr17_45585881_C_A_b38	rs1724390	ENSG00000006062.18	MAP3K14	Brain_Cerebellum	-0.25581884384155273	2.8129047535066562e-05
chr17:45585159-46292045	chr17_45585881_C_A_b38	rs1724390	ENSG00000236234.1	ENSG00000236234	Brain_Cerebellum	-0.4102039933204651	3.6463803200653306e-05
chr17:45585159-46292045	chr17_45585881_C_A_b38	rs1724390	ENSG00000225190.11	PLEKHM1	Brain_Cerebellum	-1.002705454826355	6.870700422852792e-43
chr17:45585159-46292045	chr17_45585881_C_A_b38	rs1724390	ENSG00000266918.1	ENSG00000266918	Brain_Cerebellum	0.6156726479530334	4.9975265714320864e-11
chr17:45585159-46292045	chr17_45585881_C_A_b38	rs1724390	ENSG00000267198.1	ENSG00000267198	Brain_Cerebellum	-0.47141337394714355	1.1321587299175608e-05
chr17:45585159-46292045	chr17_45585881_C_A_b38	rs1724390	ENSG00000214425.9	LRRC37A4P	Brain_Cerebellum	-1.150403380393982	4.40513378188119e-56
chr17:45585159-46292045	chr17_45585881_C_A_b38	rs1724390	ENSG00000264070.1	DND1P1	Brain_Cerebellum	0.5134778618812561	1.528443455288791e-11
chr17:45585159-46292045	chr17_45585881_C_A_b38	rs1724390	ENSG00000285668.1	ENSG00000285668	Brain_Cerebellum	1.2006216049194336	6.033476957215008e-45
chr17:45585159-46292045	chr17_45585881_C_A_b38	rs1724390	ENSG00000263503.1	MAPK8IP1P2	Brain_Cerebellum	1.1245720386505127	5.933572296872578e-38
chr17:45585159-46292045	chr17_45585881_C_A_b38	rs1724390	ENSG00000204650.14	LINC02210	Brain_Cerebellum	0.3525582551956177	6.159366680769846e-12
chr17:45585159-46292045	chr17_45585881_C_A_b38	rs1724390	ENSG00000185294.7	SPPL2C	Brain_Cerebellum	0.791041910648346	9.687905300167574e-36
chr17:45585159-46292045	chr17_45585881_C_A_b38	rs1724390	ENSG00000186868.17	MAPT	Brain_Cerebellum	-0.21387995779514313	3.3040477121393997e-07
chr17:45585159-46292045	chr17_45585881_C_A_b38	rs1724390	ENSG00000264589.5	MAPT-AS1	Brain_Cerebellum	0.4456717371940613	7.029473930871304e-14
chr17:45585159-46292045	chr17_45585881_C_A_b38	rs1724390	ENSG00000279685.2	MAPT-IT1	Brain_Cerebellum	0.5242390632629395	8.905252533002302e-14
chr17:45585159-46292045	chr17_45585881_C_A_b38	rs1724390	ENSG00000214401.5	KANSL1-AS1	Brain_Cerebellum	1.1378778219223022	3.2999657890510275e-46
chr17:45585159-46292045	chr17_45585881_C_A_b38	rs1724390	ENSG00000120071.15	KANSL1	Brain_Cerebellum	0.3476845324039459	7.628632190571563e-07
chr17:45585159-46292045	chr17_45585881_C_A_b38	rs1724390	ENSG00000262500.1	MAPK8IP1P1	Brain_Cerebellum	1.1556000709533691	8.392108979393073e-40
chr17:45585159-46292045	chr17_45585881_C_A_b38	rs1724390	ENSG00000262539.1	ENSG00000262539	Brain_Cerebellum	1.2479525804519653	6.011735843256048e-49
chr17:45585159-46292045	chr17_45585881_C_A_b38	rs1724390	ENSG00000261575.3	ENSG00000261575	Brain_Cerebellum	1.2603721618652344	5.38377207248185e-62
chr17:45585159-46292045	chr17_45585881_C_A_b38	rs1724390	ENSG00000176681.14	LRRC37A	Brain_Cerebellum	1.245169758796692	4.270123260000175e-55
chr17:45585159-46292045	chr17_45585881_C_A_b38	rs1724390	ENSG00000228696.10	ARL17B	Brain_Cerebellum	0.5216952562332153	2.98732105330882e-06
chr17:45585159-46292045	chr17_45585881_C_A_b38	rs1724390	ENSG00000238083.8	LRRC37A2	Brain_Cerebellum	1.222551703453064	1.245237294243929e-60
chr17:45585159-46292045	chr17_45585881_C_A_b38	rs1724390	ENSG00000232300.1	FAM215B	Brain_Cerebellum	0.7670595049858093	4.5504634714842746e-21
chr17:45585159-46292045	chr17_45585881_C_A_b38	rs1724390	ENSG00000185829.18	ARL17A	Brain_Cerebellum	1.0011628866195679	9.130199059517183e-34
chr17:45585159-46292045	chr17_45585881_C_A_b38	rs1724390	ENSG00000266918.1	ENSG00000266918	Liver	0.4977512061595917	5.935555416169053e-07
chr17:45585159-46292045	chr17_45585881_C_A_b38	rs1724390	ENSG00000214425.9	LRRC37A4P	Liver	-0.9436863660812378	1.9225752863882082e-34
chr17:45585159-46292045	chr17_45585881_C_A_b38	rs1724390	ENSG00000264070.1	DND1P1	Liver	1.2785202264785767	4.631495232960314e-52
chr17:45585159-46292045	chr17_45585881_C_A_b38	rs1724390	ENSG00000280022.1	ENSG00000280022	Liver	1.1405110359191895	3.020724709476526e-37
chr17:45585159-46292045	chr17_45585881_C_A_b38	rs1724390	ENSG00000263503.1	MAPK8IP1P2	Liver	1.21176278591156	3.4394851497703204e-54
chr17:45585159-46292045	chr17_45585881_C_A_b38	rs1724390	ENSG00000204650.14	LINC02210	Liver	-0.2936718463897705	2.2160920361295305e-05
chr17:45585159-46292045	chr17_45585881_C_A_b38	rs1724390	ENSG00000279685.2	MAPT-IT1	Liver	-0.4092201590538025	5.367128543449037e-12
chr17:45585159-46292045	chr17_45585881_C_A_b38	rs1724390	ENSG00000262881.1	ENSG00000262881	Liver	-0.5884420871734619	2.2330039092026797e-32
chr17:45585159-46292045	chr17_45585881_C_A_b38	rs1724390	ENSG00000274883.1	Metazoa_SRP	Liver	-0.575043797492981	7.773898780079462e-21
chr17:45585159-46292045	chr17_45585881_C_A_b38	rs1724390	ENSG00000214401.5	KANSL1-AS1	Liver	1.1942905187606812	9.221323862094504e-57
chr17:45585159-46292045	chr17_45585881_C_A_b38	rs1724390	ENSG00000262500.1	MAPK8IP1P1	Liver	1.0590190887451172	2.0086551007946072e-40
chr17:45585159-46292045	chr17_45585881_C_A_b38	rs1724390	ENSG00000262539.1	ENSG00000262539	Liver	1.2411404848098755	4.877191477324395e-59
chr17:45585159-46292045	chr17_45585881_C_A_b38	rs1724390	ENSG00000176681.14	LRRC37A	Liver	0.6605715155601501	1.0330298036543667e-11
chr17:45585159-46292045	chr17_45585881_C_A_b38	rs1724390	ENSG00000238083.8	LRRC37A2	Liver	0.9835743308067322	9.285442445697363e-33
chr17:45585159-46292045	chr17_45585881_C_A_b38	rs1724390	ENSG00000185829.18	ARL17A	Liver	0.48414346575737	6.540957143079586e-07
chr17:45585159-46292045	chr17_45585881_C_A_b38	rs1724390	ENSG00000214425.9	LRRC37A4P	Kidney_Cortex	-1.144491195678711	7.786639991161288e-26
chr17:45585159-46292045	chr17_45585881_C_A_b38	rs1724390	ENSG00000264070.1	DND1P1	Kidney_Cortex	1.055748462677002	5.851948603683626e-14
chr17:45585159-46292045	chr17_45585881_C_A_b38	rs1724390	ENSG00000285668.1	ENSG00000285668	Kidney_Cortex	1.0784189701080322	1.9056884250902435e-17
chr17:45585159-46292045	chr17_45585881_C_A_b38	rs1724390	ENSG00000263503.1	MAPK8IP1P2	Kidney_Cortex	1.1399630308151245	9.151633591286617e-21
chr17:45585159-46292045	chr17_45585881_C_A_b38	rs1724390	ENSG00000204650.14	LINC02210	Kidney_Cortex	1.1775306463241577	8.581136513287353e-28
chr17:45585159-46292045	chr17_45585881_C_A_b38	rs1724390	ENSG00000214401.5	KANSL1-AS1	Kidney_Cortex	1.08014714717865	1.0902311200835146e-21
chr17:45585159-46292045	chr17_45585881_C_A_b38	rs1724390	ENSG00000262500.1	MAPK8IP1P1	Kidney_Cortex	1.0652294158935547	1.1386601480202693e-18
chr17:45585159-46292045	chr17_45585881_C_A_b38	rs1724390	ENSG00000262539.1	ENSG00000262539	Kidney_Cortex	1.0701367855072021	2.929928008734004e-18
chr17:45585159-46292045	chr17_45585881_C_A_b38	rs1724390	ENSG00000176681.14	LRRC37A	Kidney_Cortex	1.0564159154891968	6.909220887979271e-16
chr17:45585159-46292045	chr17_45585881_C_A_b38	rs1724390	ENSG00000238083.8	LRRC37A2	Kidney_Cortex	1.084951400756836	1.1742978909700405e-22
chr17:45585159-46292045	chr17_45585881_C_A_b38	rs1724390	ENSG00000225190.11	PLEKHM1	Brain_Amygdala	0.32235413789749146	3.2089753450952343e-07
chr17:45585159-46292045	chr17_45585881_C_A_b38	rs1724390	ENSG00000266918.1	ENSG00000266918	Brain_Amygdala	0.4832994043827057	2.1386219527424608e-05
chr17:45585159-46292045	chr17_45585881_C_A_b38	rs1724390	ENSG00000214425.9	LRRC37A4P	Brain_Amygdala	-1.133719563484192	1.6855504612786304e-35
chr17:45585159-46292045	chr17_45585881_C_A_b38	rs1724390	ENSG00000264070.1	DND1P1	Brain_Amygdala	1.0168967247009277	6.5058826499274456e-21
chr17:45585159-46292045	chr17_45585881_C_A_b38	rs1724390	ENSG00000263503.1	MAPK8IP1P2	Brain_Amygdala	1.1273770332336426	4.627561046524163e-29
chr17:45585159-46292045	chr17_45585881_C_A_b38	rs1724390	ENSG00000204650.14	LINC02210	Brain_Amygdala	0.9533426761627197	5.470333880912557e-39
chr17:45585159-46292045	chr17_45585881_C_A_b38	rs1724390	ENSG00000214401.5	KANSL1-AS1	Brain_Amygdala	1.0673649311065674	6.225345445893221e-31
chr17:45585159-46292045	chr17_45585881_C_A_b38	rs1724390	ENSG00000262500.1	MAPK8IP1P1	Brain_Amygdala	1.0589284896850586	7.764248496018511e-22
chr17:45585159-46292045	chr17_45585881_C_A_b38	rs1724390	ENSG00000262539.1	ENSG00000262539	Brain_Amygdala	1.115151047706604	2.620999781181056e-31
chr17:45585159-46292045	chr17_45585881_C_A_b38	rs1724390	ENSG00000261575.3	ENSG00000261575	Brain_Amygdala	0.9816314578056335	4.260058332934429e-19
chr17:45585159-46292045	chr17_45585881_C_A_b38	rs1724390	ENSG00000176681.14	LRRC37A	Brain_Amygdala	1.1267949342727661	6.739505141674448e-34
chr17:45585159-46292045	chr17_45585881_C_A_b38	rs1724390	ENSG00000238083.8	LRRC37A2	Brain_Amygdala	1.0268689393997192	1.5571077089976478e-30
chr17:45585159-46292045	chr17_45585881_C_A_b38	rs1724390	ENSG00000185829.18	ARL17A	Brain_Amygdala	0.8554469347000122	7.337842643453939e-17
chr17:45585159-46292045	chr17_45585881_C_A_b38	rs1724390	ENSG00000214425.9	LRRC37A4P	Brain_Spinal_cord_cervical_c-1	-1.1792795658111572	2.2830999985184466e-46
chr17:45585159-46292045	chr17_45585881_C_A_b38	rs1724390	ENSG00000264070.1	DND1P1	Brain_Spinal_cord_cervical_c-1	1.1909337043762207	9.889983265011742e-31
chr17:45585159-46292045	chr17_45585881_C_A_b38	rs1724390	ENSG00000280022.1	ENSG00000280022	Brain_Spinal_cord_cervical_c-1	0.6290493011474609	1.0980799749176147e-09
chr17:45585159-46292045	chr17_45585881_C_A_b38	rs1724390	ENSG00000263503.1	MAPK8IP1P2	Brain_Spinal_cord_cervical_c-1	1.1874244213104248	7.370225549135056e-29
chr17:45585159-46292045	chr17_45585881_C_A_b38	rs1724390	ENSG00000204650.14	LINC02210	Brain_Spinal_cord_cervical_c-1	1.1731829643249512	3.0032965981540285e-56
chr17:45585159-46292045	chr17_45585881_C_A_b38	rs1724390	ENSG00000120088.15	CRHR1	Brain_Spinal_cord_cervical_c-1	-0.2846318483352661	2.2288944230852385e-05
chr17:45585159-46292045	chr17_45585881_C_A_b38	rs1724390	ENSG00000264589.5	MAPT-AS1	Brain_Spinal_cord_cervical_c-1	-0.37068724632263184	2.1266405717018123e-07
chr17:45585159-46292045	chr17_45585881_C_A_b38	rs1724390	ENSG00000214401.5	KANSL1-AS1	Brain_Spinal_cord_cervical_c-1	1.1614323854446411	1.2699269004124136e-34
chr17:45585159-46292045	chr17_45585881_C_A_b38	rs1724390	ENSG00000120071.15	KANSL1	Brain_Spinal_cord_cervical_c-1	0.30091384053230286	8.315626012258547e-05
chr17:45585159-46292045	chr17_45585881_C_A_b38	rs1724390	ENSG00000262500.1	MAPK8IP1P1	Brain_Spinal_cord_cervical_c-1	1.1667602062225342	4.565086742694047e-30
chr17:45585159-46292045	chr17_45585881_C_A_b38	rs1724390	ENSG00000262539.1	ENSG00000262539	Brain_Spinal_cord_cervical_c-1	1.1577403545379639	8.504978834659915e-34
chr17:45585159-46292045	chr17_45585881_C_A_b38	rs1724390	ENSG00000261575.3	ENSG00000261575	Brain_Spinal_cord_cervical_c-1	0.8575997352600098	3.619864976963824e-13
chr17:45585159-46292045	chr17_45585881_C_A_b38	rs1724390	ENSG00000176681.14	LRRC37A	Brain_Spinal_cord_cervical_c-1	1.1036231517791748	7.555131827840676e-29
chr17:45585159-46292045	chr17_45585881_C_A_b38	rs1724390	ENSG00000238083.8	LRRC37A2	Brain_Spinal_cord_cervical_c-1	1.1977558135986328	1.5646420025163576e-35
chr17:45585159-46292045	chr17_45585881_C_A_b38	rs1724390	ENSG00000136448.13	NMT1	Cells_Cultured_fibroblasts	-0.1058468148112297	1.5133247978514898e-05
chr17:45585159-46292045	chr17_45585881_C_A_b38	rs1724390	ENSG00000225190.11	PLEKHM1	Cells_Cultured_fibroblasts	0.11966954916715622	3.010538272349516e-11
chr17:45585159-46292045	chr17_45585881_C_A_b38	rs1724390	ENSG00000214425.9	LRRC37A4P	Cells_Cultured_fibroblasts	-1.0830283164978027	4.6331212242393046e-151
chr17:45585159-46292045	chr17_45585881_C_A_b38	rs1724390	ENSG00000264070.1	DND1P1	Cells_Cultured_fibroblasts	1.1704856157302856	1.8795623229332322e-104
chr17:45585159-46292045	chr17_45585881_C_A_b38	rs1724390	ENSG00000280022.1	ENSG00000280022	Cells_Cultured_fibroblasts	0.8019774556159973	6.170867733821089e-62
chr17:45585159-46292045	chr17_45585881_C_A_b38	rs1724390	ENSG00000263503.1	MAPK8IP1P2	Cells_Cultured_fibroblasts	1.1684887409210205	1.6641758935373962e-139
chr17:45585159-46292045	chr17_45585881_C_A_b38	rs1724390	ENSG00000204650.14	LINC02210	Cells_Cultured_fibroblasts	1.3024903535842896	4.71202796733334e-225
chr17:45585159-46292045	chr17_45585881_C_A_b38	rs1724390	ENSG00000214401.5	KANSL1-AS1	Cells_Cultured_fibroblasts	1.1819037199020386	1.6276219827000045e-144
chr17:45585159-46292045	chr17_45585881_C_A_b38	rs1724390	ENSG00000120071.15	KANSL1	Cells_Cultured_fibroblasts	0.2902734875679016	1.838177605932742e-24
chr17:45585159-46292045	chr17_45585881_C_A_b38	rs1724390	ENSG00000262539.1	ENSG00000262539	Cells_Cultured_fibroblasts	1.1916632652282715	4.827853221547541e-157
chr17:45585159-46292045	chr17_45585881_C_A_b38	rs1724390	ENSG00000261575.3	ENSG00000261575	Cells_Cultured_fibroblasts	0.7156393527984619	1.0385711057662946e-29
chr17:45585159-46292045	chr17_45585881_C_A_b38	rs1724390	ENSG00000176681.14	LRRC37A	Cells_Cultured_fibroblasts	0.6767696738243103	7.483758790635795e-27
chr17:45585159-46292045	chr17_45585881_C_A_b38	rs1724390	ENSG00000238083.8	LRRC37A2	Cells_Cultured_fibroblasts	0.9382484555244446	5.0006342460145314e-70
chr17:45585159-46292045	chr17_45585881_C_A_b38	rs1724390	ENSG00000185829.18	ARL17A	Cells_Cultured_fibroblasts	0.4701378047466278	6.061697660105249e-16
chr17:45585159-46292045	chr17_45585881_C_A_b38	rs1724390	ENSG00000225190.11	PLEKHM1	Lung	0.15820564329624176	8.207055360521862e-08
chr17:45585159-46292045	chr17_45585881_C_A_b38	rs1724390	ENSG00000266918.1	ENSG00000266918	Lung	0.3728247582912445	5.1946605790692086e-08
chr17:45585159-46292045	chr17_45585881_C_A_b38	rs1724390	ENSG00000214425.9	LRRC37A4P	Lung	-1.1867252588272095	4.2745165981815485e-166
chr17:45585159-46292045	chr17_45585881_C_A_b38	rs1724390	ENSG00000264070.1	DND1P1	Lung	1.2523629665374756	6.694409462874437e-94
chr17:45585159-46292045	chr17_45585881_C_A_b38	rs1724390	ENSG00000285668.1	ENSG00000285668	Lung	1.1775548458099365	1.4499266753384984e-109
chr17:45585159-46292045	chr17_45585881_C_A_b38	rs1724390	ENSG00000280022.1	ENSG00000280022	Lung	0.9920030236244202	3.589973921679792e-57
chr17:45585159-46292045	chr17_45585881_C_A_b38	rs1724390	ENSG00000263503.1	MAPK8IP1P2	Lung	1.17422616481781	8.725959783682002e-112
chr17:45585159-46292045	chr17_45585881_C_A_b38	rs1724390	ENSG00000204650.14	LINC02210	Lung	1.188401699066162	2.5329845495051056e-194
chr17:45585159-46292045	chr17_45585881_C_A_b38	rs1724390	ENSG00000186868.17	MAPT	Lung	0.5909196138381958	5.64596085020792e-36
chr17:45585159-46292045	chr17_45585881_C_A_b38	rs1724390	ENSG00000214401.5	KANSL1-AS1	Lung	1.2389670610427856	2.1362527981445921e-131
chr17:45585159-46292045	chr17_45585881_C_A_b38	rs1724390	ENSG00000120071.15	KANSL1	Lung	0.30038949847221375	5.017225534632471e-08
chr17:45585159-46292045	chr17_45585881_C_A_b38	rs1724390	ENSG00000262500.1	MAPK8IP1P1	Lung	1.1223589181900024	4.392178538581343e-111
chr17:45585159-46292045	chr17_45585881_C_A_b38	rs1724390	ENSG00000262539.1	ENSG00000262539	Lung	1.2418748140335083	2.0926972262535122e-107
chr17:45585159-46292045	chr17_45585881_C_A_b38	rs1724390	ENSG00000261575.3	ENSG00000261575	Lung	0.4966799318790436	3.585585658336974e-17
chr17:45585159-46292045	chr17_45585881_C_A_b38	rs1724390	ENSG00000176681.14	LRRC37A	Lung	0.8947853446006775	2.2983485644113634e-64
chr17:45585159-46292045	chr17_45585881_C_A_b38	rs1724390	ENSG00000238083.8	LRRC37A2	Lung	0.9568422436714172	2.9353505347480727e-99
chr17:45585159-46292045	chr17_45585881_C_A_b38	rs1724390	ENSG00000232300.1	FAM215B	Lung	0.43925222754478455	1.6400593346132757e-11
chr17:45585159-46292045	chr17_45585881_C_A_b38	rs1724390	ENSG00000185829.18	ARL17A	Lung	0.3718094229698181	8.560896536049759e-12
chr17:45585159-46292045	chr17_45585881_C_A_b38	rs1724390	ENSG00000225190.11	PLEKHM1	Breast_Mammary_Tissue	0.18704020977020264	5.624680576813518e-10
chr17:45585159-46292045	chr17_45585881_C_A_b38	rs1724390	ENSG00000214425.9	LRRC37A4P	Breast_Mammary_Tissue	-1.0107496976852417	2.5735015030356583e-120
chr17:45585159-46292045	chr17_45585881_C_A_b38	rs1724390	ENSG00000264070.1	DND1P1	Breast_Mammary_Tissue	1.2490777969360352	4.654208871690687e-90
chr17:45585159-46292045	chr17_45585881_C_A_b38	rs1724390	ENSG00000285668.1	ENSG00000285668	Breast_Mammary_Tissue	1.1722532510757446	4.114124295764323e-108
chr17:45585159-46292045	chr17_45585881_C_A_b38	rs1724390	ENSG00000280022.1	ENSG00000280022	Breast_Mammary_Tissue	1.0231422185897827	2.7066709771228476e-56
chr17:45585159-46292045	chr17_45585881_C_A_b38	rs1724390	ENSG00000263503.1	MAPK8IP1P2	Breast_Mammary_Tissue	1.1776220798492432	9.322383294999132e-94
chr17:45585159-46292045	chr17_45585881_C_A_b38	rs1724390	ENSG00000204650.14	LINC02210	Breast_Mammary_Tissue	1.006810188293457	3.546768968276873e-177
chr17:45585159-46292045	chr17_45585881_C_A_b38	rs1724390	ENSG00000120088.15	CRHR1	Breast_Mammary_Tissue	0.40981602668762207	3.662461583441397e-27
chr17:45585159-46292045	chr17_45585881_C_A_b38	rs1724390	ENSG00000262881.1	ENSG00000262881	Breast_Mammary_Tissue	-0.14367321133613586	6.272299810065168e-06
chr17:45585159-46292045	chr17_45585881_C_A_b38	rs1724390	ENSG00000214401.5	KANSL1-AS1	Breast_Mammary_Tissue	1.110575795173645	1.3351828090979248e-98
chr17:45585159-46292045	chr17_45585881_C_A_b38	rs1724390	ENSG00000262500.1	MAPK8IP1P1	Breast_Mammary_Tissue	1.0489418506622314	8.531750861955489e-76
chr17:45585159-46292045	chr17_45585881_C_A_b38	rs1724390	ENSG00000262539.1	ENSG00000262539	Breast_Mammary_Tissue	1.232339859008789	5.172740579330916e-95
chr17:45585159-46292045	chr17_45585881_C_A_b38	rs1724390	ENSG00000261575.3	ENSG00000261575	Breast_Mammary_Tissue	0.4517495930194855	3.1542368273810634e-13
chr17:45585159-46292045	chr17_45585881_C_A_b38	rs1724390	ENSG00000176681.14	LRRC37A	Breast_Mammary_Tissue	1.0535614490509033	6.551053242844849e-71
chr17:45585159-46292045	chr17_45585881_C_A_b38	rs1724390	ENSG00000238083.8	LRRC37A2	Breast_Mammary_Tissue	1.0872541666030884	9.908629655737852e-95
chr17:45585159-46292045	chr17_45585881_C_A_b38	rs1724390	ENSG00000232300.1	FAM215B	Breast_Mammary_Tissue	0.30892738699913025	1.2071272498111107e-05
chr17:45585159-46292045	chr17_45585881_C_A_b38	rs1724390	ENSG00000185829.18	ARL17A	Breast_Mammary_Tissue	0.2877621352672577	2.0108305701632012e-07
chr17:45585159-46292045	chr17_45585881_C_A_b38	rs1724390	ENSG00000159314.12	ARHGAP27	Minor_Salivary_Gland	-0.2804338037967682	9.626519644422648e-07
chr17:45585159-46292045	chr17_45585881_C_A_b38	rs1724390	ENSG00000214425.9	LRRC37A4P	Minor_Salivary_Gland	-1.0291879177093506	3.3540398134063074e-32
chr17:45585159-46292045	chr17_45585881_C_A_b38	rs1724390	ENSG00000285668.1	ENSG00000285668	Minor_Salivary_Gland	1.243607759475708	2.262742534310972e-27
chr17:45585159-46292045	chr17_45585881_C_A_b38	rs1724390	ENSG00000263503.1	MAPK8IP1P2	Minor_Salivary_Gland	1.2975695133209229	3.519486207251259e-33
chr17:45585159-46292045	chr17_45585881_C_A_b38	rs1724390	ENSG00000204650.14	LINC02210	Minor_Salivary_Gland	1.0803227424621582	2.2372175751327226e-37
chr17:45585159-46292045	chr17_45585881_C_A_b38	rs1724390	ENSG00000214401.5	KANSL1-AS1	Minor_Salivary_Gland	1.3893481492996216	1.8502336650824702e-39
chr17:45585159-46292045	chr17_45585881_C_A_b38	rs1724390	ENSG00000120071.15	KANSL1	Minor_Salivary_Gland	0.44886213541030884	9.074340999139104e-06
chr17:45585159-46292045	chr17_45585881_C_A_b38	rs1724390	ENSG00000262539.1	ENSG00000262539	Minor_Salivary_Gland	1.363675594329834	9.076128011200616e-32
chr17:45585159-46292045	chr17_45585881_C_A_b38	rs1724390	ENSG00000261575.3	ENSG00000261575	Minor_Salivary_Gland	0.7280584573745728	1.1039830558942168e-10
chr17:45585159-46292045	chr17_45585881_C_A_b38	rs1724390	ENSG00000176681.14	LRRC37A	Minor_Salivary_Gland	0.7685016989707947	1.39394006746529e-10
chr17:45585159-46292045	chr17_45585881_C_A_b38	rs1724390	ENSG00000238083.8	LRRC37A2	Minor_Salivary_Gland	1.049373745918274	7.916090600872871e-24
chr17:45585159-46292045	chr17_45585881_C_A_b38	rs1724390	ENSG00000185829.18	ARL17A	Minor_Salivary_Gland	0.47632351517677307	4.553930059523282e-05
chr17:45585159-46292045	chr17_45585881_C_A_b38	rs1724390	ENSG00000159314.12	ARHGAP27	Brain_Cortex	0.29960599541664124	1.1220731499983205e-07
chr17:45585159-46292045	chr17_45585881_C_A_b38	rs1724390	ENSG00000225190.11	PLEKHM1	Brain_Cortex	0.43048393726348877	3.635995370823291e-17
chr17:45585159-46292045	chr17_45585881_C_A_b38	rs1724390	ENSG00000266918.1	ENSG00000266918	Brain_Cortex	0.4915715754032135	2.2649401059277923e-07
chr17:45585159-46292045	chr17_45585881_C_A_b38	rs1724390	ENSG00000214425.9	LRRC37A4P	Brain_Cortex	-1.1583596467971802	1.5883695890502174e-63
chr17:45585159-46292045	chr17_45585881_C_A_b38	rs1724390	ENSG00000264070.1	DND1P1	Brain_Cortex	1.1960771083831787	6.356032623423064e-42
chr17:45585159-46292045	chr17_45585881_C_A_b38	rs1724390	ENSG00000263503.1	MAPK8IP1P2	Brain_Cortex	1.1809731721878052	2.539505522967769e-40
chr17:45585159-46292045	chr17_45585881_C_A_b38	rs1724390	ENSG00000204650.14	LINC02210	Brain_Cortex	0.5884411334991455	4.6566286579783703e-38
chr17:45585159-46292045	chr17_45585881_C_A_b38	rs1724390	ENSG00000185294.7	SPPL2C	Brain_Cortex	0.31144559383392334	8.121406660860241e-06
chr17:45585159-46292045	chr17_45585881_C_A_b38	rs1724390	ENSG00000264589.5	MAPT-AS1	Brain_Cortex	0.5970979332923889	2.8066875759179373e-24
chr17:45585159-46292045	chr17_45585881_C_A_b38	rs1724390	ENSG00000214401.5	KANSL1-AS1	Brain_Cortex	1.1032557487487793	9.134535792220431e-53
chr17:45585159-46292045	chr17_45585881_C_A_b38	rs1724390	ENSG00000262500.1	MAPK8IP1P1	Brain_Cortex	1.1569275856018066	6.04720104112653e-40
chr17:45585159-46292045	chr17_45585881_C_A_b38	rs1724390	ENSG00000262539.1	ENSG00000262539	Brain_Cortex	1.2245118618011475	3.318440476120497e-48
chr17:45585159-46292045	chr17_45585881_C_A_b38	rs1724390	ENSG00000261575.3	ENSG00000261575	Brain_Cortex	1.0522396564483643	1.944377465171667e-30
chr17:45585159-46292045	chr17_45585881_C_A_b38	rs1724390	ENSG00000176681.14	LRRC37A	Brain_Cortex	1.2182502746582031	6.01201487726463e-56
chr17:45585159-46292045	chr17_45585881_C_A_b38	rs1724390	ENSG00000238083.8	LRRC37A2	Brain_Cortex	1.1958200931549072	2.389176508970927e-50
chr17:45585159-46292045	chr17_45585881_C_A_b38	rs1724390	ENSG00000185829.18	ARL17A	Brain_Cortex	0.9579939842224121	1.293074299636724e-27
chr17:45585159-46292045	chr17_45585881_C_A_b38	rs1724390	ENSG00000159314.12	ARHGAP27	Brain_Putamen_basal_ganglia	0.16308492422103882	4.4067089358341506e-07
chr17:45585159-46292045	chr17_45585881_C_A_b38	rs1724390	ENSG00000225190.11	PLEKHM1	Brain_Putamen_basal_ganglia	0.3068567216396332	1.393389700488883e-09
chr17:45585159-46292045	chr17_45585881_C_A_b38	rs1724390	ENSG00000266918.1	ENSG00000266918	Brain_Putamen_basal_ganglia	0.46856263279914856	9.33090116370535e-07
chr17:45585159-46292045	chr17_45585881_C_A_b38	rs1724390	ENSG00000214425.9	LRRC37A4P	Brain_Putamen_basal_ganglia	-1.1128151416778564	1.583338528658394e-48
chr17:45585159-46292045	chr17_45585881_C_A_b38	rs1724390	ENSG00000264070.1	DND1P1	Brain_Putamen_basal_ganglia	1.135916829109192	1.9008940042261757e-41
chr17:45585159-46292045	chr17_45585881_C_A_b38	rs1724390	ENSG00000263503.1	MAPK8IP1P2	Brain_Putamen_basal_ganglia	1.1371852159500122	7.121090388129099e-39
chr17:45585159-46292045	chr17_45585881_C_A_b38	rs1724390	ENSG00000204650.14	LINC02210	Brain_Putamen_basal_ganglia	0.7699799537658691	9.398842866088465e-43
chr17:45585159-46292045	chr17_45585881_C_A_b38	rs1724390	ENSG00000279685.2	MAPT-IT1	Brain_Putamen_basal_ganglia	0.3858661651611328	1.0232915538750619e-07
chr17:45585159-46292045	chr17_45585881_C_A_b38	rs1724390	ENSG00000214401.5	KANSL1-AS1	Brain_Putamen_basal_ganglia	1.1656835079193115	2.71815503297717e-55
chr17:45585159-46292045	chr17_45585881_C_A_b38	rs1724390	ENSG00000262500.1	MAPK8IP1P1	Brain_Putamen_basal_ganglia	1.1101311445236206	7.47098910395134e-39
chr17:45585159-46292045	chr17_45585881_C_A_b38	rs1724390	ENSG00000262539.1	ENSG00000262539	Brain_Putamen_basal_ganglia	1.188393473625183	1.470328048911296e-47
chr17:45585159-46292045	chr17_45585881_C_A_b38	rs1724390	ENSG00000261575.3	ENSG00000261575	Brain_Putamen_basal_ganglia	0.8946908116340637	6.789440321413353e-24
chr17:45585159-46292045	chr17_45585881_C_A_b38	rs1724390	ENSG00000176681.14	LRRC37A	Brain_Putamen_basal_ganglia	1.181025743484497	4.08830949504868e-51
chr17:45585159-46292045	chr17_45585881_C_A_b38	rs1724390	ENSG00000238083.8	LRRC37A2	Brain_Putamen_basal_ganglia	1.1461081504821777	2.2367909752226565e-51
chr17:45585159-46292045	chr17_45585881_C_A_b38	rs1724390	ENSG00000185829.18	ARL17A	Brain_Putamen_basal_ganglia	0.8049349784851074	7.065114862630426e-21
chr17:45585159-46292045	chr17_45585881_C_A_b38	rs1724390	ENSG00000172992.13	DCAKD	Skin_Sun_Exposed_Lower_leg	0.15648072957992554	3.647959997485296e-05
chr17:45585159-46292045	chr17_45585881_C_A_b38	rs1724390	ENSG00000267344.1	ENSG00000267344	Skin_Sun_Exposed_Lower_leg	0.15299548208713531	5.936699960270572e-05
chr17:45585159-46292045	chr17_45585881_C_A_b38	rs1724390	ENSG00000159314.12	ARHGAP27	Skin_Sun_Exposed_Lower_leg	0.42773863673210144	2.3088046211807937e-45
chr17:45585159-46292045	chr17_45585881_C_A_b38	rs1724390	ENSG00000266918.1	ENSG00000266918	Skin_Sun_Exposed_Lower_leg	0.3061697483062744	3.2114811140552387e-07
chr17:45585159-46292045	chr17_45585881_C_A_b38	rs1724390	ENSG00000267198.1	ENSG00000267198	Skin_Sun_Exposed_Lower_leg	-0.2929762601852417	3.7804298118436385e-06
chr17:45585159-46292045	chr17_45585881_C_A_b38	rs1724390	ENSG00000214425.9	LRRC37A4P	Skin_Sun_Exposed_Lower_leg	-1.1510801315307617	9.661154325927842e-197
chr17:45585159-46292045	chr17_45585881_C_A_b38	rs1724390	ENSG00000264070.1	DND1P1	Skin_Sun_Exposed_Lower_leg	1.243311882019043	3.1335539810719905e-130
chr17:45585159-46292045	chr17_45585881_C_A_b38	rs1724390	ENSG00000285668.1	ENSG00000285668	Skin_Sun_Exposed_Lower_leg	1.191186785697937	3.381160036825622e-163
chr17:45585159-46292045	chr17_45585881_C_A_b38	rs1724390	ENSG00000280022.1	ENSG00000280022	Skin_Sun_Exposed_Lower_leg	1.0167443752288818	8.054161150174736e-83
chr17:45585159-46292045	chr17_45585881_C_A_b38	rs1724390	ENSG00000263503.1	MAPK8IP1P2	Skin_Sun_Exposed_Lower_leg	1.1941629648208618	3.70979199676916e-146
chr17:45585159-46292045	chr17_45585881_C_A_b38	rs1724390	ENSG00000204650.14	LINC02210	Skin_Sun_Exposed_Lower_leg	1.1618164777755737	4.128765347906583e-281
chr17:45585159-46292045	chr17_45585881_C_A_b38	rs1724390	ENSG00000120088.15	CRHR1	Skin_Sun_Exposed_Lower_leg	0.14767290651798248	0.00037176752944024605
chr17:45585159-46292045	chr17_45585881_C_A_b38	rs1724390	ENSG00000186868.17	MAPT	Skin_Sun_Exposed_Lower_leg	0.5218744277954102	1.627094216670034e-31
chr17:45585159-46292045	chr17_45585881_C_A_b38	rs1724390	ENSG00000214401.5	KANSL1-AS1	Skin_Sun_Exposed_Lower_leg	1.2110421657562256	1.2285351902949074e-159
chr17:45585159-46292045	chr17_45585881_C_A_b38	rs1724390	ENSG00000120071.15	KANSL1	Skin_Sun_Exposed_Lower_leg	0.32217004895210266	5.678886346669063e-21
chr17:45585159-46292045	chr17_45585881_C_A_b38	rs1724390	ENSG00000262500.1	MAPK8IP1P1	Skin_Sun_Exposed_Lower_leg	1.1241763830184937	2.854313427302536e-144
chr17:45585159-46292045	chr17_45585881_C_A_b38	rs1724390	ENSG00000262539.1	ENSG00000262539	Skin_Sun_Exposed_Lower_leg	1.2616811990737915	1.1982910328800437e-160
chr17:45585159-46292045	chr17_45585881_C_A_b38	rs1724390	ENSG00000261575.3	ENSG00000261575	Skin_Sun_Exposed_Lower_leg	0.8556375503540039	1.066890457208834e-69
chr17:45585159-46292045	chr17_45585881_C_A_b38	rs1724390	ENSG00000176681.14	LRRC37A	Skin_Sun_Exposed_Lower_leg	1.03204345703125	2.420587929512621e-94
chr17:45585159-46292045	chr17_45585881_C_A_b38	rs1724390	ENSG00000228696.10	ARL17B	Skin_Sun_Exposed_Lower_leg	0.3759693503379822	1.8810864798745632e-09
chr17:45585159-46292045	chr17_45585881_C_A_b38	rs1724390	ENSG00000238083.8	LRRC37A2	Skin_Sun_Exposed_Lower_leg	1.0063899755477905	4.7995268524164156e-110
chr17:45585159-46292045	chr17_45585881_C_A_b38	rs1724390	ENSG00000232300.1	FAM215B	Skin_Sun_Exposed_Lower_leg	0.2667333483695984	4.539292879339621e-06
chr17:45585159-46292045	chr17_45585881_C_A_b38	rs1724390	ENSG00000185829.18	ARL17A	Skin_Sun_Exposed_Lower_leg	0.3264378011226654	9.457061716574866e-11
chr17:45585159-46292045	chr17_45585881_C_A_b38	rs1724390	ENSG00000214425.9	LRRC37A4P	Artery_Coronary	-1.2097928524017334	5.860525239838381e-63
chr17:45585159-46292045	chr17_45585881_C_A_b38	rs1724390	ENSG00000264070.1	DND1P1	Artery_Coronary	1.2735127210617065	1.1091597181309715e-46
chr17:45585159-46292045	chr17_45585881_C_A_b38	rs1724390	ENSG00000285668.1	ENSG00000285668	Artery_Coronary	1.2207084894180298	1.3062499803642603e-65
chr17:45585159-46292045	chr17_45585881_C_A_b38	rs1724390	ENSG00000280022.1	ENSG00000280022	Artery_Coronary	1.039455771446228	2.8378078243852402e-33
chr17:45585159-46292045	chr17_45585881_C_A_b38	rs1724390	ENSG00000263503.1	MAPK8IP1P2	Artery_Coronary	1.1584508419036865	4.73903438403565e-47
chr17:45585159-46292045	chr17_45585881_C_A_b38	rs1724390	ENSG00000204650.14	LINC02210	Artery_Coronary	1.23941171169281	2.9015248843192228e-83
chr17:45585159-46292045	chr17_45585881_C_A_b38	rs1724390	ENSG00000214401.5	KANSL1-AS1	Artery_Coronary	1.2042156457901	5.992676973812065e-54
chr17:45585159-46292045	chr17_45585881_C_A_b38	rs1724390	ENSG00000262539.1	ENSG00000262539	Artery_Coronary	1.1771429777145386	1.3608555499736813e-50
chr17:45585159-46292045	chr17_45585881_C_A_b38	rs1724390	ENSG00000261575.3	ENSG00000261575	Artery_Coronary	0.5597419142723083	5.8069020223003795e-09
chr17:45585159-46292045	chr17_45585881_C_A_b38	rs1724390	ENSG00000176681.14	LRRC37A	Artery_Coronary	0.958541750907898	3.229946020303264e-33
chr17:45585159-46292045	chr17_45585881_C_A_b38	rs1724390	ENSG00000238083.8	LRRC37A2	Artery_Coronary	1.0285943746566772	1.3278376261369971e-45
chr17:45585159-46292045	chr17_45585881_C_A_b38	rs1724390	ENSG00000232300.1	FAM215B	Artery_Coronary	0.4517640471458435	5.087265714577885e-06
chr17:45585159-46292045	chr17_45585881_C_A_b38	rs1724390	ENSG00000185829.18	ARL17A	Artery_Coronary	0.38286545872688293	5.660101345891015e-07
chr21:13987773-14056796	chr21_13988769_A_C_b38	rs56275172	ENSG00000228314.1	CYP4F29P	Brain_Nucleus_accumbens_basal_ganglia	-0.40460145473480225	1.285408749210174e-06
chr21:13987773-14056796	chr21_13988769_A_C_b38	rs56275172	ENSG00000228314.1	CYP4F29P	Esophagus_Muscularis	0.5054126381874084	1.833461221043108e-13
chr21:13987773-14056796	chr21_13988769_A_C_b38	rs56275172	ENSG00000215559.8	ANKRD20A11P	Esophagus_Muscularis	0.441816508769989	1.0176139888585033e-10
chr21:13987773-14056796	chr21_13988769_A_C_b38	rs56275172	ENSG00000224905.8	ENSG00000224905	Esophagus_Muscularis	-0.4310508072376251	1.7157182660195917e-14
chr21:13987773-14056796	chr21_13988769_A_C_b38	rs56275172	ENSG00000188992.12	LIPI	Esophagus_Muscularis	-0.398820161819458	1.0574182372760106e-10
chr21:13987773-14056796	chr21_13988769_A_C_b38	rs56275172	ENSG00000224905.8	ENSG00000224905	Adipose_Visceral_Omentum	-0.45958760380744934	4.331809799599762e-17
chr21:13987773-14056796	chr21_13988769_A_C_b38	rs56275172	ENSG00000188992.12	LIPI	Adipose_Visceral_Omentum	-0.3587244153022766	8.939259797454034e-09
chr21:13987773-14056796	chr21_13988769_A_C_b38	rs56275172	ENSG00000228314.1	CYP4F29P	Pituitary	-0.30134087800979614	8.082399914004371e-05
chr21:13987773-14056796	chr21_13988769_A_C_b38	rs56275172	ENSG00000229231.1	FEM1AP1	Nerve_Tibial	0.4028717279434204	8.101236727611094e-10
chr21:13987773-14056796	chr21_13988769_A_C_b38	rs56275172	ENSG00000228314.1	CYP4F29P	Nerve_Tibial	-0.49326813220977783	2.1406489431833935e-20
chr21:13987773-14056796	chr21_13988769_A_C_b38	rs56275172	ENSG00000230965.1	SNX18P13	Nerve_Tibial	-0.5453738570213318	4.960389062833703e-21
chr21:13987773-14056796	chr21_13988769_A_C_b38	rs56275172	ENSG00000203616.2	RHOT1P2	Nerve_Tibial	-0.5489844679832458	1.052656476354024e-23
chr21:13987773-14056796	chr21_13988769_A_C_b38	rs56275172	ENSG00000215559.8	ANKRD20A11P	Nerve_Tibial	-0.5966301560401917	6.371964610106187e-29
chr21:13987773-14056796	chr21_13988769_A_C_b38	rs56275172	ENSG00000185272.14	RBM11	Nerve_Tibial	0.37834471464157104	2.1690075426219707e-14
chr21:13987773-14056796	chr21_13988769_A_C_b38	rs56275172	ENSG00000228314.1	CYP4F29P	Whole_Blood	-0.19373942911624908	0.00010494705122071376
chr21:13987773-14056796	chr21_13988769_A_C_b38	rs56275172	ENSG00000215559.8	ANKRD20A11P	Whole_Blood	-0.22673483192920685	5.157574792823757e-06
chr21:13987773-14056796	chr21_13988769_A_C_b38	rs56275172	ENSG00000228314.1	CYP4F29P	Skin_Not_Sun_Exposed_Suprapubic	0.35009247064590454	1.2056396933032173e-06
chr21:13987773-14056796	chr21_13988769_A_C_b38	rs56275172	ENSG00000224905.8	ENSG00000224905	Skin_Not_Sun_Exposed_Suprapubic	-0.2799759805202484	2.4425095513709312e-08
chr21:13987773-14056796	chr21_13988769_A_C_b38	rs56275172	ENSG00000228314.1	CYP4F29P	Esophagus_Gastroesophageal_Junction	0.459590345621109	1.7153374486410374e-07
chr21:13987773-14056796	chr21_13988769_A_C_b38	rs56275172	ENSG00000215559.8	ANKRD20A11P	Esophagus_Gastroesophageal_Junction	0.40752172470092773	4.409541354441543e-06
chr21:13987773-14056796	chr21_13988769_A_C_b38	rs56275172	ENSG00000224905.8	ENSG00000224905	Esophagus_Gastroesophageal_Junction	-0.5509997606277466	5.15912388379894e-15
chr21:13987773-14056796	chr21_13988769_A_C_b38	rs56275172	ENSG00000188992.12	LIPI	Esophagus_Gastroesophageal_Junction	-0.3596447706222534	1.4428143071900192e-06
chr21:13987773-14056796	chr21_13988769_A_C_b38	rs56275172	ENSG00000224905.8	ENSG00000224905	Brain_Hypothalamus	-0.5056244730949402	3.4723957853816043e-06
chr21:13987773-14056796	chr21_13988769_A_C_b38	rs56275172	ENSG00000224905.8	ENSG00000224905	Adipose_Subcutaneous	-0.4298099875450134	2.474489562370731e-23
chr21:13987773-14056796	chr21_13988769_A_C_b38	rs56275172	ENSG00000188992.12	LIPI	Adipose_Subcutaneous	-0.26856616139411926	4.710440771211382e-06
chr21:13987773-14056796	chr21_13988769_A_C_b38	rs56275172	ENSG00000224905.8	ENSG00000224905	Thyroid	-0.4498600661754608	1.3352497243276008e-16
chr21:13987773-14056796	chr21_13988769_A_C_b38	rs56275172	ENSG00000188992.12	LIPI	Thyroid	0.29190966486930847	4.150703303166044e-06
chr21:13987773-14056796	chr21_13988769_A_C_b38	rs56275172	ENSG00000185272.14	RBM11	Thyroid	0.20122945308685303	2.88013510167263e-06
chr21:13987773-14056796	chr21_13988769_A_C_b38	rs56275172	ENSG00000215559.8	ANKRD20A11P	Uterus	0.6966419219970703	1.3731932076411939e-05
chr21:13987773-14056796	chr21_13988769_A_C_b38	rs56275172	ENSG00000224905.8	ENSG00000224905	Uterus	-0.4618726372718811	3.332132871838527e-06
chr21:13987773-14056796	chr21_13988769_A_C_b38	rs56275172	ENSG00000228314.1	CYP4F29P	Heart_Left_Ventricle	0.523126482963562	7.043612101805616e-10
chr21:13987773-14056796	chr21_13988769_A_C_b38	rs56275172	ENSG00000228314.1	CYP4F29P	Testis	0.5801547169685364	6.166210154416424e-13
chr21:13987773-14056796	chr21_13988769_A_C_b38	rs56275172	ENSG00000230965.1	SNX18P13	Testis	0.4618329107761383	1.2132550904870943e-07
chr21:13987773-14056796	chr21_13988769_A_C_b38	rs56275172	ENSG00000203616.2	RHOT1P2	Testis	0.4733258783817291	3.593862389071253e-08
chr21:13987773-14056796	chr21_13988769_A_C_b38	rs56275172	ENSG00000215559.8	ANKRD20A11P	Testis	0.6204872131347656	3.268550731127164e-14
chr21:13987773-14056796	chr21_13988769_A_C_b38	rs56275172	ENSG00000228314.1	CYP4F29P	Brain_Caudate_basal_ganglia	-0.4734443128108978	2.3098123014428032e-07
chr21:13987773-14056796	chr21_13988769_A_C_b38	rs56275172	ENSG00000215559.8	ANKRD20A11P	Brain_Caudate_basal_ganglia	-0.4925536513328552	6.63393102093899e-07
chr21:13987773-14056796	chr21_13988769_A_C_b38	rs56275172	ENSG00000228314.1	CYP4F29P	Muscle_Skeletal	0.38537660241127014	5.160969731889816e-10
chr21:13987773-14056796	chr21_13988769_A_C_b38	rs56275172	ENSG00000224905.8	ENSG00000224905	Muscle_Skeletal	-0.210652694106102	4.7375239877862846e-05
chr21:13987773-14056796	chr21_13988769_A_C_b38	rs56275172	ENSG00000228314.1	CYP4F29P	Artery_Tibial	0.5843191742897034	1.2774413862557418e-16
chr21:13987773-14056796	chr21_13988769_A_C_b38	rs56275172	ENSG00000224905.8	ENSG00000224905	Artery_Tibial	-0.5066701173782349	4.0264184210826106e-23
chr21:13987773-14056796	chr21_13988769_A_C_b38	rs56275172	ENSG00000188992.12	LIPI	Artery_Tibial	-0.44627657532691956	1.530113275057352e-13
chr21:13987773-14056796	chr21_13988769_A_C_b38	rs56275172	ENSG00000228314.1	CYP4F29P	Colon_Sigmoid	0.47201478481292725	2.363341890898141e-08
chr21:13987773-14056796	chr21_13988769_A_C_b38	rs56275172	ENSG00000215559.8	ANKRD20A11P	Colon_Sigmoid	0.3971235454082489	1.1064415985934016e-05
chr21:13987773-14056796	chr21_13988769_A_C_b38	rs56275172	ENSG00000224905.8	ENSG00000224905	Colon_Sigmoid	-0.45394763350486755	2.127335089362102e-15
chr21:13987773-14056796	chr21_13988769_A_C_b38	rs56275172	ENSG00000188992.12	LIPI	Colon_Sigmoid	-0.38664543628692627	3.432756977589772e-12
chr21:13987773-14056796	chr21_13988769_A_C_b38	rs56275172	ENSG00000228314.1	CYP4F29P	Artery_Aorta	0.5211281776428223	7.014555973267359e-10
chr21:13987773-14056796	chr21_13988769_A_C_b38	rs56275172	ENSG00000224905.8	ENSG00000224905	Artery_Aorta	-0.48923105001449585	4.3687087241638015e-11
chr21:13987773-14056796	chr21_13988769_A_C_b38	rs56275172	ENSG00000228314.1	CYP4F29P	Colon_Transverse	0.359986811876297	7.81033474619997e-06
chr21:13987773-14056796	chr21_13988769_A_C_b38	rs56275172	ENSG00000230965.1	SNX18P13	Colon_Transverse	0.3253331780433655	3.473340755812392e-05
chr21:13987773-14056796	chr21_13988769_A_C_b38	rs56275172	ENSG00000224905.8	ENSG00000224905	Colon_Transverse	-0.2898050546646118	1.2590303713529089e-15
chr21:13987773-14056796	chr21_13988769_A_C_b38	rs56275172	ENSG00000188992.12	LIPI	Colon_Transverse	-0.2093702256679535	1.6323793381910377e-07
chr21:13987773-14056796	chr21_13988769_A_C_b38	rs56275172	ENSG00000228314.1	CYP4F29P	Esophagus_Mucosa	-0.5590105056762695	4.7545061677312796e-27
chr21:13987773-14056796	chr21_13988769_A_C_b38	rs56275172	ENSG00000230965.1	SNX18P13	Esophagus_Mucosa	-0.4588320851325989	7.973463860681432e-19
chr21:13987773-14056796	chr21_13988769_A_C_b38	rs56275172	ENSG00000203616.2	RHOT1P2	Esophagus_Mucosa	-0.3927784562110901	2.383765168283599e-15
chr21:13987773-14056796	chr21_13988769_A_C_b38	rs56275172	ENSG00000215559.8	ANKRD20A11P	Esophagus_Mucosa	-0.4735989570617676	8.331546326021081e-19
chr21:13987773-14056796	chr21_13988769_A_C_b38	rs56275172	ENSG00000249493.1	ANKRD20A18P	Esophagus_Mucosa	0.8197872638702393	1.1562007249922469e-39
chr21:13987773-14056796	chr21_13988769_A_C_b38	rs56275172	ENSG00000185272.14	RBM11	Esophagus_Mucosa	-0.3190421462059021	2.359875487410208e-07
chr21:13987773-14056796	chr21_13988769_A_C_b38	rs56275172	ENSG00000224905.8	ENSG00000224905	Stomach	-0.22381038963794708	2.1057583636331506e-05
chr21:13987773-14056796	chr21_13988769_A_C_b38	rs56275172	ENSG00000188992.12	LIPI	Brain_Cerebellar_Hemisphere	-0.4599730670452118	5.841065690884503e-08
chr21:13987773-14056796	chr21_13988769_A_C_b38	rs56275172	ENSG00000185272.14	RBM11	Brain_Cerebellar_Hemisphere	0.42437979578971863	3.116387020343735e-06
chr21:13987773-14056796	chr21_13988769_A_C_b38	rs56275172	ENSG00000228314.1	CYP4F29P	Heart_Atrial_Appendage	0.3245224356651306	8.706140517914875e-05
chr21:13987773-14056796	chr21_13988769_A_C_b38	rs56275172	ENSG00000224905.8	ENSG00000224905	Heart_Atrial_Appendage	-0.39527738094329834	7.662314441813015e-08
chr21:13987773-14056796	chr21_13988769_A_C_b38	rs56275172	ENSG00000224905.8	ENSG00000224905	Ovary	-0.48324477672576904	2.5886116114452572e-05
chr21:13987773-14056796	chr21_13988769_A_C_b38	rs56275172	ENSG00000228314.1	CYP4F29P	Cells_EBV-transformed_lymphocytes	0.6482927799224854	2.1893733816475465e-10
chr21:13987773-14056796	chr21_13988769_A_C_b38	rs56275172	ENSG00000215559.8	ANKRD20A11P	Cells_EBV-transformed_lymphocytes	0.5460626482963562	8.611157215221232e-08
chr21:13987773-14056796	chr21_13988769_A_C_b38	rs56275172	ENSG00000224905.8	ENSG00000224905	Cells_EBV-transformed_lymphocytes	-0.5372352004051208	1.738865066408199e-08
chr21:13987773-14056796	chr21_13988769_A_C_b38	rs56275172	ENSG00000188992.12	LIPI	Cells_EBV-transformed_lymphocytes	-0.44780319929122925	1.019657096405254e-07
chr21:13987773-14056796	chr21_13988769_A_C_b38	rs56275172	ENSG00000188992.12	LIPI	Brain_Cerebellum	-0.590622067451477	2.2219052100173123e-08
chr21:13987773-14056796	chr21_13988769_A_C_b38	rs56275172	ENSG00000185272.14	RBM11	Brain_Cerebellum	0.4597204625606537	2.3476910886814208e-05
chr21:13987773-14056796	chr21_13988769_A_C_b38	rs56275172	ENSG00000224905.8	ENSG00000224905	Cells_Cultured_fibroblasts	-0.41107964515686035	2.570035514009878e-19
chr21:13987773-14056796	chr21_13988769_A_C_b38	rs56275172	ENSG00000188992.12	LIPI	Cells_Cultured_fibroblasts	-0.30906692147254944	1.7463254349948953e-06
chr21:13987773-14056796	chr21_13988769_A_C_b38	rs56275172	ENSG00000224905.8	ENSG00000224905	Lung	-0.34947431087493896	3.845939431413932e-09
chr21:13987773-14056796	chr21_13988769_A_C_b38	rs56275172	ENSG00000224905.8	ENSG00000224905	Breast_Mammary_Tissue	-0.49601125717163086	2.1167135040195164e-18
chr21:13987773-14056796	chr21_13988769_A_C_b38	rs56275172	ENSG00000188992.12	LIPI	Breast_Mammary_Tissue	-0.3649366497993469	6.998198950409097e-07
chr21:13987773-14056796	chr21_13988769_A_C_b38	rs56275172	ENSG00000224905.8	ENSG00000224905	Minor_Salivary_Gland	-0.42528507113456726	1.1763129082389684e-05
chr21:13987773-14056796	chr21_13988769_A_C_b38	rs56275172	ENSG00000224905.8	ENSG00000224905	Brain_Cortex	-0.4003286361694336	0.00010283910614599702
chr21:13987773-14056796	chr21_13988769_A_C_b38	rs56275172	ENSG00000215559.8	ANKRD20A11P	Brain_Putamen_basal_ganglia	-0.5131199359893799	2.551283976497051e-05
chr21:13987773-14056796	chr21_13988769_A_C_b38	rs56275172	ENSG00000228314.1	CYP4F29P	Skin_Sun_Exposed_Lower_leg	0.3579692542552948	7.311355797938253e-08
chr21:13987773-14056796	chr21_13988769_A_C_b38	rs56275172	ENSG00000215559.8	ANKRD20A11P	Skin_Sun_Exposed_Lower_leg	0.29515576362609863	8.658720418959823e-06
chr21:13987773-14056796	chr21_13988769_A_C_b38	rs56275172	ENSG00000224905.8	ENSG00000224905	Skin_Sun_Exposed_Lower_leg	-0.2969558835029602	5.657579276335928e-12
chr3:195749463-195980207	chr3_195802897_G_A_b38	rs6791220	ENSG00000271662.1	ENSG00000271662	Vagina	-0.6328107118606567	1.8136901493485187e-08
chr3:195749463-195980207	chr3_195802897_G_A_b38	rs6791220	ENSG00000229178.1	ENSG00000229178	Vagina	-0.5465937256813049	4.3518195329542585e-06
chr3:195749463-195980207	chr3_195802897_G_A_b38	rs6791220	ENSG00000271662.1	ENSG00000271662	Brain_Nucleus_accumbens_basal_ganglia	-0.41823771595954895	9.684074852316208e-07
chr3:195749463-195980207	chr3_195802897_G_A_b38	rs6791220	ENSG00000229178.1	ENSG00000229178	Brain_Nucleus_accumbens_basal_ganglia	-0.5029140114784241	4.570251219966828e-12
chr3:195749463-195980207	chr3_195802897_G_A_b38	rs6791220	ENSG00000215837.7	SDHAP2	Brain_Nucleus_accumbens_basal_ganglia	-0.3313828706741333	1.5846296989722833e-06
chr3:195749463-195980207	chr3_195802897_G_A_b38	rs6791220	ENSG00000283426.1	SMBD1P	Brain_Nucleus_accumbens_basal_ganglia	-0.351754367351532	9.84396431096953e-06
chr3:195749463-195980207	chr3_195802897_G_A_b38	rs6791220	ENSG00000061938.21	TNK2	Brain_Nucleus_accumbens_basal_ganglia	0.1318199187517166	1.5260039282982377e-05
chr3:195749463-195980207	chr3_195802897_G_A_b38	rs6791220	ENSG00000224769.1	MUC20P1	Esophagus_Muscularis	-0.2950360178947449	1.1362691003729367e-06
chr3:195749463-195980207	chr3_195802897_G_A_b38	rs6791220	ENSG00000271662.1	ENSG00000271662	Esophagus_Muscularis	-0.4639263153076172	1.475321786815221e-17
chr3:195749463-195980207	chr3_195802897_G_A_b38	rs6791220	ENSG00000229178.1	ENSG00000229178	Esophagus_Muscularis	-0.38787680864334106	3.910138410256712e-13
chr3:195749463-195980207	chr3_195802897_G_A_b38	rs6791220	ENSG00000215837.7	SDHAP2	Esophagus_Muscularis	-0.41927045583724976	1.1691512627407512e-12
chr3:195749463-195980207	chr3_195802897_G_A_b38	rs6791220	ENSG00000283426.1	SMBD1P	Esophagus_Muscularis	-0.41301947832107544	2.933553525396521e-17
chr3:195749463-195980207	chr3_195802897_G_A_b38	rs6791220	ENSG00000286004.1	ENSG00000286004	Esophagus_Muscularis	-0.1408560574054718	2.1361254964140195e-06
chr3:195749463-195980207	chr3_195802897_G_A_b38	rs6791220	ENSG00000271662.1	ENSG00000271662	Pancreas	-0.5351569652557373	6.338231498825644e-12
chr3:195749463-195980207	chr3_195802897_G_A_b38	rs6791220	ENSG00000229178.1	ENSG00000229178	Pancreas	-0.449012815952301	1.3565285602031778e-08
chr3:195749463-195980207	chr3_195802897_G_A_b38	rs6791220	ENSG00000215837.7	SDHAP2	Pancreas	-0.4561445116996765	9.65868177654605e-10
chr3:195749463-195980207	chr3_195802897_G_A_b38	rs6791220	ENSG00000283426.1	SMBD1P	Pancreas	-0.3554190993309021	1.0759467914838006e-06
chr3:195749463-195980207	chr3_195802897_G_A_b38	rs6791220	ENSG00000271662.1	ENSG00000271662	Adipose_Visceral_Omentum	-0.34742704033851624	3.3330000288239094e-11
chr3:195749463-195980207	chr3_195802897_G_A_b38	rs6791220	ENSG00000229178.1	ENSG00000229178	Adipose_Visceral_Omentum	-0.3388245701789856	7.204961957929611e-09
chr3:195749463-195980207	chr3_195802897_G_A_b38	rs6791220	ENSG00000215837.7	SDHAP2	Adipose_Visceral_Omentum	-0.45572060346603394	6.722728354333625e-15
chr3:195749463-195980207	chr3_195802897_G_A_b38	rs6791220	ENSG00000283426.1	SMBD1P	Adipose_Visceral_Omentum	-0.38818424940109253	1.3877148187301825e-12
chr3:195749463-195980207	chr3_195802897_G_A_b38	rs6791220	ENSG00000271662.1	ENSG00000271662	Pituitary	-0.4847181439399719	5.448588156464452e-12
chr3:195749463-195980207	chr3_195802897_G_A_b38	rs6791220	ENSG00000229178.1	ENSG00000229178	Pituitary	-0.5977024435997009	4.615517037496127e-14
chr3:195749463-195980207	chr3_195802897_G_A_b38	rs6791220	ENSG00000215837.7	SDHAP2	Pituitary	-0.3765518367290497	1.0149681663173555e-06
chr3:195749463-195980207	chr3_195802897_G_A_b38	rs6791220	ENSG00000224769.1	MUC20P1	Nerve_Tibial	-0.2913544178009033	1.166766571846087e-06
chr3:195749463-195980207	chr3_195802897_G_A_b38	rs6791220	ENSG00000271662.1	ENSG00000271662	Nerve_Tibial	-0.5342565774917603	6.71516694312072e-22
chr3:195749463-195980207	chr3_195802897_G_A_b38	rs6791220	ENSG00000229178.1	ENSG00000229178	Nerve_Tibial	-0.49773967266082764	8.183495686346481e-21
chr3:195749463-195980207	chr3_195802897_G_A_b38	rs6791220	ENSG00000215837.7	SDHAP2	Nerve_Tibial	-0.5009658336639404	1.1982415267319476e-20
chr3:195749463-195980207	chr3_195802897_G_A_b38	rs6791220	ENSG00000283426.1	SMBD1P	Nerve_Tibial	-0.42241179943084717	2.5034960124756646e-17
chr3:195749463-195980207	chr3_195802897_G_A_b38	rs6791220	ENSG00000231443.2	ENSG00000231443	Nerve_Tibial	-0.24451906979084015	2.294171686307825e-07
chr3:195749463-195980207	chr3_195802897_G_A_b38	rs6791220	ENSG00000260261.2	ENSG00000260261	Nerve_Tibial	-0.27604591846466064	4.1372307500256865e-10
chr3:195749463-195980207	chr3_195802897_G_A_b38	rs6791220	ENSG00000271662.1	ENSG00000271662	Small_Intestine_Terminal_Ileum	-0.5812512040138245	3.4480537143027076e-11
chr3:195749463-195980207	chr3_195802897_G_A_b38	rs6791220	ENSG00000229178.1	ENSG00000229178	Small_Intestine_Terminal_Ileum	-0.508004367351532	1.98742571599417e-08
chr3:195749463-195980207	chr3_195802897_G_A_b38	rs6791220	ENSG00000215837.7	SDHAP2	Whole_Blood	-0.2578972280025482	1.6279739978019451e-09
chr3:195749463-195980207	chr3_195802897_G_A_b38	rs6791220	ENSG00000283426.1	SMBD1P	Whole_Blood	-0.30777400732040405	5.657470489369628e-10
chr3:195749463-195980207	chr3_195802897_G_A_b38	rs6791220	ENSG00000185485.14	SDHAP1	Whole_Blood	-0.18037715554237366	1.7622998735125944e-05
chr3:195749463-195980207	chr3_195802897_G_A_b38	rs6791220	ENSG00000224769.1	MUC20P1	Skin_Not_Sun_Exposed_Suprapubic	-0.2628650963306427	5.032996087405947e-06
chr3:195749463-195980207	chr3_195802897_G_A_b38	rs6791220	ENSG00000271662.1	ENSG00000271662	Skin_Not_Sun_Exposed_Suprapubic	-0.5230443477630615	1.1358884588670782e-24
chr3:195749463-195980207	chr3_195802897_G_A_b38	rs6791220	ENSG00000229178.1	ENSG00000229178	Skin_Not_Sun_Exposed_Suprapubic	-0.42268258333206177	2.06370546861773e-14
chr3:195749463-195980207	chr3_195802897_G_A_b38	rs6791220	ENSG00000215837.7	SDHAP2	Skin_Not_Sun_Exposed_Suprapubic	-0.4211064279079437	4.203265562953277e-15
chr3:195749463-195980207	chr3_195802897_G_A_b38	rs6791220	ENSG00000283426.1	SMBD1P	Skin_Not_Sun_Exposed_Suprapubic	-0.307964950799942	1.8948306653678182e-10
chr3:195749463-195980207	chr3_195802897_G_A_b38	rs6791220	ENSG00000271662.1	ENSG00000271662	Esophagus_Gastroesophageal_Junction	-0.3295324742794037	2.04621283088941e-06
chr3:195749463-195980207	chr3_195802897_G_A_b38	rs6791220	ENSG00000229178.1	ENSG00000229178	Esophagus_Gastroesophageal_Junction	-0.34128111600875854	4.81485085503673e-07
chr3:195749463-195980207	chr3_195802897_G_A_b38	rs6791220	ENSG00000215837.7	SDHAP2	Esophagus_Gastroesophageal_Junction	-0.4654649794101715	1.9416859287895652e-11
chr3:195749463-195980207	chr3_195802897_G_A_b38	rs6791220	ENSG00000283426.1	SMBD1P	Esophagus_Gastroesophageal_Junction	-0.43834221363067627	2.874349404963027e-12
chr3:195749463-195980207	chr3_195802897_G_A_b38	rs6791220	ENSG00000271662.1	ENSG00000271662	Brain_Hypothalamus	-0.49313488602638245	1.550095469938378e-08
chr3:195749463-195980207	chr3_195802897_G_A_b38	rs6791220	ENSG00000229178.1	ENSG00000229178	Brain_Hypothalamus	-0.6459288001060486	5.078112188026949e-14
chr3:195749463-195980207	chr3_195802897_G_A_b38	rs6791220	ENSG00000215837.7	SDHAP2	Brain_Hypothalamus	-0.4609282612800598	1.771806987486637e-07
chr3:195749463-195980207	chr3_195802897_G_A_b38	rs6791220	ENSG00000224769.1	MUC20P1	Adipose_Subcutaneous	-0.32151854038238525	8.520453576778197e-09
chr3:195749463-195980207	chr3_195802897_G_A_b38	rs6791220	ENSG00000271662.1	ENSG00000271662	Adipose_Subcutaneous	-0.4851115345954895	6.818408115044086e-19
chr3:195749463-195980207	chr3_195802897_G_A_b38	rs6791220	ENSG00000229178.1	ENSG00000229178	Adipose_Subcutaneous	-0.4236465096473694	1.7360875283145824e-14
chr3:195749463-195980207	chr3_195802897_G_A_b38	rs6791220	ENSG00000215837.7	SDHAP2	Adipose_Subcutaneous	-0.47816458344459534	1.4362467462744266e-18
chr3:195749463-195980207	chr3_195802897_G_A_b38	rs6791220	ENSG00000283426.1	SMBD1P	Adipose_Subcutaneous	-0.4027782678604126	1.4345037377488398e-16
chr3:195749463-195980207	chr3_195802897_G_A_b38	rs6791220	ENSG00000224769.1	MUC20P1	Thyroid	-0.26243144273757935	2.969583947167656e-06
chr3:195749463-195980207	chr3_195802897_G_A_b38	rs6791220	ENSG00000271662.1	ENSG00000271662	Thyroid	-0.5318479537963867	1.9313197994658075e-31
chr3:195749463-195980207	chr3_195802897_G_A_b38	rs6791220	ENSG00000229178.1	ENSG00000229178	Thyroid	-0.46683934330940247	1.8380430059198114e-22
chr3:195749463-195980207	chr3_195802897_G_A_b38	rs6791220	ENSG00000215837.7	SDHAP2	Thyroid	-0.3590087890625	2.452057390303633e-13
chr3:195749463-195980207	chr3_195802897_G_A_b38	rs6791220	ENSG00000283426.1	SMBD1P	Thyroid	-0.2876254916191101	6.765550308557448e-09
chr3:195749463-195980207	chr3_195802897_G_A_b38	rs6791220	ENSG00000061938.21	TNK2	Thyroid	0.09306596964597702	9.81084340017138e-06
chr3:195749463-195980207	chr3_195802897_G_A_b38	rs6791220	ENSG00000224769.1	MUC20P1	Heart_Left_Ventricle	-0.28074565529823303	5.137886915441532e-05
chr3:195749463-195980207	chr3_195802897_G_A_b38	rs6791220	ENSG00000271662.1	ENSG00000271662	Heart_Left_Ventricle	-0.32766133546829224	1.5994099180962084e-06
chr3:195749463-195980207	chr3_195802897_G_A_b38	rs6791220	ENSG00000229178.1	ENSG00000229178	Heart_Left_Ventricle	-0.4438771605491638	1.6925054419845478e-12
chr3:195749463-195980207	chr3_195802897_G_A_b38	rs6791220	ENSG00000215837.7	SDHAP2	Heart_Left_Ventricle	-0.2962542772293091	7.157635232845845e-07
chr3:195749463-195980207	chr3_195802897_G_A_b38	rs6791220	ENSG00000283426.1	SMBD1P	Heart_Left_Ventricle	-0.32180172204971313	4.0014463539401806e-08
chr3:195749463-195980207	chr3_195802897_G_A_b38	rs6791220	ENSG00000223711.2	ENSG00000223711	Testis	0.1834978312253952	6.104439396206795e-05
chr3:195749463-195980207	chr3_195802897_G_A_b38	rs6791220	ENSG00000271662.1	ENSG00000271662	Testis	-0.6142745018005371	9.927480384936409e-23
chr3:195749463-195980207	chr3_195802897_G_A_b38	rs6791220	ENSG00000229178.1	ENSG00000229178	Testis	-0.6131440997123718	1.8585250548422083e-22
chr3:195749463-195980207	chr3_195802897_G_A_b38	rs6791220	ENSG00000215837.7	SDHAP2	Testis	-0.38006141781806946	1.2627958843363649e-08
chr3:195749463-195980207	chr3_195802897_G_A_b38	rs6791220	ENSG00000061938.21	TNK2	Testis	0.14554615318775177	2.5497265715740816e-05
chr3:195749463-195980207	chr3_195802897_G_A_b38	rs6791220	ENSG00000231443.2	ENSG00000231443	Testis	-0.20832671225070953	2.8135481323706234e-07
chr3:195749463-195980207	chr3_195802897_G_A_b38	rs6791220	ENSG00000260261.2	ENSG00000260261	Testis	-0.2732955515384674	5.19780817765741e-06
chr3:195749463-195980207	chr3_195802897_G_A_b38	rs6791220	ENSG00000286168.2	ENSG00000286168	Testis	-0.33346620202064514	7.971042299415545e-12
chr3:195749463-195980207	chr3_195802897_G_A_b38	rs6791220	ENSG00000271662.1	ENSG00000271662	Brain_Caudate_basal_ganglia	-0.4485437572002411	2.6050816501430084e-07
chr3:195749463-195980207	chr3_195802897_G_A_b38	rs6791220	ENSG00000229178.1	ENSG00000229178	Brain_Caudate_basal_ganglia	-0.5605856776237488	3.8508416040549174e-13
chr3:195749463-195980207	chr3_195802897_G_A_b38	rs6791220	ENSG00000224769.1	MUC20P1	Muscle_Skeletal	-0.3241695463657379	9.390736033532672e-10
chr3:195749463-195980207	chr3_195802897_G_A_b38	rs6791220	ENSG00000271662.1	ENSG00000271662	Muscle_Skeletal	-0.41174110770225525	1.7031395966527403e-20
chr3:195749463-195980207	chr3_195802897_G_A_b38	rs6791220	ENSG00000229178.1	ENSG00000229178	Muscle_Skeletal	-0.4597979187965393	5.516563820247618e-20
chr3:195749463-195980207	chr3_195802897_G_A_b38	rs6791220	ENSG00000215837.7	SDHAP2	Muscle_Skeletal	-0.3347852826118469	2.8926102397309486e-15
chr3:195749463-195980207	chr3_195802897_G_A_b38	rs6791220	ENSG00000283426.1	SMBD1P	Muscle_Skeletal	-0.3714010715484619	1.4096068761792472e-20
chr3:195749463-195980207	chr3_195802897_G_A_b38	rs6791220	ENSG00000224769.1	MUC20P1	Artery_Tibial	-0.32242900133132935	1.6455534327656884e-08
chr3:195749463-195980207	chr3_195802897_G_A_b38	rs6791220	ENSG00000271662.1	ENSG00000271662	Artery_Tibial	-0.3296792507171631	3.419437424101886e-09
chr3:195749463-195980207	chr3_195802897_G_A_b38	rs6791220	ENSG00000229178.1	ENSG00000229178	Artery_Tibial	-0.3416759967803955	5.542703914769876e-10
chr3:195749463-195980207	chr3_195802897_G_A_b38	rs6791220	ENSG00000215837.7	SDHAP2	Artery_Tibial	-0.4855085015296936	2.300509495599179e-20
chr3:195749463-195980207	chr3_195802897_G_A_b38	rs6791220	ENSG00000283426.1	SMBD1P	Artery_Tibial	-0.4391755163669586	3.057148790098539e-19
chr3:195749463-195980207	chr3_195802897_G_A_b38	rs6791220	ENSG00000231443.2	ENSG00000231443	Artery_Tibial	-0.20160119235515594	6.86899969706947e-06
chr3:195749463-195980207	chr3_195802897_G_A_b38	rs6791220	ENSG00000260261.2	ENSG00000260261	Artery_Tibial	-0.1884293407201767	1.9661174813793225e-07
chr3:195749463-195980207	chr3_195802897_G_A_b38	rs6791220	ENSG00000185485.14	SDHAP1	Artery_Tibial	-0.1922888159751892	4.3118688081074394e-05
chr3:195749463-195980207	chr3_195802897_G_A_b38	rs6791220	ENSG00000229178.1	ENSG00000229178	Brain_Substantia_nigra	-0.6709052920341492	2.4954740830415468e-11
chr3:195749463-195980207	chr3_195802897_G_A_b38	rs6791220	ENSG00000271662.1	ENSG00000271662	Prostate	-0.4956945776939392	6.301935855239694e-12
chr3:195749463-195980207	chr3_195802897_G_A_b38	rs6791220	ENSG00000229178.1	ENSG00000229178	Prostate	-0.4650452136993408	3.6871177265801497e-10
chr3:195749463-195980207	chr3_195802897_G_A_b38	rs6791220	ENSG00000215837.7	SDHAP2	Prostate	-0.3439452648162842	6.602954937406693e-06
chr3:195749463-195980207	chr3_195802897_G_A_b38	rs6791220	ENSG00000229178.1	ENSG00000229178	Brain_Hippocampus	-0.40278130769729614	6.765148408322121e-07
chr3:195749463-195980207	chr3_195802897_G_A_b38	rs6791220	ENSG00000271662.1	ENSG00000271662	Brain_Frontal_Cortex_BA9	-0.3901815712451935	3.448084956514131e-06
chr3:195749463-195980207	chr3_195802897_G_A_b38	rs6791220	ENSG00000229178.1	ENSG00000229178	Brain_Frontal_Cortex_BA9	-0.5683058500289917	2.0958541379949147e-12
chr3:195749463-195980207	chr3_195802897_G_A_b38	rs6791220	ENSG00000215837.7	SDHAP2	Brain_Frontal_Cortex_BA9	-0.32810258865356445	5.907625632667803e-05
chr3:195749463-195980207	chr3_195802897_G_A_b38	rs6791220	ENSG00000271662.1	ENSG00000271662	Colon_Sigmoid	-0.3950490355491638	5.891860006235595e-09
chr3:195749463-195980207	chr3_195802897_G_A_b38	rs6791220	ENSG00000229178.1	ENSG00000229178	Colon_Sigmoid	-0.45005860924720764	1.9404269707526466e-11
chr3:195749463-195980207	chr3_195802897_G_A_b38	rs6791220	ENSG00000215837.7	SDHAP2	Colon_Sigmoid	-0.4029619097709656	1.2036714470090362e-09
chr3:195749463-195980207	chr3_195802897_G_A_b38	rs6791220	ENSG00000283426.1	SMBD1P	Colon_Sigmoid	-0.4070827066898346	8.624107258498764e-11
chr3:195749463-195980207	chr3_195802897_G_A_b38	rs6791220	ENSG00000271662.1	ENSG00000271662	Artery_Aorta	-0.42249760031700134	1.7650186658773265e-10
chr3:195749463-195980207	chr3_195802897_G_A_b38	rs6791220	ENSG00000229178.1	ENSG00000229178	Artery_Aorta	-0.45511725544929504	8.685940052935793e-14
chr3:195749463-195980207	chr3_195802897_G_A_b38	rs6791220	ENSG00000215837.7	SDHAP2	Artery_Aorta	-0.5144045352935791	9.417464216385461e-15
chr3:195749463-195980207	chr3_195802897_G_A_b38	rs6791220	ENSG00000283426.1	SMBD1P	Artery_Aorta	-0.4852650761604309	1.7166645568430292e-17
chr3:195749463-195980207	chr3_195802897_G_A_b38	rs6791220	ENSG00000286004.1	ENSG00000286004	Artery_Aorta	-0.17823493480682373	3.086526309886953e-05
chr3:195749463-195980207	chr3_195802897_G_A_b38	rs6791220	ENSG00000271662.1	ENSG00000271662	Colon_Transverse	-0.5022717118263245	6.874170992749934e-22
chr3:195749463-195980207	chr3_195802897_G_A_b38	rs6791220	ENSG00000229178.1	ENSG00000229178	Colon_Transverse	-0.5340417623519897	6.564053230863418e-20
chr3:195749463-195980207	chr3_195802897_G_A_b38	rs6791220	ENSG00000215837.7	SDHAP2	Colon_Transverse	-0.2825900912284851	9.877217225512758e-07
chr3:195749463-195980207	chr3_195802897_G_A_b38	rs6791220	ENSG00000283426.1	SMBD1P	Colon_Transverse	-0.28903114795684814	4.827093098228704e-07
chr3:195749463-195980207	chr3_195802897_G_A_b38	rs6791220	ENSG00000271662.1	ENSG00000271662	Esophagus_Mucosa	-0.5563305616378784	1.4788088296419815e-24
chr3:195749463-195980207	chr3_195802897_G_A_b38	rs6791220	ENSG00000229178.1	ENSG00000229178	Esophagus_Mucosa	-0.5402104258537292	3.961593088539249e-26
chr3:195749463-195980207	chr3_195802897_G_A_b38	rs6791220	ENSG00000215837.7	SDHAP2	Esophagus_Mucosa	-0.32136186957359314	1.6314775017704085e-10
chr3:195749463-195980207	chr3_195802897_G_A_b38	rs6791220	ENSG00000283426.1	SMBD1P	Esophagus_Mucosa	-0.26000210642814636	1.1103905591375858e-07
chr3:195749463-195980207	chr3_195802897_G_A_b38	rs6791220	ENSG00000145113.22	MUC4	Esophagus_Mucosa	0.23142462968826294	3.5183921507268145e-11
chr3:195749463-195980207	chr3_195802897_G_A_b38	rs6791220	ENSG00000231443.2	ENSG00000231443	Esophagus_Mucosa	-0.14863812923431396	3.723048267712408e-05
chr3:195749463-195980207	chr3_195802897_G_A_b38	rs6791220	ENSG00000260261.2	ENSG00000260261	Esophagus_Mucosa	-0.1554778516292572	2.05310014843859e-05
chr3:195749463-195980207	chr3_195802897_G_A_b38	rs6791220	ENSG00000271662.1	ENSG00000271662	Brain_Anterior_cingulate_cortex_BA24	-0.42818623781204224	4.8569074522525975e-06
chr3:195749463-195980207	chr3_195802897_G_A_b38	rs6791220	ENSG00000229178.1	ENSG00000229178	Brain_Anterior_cingulate_cortex_BA24	-0.6397251486778259	8.121700486171448e-13
chr3:195749463-195980207	chr3_195802897_G_A_b38	rs6791220	ENSG00000215837.7	SDHAP2	Brain_Anterior_cingulate_cortex_BA24	-0.381858229637146	9.234299502815525e-06
chr3:195749463-195980207	chr3_195802897_G_A_b38	rs6791220	ENSG00000271662.1	ENSG00000271662	Stomach	-0.4832362234592438	4.535547960816323e-13
chr3:195749463-195980207	chr3_195802897_G_A_b38	rs6791220	ENSG00000229178.1	ENSG00000229178	Stomach	-0.5158864855766296	9.608879428906342e-13
chr3:195749463-195980207	chr3_195802897_G_A_b38	rs6791220	ENSG00000215837.7	SDHAP2	Stomach	-0.43289926648139954	8.4247055088548e-10
chr3:195749463-195980207	chr3_195802897_G_A_b38	rs6791220	ENSG00000283426.1	SMBD1P	Stomach	-0.3747692406177521	2.757190940571217e-08
chr3:195749463-195980207	chr3_195802897_G_A_b38	rs6791220	ENSG00000271662.1	ENSG00000271662	Brain_Cerebellar_Hemisphere	-0.4263216555118561	1.1027934042939562e-07
chr3:195749463-195980207	chr3_195802897_G_A_b38	rs6791220	ENSG00000229178.1	ENSG00000229178	Brain_Cerebellar_Hemisphere	-0.5350485444068909	4.519749318917418e-12
chr3:195749463-195980207	chr3_195802897_G_A_b38	rs6791220	ENSG00000283426.1	SMBD1P	Brain_Cerebellar_Hemisphere	-0.3703432083129883	1.0967672293822861e-05
chr3:195749463-195980207	chr3_195802897_G_A_b38	rs6791220	ENSG00000271662.1	ENSG00000271662	Adrenal_Gland	-0.32325848937034607	3.0611708696240766e-05
chr3:195749463-195980207	chr3_195802897_G_A_b38	rs6791220	ENSG00000229178.1	ENSG00000229178	Adrenal_Gland	-0.40747779607772827	4.1234895262334057e-07
chr3:195749463-195980207	chr3_195802897_G_A_b38	rs6791220	ENSG00000271662.1	ENSG00000271662	Spleen	-0.589644193649292	1.663918135733136e-12
chr3:195749463-195980207	chr3_195802897_G_A_b38	rs6791220	ENSG00000229178.1	ENSG00000229178	Spleen	-0.6299249529838562	4.6017896626308753e-14
chr3:195749463-195980207	chr3_195802897_G_A_b38	rs6791220	ENSG00000271662.1	ENSG00000271662	Heart_Atrial_Appendage	-0.3379877805709839	3.006343020038985e-07
chr3:195749463-195980207	chr3_195802897_G_A_b38	rs6791220	ENSG00000229178.1	ENSG00000229178	Heart_Atrial_Appendage	-0.3201451301574707	9.65293811512332e-08
chr3:195749463-195980207	chr3_195802897_G_A_b38	rs6791220	ENSG00000215837.7	SDHAP2	Heart_Atrial_Appendage	-0.34586194157600403	4.295617049754169e-09
chr3:195749463-195980207	chr3_195802897_G_A_b38	rs6791220	ENSG00000283426.1	SMBD1P	Heart_Atrial_Appendage	-0.34258338809013367	2.773293385824981e-10
chr3:195749463-195980207	chr3_195802897_G_A_b38	rs6791220	ENSG00000271662.1	ENSG00000271662	Ovary	-0.4942745864391327	2.0083130753957035e-07
chr3:195749463-195980207	chr3_195802897_G_A_b38	rs6791220	ENSG00000229178.1	ENSG00000229178	Ovary	-0.4792567193508148	1.4458893682522197e-06
chr3:195749463-195980207	chr3_195802897_G_A_b38	rs6791220	ENSG00000224769.1	MUC20P1	Cells_EBV-transformed_lymphocytes	-0.49591028690338135	1.3897862009007301e-11
chr3:195749463-195980207	chr3_195802897_G_A_b38	rs6791220	ENSG00000271662.1	ENSG00000271662	Cells_EBV-transformed_lymphocytes	-0.6509726643562317	4.886645387906744e-16
chr3:195749463-195980207	chr3_195802897_G_A_b38	rs6791220	ENSG00000229178.1	ENSG00000229178	Cells_EBV-transformed_lymphocytes	-0.4983963966369629	7.478770306740863e-12
chr3:195749463-195980207	chr3_195802897_G_A_b38	rs6791220	ENSG00000215837.7	SDHAP2	Cells_EBV-transformed_lymphocytes	-0.43583905696868896	3.849938281943225e-08
chr3:195749463-195980207	chr3_195802897_G_A_b38	rs6791220	ENSG00000283426.1	SMBD1P	Cells_EBV-transformed_lymphocytes	-0.3528423607349396	2.5939534302951607e-05
chr3:195749463-195980207	chr3_195802897_G_A_b38	rs6791220	ENSG00000271662.1	ENSG00000271662	Brain_Cerebellum	-0.5866970419883728	1.661903542714475e-11
chr3:195749463-195980207	chr3_195802897_G_A_b38	rs6791220	ENSG00000229178.1	ENSG00000229178	Brain_Cerebellum	-0.7273715734481812	1.931713511132909e-17
chr3:195749463-195980207	chr3_195802897_G_A_b38	rs6791220	ENSG00000215837.7	SDHAP2	Brain_Cerebellum	-0.3830864429473877	1.653886494929724e-06
chr3:195749463-195980207	chr3_195802897_G_A_b38	rs6791220	ENSG00000283426.1	SMBD1P	Brain_Cerebellum	-0.5292843580245972	3.7198779978416173e-09
chr3:195749463-195980207	chr3_195802897_G_A_b38	rs6791220	ENSG00000271662.1	ENSG00000271662	Liver	-0.3222370743751526	1.4186551207285884e-05
chr3:195749463-195980207	chr3_195802897_G_A_b38	rs6791220	ENSG00000229178.1	ENSG00000229178	Brain_Amygdala	-0.5274609327316284	4.5619760919722956e-08
chr3:195749463-195980207	chr3_195802897_G_A_b38	rs6791220	ENSG00000215837.7	SDHAP2	Brain_Amygdala	-0.46316781640052795	4.857514997666839e-06
chr3:195749463-195980207	chr3_195802897_G_A_b38	rs6791220	ENSG00000229178.1	ENSG00000229178	Brain_Spinal_cord_cervical_c-1	-0.41696593165397644	1.1564902493492993e-05
chr3:195749463-195980207	chr3_195802897_G_A_b38	rs6791220	ENSG00000271662.1	ENSG00000271662	Cells_Cultured_fibroblasts	-0.43569087982177734	7.568755067007021e-19
chr3:195749463-195980207	chr3_195802897_G_A_b38	rs6791220	ENSG00000229178.1	ENSG00000229178	Cells_Cultured_fibroblasts	-0.5151505470275879	2.3468735541948603e-22
chr3:195749463-195980207	chr3_195802897_G_A_b38	rs6791220	ENSG00000215837.7	SDHAP2	Cells_Cultured_fibroblasts	-0.3636264204978943	7.774407447594162e-12
chr3:195749463-195980207	chr3_195802897_G_A_b38	rs6791220	ENSG00000283426.1	SMBD1P	Cells_Cultured_fibroblasts	-0.2525579333305359	3.128317008820417e-09
chr3:195749463-195980207	chr3_195802897_G_A_b38	rs6791220	ENSG00000061938.21	TNK2	Cells_Cultured_fibroblasts	0.11811260879039764	2.0516717471465146e-06
chr3:195749463-195980207	chr3_195802897_G_A_b38	rs6791220	ENSG00000231443.2	ENSG00000231443	Cells_Cultured_fibroblasts	-0.17018485069274902	4.886931606308029e-06
chr3:195749463-195980207	chr3_195802897_G_A_b38	rs6791220	ENSG00000260261.2	ENSG00000260261	Cells_Cultured_fibroblasts	-0.18068695068359375	6.336598522321317e-06
chr3:195749463-195980207	chr3_195802897_G_A_b38	rs6791220	ENSG00000271662.1	ENSG00000271662	Lung	-0.3837369978427887	5.611703323388813e-13
chr3:195749463-195980207	chr3_195802897_G_A_b38	rs6791220	ENSG00000229178.1	ENSG00000229178	Lung	-0.4058673679828644	4.55210218838489e-14
chr3:195749463-195980207	chr3_195802897_G_A_b38	rs6791220	ENSG00000215837.7	SDHAP2	Lung	-0.31432268023490906	2.9853008959884188e-09
chr3:195749463-195980207	chr3_195802897_G_A_b38	rs6791220	ENSG00000283426.1	SMBD1P	Lung	-0.3436855971813202	1.727256808283234e-11
chr3:195749463-195980207	chr3_195802897_G_A_b38	rs6791220	ENSG00000224769.1	MUC20P1	Breast_Mammary_Tissue	-0.2996777594089508	3.952755093969071e-06
chr3:195749463-195980207	chr3_195802897_G_A_b38	rs6791220	ENSG00000271662.1	ENSG00000271662	Breast_Mammary_Tissue	-0.3904854655265808	3.893791605839122e-15
chr3:195749463-195980207	chr3_195802897_G_A_b38	rs6791220	ENSG00000229178.1	ENSG00000229178	Breast_Mammary_Tissue	-0.4741734266281128	3.2533372364815783e-16
chr3:195749463-195980207	chr3_195802897_G_A_b38	rs6791220	ENSG00000215837.7	SDHAP2	Breast_Mammary_Tissue	-0.4912756085395813	7.11588661070252e-15
chr3:195749463-195980207	chr3_195802897_G_A_b38	rs6791220	ENSG00000283426.1	SMBD1P	Breast_Mammary_Tissue	-0.41293206810951233	2.5108201210399216e-13
chr3:195749463-195980207	chr3_195802897_G_A_b38	rs6791220	ENSG00000271662.1	ENSG00000271662	Minor_Salivary_Gland	-0.4954855442047119	1.272888000015417e-05
chr3:195749463-195980207	chr3_195802897_G_A_b38	rs6791220	ENSG00000229178.1	ENSG00000229178	Minor_Salivary_Gland	-0.47750094532966614	2.2048305980724054e-05
chr3:195749463-195980207	chr3_195802897_G_A_b38	rs6791220	ENSG00000271662.1	ENSG00000271662	Brain_Cortex	-0.5527551770210266	6.139139508621215e-09
chr3:195749463-195980207	chr3_195802897_G_A_b38	rs6791220	ENSG00000229178.1	ENSG00000229178	Brain_Cortex	-0.6921773552894592	5.069798664668099e-14
chr3:195749463-195980207	chr3_195802897_G_A_b38	rs6791220	ENSG00000215837.7	SDHAP2	Brain_Cortex	-0.4439007341861725	1.7829601676898534e-06
chr3:195749463-195980207	chr3_195802897_G_A_b38	rs6791220	ENSG00000271662.1	ENSG00000271662	Brain_Putamen_basal_ganglia	-0.3964538872241974	7.107822567080764e-06
chr3:195749463-195980207	chr3_195802897_G_A_b38	rs6791220	ENSG00000229178.1	ENSG00000229178	Brain_Putamen_basal_ganglia	-0.6259947419166565	5.84794485820148e-14
chr3:195749463-195980207	chr3_195802897_G_A_b38	rs6791220	ENSG00000283426.1	SMBD1P	Brain_Putamen_basal_ganglia	-0.36473989486694336	1.6411873138821125e-05
chr3:195749463-195980207	chr3_195802897_G_A_b38	rs6791220	ENSG00000224769.1	MUC20P1	Skin_Sun_Exposed_Lower_leg	-0.3178919851779938	1.7530191944774678e-09
chr3:195749463-195980207	chr3_195802897_G_A_b38	rs6791220	ENSG00000271662.1	ENSG00000271662	Skin_Sun_Exposed_Lower_leg	-0.46433714032173157	2.649253957614714e-21
chr3:195749463-195980207	chr3_195802897_G_A_b38	rs6791220	ENSG00000229178.1	ENSG00000229178	Skin_Sun_Exposed_Lower_leg	-0.4310477077960968	1.5860007876278072e-16
chr3:195749463-195980207	chr3_195802897_G_A_b38	rs6791220	ENSG00000215837.7	SDHAP2	Skin_Sun_Exposed_Lower_leg	-0.4470229148864746	5.0478987857610057e-20
chr3:195749463-195980207	chr3_195802897_G_A_b38	rs6791220	ENSG00000283426.1	SMBD1P	Skin_Sun_Exposed_Lower_leg	-0.3527330458164215	8.096115427224965e-16
chr3:195749463-195980207	chr3_195802897_G_A_b38	rs6791220	ENSG00000260261.2	ENSG00000260261	Skin_Sun_Exposed_Lower_leg	-0.14777697622776031	2.9191858121556075e-05
chr3:195749463-195980207	chr3_195802897_G_A_b38	rs6791220	ENSG00000229178.1	ENSG00000229178	Artery_Coronary	-0.3924420177936554	8.861505096876297e-06
chr3:195749463-195980207	chr3_195802897_G_A_b38	rs6791220	ENSG00000215837.7	SDHAP2	Artery_Coronary	-0.5730670094490051	3.9817346158561776e-12
chr3:195749463-195980207	chr3_195802897_G_A_b38	rs6791220	ENSG00000283426.1	SMBD1P	Artery_Coronary	-0.40039631724357605	1.2346247555229854e-07
chr7:54234014-54308393	chr7_54251064_A_G_b38	rs4338053	ENSG00000170419.11	VSTM2A	Small_Intestine_Terminal_Ileum	-0.35921379923820496	3.16384144030803e-07
chr7:54234014-54308393	chr7_54251064_A_G_b38	rs4338053	ENSG00000287953.1	ENSG00000287953	Brain_Frontal_Cortex_BA9	-0.7138663530349731	7.145268620361686e-25
chr7:54234014-54308393	chr7_54251064_A_G_b38	rs4338053	ENSG00000170419.11	VSTM2A	Colon_Transverse	-0.146938294172287	8.595489866341797e-07
chr7:54234014-54308393	chr7_54251064_A_G_b38	rs4338053	ENSG00000287953.1	ENSG00000287953	Brain_Anterior_cingulate_cortex_BA24	-0.5178630352020264	5.007777861800969e-16
chr7:54234014-54308393	chr7_54251064_A_G_b38	rs4338053	ENSG00000287953.1	ENSG00000287953	Brain_Cortex	-0.7248843908309937	5.355145212212728e-23
chr7:5989046-6735643	chr7_6245812_G_C_b38	rs11974681	ENSG00000086232.13	EIF2AK1	Esophagus_Gastroesophageal_Junction	-0.2929857075214386	7.751222908430047e-06
chr7:5989046-6735643	chr7_6245812_G_C_b38	rs11974681	ENSG00000086232.13	EIF2AK1	Muscle_Skeletal	-0.27520495653152466	8.693225832654096e-09
chr7:65219157-65531823	chr7_65262271_G_C_b38	rs17782771	ENSG00000182722.5	SEPHS1P1	Vagina	-0.4160960614681244	6.464015403072623e-05
chr7:65219157-65531823	chr7_65262271_G_C_b38	rs17782771	ENSG00000213640.3	EEF1DP4	Vagina	-0.5680180191993713	3.27845442141607e-07
chr7:65219157-65531823	chr7_65262271_G_C_b38	rs17782771	ENSG00000213462.5	ERV3-1	Vagina	0.33344680070877075	4.059124601784471e-07
chr7:65219157-65531823	chr7_65262271_G_C_b38	rs17782771	ENSG00000234585.6	CCT6P3	Vagina	0.8865897059440613	1.1903360228828999e-23
chr7:65219157-65531823	chr7_65262271_G_C_b38	rs17782771	ENSG00000227113.2	ENSG00000227113	Vagina	0.6161232590675354	2.522878773715729e-08
chr7:65219157-65531823	chr7_65262271_G_C_b38	rs17782771	ENSG00000226002.1	GTF2IP14	Vagina	0.7485243678092957	9.744112276353712e-13
chr7:65219157-65531823	chr7_65262271_G_C_b38	rs17782771	ENSG00000164669.13	INTS4P1	Vagina	-0.9170342087745667	4.803239241922269e-22
chr7:65219157-65531823	chr7_65262271_G_C_b38	rs17782771	ENSG00000289108.1	ENSG00000289108	Vagina	-0.4512999951839447	3.977427479290247e-07
chr7:65219157-65531823	chr7_65262271_G_C_b38	rs17782771	ENSG00000228409.7	CCT6P1	Vagina	-0.3587448298931122	6.592946372281647e-08
chr7:65219157-65531823	chr7_65262271_G_C_b38	rs17782771	ENSG00000224316.1	GTF2IP5	Vagina	0.5809056758880615	5.762497225809854e-08
chr7:65219157-65531823	chr7_65262271_G_C_b38	rs17782771	ENSG00000197008.10	ZNF138	Brain_Nucleus_accumbens_basal_ganglia	0.39321860671043396	2.8559333180934957e-12
chr7:65219157-65531823	chr7_65262271_G_C_b38	rs17782771	ENSG00000213640.3	EEF1DP4	Brain_Nucleus_accumbens_basal_ganglia	-0.3148191273212433	2.2963391756394935e-11
chr7:65219157-65531823	chr7_65262271_G_C_b38	rs17782771	ENSG00000270948.1	MTDHP1	Brain_Nucleus_accumbens_basal_ganglia	-0.4114876091480255	1.5955504750102277e-08
chr7:65219157-65531823	chr7_65262271_G_C_b38	rs17782771	ENSG00000286342.2	ENSG00000286342	Brain_Nucleus_accumbens_basal_ganglia	0.12745016813278198	8.341119021038166e-05
chr7:65219157-65531823	chr7_65262271_G_C_b38	rs17782771	ENSG00000213462.5	ERV3-1	Brain_Nucleus_accumbens_basal_ganglia	0.6955814957618713	2.3364188505814616e-36
chr7:65219157-65531823	chr7_65262271_G_C_b38	rs17782771	ENSG00000234585.6	CCT6P3	Brain_Nucleus_accumbens_basal_ganglia	0.8944766521453857	6.130042916981259e-37
chr7:65219157-65531823	chr7_65262271_G_C_b38	rs17782771	ENSG00000227113.2	ENSG00000227113	Brain_Nucleus_accumbens_basal_ganglia	0.47100454568862915	6.650156202518836e-10
chr7:65219157-65531823	chr7_65262271_G_C_b38	rs17782771	ENSG00000226002.1	GTF2IP14	Brain_Nucleus_accumbens_basal_ganglia	0.9601784944534302	1.811704475542996e-34
chr7:65219157-65531823	chr7_65262271_G_C_b38	rs17782771	ENSG00000164669.13	INTS4P1	Brain_Nucleus_accumbens_basal_ganglia	-0.6747890114784241	3.441444123485437e-30
chr7:65219157-65531823	chr7_65262271_G_C_b38	rs17782771	ENSG00000228409.7	CCT6P1	Brain_Nucleus_accumbens_basal_ganglia	-0.25783559679985046	6.645354813217164e-08
chr7:65219157-65531823	chr7_65262271_G_C_b38	rs17782771	ENSG00000182722.5	SEPHS1P1	Esophagus_Muscularis	-0.45245906710624695	7.246401169720372e-14
chr7:65219157-65531823	chr7_65262271_G_C_b38	rs17782771	ENSG00000213640.3	EEF1DP4	Esophagus_Muscularis	-0.5632816553115845	2.965864384007058e-23
chr7:65219157-65531823	chr7_65262271_G_C_b38	rs17782771	ENSG00000189316.3	ENSG00000189316	Esophagus_Muscularis	-0.29751288890838623	9.869967525102603e-10
chr7:65219157-65531823	chr7_65262271_G_C_b38	rs17782771	ENSG00000152926.16	ZNF117	Esophagus_Muscularis	0.2667142450809479	3.4555245881424536e-15
chr7:65219157-65531823	chr7_65262271_G_C_b38	rs17782771	ENSG00000213462.5	ERV3-1	Esophagus_Muscularis	0.6114361882209778	1.1586903002221239e-50
chr7:65219157-65531823	chr7_65262271_G_C_b38	rs17782771	ENSG00000234585.6	CCT6P3	Esophagus_Muscularis	0.8790485262870789	9.492210662278922e-70
chr7:65219157-65531823	chr7_65262271_G_C_b38	rs17782771	ENSG00000227113.2	ENSG00000227113	Esophagus_Muscularis	0.7146123647689819	1.8787790383286187e-35
chr7:65219157-65531823	chr7_65262271_G_C_b38	rs17782771	ENSG00000226002.1	GTF2IP14	Esophagus_Muscularis	0.8677716255187988	7.588069625123327e-50
chr7:65219157-65531823	chr7_65262271_G_C_b38	rs17782771	ENSG00000164669.13	INTS4P1	Esophagus_Muscularis	-0.9049721956253052	3.701002378890038e-64
chr7:65219157-65531823	chr7_65262271_G_C_b38	rs17782771	ENSG00000228409.7	CCT6P1	Esophagus_Muscularis	-0.09570126235485077	0.0006193504201700939
chr7:65219157-65531823	chr7_65262271_G_C_b38	rs17782771	ENSG00000272693.5	ENSG00000272693	Esophagus_Muscularis	-0.1760648936033249	0.0003804469583440222
chr7:65219157-65531823	chr7_65262271_G_C_b38	rs17782771	ENSG00000236529.2	ENSG00000236529	Esophagus_Muscularis	0.3260416090488434	1.6430526738200954e-08
chr7:65219157-65531823	chr7_65262271_G_C_b38	rs17782771	ENSG00000213640.3	EEF1DP4	Pancreas	-0.5152453184127808	2.3142469579829786e-10
chr7:65219157-65531823	chr7_65262271_G_C_b38	rs17782771	ENSG00000198039.12	ZNF273	Pancreas	-0.6336030960083008	4.319180111304751e-27
chr7:65219157-65531823	chr7_65262271_G_C_b38	rs17782771	ENSG00000189316.3	ENSG00000189316	Pancreas	-0.64234459400177	7.570850986131756e-18
chr7:65219157-65531823	chr7_65262271_G_C_b38	rs17782771	ENSG00000152926.16	ZNF117	Pancreas	0.2099011391401291	0.00019941722872477465
chr7:65219157-65531823	chr7_65262271_G_C_b38	rs17782771	ENSG00000213462.5	ERV3-1	Pancreas	0.6617959141731262	3.8416394559767676e-27
chr7:65219157-65531823	chr7_65262271_G_C_b38	rs17782771	ENSG00000234585.6	CCT6P3	Pancreas	0.9005977511405945	3.6426795045901074e-41
chr7:65219157-65531823	chr7_65262271_G_C_b38	rs17782771	ENSG00000227113.2	ENSG00000227113	Pancreas	0.5111172795295715	2.0604659983379704e-09
chr7:65219157-65531823	chr7_65262271_G_C_b38	rs17782771	ENSG00000226002.1	GTF2IP14	Pancreas	0.7122500538825989	4.475037842283442e-20
chr7:65219157-65531823	chr7_65262271_G_C_b38	rs17782771	ENSG00000164669.13	INTS4P1	Pancreas	-0.867372453212738	2.8145420824041257e-30
chr7:65219157-65531823	chr7_65262271_G_C_b38	rs17782771	ENSG00000228409.7	CCT6P1	Pancreas	-0.23740939795970917	1.1735841787376846e-05
chr7:65219157-65531823	chr7_65262271_G_C_b38	rs17782771	ENSG00000224316.1	GTF2IP5	Pancreas	0.4778977036476135	2.0982463238643642e-08
chr7:65219157-65531823	chr7_65262271_G_C_b38	rs17782771	ENSG00000236529.2	ENSG00000236529	Pancreas	0.3494338393211365	1.4356822550924687e-06
chr7:65219157-65531823	chr7_65262271_G_C_b38	rs17782771	ENSG00000182722.5	SEPHS1P1	Adipose_Visceral_Omentum	-0.4063414931297302	4.869137896381434e-14
chr7:65219157-65531823	chr7_65262271_G_C_b38	rs17782771	ENSG00000213640.3	EEF1DP4	Adipose_Visceral_Omentum	-0.5682780146598816	1.2312799231102093e-25
chr7:65219157-65531823	chr7_65262271_G_C_b38	rs17782771	ENSG00000198039.12	ZNF273	Adipose_Visceral_Omentum	-0.3616313338279724	1.6475863204344993e-34
chr7:65219157-65531823	chr7_65262271_G_C_b38	rs17782771	ENSG00000189316.3	ENSG00000189316	Adipose_Visceral_Omentum	-0.4646299481391907	1.2314405029542343e-19
chr7:65219157-65531823	chr7_65262271_G_C_b38	rs17782771	ENSG00000270948.1	MTDHP1	Adipose_Visceral_Omentum	-0.17192065715789795	0.00028610740139069544
chr7:65219157-65531823	chr7_65262271_G_C_b38	rs17782771	ENSG00000286342.2	ENSG00000286342	Adipose_Visceral_Omentum	-0.23723751306533813	5.246611346575025e-07
chr7:65219157-65531823	chr7_65262271_G_C_b38	rs17782771	ENSG00000213462.5	ERV3-1	Adipose_Visceral_Omentum	0.22084267437458038	9.115744457873664e-17
chr7:65219157-65531823	chr7_65262271_G_C_b38	rs17782771	ENSG00000234585.6	CCT6P3	Adipose_Visceral_Omentum	0.7888991832733154	1.9218455924762113e-88
chr7:65219157-65531823	chr7_65262271_G_C_b38	rs17782771	ENSG00000227113.2	ENSG00000227113	Adipose_Visceral_Omentum	0.7929779887199402	1.448984296225857e-54
chr7:65219157-65531823	chr7_65262271_G_C_b38	rs17782771	ENSG00000226002.1	GTF2IP14	Adipose_Visceral_Omentum	0.9092371463775635	4.6905366834360286e-77
chr7:65219157-65531823	chr7_65262271_G_C_b38	rs17782771	ENSG00000164669.13	INTS4P1	Adipose_Visceral_Omentum	-0.9610874652862549	4.4729211735813615e-74
chr7:65219157-65531823	chr7_65262271_G_C_b38	rs17782771	ENSG00000228409.7	CCT6P1	Adipose_Visceral_Omentum	-0.27996501326560974	2.1585334584485643e-19
chr7:65219157-65531823	chr7_65262271_G_C_b38	rs17782771	ENSG00000224316.1	GTF2IP5	Adipose_Visceral_Omentum	0.7730098962783813	2.9147609841533327e-46
chr7:65219157-65531823	chr7_65262271_G_C_b38	rs17782771	ENSG00000236529.2	ENSG00000236529	Adipose_Visceral_Omentum	0.30021584033966064	3.3263213244248205e-10
chr7:65219157-65531823	chr7_65262271_G_C_b38	rs17782771	ENSG00000182722.5	SEPHS1P1	Pituitary	-0.5755634307861328	6.785539648329452e-15
chr7:65219157-65531823	chr7_65262271_G_C_b38	rs17782771	ENSG00000213640.3	EEF1DP4	Pituitary	-0.7139137983322144	1.4272434172702742e-21
chr7:65219157-65531823	chr7_65262271_G_C_b38	rs17782771	ENSG00000198039.12	ZNF273	Pituitary	-0.7340575456619263	3.1113432013777038e-24
chr7:65219157-65531823	chr7_65262271_G_C_b38	rs17782771	ENSG00000189316.3	ENSG00000189316	Pituitary	-0.7225673198699951	7.803314872202709e-22
chr7:65219157-65531823	chr7_65262271_G_C_b38	rs17782771	ENSG00000270948.1	MTDHP1	Pituitary	-0.310342401266098	0.0001498126583395482
chr7:65219157-65531823	chr7_65262271_G_C_b38	rs17782771	ENSG00000286342.2	ENSG00000286342	Pituitary	-0.29127243161201477	8.055525186092079e-06
chr7:65219157-65531823	chr7_65262271_G_C_b38	rs17782771	ENSG00000213462.5	ERV3-1	Pituitary	0.4717995524406433	6.730193076164364e-21
chr7:65219157-65531823	chr7_65262271_G_C_b38	rs17782771	ENSG00000234585.6	CCT6P3	Pituitary	1.089066743850708	1.6061500963427767e-59
chr7:65219157-65531823	chr7_65262271_G_C_b38	rs17782771	ENSG00000227113.2	ENSG00000227113	Pituitary	0.6029088497161865	4.7260892710946694e-14
chr7:65219157-65531823	chr7_65262271_G_C_b38	rs17782771	ENSG00000226002.1	GTF2IP14	Pituitary	0.9844971895217896	1.3270293064816683e-36
chr7:65219157-65531823	chr7_65262271_G_C_b38	rs17782771	ENSG00000164669.13	INTS4P1	Pituitary	-0.9732219576835632	2.2629669286184403e-41
chr7:65219157-65531823	chr7_65262271_G_C_b38	rs17782771	ENSG00000228409.7	CCT6P1	Pituitary	-0.33290135860443115	1.3302424614680072e-12
chr7:65219157-65531823	chr7_65262271_G_C_b38	rs17782771	ENSG00000224316.1	GTF2IP5	Pituitary	0.5192539691925049	1.0150307022764256e-09
chr7:65219157-65531823	chr7_65262271_G_C_b38	rs17782771	ENSG00000234444.10	ZNF736	Nerve_Tibial	-0.10768742114305496	0.00039104424204496925
chr7:65219157-65531823	chr7_65262271_G_C_b38	rs17782771	ENSG00000182722.5	SEPHS1P1	Nerve_Tibial	-0.6543748378753662	1.3622593390699274e-31
chr7:65219157-65531823	chr7_65262271_G_C_b38	rs17782771	ENSG00000213640.3	EEF1DP4	Nerve_Tibial	-0.6881549954414368	3.767276504512663e-35
chr7:65219157-65531823	chr7_65262271_G_C_b38	rs17782771	ENSG00000198039.12	ZNF273	Nerve_Tibial	-0.3338487148284912	5.475888864148201e-23
chr7:65219157-65531823	chr7_65262271_G_C_b38	rs17782771	ENSG00000189316.3	ENSG00000189316	Nerve_Tibial	-0.4203777015209198	1.2497459482451295e-17
chr7:65219157-65531823	chr7_65262271_G_C_b38	rs17782771	ENSG00000270948.1	MTDHP1	Nerve_Tibial	-0.23433010280132294	1.7758493108053534e-05
chr7:65219157-65531823	chr7_65262271_G_C_b38	rs17782771	ENSG00000286342.2	ENSG00000286342	Nerve_Tibial	-0.2836006283760071	1.3562987522909705e-07
chr7:65219157-65531823	chr7_65262271_G_C_b38	rs17782771	ENSG00000213462.5	ERV3-1	Nerve_Tibial	0.23610545694828033	2.3632316165651817e-13
chr7:65219157-65531823	chr7_65262271_G_C_b38	rs17782771	ENSG00000234585.6	CCT6P3	Nerve_Tibial	1.063123345375061	4.402426620741331e-106
chr7:65219157-65531823	chr7_65262271_G_C_b38	rs17782771	ENSG00000227113.2	ENSG00000227113	Nerve_Tibial	0.8550724983215332	4.9973737710243895e-67
chr7:65219157-65531823	chr7_65262271_G_C_b38	rs17782771	ENSG00000226002.1	GTF2IP14	Nerve_Tibial	1.0699034929275513	3.6720812043844906e-98
chr7:65219157-65531823	chr7_65262271_G_C_b38	rs17782771	ENSG00000164669.13	INTS4P1	Nerve_Tibial	-0.9661717414855957	1.5246451228961634e-83
chr7:65219157-65531823	chr7_65262271_G_C_b38	rs17782771	ENSG00000289108.1	ENSG00000289108	Nerve_Tibial	-0.6377527117729187	5.76873861903091e-31
chr7:65219157-65531823	chr7_65262271_G_C_b38	rs17782771	ENSG00000273024.6	INTS4P2	Nerve_Tibial	0.17120544612407684	0.000602290890919804
chr7:65219157-65531823	chr7_65262271_G_C_b38	rs17782771	ENSG00000228409.7	CCT6P1	Nerve_Tibial	-0.32377973198890686	1.9867640753388387e-24
chr7:65219157-65531823	chr7_65262271_G_C_b38	rs17782771	ENSG00000224316.1	GTF2IP5	Nerve_Tibial	0.6615385413169861	1.6580784722322947e-32
chr7:65219157-65531823	chr7_65262271_G_C_b38	rs17782771	ENSG00000236529.2	ENSG00000236529	Nerve_Tibial	0.2827312648296356	1.97128570263759e-09
chr7:65219157-65531823	chr7_65262271_G_C_b38	rs17782771	ENSG00000196715.7	VKORC1L1	Nerve_Tibial	-0.07593473792076111	2.8624710604666475e-05
chr7:65219157-65531823	chr7_65262271_G_C_b38	rs17782771	ENSG00000182722.5	SEPHS1P1	Small_Intestine_Terminal_Ileum	-0.45226120948791504	1.0244781646180673e-06
chr7:65219157-65531823	chr7_65262271_G_C_b38	rs17782771	ENSG00000213640.3	EEF1DP4	Small_Intestine_Terminal_Ileum	-0.7088689804077148	6.83000434832245e-14
chr7:65219157-65531823	chr7_65262271_G_C_b38	rs17782771	ENSG00000198039.12	ZNF273	Small_Intestine_Terminal_Ileum	-0.3442551791667938	5.85241264949758e-11
chr7:65219157-65531823	chr7_65262271_G_C_b38	rs17782771	ENSG00000189316.3	ENSG00000189316	Small_Intestine_Terminal_Ileum	-0.521170437335968	1.73421307561283e-08
chr7:65219157-65531823	chr7_65262271_G_C_b38	rs17782771	ENSG00000213462.5	ERV3-1	Small_Intestine_Terminal_Ileum	0.4586443603038788	8.072978532881686e-14
chr7:65219157-65531823	chr7_65262271_G_C_b38	rs17782771	ENSG00000234585.6	CCT6P3	Small_Intestine_Terminal_Ileum	0.8984711170196533	1.4174471949374256e-28
chr7:65219157-65531823	chr7_65262271_G_C_b38	rs17782771	ENSG00000227113.2	ENSG00000227113	Small_Intestine_Terminal_Ileum	0.4173292815685272	0.0001026099906055865
chr7:65219157-65531823	chr7_65262271_G_C_b38	rs17782771	ENSG00000226002.1	GTF2IP14	Small_Intestine_Terminal_Ileum	0.853370726108551	5.444412514660813e-16
chr7:65219157-65531823	chr7_65262271_G_C_b38	rs17782771	ENSG00000164669.13	INTS4P1	Small_Intestine_Terminal_Ileum	-0.9622220396995544	4.473476000990606e-24
chr7:65219157-65531823	chr7_65262271_G_C_b38	rs17782771	ENSG00000234444.10	ZNF736	Whole_Blood	-0.08129864186048508	3.798842072478426e-05
chr7:65219157-65531823	chr7_65262271_G_C_b38	rs17782771	ENSG00000213640.3	EEF1DP4	Whole_Blood	-0.40304034948349	5.098339135177911e-23
chr7:65219157-65531823	chr7_65262271_G_C_b38	rs17782771	ENSG00000270948.1	MTDHP1	Whole_Blood	-0.1534973680973053	9.523205816735674e-06
chr7:65219157-65531823	chr7_65262271_G_C_b38	rs17782771	ENSG00000213462.5	ERV3-1	Whole_Blood	0.3740333020687103	2.3373039767395984e-40
chr7:65219157-65531823	chr7_65262271_G_C_b38	rs17782771	ENSG00000234585.6	CCT6P3	Whole_Blood	0.6225666999816895	1.5923266428534244e-83
chr7:65219157-65531823	chr7_65262271_G_C_b38	rs17782771	ENSG00000226002.1	GTF2IP14	Whole_Blood	0.8387918472290039	2.136871827696156e-77
chr7:65219157-65531823	chr7_65262271_G_C_b38	rs17782771	ENSG00000228409.7	CCT6P1	Whole_Blood	-0.2013350874185562	3.5756559247169766e-16
chr7:65219157-65531823	chr7_65262271_G_C_b38	rs17782771	ENSG00000236529.2	ENSG00000236529	Whole_Blood	0.1674783080816269	6.305753045912036e-05
chr7:65219157-65531823	chr7_65262271_G_C_b38	rs17782771	ENSG00000196715.7	VKORC1L1	Whole_Blood	-0.13875536620616913	0.00011508881363324997
chr7:65219157-65531823	chr7_65262271_G_C_b38	rs17782771	ENSG00000182722.5	SEPHS1P1	Skin_Not_Sun_Exposed_Suprapubic	-0.5383345484733582	1.6945276757260275e-28
chr7:65219157-65531823	chr7_65262271_G_C_b38	rs17782771	ENSG00000213640.3	EEF1DP4	Skin_Not_Sun_Exposed_Suprapubic	-0.614654004573822	2.1415683134148957e-44
chr7:65219157-65531823	chr7_65262271_G_C_b38	rs17782771	ENSG00000189316.3	ENSG00000189316	Skin_Not_Sun_Exposed_Suprapubic	-0.18293486535549164	9.838584200350559e-13
chr7:65219157-65531823	chr7_65262271_G_C_b38	rs17782771	ENSG00000213462.5	ERV3-1	Skin_Not_Sun_Exposed_Suprapubic	0.3947896361351013	1.8191264424714023e-42
chr7:65219157-65531823	chr7_65262271_G_C_b38	rs17782771	ENSG00000234585.6	CCT6P3	Skin_Not_Sun_Exposed_Suprapubic	0.6940413117408752	1.0129830828187919e-81
chr7:65219157-65531823	chr7_65262271_G_C_b38	rs17782771	ENSG00000226002.1	GTF2IP14	Skin_Not_Sun_Exposed_Suprapubic	0.7182590961456299	5.441430326667147e-40
chr7:65219157-65531823	chr7_65262271_G_C_b38	rs17782771	ENSG00000164669.13	INTS4P1	Skin_Not_Sun_Exposed_Suprapubic	-0.9620879888534546	2.2551665753121215e-90
chr7:65219157-65531823	chr7_65262271_G_C_b38	rs17782771	ENSG00000289108.1	ENSG00000289108	Skin_Not_Sun_Exposed_Suprapubic	-0.3888910710811615	2.493060244928923e-24
chr7:65219157-65531823	chr7_65262271_G_C_b38	rs17782771	ENSG00000228409.7	CCT6P1	Skin_Not_Sun_Exposed_Suprapubic	-0.24144122004508972	2.8312392432064163e-18
chr7:65219157-65531823	chr7_65262271_G_C_b38	rs17782771	ENSG00000224316.1	GTF2IP5	Skin_Not_Sun_Exposed_Suprapubic	0.4345322847366333	4.1927052725272175e-16
chr7:65219157-65531823	chr7_65262271_G_C_b38	rs17782771	ENSG00000236529.2	ENSG00000236529	Skin_Not_Sun_Exposed_Suprapubic	0.3447829782962799	1.0082206301295654e-18
chr7:65219157-65531823	chr7_65262271_G_C_b38	rs17782771	ENSG00000126522.17	ASL	Skin_Not_Sun_Exposed_Suprapubic	0.12446235865354538	4.8537300367186555e-08
chr7:65219157-65531823	chr7_65262271_G_C_b38	rs17782771	ENSG00000182722.5	SEPHS1P1	Esophagus_Gastroesophageal_Junction	-0.5354520678520203	5.948667773040359e-15
chr7:65219157-65531823	chr7_65262271_G_C_b38	rs17782771	ENSG00000213640.3	EEF1DP4	Esophagus_Gastroesophageal_Junction	-0.5598233342170715	1.2850148119927686e-16
chr7:65219157-65531823	chr7_65262271_G_C_b38	rs17782771	ENSG00000189316.3	ENSG00000189316	Esophagus_Gastroesophageal_Junction	-0.2540908753871918	1.807271725692763e-05
chr7:65219157-65531823	chr7_65262271_G_C_b38	rs17782771	ENSG00000152926.16	ZNF117	Esophagus_Gastroesophageal_Junction	0.30604419112205505	2.2502223615514424e-13
chr7:65219157-65531823	chr7_65262271_G_C_b38	rs17782771	ENSG00000213462.5	ERV3-1	Esophagus_Gastroesophageal_Junction	0.6658680438995361	1.592982887313278e-36
chr7:65219157-65531823	chr7_65262271_G_C_b38	rs17782771	ENSG00000234585.6	CCT6P3	Esophagus_Gastroesophageal_Junction	0.9270853400230408	8.300079660535863e-63
chr7:65219157-65531823	chr7_65262271_G_C_b38	rs17782771	ENSG00000227113.2	ENSG00000227113	Esophagus_Gastroesophageal_Junction	0.6034075617790222	5.206771792033786e-19
chr7:65219157-65531823	chr7_65262271_G_C_b38	rs17782771	ENSG00000226002.1	GTF2IP14	Esophagus_Gastroesophageal_Junction	0.9215797185897827	3.326541625743028e-41
chr7:65219157-65531823	chr7_65262271_G_C_b38	rs17782771	ENSG00000164669.13	INTS4P1	Esophagus_Gastroesophageal_Junction	-0.900217592716217	2.1674605700069803e-46
chr7:65219157-65531823	chr7_65262271_G_C_b38	rs17782771	ENSG00000228409.7	CCT6P1	Esophagus_Gastroesophageal_Junction	-0.1369522213935852	5.29422047864232e-05
chr7:65219157-65531823	chr7_65262271_G_C_b38	rs17782771	ENSG00000236529.2	ENSG00000236529	Esophagus_Gastroesophageal_Junction	0.26032501459121704	4.2008564294313305e-05
chr7:65219157-65531823	chr7_65262271_G_C_b38	rs17782771	ENSG00000197008.10	ZNF138	Brain_Hypothalamus	0.29156216979026794	7.016016033165411e-08
chr7:65219157-65531823	chr7_65262271_G_C_b38	rs17782771	ENSG00000234338.1	ENSG00000234338	Brain_Hypothalamus	0.2062065154314041	0.00012246360505139908
chr7:65219157-65531823	chr7_65262271_G_C_b38	rs17782771	ENSG00000182722.5	SEPHS1P1	Brain_Hypothalamus	-0.33670273423194885	4.730615893531211e-06
chr7:65219157-65531823	chr7_65262271_G_C_b38	rs17782771	ENSG00000213640.3	EEF1DP4	Brain_Hypothalamus	-0.41641753911972046	2.490076607620585e-10
chr7:65219157-65531823	chr7_65262271_G_C_b38	rs17782771	ENSG00000198039.12	ZNF273	Brain_Hypothalamus	-0.19444091618061066	6.694501579498749e-07
chr7:65219157-65531823	chr7_65262271_G_C_b38	rs17782771	ENSG00000213462.5	ERV3-1	Brain_Hypothalamus	0.5678915977478027	7.609997738499596e-35
chr7:65219157-65531823	chr7_65262271_G_C_b38	rs17782771	ENSG00000234585.6	CCT6P3	Brain_Hypothalamus	1.0121314525604248	9.325584980213565e-40
chr7:65219157-65531823	chr7_65262271_G_C_b38	rs17782771	ENSG00000226002.1	GTF2IP14	Brain_Hypothalamus	0.9121849536895752	1.597634204374287e-26
chr7:65219157-65531823	chr7_65262271_G_C_b38	rs17782771	ENSG00000164669.13	INTS4P1	Brain_Hypothalamus	-0.6068533658981323	8.850941712259708e-23
chr7:65219157-65531823	chr7_65262271_G_C_b38	rs17782771	ENSG00000228409.7	CCT6P1	Brain_Hypothalamus	-0.28912749886512756	3.507680252954771e-07
chr7:65219157-65531823	chr7_65262271_G_C_b38	rs17782771	ENSG00000197008.10	ZNF138	Adipose_Subcutaneous	-0.12052074074745178	0.0003940203981033555
chr7:65219157-65531823	chr7_65262271_G_C_b38	rs17782771	ENSG00000182722.5	SEPHS1P1	Adipose_Subcutaneous	-0.3809114098548889	1.9226653329338596e-13
chr7:65219157-65531823	chr7_65262271_G_C_b38	rs17782771	ENSG00000213640.3	EEF1DP4	Adipose_Subcutaneous	-0.6862876415252686	3.8717369140952784e-42
chr7:65219157-65531823	chr7_65262271_G_C_b38	rs17782771	ENSG00000198039.12	ZNF273	Adipose_Subcutaneous	-0.3050152361392975	5.758217921441119e-22
chr7:65219157-65531823	chr7_65262271_G_C_b38	rs17782771	ENSG00000189316.3	ENSG00000189316	Adipose_Subcutaneous	-0.5110805034637451	3.5128695966176426e-29
chr7:65219157-65531823	chr7_65262271_G_C_b38	rs17782771	ENSG00000270948.1	MTDHP1	Adipose_Subcutaneous	-0.24768561124801636	1.2459733155510534e-11
chr7:65219157-65531823	chr7_65262271_G_C_b38	rs17782771	ENSG00000286342.2	ENSG00000286342	Adipose_Subcutaneous	-0.2665186822414398	4.505401440659672e-12
chr7:65219157-65531823	chr7_65262271_G_C_b38	rs17782771	ENSG00000213462.5	ERV3-1	Adipose_Subcutaneous	0.2714066505432129	4.497384799552354e-29
chr7:65219157-65531823	chr7_65262271_G_C_b38	rs17782771	ENSG00000234585.6	CCT6P3	Adipose_Subcutaneous	0.9330957531929016	8.028514887842258e-130
chr7:65219157-65531823	chr7_65262271_G_C_b38	rs17782771	ENSG00000227113.2	ENSG00000227113	Adipose_Subcutaneous	0.8600456118583679	8.365737299533587e-82
chr7:65219157-65531823	chr7_65262271_G_C_b38	rs17782771	ENSG00000226002.1	GTF2IP14	Adipose_Subcutaneous	1.0427802801132202	9.28784365349453e-124
chr7:65219157-65531823	chr7_65262271_G_C_b38	rs17782771	ENSG00000164669.13	INTS4P1	Adipose_Subcutaneous	-0.9427914619445801	6.453780909635052e-92
chr7:65219157-65531823	chr7_65262271_G_C_b38	rs17782771	ENSG00000289108.1	ENSG00000289108	Adipose_Subcutaneous	-0.5521040558815002	4.248258386361285e-30
chr7:65219157-65531823	chr7_65262271_G_C_b38	rs17782771	ENSG00000228409.7	CCT6P1	Adipose_Subcutaneous	-0.32920998334884644	2.527390798626856e-23
chr7:65219157-65531823	chr7_65262271_G_C_b38	rs17782771	ENSG00000224316.1	GTF2IP5	Adipose_Subcutaneous	0.755121648311615	6.652729191066927e-58
chr7:65219157-65531823	chr7_65262271_G_C_b38	rs17782771	ENSG00000236529.2	ENSG00000236529	Adipose_Subcutaneous	0.2805321514606476	3.1733939253529645e-12
chr7:65219157-65531823	chr7_65262271_G_C_b38	rs17782771	ENSG00000182722.5	SEPHS1P1	Thyroid	-0.5338565707206726	1.5297917831160904e-23
chr7:65219157-65531823	chr7_65262271_G_C_b38	rs17782771	ENSG00000213640.3	EEF1DP4	Thyroid	-0.676746666431427	3.300178891859145e-42
chr7:65219157-65531823	chr7_65262271_G_C_b38	rs17782771	ENSG00000198039.12	ZNF273	Thyroid	-0.4885638654232025	4.568052496282871e-53
chr7:65219157-65531823	chr7_65262271_G_C_b38	rs17782771	ENSG00000189316.3	ENSG00000189316	Thyroid	-0.5663571357727051	3.638666889412926e-37
chr7:65219157-65531823	chr7_65262271_G_C_b38	rs17782771	ENSG00000270948.1	MTDHP1	Thyroid	-0.20326530933380127	0.00011989096052827739
chr7:65219157-65531823	chr7_65262271_G_C_b38	rs17782771	ENSG00000286342.2	ENSG00000286342	Thyroid	-0.48518848419189453	2.7453698551236136e-18
chr7:65219157-65531823	chr7_65262271_G_C_b38	rs17782771	ENSG00000152926.16	ZNF117	Thyroid	-0.1899370700120926	5.999809632839751e-09
chr7:65219157-65531823	chr7_65262271_G_C_b38	rs17782771	ENSG00000213462.5	ERV3-1	Thyroid	0.17211993038654327	7.762363754783954e-07
chr7:65219157-65531823	chr7_65262271_G_C_b38	rs17782771	ENSG00000234585.6	CCT6P3	Thyroid	0.9594106078147888	7.422732616652378e-103
chr7:65219157-65531823	chr7_65262271_G_C_b38	rs17782771	ENSG00000227113.2	ENSG00000227113	Thyroid	0.3792613446712494	3.911879417342881e-12
chr7:65219157-65531823	chr7_65262271_G_C_b38	rs17782771	ENSG00000226002.1	GTF2IP14	Thyroid	0.8562845587730408	8.223047320176514e-65
chr7:65219157-65531823	chr7_65262271_G_C_b38	rs17782771	ENSG00000164669.13	INTS4P1	Thyroid	-0.9800424575805664	2.354430741818007e-87
chr7:65219157-65531823	chr7_65262271_G_C_b38	rs17782771	ENSG00000289108.1	ENSG00000289108	Thyroid	-0.4972616136074066	4.966730667664036e-22
chr7:65219157-65531823	chr7_65262271_G_C_b38	rs17782771	ENSG00000228409.7	CCT6P1	Thyroid	-0.2493811547756195	5.374760366695034e-19
chr7:65219157-65531823	chr7_65262271_G_C_b38	rs17782771	ENSG00000224316.1	GTF2IP5	Thyroid	0.5094426870346069	1.426290517770532e-19
chr7:65219157-65531823	chr7_65262271_G_C_b38	rs17782771	ENSG00000236529.2	ENSG00000236529	Thyroid	0.27560341358184814	3.7385794305881005e-09
chr7:65219157-65531823	chr7_65262271_G_C_b38	rs17782771	ENSG00000213640.3	EEF1DP4	Uterus	-0.5431432723999023	7.254060977455297e-06
chr7:65219157-65531823	chr7_65262271_G_C_b38	rs17782771	ENSG00000234585.6	CCT6P3	Uterus	0.6859936714172363	3.5190155004195225e-17
chr7:65219157-65531823	chr7_65262271_G_C_b38	rs17782771	ENSG00000227113.2	ENSG00000227113	Uterus	0.634017825126648	6.792435817777266e-10
chr7:65219157-65531823	chr7_65262271_G_C_b38	rs17782771	ENSG00000226002.1	GTF2IP14	Uterus	0.7683421969413757	1.994605390546202e-11
chr7:65219157-65531823	chr7_65262271_G_C_b38	rs17782771	ENSG00000164669.13	INTS4P1	Uterus	-0.9404851794242859	3.66977350710464e-21
chr7:65219157-65531823	chr7_65262271_G_C_b38	rs17782771	ENSG00000234585.6	CCT6P3	Bladder	1.0134955644607544	9.217731469914504e-07
chr7:65219157-65531823	chr7_65262271_G_C_b38	rs17782771	ENSG00000227113.2	ENSG00000227113	Bladder	1.1000447273254395	4.6066980304550584e-06
chr7:65219157-65531823	chr7_65262271_G_C_b38	rs17782771	ENSG00000226002.1	GTF2IP14	Bladder	1.218935489654541	1.9361643233280932e-09
chr7:65219157-65531823	chr7_65262271_G_C_b38	rs17782771	ENSG00000164669.13	INTS4P1	Bladder	-0.8024323582649231	1.9922792663112197e-06
chr7:65219157-65531823	chr7_65262271_G_C_b38	rs17782771	ENSG00000213640.3	EEF1DP4	Heart_Left_Ventricle	-0.5119122266769409	3.7738905601198215e-16
chr7:65219157-65531823	chr7_65262271_G_C_b38	rs17782771	ENSG00000198039.12	ZNF273	Heart_Left_Ventricle	-0.41435593366622925	1.0692070765250757e-24
chr7:65219157-65531823	chr7_65262271_G_C_b38	rs17782771	ENSG00000189316.3	ENSG00000189316	Heart_Left_Ventricle	-0.367025226354599	1.8423174378999898e-08
chr7:65219157-65531823	chr7_65262271_G_C_b38	rs17782771	ENSG00000152926.16	ZNF117	Heart_Left_Ventricle	0.2143022119998932	9.62060402612775e-10
chr7:65219157-65531823	chr7_65262271_G_C_b38	rs17782771	ENSG00000213462.5	ERV3-1	Heart_Left_Ventricle	0.5812464356422424	2.4993348638115182e-36
chr7:65219157-65531823	chr7_65262271_G_C_b38	rs17782771	ENSG00000234585.6	CCT6P3	Heart_Left_Ventricle	0.8265771865844727	2.198384605812473e-56
chr7:65219157-65531823	chr7_65262271_G_C_b38	rs17782771	ENSG00000226002.1	GTF2IP14	Heart_Left_Ventricle	0.8319669961929321	3.828772588160262e-40
chr7:65219157-65531823	chr7_65262271_G_C_b38	rs17782771	ENSG00000164669.13	INTS4P1	Heart_Left_Ventricle	-0.8210856914520264	5.830804348392051e-43
chr7:65219157-65531823	chr7_65262271_G_C_b38	rs17782771	ENSG00000228409.7	CCT6P1	Heart_Left_Ventricle	-0.183412566781044	9.0059533918021e-09
chr7:65219157-65531823	chr7_65262271_G_C_b38	rs17782771	ENSG00000182722.5	SEPHS1P1	Testis	-0.1619582325220108	0.0003780782342373343
chr7:65219157-65531823	chr7_65262271_G_C_b38	rs17782771	ENSG00000189316.3	ENSG00000189316	Testis	-0.22253134846687317	0.0004296915354304112
chr7:65219157-65531823	chr7_65262271_G_C_b38	rs17782771	ENSG00000234585.6	CCT6P3	Testis	0.6944587230682373	9.662691106367472e-31
chr7:65219157-65531823	chr7_65262271_G_C_b38	rs17782771	ENSG00000227113.2	ENSG00000227113	Testis	0.594083309173584	1.0205557074230552e-20
chr7:65219157-65531823	chr7_65262271_G_C_b38	rs17782771	ENSG00000164669.13	INTS4P1	Testis	-1.079389214515686	1.0462906264229853e-78
chr7:65219157-65531823	chr7_65262271_G_C_b38	rs17782771	ENSG00000289108.1	ENSG00000289108	Testis	-0.48129135370254517	9.848802482948636e-13
chr7:65219157-65531823	chr7_65262271_G_C_b38	rs17782771	ENSG00000235421.1	ENSG00000235421	Testis	0.9259346723556519	2.3711385934167804e-54
chr7:65219157-65531823	chr7_65262271_G_C_b38	rs17782771	ENSG00000228409.7	CCT6P1	Testis	-0.6323904991149902	5.507446125609975e-29
chr7:65219157-65531823	chr7_65262271_G_C_b38	rs17782771	ENSG00000272693.5	ENSG00000272693	Testis	-0.3344652056694031	6.419857351189667e-11
chr7:65219157-65531823	chr7_65262271_G_C_b38	rs17782771	ENSG00000196715.7	VKORC1L1	Testis	-0.1281484067440033	0.00033800937867948215
chr7:65219157-65531823	chr7_65262271_G_C_b38	rs17782771	ENSG00000169919.17	GUSB	Testis	-0.13824312388896942	0.00043868683808527607
chr7:65219157-65531823	chr7_65262271_G_C_b38	rs17782771	ENSG00000197008.10	ZNF138	Brain_Caudate_basal_ganglia	0.3085971176624298	6.126282591493391e-08
chr7:65219157-65531823	chr7_65262271_G_C_b38	rs17782771	ENSG00000213640.3	EEF1DP4	Brain_Caudate_basal_ganglia	-0.3672559857368469	8.86344396243076e-14
chr7:65219157-65531823	chr7_65262271_G_C_b38	rs17782771	ENSG00000198039.12	ZNF273	Brain_Caudate_basal_ganglia	-0.17755503952503204	1.1876270102639962e-09
chr7:65219157-65531823	chr7_65262271_G_C_b38	rs17782771	ENSG00000213462.5	ERV3-1	Brain_Caudate_basal_ganglia	0.6676849126815796	1.5671849743068085e-34
chr7:65219157-65531823	chr7_65262271_G_C_b38	rs17782771	ENSG00000234585.6	CCT6P3	Brain_Caudate_basal_ganglia	0.892376184463501	7.536165567463678e-40
chr7:65219157-65531823	chr7_65262271_G_C_b38	rs17782771	ENSG00000226002.1	GTF2IP14	Brain_Caudate_basal_ganglia	0.8652999401092529	1.3419362172170645e-31
chr7:65219157-65531823	chr7_65262271_G_C_b38	rs17782771	ENSG00000164669.13	INTS4P1	Brain_Caudate_basal_ganglia	-0.8474489450454712	2.4685629024155748e-48
chr7:65219157-65531823	chr7_65262271_G_C_b38	rs17782771	ENSG00000228409.7	CCT6P1	Brain_Caudate_basal_ganglia	-0.3827854096889496	1.4616472902941642e-12
chr7:65219157-65531823	chr7_65262271_G_C_b38	rs17782771	ENSG00000197008.10	ZNF138	Muscle_Skeletal	-0.13099807500839233	2.5304086837285257e-05
chr7:65219157-65531823	chr7_65262271_G_C_b38	rs17782771	ENSG00000287580.1	ENSG00000287580	Muscle_Skeletal	-0.2432621717453003	1.2064676253316933e-14
chr7:65219157-65531823	chr7_65262271_G_C_b38	rs17782771	ENSG00000182722.5	SEPHS1P1	Muscle_Skeletal	-0.38886508345603943	3.3101707767159378e-18
chr7:65219157-65531823	chr7_65262271_G_C_b38	rs17782771	ENSG00000213640.3	EEF1DP4	Muscle_Skeletal	-0.4841408431529999	1.586454885221392e-28
chr7:65219157-65531823	chr7_65262271_G_C_b38	rs17782771	ENSG00000198039.12	ZNF273	Muscle_Skeletal	-0.2116355150938034	2.530334186305172e-08
chr7:65219157-65531823	chr7_65262271_G_C_b38	rs17782771	ENSG00000189316.3	ENSG00000189316	Muscle_Skeletal	-0.15973669290542603	0.00025902748807324095
chr7:65219157-65531823	chr7_65262271_G_C_b38	rs17782771	ENSG00000270948.1	MTDHP1	Muscle_Skeletal	-0.15255165100097656	0.000554688967777899
chr7:65219157-65531823	chr7_65262271_G_C_b38	rs17782771	ENSG00000286342.2	ENSG00000286342	Muscle_Skeletal	-0.6773309111595154	1.1649697693744883e-57
chr7:65219157-65531823	chr7_65262271_G_C_b38	rs17782771	ENSG00000152926.16	ZNF117	Muscle_Skeletal	-0.18034949898719788	3.177845669978349e-07
chr7:65219157-65531823	chr7_65262271_G_C_b38	rs17782771	ENSG00000234585.6	CCT6P3	Muscle_Skeletal	0.6419209837913513	1.2513459806706317e-65
chr7:65219157-65531823	chr7_65262271_G_C_b38	rs17782771	ENSG00000226002.1	GTF2IP14	Muscle_Skeletal	0.5961229205131531	1.9245849958909078e-37
chr7:65219157-65531823	chr7_65262271_G_C_b38	rs17782771	ENSG00000164669.13	INTS4P1	Muscle_Skeletal	-0.7908220291137695	1.7985154907614985e-78
chr7:65219157-65531823	chr7_65262271_G_C_b38	rs17782771	ENSG00000228409.7	CCT6P1	Muscle_Skeletal	-0.22844749689102173	3.3317369932519745e-17
chr7:65219157-65531823	chr7_65262271_G_C_b38	rs17782771	ENSG00000236529.2	ENSG00000236529	Muscle_Skeletal	0.1834000051021576	1.755254844606038e-05
chr7:65219157-65531823	chr7_65262271_G_C_b38	rs17782771	ENSG00000182722.5	SEPHS1P1	Artery_Tibial	-0.48563235998153687	4.8191971904404734e-21
chr7:65219157-65531823	chr7_65262271_G_C_b38	rs17782771	ENSG00000213640.3	EEF1DP4	Artery_Tibial	-0.6686924695968628	1.2612282950965193e-39
chr7:65219157-65531823	chr7_65262271_G_C_b38	rs17782771	ENSG00000198039.12	ZNF273	Artery_Tibial	-0.18863701820373535	3.1094698421389024e-12
chr7:65219157-65531823	chr7_65262271_G_C_b38	rs17782771	ENSG00000189316.3	ENSG00000189316	Artery_Tibial	-0.2796957492828369	8.018498043173881e-11
chr7:65219157-65531823	chr7_65262271_G_C_b38	rs17782771	ENSG00000286342.2	ENSG00000286342	Artery_Tibial	-0.24943628907203674	2.731357965392201e-06
chr7:65219157-65531823	chr7_65262271_G_C_b38	rs17782771	ENSG00000152926.16	ZNF117	Artery_Tibial	0.29755517840385437	3.0441112117486022e-25
chr7:65219157-65531823	chr7_65262271_G_C_b38	rs17782771	ENSG00000213462.5	ERV3-1	Artery_Tibial	0.64305180311203	2.1005771416473772e-81
chr7:65219157-65531823	chr7_65262271_G_C_b38	rs17782771	ENSG00000234585.6	CCT6P3	Artery_Tibial	0.9160218834877014	1.7392470270470843e-88
chr7:65219157-65531823	chr7_65262271_G_C_b38	rs17782771	ENSG00000227113.2	ENSG00000227113	Artery_Tibial	0.752071738243103	5.343608976528848e-52
chr7:65219157-65531823	chr7_65262271_G_C_b38	rs17782771	ENSG00000226002.1	GTF2IP14	Artery_Tibial	0.8479360938072205	8.115219788543221e-68
chr7:65219157-65531823	chr7_65262271_G_C_b38	rs17782771	ENSG00000164669.13	INTS4P1	Artery_Tibial	-0.8728192448616028	4.307647661197932e-70
chr7:65219157-65531823	chr7_65262271_G_C_b38	rs17782771	ENSG00000228409.7	CCT6P1	Artery_Tibial	-0.21501468122005463	3.5006694748526734e-14
chr7:65219157-65531823	chr7_65262271_G_C_b38	rs17782771	ENSG00000236529.2	ENSG00000236529	Artery_Tibial	0.21211254596710205	6.950196079478066e-06
chr7:65219157-65531823	chr7_65262271_G_C_b38	rs17782771	ENSG00000197008.10	ZNF138	Brain_Substantia_nigra	0.31736475229263306	6.269878303585508e-06
chr7:65219157-65531823	chr7_65262271_G_C_b38	rs17782771	ENSG00000213640.3	EEF1DP4	Brain_Substantia_nigra	-0.48698490858078003	5.068488657641086e-08
chr7:65219157-65531823	chr7_65262271_G_C_b38	rs17782771	ENSG00000213462.5	ERV3-1	Brain_Substantia_nigra	0.68412846326828	2.3283270234858048e-22
chr7:65219157-65531823	chr7_65262271_G_C_b38	rs17782771	ENSG00000234585.6	CCT6P3	Brain_Substantia_nigra	0.9163681864738464	1.798175617235641e-26
chr7:65219157-65531823	chr7_65262271_G_C_b38	rs17782771	ENSG00000226002.1	GTF2IP14	Brain_Substantia_nigra	0.8152667284011841	7.82333018430892e-16
chr7:65219157-65531823	chr7_65262271_G_C_b38	rs17782771	ENSG00000164669.13	INTS4P1	Brain_Substantia_nigra	-0.48936760425567627	2.588457431923171e-16
chr7:65219157-65531823	chr7_65262271_G_C_b38	rs17782771	ENSG00000228409.7	CCT6P1	Brain_Substantia_nigra	-0.3063782751560211	6.499411835633546e-05
chr7:65219157-65531823	chr7_65262271_G_C_b38	rs17782771	ENSG00000182722.5	SEPHS1P1	Prostate	-0.43777117133140564	8.219079129078192e-06
chr7:65219157-65531823	chr7_65262271_G_C_b38	rs17782771	ENSG00000213640.3	EEF1DP4	Prostate	-0.658848762512207	4.4571573459668517e-13
chr7:65219157-65531823	chr7_65262271_G_C_b38	rs17782771	ENSG00000198039.12	ZNF273	Prostate	-0.35791730880737305	1.2189567344331355e-08
chr7:65219157-65531823	chr7_65262271_G_C_b38	rs17782771	ENSG00000189316.3	ENSG00000189316	Prostate	-0.4616626799106598	2.83184044907513e-08
chr7:65219157-65531823	chr7_65262271_G_C_b38	rs17782771	ENSG00000213462.5	ERV3-1	Prostate	0.4684293866157532	2.7493005598957574e-15
chr7:65219157-65531823	chr7_65262271_G_C_b38	rs17782771	ENSG00000234585.6	CCT6P3	Prostate	1.0001803636550903	6.558267960484126e-40
chr7:65219157-65531823	chr7_65262271_G_C_b38	rs17782771	ENSG00000227113.2	ENSG00000227113	Prostate	0.5227919816970825	9.09853792518155e-08
chr7:65219157-65531823	chr7_65262271_G_C_b38	rs17782771	ENSG00000226002.1	GTF2IP14	Prostate	0.9940511584281921	3.3440163837905446e-33
chr7:65219157-65531823	chr7_65262271_G_C_b38	rs17782771	ENSG00000164669.13	INTS4P1	Prostate	-0.8506843447685242	7.553593268097347e-24
chr7:65219157-65531823	chr7_65262271_G_C_b38	rs17782771	ENSG00000228409.7	CCT6P1	Prostate	-0.2531251609325409	6.019527603647129e-08
chr7:65219157-65531823	chr7_65262271_G_C_b38	rs17782771	ENSG00000224316.1	GTF2IP5	Prostate	0.5865878462791443	4.722952473677634e-10
chr7:65219157-65531823	chr7_65262271_G_C_b38	rs17782771	ENSG00000197008.10	ZNF138	Brain_Hippocampus	0.2789727449417114	7.87392968380595e-07
chr7:65219157-65531823	chr7_65262271_G_C_b38	rs17782771	ENSG00000234338.1	ENSG00000234338	Brain_Hippocampus	0.20647983253002167	0.00011406752138662828
chr7:65219157-65531823	chr7_65262271_G_C_b38	rs17782771	ENSG00000182722.5	SEPHS1P1	Brain_Hippocampus	-0.29354506731033325	5.224879177214123e-05
chr7:65219157-65531823	chr7_65262271_G_C_b38	rs17782771	ENSG00000213640.3	EEF1DP4	Brain_Hippocampus	-0.3973625898361206	2.545040198531031e-12
chr7:65219157-65531823	chr7_65262271_G_C_b38	rs17782771	ENSG00000198039.12	ZNF273	Brain_Hippocampus	-0.16185934841632843	1.0560807255372501e-06
chr7:65219157-65531823	chr7_65262271_G_C_b38	rs17782771	ENSG00000270948.1	MTDHP1	Brain_Hippocampus	-0.42025455832481384	5.461202033740598e-07
chr7:65219157-65531823	chr7_65262271_G_C_b38	rs17782771	ENSG00000213462.5	ERV3-1	Brain_Hippocampus	0.777321994304657	7.8704431276922e-37
chr7:65219157-65531823	chr7_65262271_G_C_b38	rs17782771	ENSG00000234585.6	CCT6P3	Brain_Hippocampus	0.9609301686286926	3.2988464643715976e-35
chr7:65219157-65531823	chr7_65262271_G_C_b38	rs17782771	ENSG00000226002.1	GTF2IP14	Brain_Hippocampus	0.9224647283554077	2.2610064226277925e-29
chr7:65219157-65531823	chr7_65262271_G_C_b38	rs17782771	ENSG00000164669.13	INTS4P1	Brain_Hippocampus	-0.5138349533081055	1.514679954551774e-20
chr7:65219157-65531823	chr7_65262271_G_C_b38	rs17782771	ENSG00000228409.7	CCT6P1	Brain_Hippocampus	-0.29918769001960754	5.830546279836768e-07
chr7:65219157-65531823	chr7_65262271_G_C_b38	rs17782771	ENSG00000197008.10	ZNF138	Brain_Frontal_Cortex_BA9	0.30147436261177063	2.9868006721884706e-07
chr7:65219157-65531823	chr7_65262271_G_C_b38	rs17782771	ENSG00000182722.5	SEPHS1P1	Brain_Frontal_Cortex_BA9	-0.40063270926475525	1.984509770802781e-08
chr7:65219157-65531823	chr7_65262271_G_C_b38	rs17782771	ENSG00000213640.3	EEF1DP4	Brain_Frontal_Cortex_BA9	-0.6699427366256714	9.962736077135068e-21
chr7:65219157-65531823	chr7_65262271_G_C_b38	rs17782771	ENSG00000270948.1	MTDHP1	Brain_Frontal_Cortex_BA9	-0.3659668564796448	6.583011369382227e-06
chr7:65219157-65531823	chr7_65262271_G_C_b38	rs17782771	ENSG00000286342.2	ENSG00000286342	Brain_Frontal_Cortex_BA9	-0.182394340634346	7.092714223149319e-06
chr7:65219157-65531823	chr7_65262271_G_C_b38	rs17782771	ENSG00000213462.5	ERV3-1	Brain_Frontal_Cortex_BA9	0.797177791595459	2.2133143768588357e-44
chr7:65219157-65531823	chr7_65262271_G_C_b38	rs17782771	ENSG00000234585.6	CCT6P3	Brain_Frontal_Cortex_BA9	0.9949657917022705	5.905050790677288e-41
chr7:65219157-65531823	chr7_65262271_G_C_b38	rs17782771	ENSG00000226002.1	GTF2IP14	Brain_Frontal_Cortex_BA9	0.8549390435218811	2.4946240411444573e-23
chr7:65219157-65531823	chr7_65262271_G_C_b38	rs17782771	ENSG00000164669.13	INTS4P1	Brain_Frontal_Cortex_BA9	-0.6334519386291504	4.828982322246859e-30
chr7:65219157-65531823	chr7_65262271_G_C_b38	rs17782771	ENSG00000228409.7	CCT6P1	Brain_Frontal_Cortex_BA9	-0.21753987669944763	9.398706201635219e-06
chr7:65219157-65531823	chr7_65262271_G_C_b38	rs17782771	ENSG00000182722.5	SEPHS1P1	Colon_Sigmoid	-0.4342441260814667	1.7534497546318372e-09
chr7:65219157-65531823	chr7_65262271_G_C_b38	rs17782771	ENSG00000213640.3	EEF1DP4	Colon_Sigmoid	-0.5884684324264526	7.482799268413551e-19
chr7:65219157-65531823	chr7_65262271_G_C_b38	rs17782771	ENSG00000198039.12	ZNF273	Colon_Sigmoid	-0.244872584939003	2.411675848379252e-10
chr7:65219157-65531823	chr7_65262271_G_C_b38	rs17782771	ENSG00000189316.3	ENSG00000189316	Colon_Sigmoid	-0.4083825349807739	2.245640939703944e-14
chr7:65219157-65531823	chr7_65262271_G_C_b38	rs17782771	ENSG00000152926.16	ZNF117	Colon_Sigmoid	0.23852652311325073	4.612284906709754e-09
chr7:65219157-65531823	chr7_65262271_G_C_b38	rs17782771	ENSG00000213462.5	ERV3-1	Colon_Sigmoid	0.5052618384361267	8.120055338806887e-27
chr7:65219157-65531823	chr7_65262271_G_C_b38	rs17782771	ENSG00000234585.6	CCT6P3	Colon_Sigmoid	0.8792781233787537	4.418302846865746e-55
chr7:65219157-65531823	chr7_65262271_G_C_b38	rs17782771	ENSG00000227113.2	ENSG00000227113	Colon_Sigmoid	0.6194501519203186	1.285518032762713e-20
chr7:65219157-65531823	chr7_65262271_G_C_b38	rs17782771	ENSG00000226002.1	GTF2IP14	Colon_Sigmoid	0.9031904339790344	4.53714979413542e-43
chr7:65219157-65531823	chr7_65262271_G_C_b38	rs17782771	ENSG00000164669.13	INTS4P1	Colon_Sigmoid	-0.8477619886398315	1.7778510639738054e-41
chr7:65219157-65531823	chr7_65262271_G_C_b38	rs17782771	ENSG00000228409.7	CCT6P1	Colon_Sigmoid	-0.16239245235919952	5.928478085755778e-06
chr7:65219157-65531823	chr7_65262271_G_C_b38	rs17782771	ENSG00000182722.5	SEPHS1P1	Artery_Aorta	-0.42939144372940063	1.2542085320206618e-11
chr7:65219157-65531823	chr7_65262271_G_C_b38	rs17782771	ENSG00000213640.3	EEF1DP4	Artery_Aorta	-0.6171473860740662	1.9292482149964518e-23
chr7:65219157-65531823	chr7_65262271_G_C_b38	rs17782771	ENSG00000198039.12	ZNF273	Artery_Aorta	-0.2488786280155182	4.4635927825910265e-11
chr7:65219157-65531823	chr7_65262271_G_C_b38	rs17782771	ENSG00000189316.3	ENSG00000189316	Artery_Aorta	-0.2879845201969147	8.914794696334136e-07
chr7:65219157-65531823	chr7_65262271_G_C_b38	rs17782771	ENSG00000152926.16	ZNF117	Artery_Aorta	0.5350617170333862	4.812891060303462e-36
chr7:65219157-65531823	chr7_65262271_G_C_b38	rs17782771	ENSG00000213462.5	ERV3-1	Artery_Aorta	0.794028103351593	2.92855057392271e-66
chr7:65219157-65531823	chr7_65262271_G_C_b38	rs17782771	ENSG00000234585.6	CCT6P3	Artery_Aorta	1.031720519065857	4.957360034478585e-77
chr7:65219157-65531823	chr7_65262271_G_C_b38	rs17782771	ENSG00000227113.2	ENSG00000227113	Artery_Aorta	0.8055143356323242	1.818092823709244e-38
chr7:65219157-65531823	chr7_65262271_G_C_b38	rs17782771	ENSG00000226002.1	GTF2IP14	Artery_Aorta	0.9863075613975525	5.739103341867021e-59
chr7:65219157-65531823	chr7_65262271_G_C_b38	rs17782771	ENSG00000164669.13	INTS4P1	Artery_Aorta	-0.9164342284202576	1.066849839895507e-52
chr7:65219157-65531823	chr7_65262271_G_C_b38	rs17782771	ENSG00000228409.7	CCT6P1	Artery_Aorta	-0.17994193732738495	3.2980763397663947e-07
chr7:65219157-65531823	chr7_65262271_G_C_b38	rs17782771	ENSG00000182722.5	SEPHS1P1	Colon_Transverse	-0.3466050624847412	9.208103208256979e-10
chr7:65219157-65531823	chr7_65262271_G_C_b38	rs17782771	ENSG00000213640.3	EEF1DP4	Colon_Transverse	-0.5258027911186218	8.976483200677978e-22
chr7:65219157-65531823	chr7_65262271_G_C_b38	rs17782771	ENSG00000198039.12	ZNF273	Colon_Transverse	-0.3351438641548157	1.8106161573449526e-23
chr7:65219157-65531823	chr7_65262271_G_C_b38	rs17782771	ENSG00000189316.3	ENSG00000189316	Colon_Transverse	-0.529373288154602	1.6671643530262824e-22
chr7:65219157-65531823	chr7_65262271_G_C_b38	rs17782771	ENSG00000213462.5	ERV3-1	Colon_Transverse	0.4495145380496979	1.7590509011672324e-41
chr7:65219157-65531823	chr7_65262271_G_C_b38	rs17782771	ENSG00000234585.6	CCT6P3	Colon_Transverse	0.8481901288032532	6.363208827342003e-60
chr7:65219157-65531823	chr7_65262271_G_C_b38	rs17782771	ENSG00000227113.2	ENSG00000227113	Colon_Transverse	0.48508355021476746	3.69746871130429e-13
chr7:65219157-65531823	chr7_65262271_G_C_b38	rs17782771	ENSG00000226002.1	GTF2IP14	Colon_Transverse	0.8372912406921387	2.8596442513702547e-37
chr7:65219157-65531823	chr7_65262271_G_C_b38	rs17782771	ENSG00000164669.13	INTS4P1	Colon_Transverse	-0.9379171133041382	3.872647159971342e-61
chr7:65219157-65531823	chr7_65262271_G_C_b38	rs17782771	ENSG00000228409.7	CCT6P1	Colon_Transverse	-0.11447319388389587	1.9467715437896607e-05
chr7:65219157-65531823	chr7_65262271_G_C_b38	rs17782771	ENSG00000236529.2	ENSG00000236529	Colon_Transverse	0.22657516598701477	4.1914940662289294e-08
chr7:65219157-65531823	chr7_65262271_G_C_b38	rs17782771	ENSG00000182722.5	SEPHS1P1	Esophagus_Mucosa	-0.33717256784439087	3.208399345456419e-09
chr7:65219157-65531823	chr7_65262271_G_C_b38	rs17782771	ENSG00000213640.3	EEF1DP4	Esophagus_Mucosa	-0.5592094659805298	3.891817330951566e-26
chr7:65219157-65531823	chr7_65262271_G_C_b38	rs17782771	ENSG00000198039.12	ZNF273	Esophagus_Mucosa	0.1330832988023758	0.00012612528404656474
chr7:65219157-65531823	chr7_65262271_G_C_b38	rs17782771	ENSG00000189316.3	ENSG00000189316	Esophagus_Mucosa	-0.1425447314977646	7.070529733088098e-05
chr7:65219157-65531823	chr7_65262271_G_C_b38	rs17782771	ENSG00000270948.1	MTDHP1	Esophagus_Mucosa	-0.32301637530326843	1.5544888156704524e-15
chr7:65219157-65531823	chr7_65262271_G_C_b38	rs17782771	ENSG00000286342.2	ENSG00000286342	Esophagus_Mucosa	-0.2452782690525055	1.909399453680691e-12
chr7:65219157-65531823	chr7_65262271_G_C_b38	rs17782771	ENSG00000152926.16	ZNF117	Esophagus_Mucosa	-0.1676504909992218	1.82168611600074e-07
chr7:65219157-65531823	chr7_65262271_G_C_b38	rs17782771	ENSG00000213462.5	ERV3-1	Esophagus_Mucosa	0.2822982966899872	4.8783430376380816e-23
chr7:65219157-65531823	chr7_65262271_G_C_b38	rs17782771	ENSG00000234585.6	CCT6P3	Esophagus_Mucosa	0.7874459624290466	4.657780213851735e-81
chr7:65219157-65531823	chr7_65262271_G_C_b38	rs17782771	ENSG00000226002.1	GTF2IP14	Esophagus_Mucosa	0.8499307632446289	1.7671187323610436e-55
chr7:65219157-65531823	chr7_65262271_G_C_b38	rs17782771	ENSG00000164669.13	INTS4P1	Esophagus_Mucosa	-0.9195978045463562	9.30275993365537e-71
chr7:65219157-65531823	chr7_65262271_G_C_b38	rs17782771	ENSG00000289108.1	ENSG00000289108	Esophagus_Mucosa	-0.6576123833656311	1.402736277218316e-43
chr7:65219157-65531823	chr7_65262271_G_C_b38	rs17782771	ENSG00000146757.14	ZNF92	Esophagus_Mucosa	0.13866905868053436	6.356777208514211e-05
chr7:65219157-65531823	chr7_65262271_G_C_b38	rs17782771	ENSG00000228409.7	CCT6P1	Esophagus_Mucosa	-0.287518709897995	2.1423225504680836e-19
chr7:65219157-65531823	chr7_65262271_G_C_b38	rs17782771	ENSG00000272693.5	ENSG00000272693	Esophagus_Mucosa	-0.18794278800487518	0.00042298319877799026
chr7:65219157-65531823	chr7_65262271_G_C_b38	rs17782771	ENSG00000224316.1	GTF2IP5	Esophagus_Mucosa	0.43051081895828247	2.396046579393132e-16
chr7:65219157-65531823	chr7_65262271_G_C_b38	rs17782771	ENSG00000236529.2	ENSG00000236529	Esophagus_Mucosa	0.2908385396003723	1.3553327210973576e-11
chr7:65219157-65531823	chr7_65262271_G_C_b38	rs17782771	ENSG00000197008.10	ZNF138	Brain_Anterior_cingulate_cortex_BA24	0.29382801055908203	1.6123093321287695e-07
chr7:65219157-65531823	chr7_65262271_G_C_b38	rs17782771	ENSG00000182722.5	SEPHS1P1	Brain_Anterior_cingulate_cortex_BA24	-0.2905355989933014	0.00010809711570772898
chr7:65219157-65531823	chr7_65262271_G_C_b38	rs17782771	ENSG00000213640.3	EEF1DP4	Brain_Anterior_cingulate_cortex_BA24	-0.5695334672927856	1.3710825714608658e-15
chr7:65219157-65531823	chr7_65262271_G_C_b38	rs17782771	ENSG00000198039.12	ZNF273	Brain_Anterior_cingulate_cortex_BA24	-0.28446707129478455	2.3777901345058755e-11
chr7:65219157-65531823	chr7_65262271_G_C_b38	rs17782771	ENSG00000270948.1	MTDHP1	Brain_Anterior_cingulate_cortex_BA24	-0.48217135667800903	1.8694877510923204e-07
chr7:65219157-65531823	chr7_65262271_G_C_b38	rs17782771	ENSG00000213462.5	ERV3-1	Brain_Anterior_cingulate_cortex_BA24	0.6998425722122192	1.435905938829895e-30
chr7:65219157-65531823	chr7_65262271_G_C_b38	rs17782771	ENSG00000234585.6	CCT6P3	Brain_Anterior_cingulate_cortex_BA24	0.9077885746955872	3.967143689869422e-31
chr7:65219157-65531823	chr7_65262271_G_C_b38	rs17782771	ENSG00000226002.1	GTF2IP14	Brain_Anterior_cingulate_cortex_BA24	0.9112683534622192	2.6846989265153752e-27
chr7:65219157-65531823	chr7_65262271_G_C_b38	rs17782771	ENSG00000164669.13	INTS4P1	Brain_Anterior_cingulate_cortex_BA24	-0.5622556805610657	3.732115916178665e-26
chr7:65219157-65531823	chr7_65262271_G_C_b38	rs17782771	ENSG00000182722.5	SEPHS1P1	Stomach	-0.3475409746170044	2.629929636619132e-07
chr7:65219157-65531823	chr7_65262271_G_C_b38	rs17782771	ENSG00000213640.3	EEF1DP4	Stomach	-0.5671543478965759	4.305214204732692e-18
chr7:65219157-65531823	chr7_65262271_G_C_b38	rs17782771	ENSG00000198039.12	ZNF273	Stomach	-0.20535650849342346	1.8368979517626877e-07
chr7:65219157-65531823	chr7_65262271_G_C_b38	rs17782771	ENSG00000189316.3	ENSG00000189316	Stomach	-0.301681786775589	2.4826934384983846e-08
chr7:65219157-65531823	chr7_65262271_G_C_b38	rs17782771	ENSG00000152926.16	ZNF117	Stomach	0.43218734860420227	1.3096451192327353e-23
chr7:65219157-65531823	chr7_65262271_G_C_b38	rs17782771	ENSG00000213462.5	ERV3-1	Stomach	0.8579438924789429	7.55251931184036e-53
chr7:65219157-65531823	chr7_65262271_G_C_b38	rs17782771	ENSG00000234585.6	CCT6P3	Stomach	0.9569687843322754	1.273643070540457e-51
chr7:65219157-65531823	chr7_65262271_G_C_b38	rs17782771	ENSG00000226002.1	GTF2IP14	Stomach	0.8441176414489746	6.512537370623022e-36
chr7:65219157-65531823	chr7_65262271_G_C_b38	rs17782771	ENSG00000164669.13	INTS4P1	Stomach	-0.9766063690185547	7.553896743077505e-49
chr7:65219157-65531823	chr7_65262271_G_C_b38	rs17782771	ENSG00000228409.7	CCT6P1	Stomach	-0.1339879333972931	0.0002396982137835021
chr7:65219157-65531823	chr7_65262271_G_C_b38	rs17782771	ENSG00000224316.1	GTF2IP5	Stomach	0.44662564992904663	8.340735399834582e-11
chr7:65219157-65531823	chr7_65262271_G_C_b38	rs17782771	ENSG00000236529.2	ENSG00000236529	Stomach	0.22703862190246582	3.619905932799704e-06
chr7:65219157-65531823	chr7_65262271_G_C_b38	rs17782771	ENSG00000182722.5	SEPHS1P1	Brain_Cerebellar_Hemisphere	-0.38565582036972046	5.8968789307502155e-08
chr7:65219157-65531823	chr7_65262271_G_C_b38	rs17782771	ENSG00000213640.3	EEF1DP4	Brain_Cerebellar_Hemisphere	-0.8366862535476685	1.4616922096784858e-27
chr7:65219157-65531823	chr7_65262271_G_C_b38	rs17782771	ENSG00000287869.1	ENSG00000287869	Brain_Cerebellar_Hemisphere	-0.371604323387146	5.622110184823019e-06
chr7:65219157-65531823	chr7_65262271_G_C_b38	rs17782771	ENSG00000198039.12	ZNF273	Brain_Cerebellar_Hemisphere	-0.28518906235694885	1.5959035749155205e-07
chr7:65219157-65531823	chr7_65262271_G_C_b38	rs17782771	ENSG00000189316.3	ENSG00000189316	Brain_Cerebellar_Hemisphere	-0.16834937036037445	4.031459237310314e-06
chr7:65219157-65531823	chr7_65262271_G_C_b38	rs17782771	ENSG00000270948.1	MTDHP1	Brain_Cerebellar_Hemisphere	-0.29059940576553345	6.903917127336803e-07
chr7:65219157-65531823	chr7_65262271_G_C_b38	rs17782771	ENSG00000213462.5	ERV3-1	Brain_Cerebellar_Hemisphere	0.5711815357208252	2.2111954684801282e-30
chr7:65219157-65531823	chr7_65262271_G_C_b38	rs17782771	ENSG00000234585.6	CCT6P3	Brain_Cerebellar_Hemisphere	0.8436011672019958	3.94392460180702e-37
chr7:65219157-65531823	chr7_65262271_G_C_b38	rs17782771	ENSG00000207062.1	SNORA15B-1	Brain_Cerebellar_Hemisphere	-0.4044327139854431	1.6230370885079818e-06
chr7:65219157-65531823	chr7_65262271_G_C_b38	rs17782771	ENSG00000227113.2	ENSG00000227113	Brain_Cerebellar_Hemisphere	0.47831588983535767	1.7808907536258094e-09
chr7:65219157-65531823	chr7_65262271_G_C_b38	rs17782771	ENSG00000226002.1	GTF2IP14	Brain_Cerebellar_Hemisphere	1.1195584535598755	1.4837111505058515e-51
chr7:65219157-65531823	chr7_65262271_G_C_b38	rs17782771	ENSG00000164669.13	INTS4P1	Brain_Cerebellar_Hemisphere	-0.9064235687255859	5.173538836049118e-34
chr7:65219157-65531823	chr7_65262271_G_C_b38	rs17782771	ENSG00000289108.1	ENSG00000289108	Brain_Cerebellar_Hemisphere	-0.4085167348384857	2.8745082782131003e-06
chr7:65219157-65531823	chr7_65262271_G_C_b38	rs17782771	ENSG00000228409.7	CCT6P1	Brain_Cerebellar_Hemisphere	-0.31539186835289	3.8894574561156495e-11
chr7:65219157-65531823	chr7_65262271_G_C_b38	rs17782771	ENSG00000182722.5	SEPHS1P1	Adrenal_Gland	-0.502824604511261	6.9206109157036e-09
chr7:65219157-65531823	chr7_65262271_G_C_b38	rs17782771	ENSG00000213640.3	EEF1DP4	Adrenal_Gland	-0.5483962297439575	1.1310699346168042e-10
chr7:65219157-65531823	chr7_65262271_G_C_b38	rs17782771	ENSG00000198039.12	ZNF273	Adrenal_Gland	-0.28588610887527466	4.846828628239677e-06
chr7:65219157-65531823	chr7_65262271_G_C_b38	rs17782771	ENSG00000189316.3	ENSG00000189316	Adrenal_Gland	-0.3908090591430664	3.0856075546756605e-05
chr7:65219157-65531823	chr7_65262271_G_C_b38	rs17782771	ENSG00000270948.1	MTDHP1	Adrenal_Gland	-0.3170487582683563	9.610598668001212e-05
chr7:65219157-65531823	chr7_65262271_G_C_b38	rs17782771	ENSG00000286342.2	ENSG00000286342	Adrenal_Gland	-0.39558976888656616	6.91301207430668e-08
chr7:65219157-65531823	chr7_65262271_G_C_b38	rs17782771	ENSG00000213462.5	ERV3-1	Adrenal_Gland	0.4024520516395569	6.1403616379070226e-15
chr7:65219157-65531823	chr7_65262271_G_C_b38	rs17782771	ENSG00000234585.6	CCT6P3	Adrenal_Gland	0.7632181644439697	4.349621257481779e-29
chr7:65219157-65531823	chr7_65262271_G_C_b38	rs17782771	ENSG00000227113.2	ENSG00000227113	Adrenal_Gland	0.6470438838005066	1.0796337606183845e-12
chr7:65219157-65531823	chr7_65262271_G_C_b38	rs17782771	ENSG00000226002.1	GTF2IP14	Adrenal_Gland	0.9081251621246338	1.2980778442800187e-27
chr7:65219157-65531823	chr7_65262271_G_C_b38	rs17782771	ENSG00000164669.13	INTS4P1	Adrenal_Gland	-0.9634615778923035	6.371069383265196e-29
chr7:65219157-65531823	chr7_65262271_G_C_b38	rs17782771	ENSG00000228409.7	CCT6P1	Adrenal_Gland	-0.27315646409988403	1.8965832354138148e-08
chr7:65219157-65531823	chr7_65262271_G_C_b38	rs17782771	ENSG00000224316.1	GTF2IP5	Adrenal_Gland	0.7715288400650024	2.2669285585112114e-18
chr7:65219157-65531823	chr7_65262271_G_C_b38	rs17782771	ENSG00000236529.2	ENSG00000236529	Adrenal_Gland	0.37557047605514526	1.0868607253044227e-08
chr7:65219157-65531823	chr7_65262271_G_C_b38	rs17782771	ENSG00000197008.10	ZNF138	Spleen	0.2367408126592636	0.0002013895936989005
chr7:65219157-65531823	chr7_65262271_G_C_b38	rs17782771	ENSG00000213640.3	EEF1DP4	Spleen	-0.6592296361923218	2.865951826157573e-13
chr7:65219157-65531823	chr7_65262271_G_C_b38	rs17782771	ENSG00000198039.12	ZNF273	Spleen	-0.5613518357276917	1.3552275834757016e-12
chr7:65219157-65531823	chr7_65262271_G_C_b38	rs17782771	ENSG00000189316.3	ENSG00000189316	Spleen	-0.38937732577323914	1.0604622616039988e-05
chr7:65219157-65531823	chr7_65262271_G_C_b38	rs17782771	ENSG00000213462.5	ERV3-1	Spleen	0.2777753174304962	3.7883442206201804e-08
chr7:65219157-65531823	chr7_65262271_G_C_b38	rs17782771	ENSG00000234585.6	CCT6P3	Spleen	0.8855782151222229	6.657033638932406e-32
chr7:65219157-65531823	chr7_65262271_G_C_b38	rs17782771	ENSG00000226002.1	GTF2IP14	Spleen	1.0042922496795654	4.4270946982599575e-30
chr7:65219157-65531823	chr7_65262271_G_C_b38	rs17782771	ENSG00000164669.13	INTS4P1	Spleen	-0.9218499064445496	9.308034074849322e-26
chr7:65219157-65531823	chr7_65262271_G_C_b38	rs17782771	ENSG00000228409.7	CCT6P1	Spleen	-0.27639442682266235	2.7425463020935158e-08
chr7:65219157-65531823	chr7_65262271_G_C_b38	rs17782771	ENSG00000197008.10	ZNF138	Heart_Atrial_Appendage	-0.17833037674427032	8.39230681616882e-05
chr7:65219157-65531823	chr7_65262271_G_C_b38	rs17782771	ENSG00000182722.5	SEPHS1P1	Heart_Atrial_Appendage	-0.48275110125541687	1.0215886306132764e-13
chr7:65219157-65531823	chr7_65262271_G_C_b38	rs17782771	ENSG00000213640.3	EEF1DP4	Heart_Atrial_Appendage	-0.5549320578575134	3.614353689374712e-20
chr7:65219157-65531823	chr7_65262271_G_C_b38	rs17782771	ENSG00000198039.12	ZNF273	Heart_Atrial_Appendage	-0.3364013135433197	1.041604252968552e-20
chr7:65219157-65531823	chr7_65262271_G_C_b38	rs17782771	ENSG00000189316.3	ENSG00000189316	Heart_Atrial_Appendage	-0.3893018960952759	1.2026748201393297e-10
chr7:65219157-65531823	chr7_65262271_G_C_b38	rs17782771	ENSG00000152926.16	ZNF117	Heart_Atrial_Appendage	0.21061432361602783	3.833345460974648e-10
chr7:65219157-65531823	chr7_65262271_G_C_b38	rs17782771	ENSG00000213462.5	ERV3-1	Heart_Atrial_Appendage	0.4755356013774872	6.034630311417197e-29
chr7:65219157-65531823	chr7_65262271_G_C_b38	rs17782771	ENSG00000234585.6	CCT6P3	Heart_Atrial_Appendage	0.8059150576591492	9.028611741845021e-76
chr7:65219157-65531823	chr7_65262271_G_C_b38	rs17782771	ENSG00000226002.1	GTF2IP14	Heart_Atrial_Appendage	0.8036697506904602	9.049332057980207e-39
chr7:65219157-65531823	chr7_65262271_G_C_b38	rs17782771	ENSG00000164669.13	INTS4P1	Heart_Atrial_Appendage	-0.8741008639335632	5.1203843351626355e-52
chr7:65219157-65531823	chr7_65262271_G_C_b38	rs17782771	ENSG00000228409.7	CCT6P1	Heart_Atrial_Appendage	-0.2075294405221939	1.6316418009509637e-10
chr7:65219157-65531823	chr7_65262271_G_C_b38	rs17782771	ENSG00000236529.2	ENSG00000236529	Heart_Atrial_Appendage	0.2547294795513153	3.2787350109710764e-05
chr7:65219157-65531823	chr7_65262271_G_C_b38	rs17782771	ENSG00000182722.5	SEPHS1P1	Ovary	-0.6002376675605774	2.1220089701441152e-08
chr7:65219157-65531823	chr7_65262271_G_C_b38	rs17782771	ENSG00000213640.3	EEF1DP4	Ovary	-0.5884920358657837	4.1008813056641614e-09
chr7:65219157-65531823	chr7_65262271_G_C_b38	rs17782771	ENSG00000198039.12	ZNF273	Ovary	-0.4250485301017761	1.1032069724330487e-07
chr7:65219157-65531823	chr7_65262271_G_C_b38	rs17782771	ENSG00000189316.3	ENSG00000189316	Ovary	-0.485176146030426	2.13342283745923e-06
chr7:65219157-65531823	chr7_65262271_G_C_b38	rs17782771	ENSG00000234585.6	CCT6P3	Ovary	0.8115636110305786	8.345048351280974e-22
chr7:65219157-65531823	chr7_65262271_G_C_b38	rs17782771	ENSG00000226002.1	GTF2IP14	Ovary	0.7450758218765259	5.613149230378125e-13
chr7:65219157-65531823	chr7_65262271_G_C_b38	rs17782771	ENSG00000164669.13	INTS4P1	Ovary	-0.9512256383895874	1.919388234594981e-26
chr7:65219157-65531823	chr7_65262271_G_C_b38	rs17782771	ENSG00000289108.1	ENSG00000289108	Ovary	-0.40143883228302	2.4724690344020392e-05
chr7:65219157-65531823	chr7_65262271_G_C_b38	rs17782771	ENSG00000228409.7	CCT6P1	Ovary	-0.2639646828174591	4.397802166171748e-06
chr7:65219157-65531823	chr7_65262271_G_C_b38	rs17782771	ENSG00000224316.1	GTF2IP5	Ovary	0.47796890139579773	5.764583879664392e-07
chr7:65219157-65531823	chr7_65262271_G_C_b38	rs17782771	ENSG00000213462.5	ERV3-1	Cells_EBV-transformed_lymphocytes	0.326839804649353	1.9799469452408894e-09
chr7:65219157-65531823	chr7_65262271_G_C_b38	rs17782771	ENSG00000234585.6	CCT6P3	Cells_EBV-transformed_lymphocytes	0.9009879231452942	2.9362057323135835e-36
chr7:65219157-65531823	chr7_65262271_G_C_b38	rs17782771	ENSG00000227113.2	ENSG00000227113	Cells_EBV-transformed_lymphocytes	0.2921667993068695	0.0002613233302188804
chr7:65219157-65531823	chr7_65262271_G_C_b38	rs17782771	ENSG00000164669.13	INTS4P1	Cells_EBV-transformed_lymphocytes	-0.6044431924819946	1.1350939013252867e-12
chr7:65219157-65531823	chr7_65262271_G_C_b38	rs17782771	ENSG00000228409.7	CCT6P1	Cells_EBV-transformed_lymphocytes	-0.2894711196422577	9.061300244912511e-08
chr7:65219157-65531823	chr7_65262271_G_C_b38	rs17782771	ENSG00000224316.1	GTF2IP5	Cells_EBV-transformed_lymphocytes	0.2953222393989563	0.00021094291318520642
chr7:65219157-65531823	chr7_65262271_G_C_b38	rs17782771	ENSG00000236529.2	ENSG00000236529	Cells_EBV-transformed_lymphocytes	0.3559659719467163	3.103258889512583e-08
chr7:65219157-65531823	chr7_65262271_G_C_b38	rs17782771	ENSG00000182722.5	SEPHS1P1	Brain_Cerebellum	-0.5371219515800476	1.2349686325787083e-09
chr7:65219157-65531823	chr7_65262271_G_C_b38	rs17782771	ENSG00000213640.3	EEF1DP4	Brain_Cerebellum	-0.8041227459907532	5.1543539035508624e-26
chr7:65219157-65531823	chr7_65262271_G_C_b38	rs17782771	ENSG00000287869.1	ENSG00000287869	Brain_Cerebellum	-0.44817543029785156	3.849582801120603e-07
chr7:65219157-65531823	chr7_65262271_G_C_b38	rs17782771	ENSG00000198039.12	ZNF273	Brain_Cerebellum	-0.29653146862983704	3.8643766563342205e-07
chr7:65219157-65531823	chr7_65262271_G_C_b38	rs17782771	ENSG00000189316.3	ENSG00000189316	Brain_Cerebellum	-0.2733267545700073	2.2668209153233176e-07
chr7:65219157-65531823	chr7_65262271_G_C_b38	rs17782771	ENSG00000270948.1	MTDHP1	Brain_Cerebellum	-0.34134820103645325	7.652026254988528e-06
chr7:65219157-65531823	chr7_65262271_G_C_b38	rs17782771	ENSG00000213462.5	ERV3-1	Brain_Cerebellum	0.5110259652137756	2.495942871851893e-19
chr7:65219157-65531823	chr7_65262271_G_C_b38	rs17782771	ENSG00000234585.6	CCT6P3	Brain_Cerebellum	1.0218256711959839	3.093660348666445e-47
chr7:65219157-65531823	chr7_65262271_G_C_b38	rs17782771	ENSG00000207062.1	SNORA15B-1	Brain_Cerebellum	-0.36246752738952637	2.1081403169075528e-05
chr7:65219157-65531823	chr7_65262271_G_C_b38	rs17782771	ENSG00000227113.2	ENSG00000227113	Brain_Cerebellum	0.6275573372840881	2.1369864955964086e-16
chr7:65219157-65531823	chr7_65262271_G_C_b38	rs17782771	ENSG00000226002.1	GTF2IP14	Brain_Cerebellum	1.079914927482605	8.821575877199162e-45
chr7:65219157-65531823	chr7_65262271_G_C_b38	rs17782771	ENSG00000164669.13	INTS4P1	Brain_Cerebellum	-0.8254422545433044	1.8850906525595476e-28
chr7:65219157-65531823	chr7_65262271_G_C_b38	rs17782771	ENSG00000289108.1	ENSG00000289108	Brain_Cerebellum	-0.4589886963367462	1.046411731353466e-07
chr7:65219157-65531823	chr7_65262271_G_C_b38	rs17782771	ENSG00000273024.6	INTS4P2	Brain_Cerebellum	0.30959272384643555	1.0735131163131928e-05
chr7:65219157-65531823	chr7_65262271_G_C_b38	rs17782771	ENSG00000213640.3	EEF1DP4	Liver	-0.3415859043598175	3.907196753982704e-05
chr7:65219157-65531823	chr7_65262271_G_C_b38	rs17782771	ENSG00000234585.6	CCT6P3	Liver	0.5554343461990356	3.6644714949993575e-19
chr7:65219157-65531823	chr7_65262271_G_C_b38	rs17782771	ENSG00000226002.1	GTF2IP14	Liver	0.7951244115829468	6.588915629012091e-24
chr7:65219157-65531823	chr7_65262271_G_C_b38	rs17782771	ENSG00000164669.13	INTS4P1	Liver	-0.8945158123970032	6.474953584248649e-31
chr7:65219157-65531823	chr7_65262271_G_C_b38	rs17782771	ENSG00000228409.7	CCT6P1	Liver	-0.40251287817955017	5.627341830060777e-14
chr7:65219157-65531823	chr7_65262271_G_C_b38	rs17782771	ENSG00000213640.3	EEF1DP4	Kidney_Cortex	-0.6002240180969238	7.345321175074907e-06
chr7:65219157-65531823	chr7_65262271_G_C_b38	rs17782771	ENSG00000213462.5	ERV3-1	Kidney_Cortex	0.5243133902549744	1.723618943516862e-05
chr7:65219157-65531823	chr7_65262271_G_C_b38	rs17782771	ENSG00000234585.6	CCT6P3	Kidney_Cortex	1.0198853015899658	6.069878093581357e-13
chr7:65219157-65531823	chr7_65262271_G_C_b38	rs17782771	ENSG00000226002.1	GTF2IP14	Kidney_Cortex	1.0591894388198853	6.142725527603805e-11
chr7:65219157-65531823	chr7_65262271_G_C_b38	rs17782771	ENSG00000164669.13	INTS4P1	Kidney_Cortex	-0.8670477271080017	8.171302790301638e-10
chr7:65219157-65531823	chr7_65262271_G_C_b38	rs17782771	ENSG00000213640.3	EEF1DP4	Brain_Amygdala	-0.41775256395339966	7.3172577910175125e-06
chr7:65219157-65531823	chr7_65262271_G_C_b38	rs17782771	ENSG00000213462.5	ERV3-1	Brain_Amygdala	0.7238678336143494	1.4013891119043937e-20
chr7:65219157-65531823	chr7_65262271_G_C_b38	rs17782771	ENSG00000234585.6	CCT6P3	Brain_Amygdala	0.8891878724098206	2.979150239698437e-23
chr7:65219157-65531823	chr7_65262271_G_C_b38	rs17782771	ENSG00000226002.1	GTF2IP14	Brain_Amygdala	0.7969141602516174	9.719737858109624e-15
chr7:65219157-65531823	chr7_65262271_G_C_b38	rs17782771	ENSG00000164669.13	INTS4P1	Brain_Amygdala	-0.8141100406646729	3.161698970117462e-25
chr7:65219157-65531823	chr7_65262271_G_C_b38	rs17782771	ENSG00000228409.7	CCT6P1	Brain_Amygdala	-0.31086888909339905	3.644503565294266e-05
chr7:65219157-65531823	chr7_65262271_G_C_b38	rs17782771	ENSG00000182722.5	SEPHS1P1	Brain_Spinal_cord_cervical_c-1	-0.4205683171749115	2.560447663702892e-06
chr7:65219157-65531823	chr7_65262271_G_C_b38	rs17782771	ENSG00000213640.3	EEF1DP4	Brain_Spinal_cord_cervical_c-1	-0.6062730550765991	1.2551665926226442e-10
chr7:65219157-65531823	chr7_65262271_G_C_b38	rs17782771	ENSG00000198039.12	ZNF273	Brain_Spinal_cord_cervical_c-1	-0.28792253136634827	1.718172455627042e-07
chr7:65219157-65531823	chr7_65262271_G_C_b38	rs17782771	ENSG00000213462.5	ERV3-1	Brain_Spinal_cord_cervical_c-1	0.8353906273841858	1.2287673271457597e-34
chr7:65219157-65531823	chr7_65262271_G_C_b38	rs17782771	ENSG00000234585.6	CCT6P3	Brain_Spinal_cord_cervical_c-1	0.9181270003318787	2.4081950858654163e-38
chr7:65219157-65531823	chr7_65262271_G_C_b38	rs17782771	ENSG00000226002.1	GTF2IP14	Brain_Spinal_cord_cervical_c-1	0.816682755947113	7.890941218719251e-21
chr7:65219157-65531823	chr7_65262271_G_C_b38	rs17782771	ENSG00000164669.13	INTS4P1	Brain_Spinal_cord_cervical_c-1	-0.8196359872817993	7.108588628626777e-29
chr7:65219157-65531823	chr7_65262271_G_C_b38	rs17782771	ENSG00000228409.7	CCT6P1	Brain_Spinal_cord_cervical_c-1	-0.29271531105041504	2.9298734850858374e-06
chr7:65219157-65531823	chr7_65262271_G_C_b38	rs17782771	ENSG00000198039.12	ZNF273	Cells_Cultured_fibroblasts	-0.1710285246372223	5.274254279411047e-07
chr7:65219157-65531823	chr7_65262271_G_C_b38	rs17782771	ENSG00000189316.3	ENSG00000189316	Cells_Cultured_fibroblasts	-0.2368117868900299	1.0651218800241607e-06
chr7:65219157-65531823	chr7_65262271_G_C_b38	rs17782771	ENSG00000213462.5	ERV3-1	Cells_Cultured_fibroblasts	0.39709457755088806	1.5359914795294276e-49
chr7:65219157-65531823	chr7_65262271_G_C_b38	rs17782771	ENSG00000234585.6	CCT6P3	Cells_Cultured_fibroblasts	0.8886855840682983	1.3350447307502122e-63
chr7:65219157-65531823	chr7_65262271_G_C_b38	rs17782771	ENSG00000164669.13	INTS4P1	Cells_Cultured_fibroblasts	-0.6806303262710571	1.3676563766339293e-39
chr7:65219157-65531823	chr7_65262271_G_C_b38	rs17782771	ENSG00000228409.7	CCT6P1	Cells_Cultured_fibroblasts	-0.2275141477584839	6.592916029442242e-10
chr7:65219157-65531823	chr7_65262271_G_C_b38	rs17782771	ENSG00000224316.1	GTF2IP5	Cells_Cultured_fibroblasts	0.33706194162368774	9.26580485437848e-11
chr7:65219157-65531823	chr7_65262271_G_C_b38	rs17782771	ENSG00000236529.2	ENSG00000236529	Cells_Cultured_fibroblasts	0.36531180143356323	3.319336926293097e-15
chr7:65219157-65531823	chr7_65262271_G_C_b38	rs17782771	ENSG00000169919.17	GUSB	Cells_Cultured_fibroblasts	-0.1265261471271515	2.8594138691502243e-05
chr7:65219157-65531823	chr7_65262271_G_C_b38	rs17782771	ENSG00000241258.7	CRCP	Cells_Cultured_fibroblasts	-0.11093694716691971	0.00016567385598448078
chr7:65219157-65531823	chr7_65262271_G_C_b38	rs17782771	ENSG00000182722.5	SEPHS1P1	Lung	-0.35000309348106384	6.676147296229277e-11
chr7:65219157-65531823	chr7_65262271_G_C_b38	rs17782771	ENSG00000213640.3	EEF1DP4	Lung	-0.5883920192718506	4.1568629785855926e-30
chr7:65219157-65531823	chr7_65262271_G_C_b38	rs17782771	ENSG00000198039.12	ZNF273	Lung	-0.21556305885314941	8.974577305791946e-21
chr7:65219157-65531823	chr7_65262271_G_C_b38	rs17782771	ENSG00000189316.3	ENSG00000189316	Lung	-0.3184932470321655	4.413568122721744e-13
chr7:65219157-65531823	chr7_65262271_G_C_b38	rs17782771	ENSG00000286342.2	ENSG00000286342	Lung	-0.371581107378006	7.238421626248728e-11
chr7:65219157-65531823	chr7_65262271_G_C_b38	rs17782771	ENSG00000152926.16	ZNF117	Lung	0.1594608575105667	1.108609139885488e-05
chr7:65219157-65531823	chr7_65262271_G_C_b38	rs17782771	ENSG00000213462.5	ERV3-1	Lung	0.41390591859817505	4.5533536346541735e-28
chr7:65219157-65531823	chr7_65262271_G_C_b38	rs17782771	ENSG00000234585.6	CCT6P3	Lung	0.9463329315185547	1.1184471327091568e-90
chr7:65219157-65531823	chr7_65262271_G_C_b38	rs17782771	ENSG00000227113.2	ENSG00000227113	Lung	0.8009557723999023	9.41612658505107e-51
chr7:65219157-65531823	chr7_65262271_G_C_b38	rs17782771	ENSG00000226002.1	GTF2IP14	Lung	1.0419079065322876	9.990585464329441e-90
chr7:65219157-65531823	chr7_65262271_G_C_b38	rs17782771	ENSG00000164669.13	INTS4P1	Lung	-0.8424972295761108	3.848484533412433e-70
chr7:65219157-65531823	chr7_65262271_G_C_b38	rs17782771	ENSG00000289108.1	ENSG00000289108	Lung	-0.3080770671367645	3.2514830637471224e-15
chr7:65219157-65531823	chr7_65262271_G_C_b38	rs17782771	ENSG00000228409.7	CCT6P1	Lung	-0.19614511728286743	9.289109146020969e-11
chr7:65219157-65531823	chr7_65262271_G_C_b38	rs17782771	ENSG00000224316.1	GTF2IP5	Lung	0.6199048161506653	7.041148669091137e-29
chr7:65219157-65531823	chr7_65262271_G_C_b38	rs17782771	ENSG00000236529.2	ENSG00000236529	Lung	0.21673743426799774	2.143810792464384e-06
chr7:65219157-65531823	chr7_65262271_G_C_b38	rs17782771	ENSG00000182722.5	SEPHS1P1	Breast_Mammary_Tissue	-0.4148465692996979	1.4431170064846948e-15
chr7:65219157-65531823	chr7_65262271_G_C_b38	rs17782771	ENSG00000213640.3	EEF1DP4	Breast_Mammary_Tissue	-0.6396186947822571	1.1525762198148055e-29
chr7:65219157-65531823	chr7_65262271_G_C_b38	rs17782771	ENSG00000198039.12	ZNF273	Breast_Mammary_Tissue	-0.19194240868091583	1.1149248285422742e-10
chr7:65219157-65531823	chr7_65262271_G_C_b38	rs17782771	ENSG00000189316.3	ENSG00000189316	Breast_Mammary_Tissue	-0.3854057192802429	8.217407456183956e-16
chr7:65219157-65531823	chr7_65262271_G_C_b38	rs17782771	ENSG00000286342.2	ENSG00000286342	Breast_Mammary_Tissue	-0.2065989226102829	7.668951905972874e-07
chr7:65219157-65531823	chr7_65262271_G_C_b38	rs17782771	ENSG00000213462.5	ERV3-1	Breast_Mammary_Tissue	0.27847054600715637	2.4566174504314914e-22
chr7:65219157-65531823	chr7_65262271_G_C_b38	rs17782771	ENSG00000234585.6	CCT6P3	Breast_Mammary_Tissue	0.8850533962249756	1.0354558392158995e-80
chr7:65219157-65531823	chr7_65262271_G_C_b38	rs17782771	ENSG00000227113.2	ENSG00000227113	Breast_Mammary_Tissue	0.6787704825401306	3.3684441041036686e-33
chr7:65219157-65531823	chr7_65262271_G_C_b38	rs17782771	ENSG00000226002.1	GTF2IP14	Breast_Mammary_Tissue	0.8484725952148438	1.657129845192379e-56
chr7:65219157-65531823	chr7_65262271_G_C_b38	rs17782771	ENSG00000164669.13	INTS4P1	Breast_Mammary_Tissue	-0.9179344773292542	1.8697189947615892e-60
chr7:65219157-65531823	chr7_65262271_G_C_b38	rs17782771	ENSG00000289108.1	ENSG00000289108	Breast_Mammary_Tissue	-0.28465139865875244	4.718108634282923e-12
chr7:65219157-65531823	chr7_65262271_G_C_b38	rs17782771	ENSG00000226767.1	ENSG00000226767	Breast_Mammary_Tissue	0.19577714800834656	3.4905259885320485e-09
chr7:65219157-65531823	chr7_65262271_G_C_b38	rs17782771	ENSG00000228409.7	CCT6P1	Breast_Mammary_Tissue	-0.33606627583503723	9.004066438375405e-18
chr7:65219157-65531823	chr7_65262271_G_C_b38	rs17782771	ENSG00000224316.1	GTF2IP5	Breast_Mammary_Tissue	0.6313170194625854	1.3124676792420799e-24
chr7:65219157-65531823	chr7_65262271_G_C_b38	rs17782771	ENSG00000236529.2	ENSG00000236529	Breast_Mammary_Tissue	0.2656297981739044	4.84537754017088e-09
chr7:65219157-65531823	chr7_65262271_G_C_b38	rs17782771	ENSG00000182722.5	SEPHS1P1	Minor_Salivary_Gland	-0.7317959070205688	2.2781155362253445e-10
chr7:65219157-65531823	chr7_65262271_G_C_b38	rs17782771	ENSG00000213640.3	EEF1DP4	Minor_Salivary_Gland	-0.7050399780273438	1.8324331392280517e-10
chr7:65219157-65531823	chr7_65262271_G_C_b38	rs17782771	ENSG00000286342.2	ENSG00000286342	Minor_Salivary_Gland	-0.4356011748313904	4.548505773529955e-08
chr7:65219157-65531823	chr7_65262271_G_C_b38	rs17782771	ENSG00000213462.5	ERV3-1	Minor_Salivary_Gland	0.6038681864738464	7.905187136895065e-13
chr7:65219157-65531823	chr7_65262271_G_C_b38	rs17782771	ENSG00000234585.6	CCT6P3	Minor_Salivary_Gland	0.9704936742782593	2.8733805903956924e-18
chr7:65219157-65531823	chr7_65262271_G_C_b38	rs17782771	ENSG00000227113.2	ENSG00000227113	Minor_Salivary_Gland	0.5864588022232056	4.159575280507691e-07
chr7:65219157-65531823	chr7_65262271_G_C_b38	rs17782771	ENSG00000226002.1	GTF2IP14	Minor_Salivary_Gland	0.7454597353935242	9.23061410975303e-11
chr7:65219157-65531823	chr7_65262271_G_C_b38	rs17782771	ENSG00000164669.13	INTS4P1	Minor_Salivary_Gland	-0.8526907563209534	3.835721035613379e-17
chr7:65219157-65531823	chr7_65262271_G_C_b38	rs17782771	ENSG00000289108.1	ENSG00000289108	Minor_Salivary_Gland	-0.5546557903289795	5.449031226783884e-07
chr7:65219157-65531823	chr7_65262271_G_C_b38	rs17782771	ENSG00000228409.7	CCT6P1	Minor_Salivary_Gland	-0.36773648858070374	6.225184874919883e-07
chr7:65219157-65531823	chr7_65262271_G_C_b38	rs17782771	ENSG00000224316.1	GTF2IP5	Minor_Salivary_Gland	0.5817984342575073	5.792722965568445e-06
chr7:65219157-65531823	chr7_65262271_G_C_b38	rs17782771	ENSG00000197008.10	ZNF138	Brain_Cortex	0.377534419298172	5.574540660011901e-09
chr7:65219157-65531823	chr7_65262271_G_C_b38	rs17782771	ENSG00000182722.5	SEPHS1P1	Brain_Cortex	-0.39740684628486633	2.984779550439077e-08
chr7:65219157-65531823	chr7_65262271_G_C_b38	rs17782771	ENSG00000213640.3	EEF1DP4	Brain_Cortex	-0.6363290548324585	6.110585126730911e-20
chr7:65219157-65531823	chr7_65262271_G_C_b38	rs17782771	ENSG00000270948.1	MTDHP1	Brain_Cortex	-0.3048076331615448	0.0001512114216917121
chr7:65219157-65531823	chr7_65262271_G_C_b38	rs17782771	ENSG00000286342.2	ENSG00000286342	Brain_Cortex	-0.23636025190353394	1.4555547957030043e-07
chr7:65219157-65531823	chr7_65262271_G_C_b38	rs17782771	ENSG00000213462.5	ERV3-1	Brain_Cortex	0.83152174949646	1.3565119720025517e-34
chr7:65219157-65531823	chr7_65262271_G_C_b38	rs17782771	ENSG00000234585.6	CCT6P3	Brain_Cortex	0.9010394811630249	1.6167867646519113e-35
chr7:65219157-65531823	chr7_65262271_G_C_b38	rs17782771	ENSG00000226002.1	GTF2IP14	Brain_Cortex	0.8903857469558716	2.9307671366295625e-26
chr7:65219157-65531823	chr7_65262271_G_C_b38	rs17782771	ENSG00000164669.13	INTS4P1	Brain_Cortex	-0.7214596271514893	1.3270629403039612e-34
chr7:65219157-65531823	chr7_65262271_G_C_b38	rs17782771	ENSG00000228409.7	CCT6P1	Brain_Cortex	-0.211482435464859	9.090161771898265e-06
chr7:65219157-65531823	chr7_65262271_G_C_b38	rs17782771	ENSG00000197008.10	ZNF138	Brain_Putamen_basal_ganglia	0.2603829503059387	9.836822802681249e-06
chr7:65219157-65531823	chr7_65262271_G_C_b38	rs17782771	ENSG00000213640.3	EEF1DP4	Brain_Putamen_basal_ganglia	-0.3728443682193756	6.570207630451504e-13
chr7:65219157-65531823	chr7_65262271_G_C_b38	rs17782771	ENSG00000198039.12	ZNF273	Brain_Putamen_basal_ganglia	-0.12026679515838623	8.832573806929788e-05
chr7:65219157-65531823	chr7_65262271_G_C_b38	rs17782771	ENSG00000270948.1	MTDHP1	Brain_Putamen_basal_ganglia	-0.3472725450992584	7.301070727640135e-05
chr7:65219157-65531823	chr7_65262271_G_C_b38	rs17782771	ENSG00000213462.5	ERV3-1	Brain_Putamen_basal_ganglia	0.7659528255462646	3.490094651651466e-33
chr7:65219157-65531823	chr7_65262271_G_C_b38	rs17782771	ENSG00000234585.6	CCT6P3	Brain_Putamen_basal_ganglia	0.8593170642852783	2.6037228199238913e-31
chr7:65219157-65531823	chr7_65262271_G_C_b38	rs17782771	ENSG00000226002.1	GTF2IP14	Brain_Putamen_basal_ganglia	0.8425562977790833	1.9696516558170757e-21
chr7:65219157-65531823	chr7_65262271_G_C_b38	rs17782771	ENSG00000164669.13	INTS4P1	Brain_Putamen_basal_ganglia	-0.873016893863678	2.3683577114531865e-43
chr7:65219157-65531823	chr7_65262271_G_C_b38	rs17782771	ENSG00000228409.7	CCT6P1	Brain_Putamen_basal_ganglia	-0.307600200176239	3.913071583327781e-06
chr7:65219157-65531823	chr7_65262271_G_C_b38	rs17782771	ENSG00000182722.5	SEPHS1P1	Skin_Sun_Exposed_Lower_leg	-0.5522910356521606	6.47848592819864e-32
chr7:65219157-65531823	chr7_65262271_G_C_b38	rs17782771	ENSG00000213640.3	EEF1DP4	Skin_Sun_Exposed_Lower_leg	-0.5809482336044312	8.354967881968065e-39
chr7:65219157-65531823	chr7_65262271_G_C_b38	rs17782771	ENSG00000189316.3	ENSG00000189316	Skin_Sun_Exposed_Lower_leg	-0.15888093411922455	1.924751827213745e-09
chr7:65219157-65531823	chr7_65262271_G_C_b38	rs17782771	ENSG00000286342.2	ENSG00000286342	Skin_Sun_Exposed_Lower_leg	0.10440167784690857	3.6631676730506176e-07
chr7:65219157-65531823	chr7_65262271_G_C_b38	rs17782771	ENSG00000213462.5	ERV3-1	Skin_Sun_Exposed_Lower_leg	0.6467158198356628	1.2254365000243399e-80
chr7:65219157-65531823	chr7_65262271_G_C_b38	rs17782771	ENSG00000234585.6	CCT6P3	Skin_Sun_Exposed_Lower_leg	0.7230338454246521	4.5618471638665134e-94
chr7:65219157-65531823	chr7_65262271_G_C_b38	rs17782771	ENSG00000226002.1	GTF2IP14	Skin_Sun_Exposed_Lower_leg	0.6072958111763	2.293968695261714e-33
chr7:65219157-65531823	chr7_65262271_G_C_b38	rs17782771	ENSG00000164669.13	INTS4P1	Skin_Sun_Exposed_Lower_leg	-0.9948009848594666	1.702091473797815e-113
chr7:65219157-65531823	chr7_65262271_G_C_b38	rs17782771	ENSG00000289108.1	ENSG00000289108	Skin_Sun_Exposed_Lower_leg	-0.4618114233016968	4.364433644470102e-29
chr7:65219157-65531823	chr7_65262271_G_C_b38	rs17782771	ENSG00000228409.7	CCT6P1	Skin_Sun_Exposed_Lower_leg	-0.26577475666999817	2.102218480877867e-24
chr7:65219157-65531823	chr7_65262271_G_C_b38	rs17782771	ENSG00000272693.5	ENSG00000272693	Skin_Sun_Exposed_Lower_leg	-0.20984984934329987	1.804010782249564e-05
chr7:65219157-65531823	chr7_65262271_G_C_b38	rs17782771	ENSG00000224316.1	GTF2IP5	Skin_Sun_Exposed_Lower_leg	0.2983885109424591	4.846771196177775e-10
chr7:65219157-65531823	chr7_65262271_G_C_b38	rs17782771	ENSG00000236529.2	ENSG00000236529	Skin_Sun_Exposed_Lower_leg	0.28482678532600403	2.533982229886027e-15
chr7:65219157-65531823	chr7_65262271_G_C_b38	rs17782771	ENSG00000169919.17	GUSB	Skin_Sun_Exposed_Lower_leg	0.09085340052843094	0.001060351829905616
chr7:65219157-65531823	chr7_65262271_G_C_b38	rs17782771	ENSG00000126522.17	ASL	Skin_Sun_Exposed_Lower_leg	0.12940649688243866	7.458315662154625e-09
chr7:65219157-65531823	chr7_65262271_G_C_b38	rs17782771	ENSG00000182722.5	SEPHS1P1	Artery_Coronary	-0.3969559967517853	9.531180723578955e-06
chr7:65219157-65531823	chr7_65262271_G_C_b38	rs17782771	ENSG00000213640.3	EEF1DP4	Artery_Coronary	-0.5857676863670349	3.2856313319328965e-13
chr7:65219157-65531823	chr7_65262271_G_C_b38	rs17782771	ENSG00000198039.12	ZNF273	Artery_Coronary	-0.28608599305152893	1.4801352617693478e-10
chr7:65219157-65531823	chr7_65262271_G_C_b38	rs17782771	ENSG00000189316.3	ENSG00000189316	Artery_Coronary	-0.31864601373672485	1.0472148359943421e-05
chr7:65219157-65531823	chr7_65262271_G_C_b38	rs17782771	ENSG00000152926.16	ZNF117	Artery_Coronary	0.23691874742507935	6.24003217810636e-07
chr7:65219157-65531823	chr7_65262271_G_C_b38	rs17782771	ENSG00000213462.5	ERV3-1	Artery_Coronary	0.4577154219150543	8.110446744704626e-20
chr7:65219157-65531823	chr7_65262271_G_C_b38	rs17782771	ENSG00000234585.6	CCT6P3	Artery_Coronary	0.8790761232376099	5.807514218507922e-38
chr7:65219157-65531823	chr7_65262271_G_C_b38	rs17782771	ENSG00000227113.2	ENSG00000227113	Artery_Coronary	0.7473729848861694	3.444885577006529e-20
chr7:65219157-65531823	chr7_65262271_G_C_b38	rs17782771	ENSG00000226002.1	GTF2IP14	Artery_Coronary	0.9223063588142395	5.3925726996265495e-30
chr7:65219157-65531823	chr7_65262271_G_C_b38	rs17782771	ENSG00000164669.13	INTS4P1	Artery_Coronary	-0.771904468536377	1.4028631092016935e-26
chr8:7301024-12598379	chr8_9403846_T_A_b38	rs898137	ENSG00000285675.1	ENSG00000285675	Brain_Nucleus_accumbens_basal_ganglia	0.38452839851379395	1.2485338390603194e-07
chr8:7301024-12598379	chr8_9403846_T_A_b38	rs898137	ENSG00000254153.2	ENSG00000254153	Skin_Not_Sun_Exposed_Suprapubic	0.3557201623916626	2.661337488172695e-19
chr8:7301024-12598379	chr8_9403846_T_A_b38	rs898137	ENSG00000253958.2	CLDN23	Skin_Not_Sun_Exposed_Suprapubic	-0.18992456793785095	3.332586833324621e-07
chr8:7301024-12598379	chr8_9403846_T_A_b38	rs898137	ENSG00000233609.3	RPL10P19	Adipose_Subcutaneous	0.15727487206459045	1.740394747597313e-05
chr8:7301024-12598379	chr8_9403846_T_A_b38	rs898137	ENSG00000254153.2	ENSG00000254153	Thyroid	-0.16997337341308594	1.5128470148049859e-05
chr8:7301024-12598379	chr8_9403846_T_A_b38	rs898137	ENSG00000233609.3	RPL10P19	Thyroid	0.2595929205417633	2.807361575625002e-10
chr8:7301024-12598379	chr8_9403846_T_A_b38	rs898137	ENSG00000253958.2	CLDN23	Heart_Left_Ventricle	0.2856086492538452	5.936450256098839e-07
chr8:7301024-12598379	chr8_9403846_T_A_b38	rs898137	ENSG00000233609.3	RPL10P19	Heart_Left_Ventricle	0.18677666783332825	8.689088327210993e-05
chr8:7301024-12598379	chr8_9403846_T_A_b38	rs898137	ENSG00000104626.15	ERI1	Testis	0.1443682610988617	1.2288131566087389e-05
chr8:7301024-12598379	chr8_9403846_T_A_b38	rs898137	ENSG00000254340.2	ENSG00000254340	Testis	-0.10227977484464645	2.3135389448385102e-05
chr8:7301024-12598379	chr8_9403846_T_A_b38	rs898137	ENSG00000248538.9	ENSG00000248538	Testis	-0.24804608523845673	2.306983815242606e-07
chr8:7301024-12598379	chr8_9403846_T_A_b38	rs898137	ENSG00000253735.1	ENSG00000253735	Testis	-0.2299778312444687	1.4890673904776422e-06
chr8:7301024-12598379	chr8_9403846_T_A_b38	rs898137	ENSG00000254237.6	ENSG00000254237	Testis	0.32110005617141724	6.747381181772587e-13
chr8:7301024-12598379	chr8_9403846_T_A_b38	rs898137	ENSG00000175806.15	MSRA	Testis	-0.16540539264678955	4.550822864316391e-08
chr8:7301024-12598379	chr8_9403846_T_A_b38	rs898137	ENSG00000285675.1	ENSG00000285675	Brain_Caudate_basal_ganglia	0.40235045552253723	7.161932508619538e-08
chr8:7301024-12598379	chr8_9403846_T_A_b38	rs898137	ENSG00000233609.3	RPL10P19	Artery_Tibial	0.1736791878938675	5.986038336592843e-05
chr8:7301024-12598379	chr8_9403846_T_A_b38	rs898137	ENSG00000285675.1	ENSG00000285675	Brain_Frontal_Cortex_BA9	0.32547783851623535	1.627882161423873e-05
chr8:7301024-12598379	chr8_9403846_T_A_b38	rs898137	ENSG00000233609.3	RPL10P19	Colon_Transverse	0.20078523457050323	3.520103640089028e-06
chr8:7301024-12598379	chr8_9403846_T_A_b38	rs898137	ENSG00000254153.2	ENSG00000254153	Esophagus_Mucosa	0.2753757834434509	2.9276542718036884e-10
chr8:7301024-12598379	chr8_9403846_T_A_b38	rs898137	ENSG00000233609.3	RPL10P19	Brain_Anterior_cingulate_cortex_BA24	0.4036020338535309	6.677936525534907e-06
chr8:7301024-12598379	chr8_9403846_T_A_b38	rs898137	ENSG00000254153.2	ENSG00000254153	Stomach	0.24150806665420532	1.3741744722534355e-06
chr8:7301024-12598379	chr8_9403846_T_A_b38	rs898137	ENSG00000285675.1	ENSG00000285675	Brain_Cerebellar_Hemisphere	0.37273627519607544	3.707028469438388e-08
chr8:7301024-12598379	chr8_9403846_T_A_b38	rs898137	ENSG00000233609.3	RPL10P19	Spleen	0.334616482257843	1.3564787237685194e-06
chr8:7301024-12598379	chr8_9403846_T_A_b38	rs898137	ENSG00000147324.11	MFHAS1	Heart_Atrial_Appendage	0.23376090824604034	9.383164495498806e-08
chr8:7301024-12598379	chr8_9403846_T_A_b38	rs898137	ENSG00000233609.3	RPL10P19	Heart_Atrial_Appendage	0.2694268822669983	1.1036956039638358e-06
chr8:7301024-12598379	chr8_9403846_T_A_b38	rs898137	ENSG00000285675.1	ENSG00000285675	Brain_Cerebellum	0.33385756611824036	2.6805059564920537e-06
chr8:7301024-12598379	chr8_9403846_T_A_b38	rs898137	ENSG00000104626.15	ERI1	Cells_Cultured_fibroblasts	-0.15102390944957733	2.5490561075900546e-14
chr8:7301024-12598379	chr8_9403846_T_A_b38	rs898137	ENSG00000233609.3	RPL10P19	Lung	0.19795258343219757	7.212625181578876e-08
chr8:7301024-12598379	chr8_9403846_T_A_b38	rs898137	ENSG00000233609.3	RPL10P19	Brain_Cortex	0.3790224492549896	3.364327755551862e-06
chr8:7301024-12598379	chr8_9403846_T_A_b38	rs898137	ENSG00000285675.1	ENSG00000285675	Brain_Putamen_basal_ganglia	0.3440183103084564	7.742565731975876e-06
chr8:7301024-12598379	chr8_9403846_T_A_b38	rs898137	ENSG00000254153.2	ENSG00000254153	Skin_Sun_Exposed_Lower_leg	0.32403644919395447	6.467917409394425e-21
chr8:7301024-12598379	chr8_9403846_T_A_b38	rs898137	ENSG00000253958.2	CLDN23	Skin_Sun_Exposed_Lower_leg	-0.17742855846881866	6.588971181223342e-07
chr9:87942696-88110274	chr9_88025814_T_C_b38	rs1411863	ENSG00000106723.17	SPIN1	Whole_Blood	0.3276340365409851	3.872182409373674e-06
chrX:149681035-149722249	chrX_149705262_C_T_b38	rs56258957	ENSG00000238039.1	ENSG00000238039	Vagina	0.7944454550743103	8.799818059183622e-14
chrX:149681035-149722249	chrX_149705262_C_T_b38	rs56258957	ENSG00000241769.7	LINC00893	Vagina	0.33901679515838623	1.1054421111731312e-06
chrX:149681035-149722249	chrX_149705262_C_T_b38	rs56258957	ENSG00000268738.3	HSFX2	Vagina	0.7381343841552734	8.328088871847033e-12
chrX:149681035-149722249	chrX_149705262_C_T_b38	rs56258957	ENSG00000171116.7	HSFX1	Vagina	-0.8279494047164917	3.670457377336312e-12
chrX:149681035-149722249	chrX_149705262_C_T_b38	rs56258957	ENSG00000238039.1	ENSG00000238039	Brain_Nucleus_accumbens_basal_ganglia	0.4888741075992584	6.378995195828769e-15
chrX:149681035-149722249	chrX_149705262_C_T_b38	rs56258957	ENSG00000268738.3	HSFX2	Brain_Nucleus_accumbens_basal_ganglia	0.6334543228149414	1.5939413345847168e-22
chrX:149681035-149722249	chrX_149705262_C_T_b38	rs56258957	ENSG00000269556.9	TMEM185A	Brain_Nucleus_accumbens_basal_ganglia	0.4033714830875397	4.27357787481975e-17
chrX:149681035-149722249	chrX_149705262_C_T_b38	rs56258957	ENSG00000171116.7	HSFX1	Brain_Nucleus_accumbens_basal_ganglia	-0.544754683971405	6.6572458294366356e-15
chrX:149681035-149722249	chrX_149705262_C_T_b38	rs56258957	ENSG00000238039.1	ENSG00000238039	Esophagus_Muscularis	0.5879424214363098	3.440498876088408e-38
chrX:149681035-149722249	chrX_149705262_C_T_b38	rs56258957	ENSG00000241769.7	LINC00893	Esophagus_Muscularis	0.15067611634731293	1.285240695058684e-08
chrX:149681035-149722249	chrX_149705262_C_T_b38	rs56258957	ENSG00000268738.3	HSFX2	Esophagus_Muscularis	0.5971031188964844	2.166908855184409e-39
chrX:149681035-149722249	chrX_149705262_C_T_b38	rs56258957	ENSG00000269556.9	TMEM185A	Esophagus_Muscularis	0.18354959785938263	9.982316291356529e-08
chrX:149681035-149722249	chrX_149705262_C_T_b38	rs56258957	ENSG00000171116.7	HSFX1	Esophagus_Muscularis	-0.5763962864875793	4.4132586410064414e-32
chrX:149681035-149722249	chrX_149705262_C_T_b38	rs56258957	ENSG00000010404.18	IDS	Pancreas	0.25791671872138977	4.884287485680016e-11
chrX:149681035-149722249	chrX_149705262_C_T_b38	rs56258957	ENSG00000238039.1	ENSG00000238039	Pancreas	0.6894087791442871	5.125622372989377e-26
chrX:149681035-149722249	chrX_149705262_C_T_b38	rs56258957	ENSG00000241769.7	LINC00893	Pancreas	0.3502724766731262	8.387873916090945e-14
chrX:149681035-149722249	chrX_149705262_C_T_b38	rs56258957	ENSG00000010404.18	IDS	Adipose_Visceral_Omentum	0.09259191155433655	1.9261775710931003e-06
chrX:149681035-149722249	chrX_149705262_C_T_b38	rs56258957	ENSG00000238039.1	ENSG00000238039	Adipose_Visceral_Omentum	0.5624368786811829	5.110119448992597e-40
chrX:149681035-149722249	chrX_149705262_C_T_b38	rs56258957	ENSG00000241769.7	LINC00893	Adipose_Visceral_Omentum	0.17388610541820526	3.711606963940303e-10
chrX:149681035-149722249	chrX_149705262_C_T_b38	rs56258957	ENSG00000171116.7	HSFX1	Adipose_Visceral_Omentum	-0.5208293795585632	9.581600902785265e-35
chrX:149681035-149722249	chrX_149705262_C_T_b38	rs56258957	ENSG00000238039.1	ENSG00000238039	Pituitary	0.5240843296051025	1.2408816966409686e-17
chrX:149681035-149722249	chrX_149705262_C_T_b38	rs56258957	ENSG00000268738.3	HSFX2	Pituitary	0.6273683309555054	1.2035698746214617e-25
chrX:149681035-149722249	chrX_149705262_C_T_b38	rs56258957	ENSG00000269556.9	TMEM185A	Pituitary	0.22261492908000946	9.167329629840895e-06
chrX:149681035-149722249	chrX_149705262_C_T_b38	rs56258957	ENSG00000171116.7	HSFX1	Pituitary	-0.6140698194503784	9.301455467875013e-20
chrX:149681035-149722249	chrX_149705262_C_T_b38	rs56258957	ENSG00000010404.18	IDS	Nerve_Tibial	0.11722061038017273	3.689147358686341e-08
chrX:149681035-149722249	chrX_149705262_C_T_b38	rs56258957	ENSG00000238039.1	ENSG00000238039	Nerve_Tibial	0.5874900817871094	8.549846960645188e-44
chrX:149681035-149722249	chrX_149705262_C_T_b38	rs56258957	ENSG00000241769.7	LINC00893	Nerve_Tibial	0.2900002896785736	9.498960346725262e-20
chrX:149681035-149722249	chrX_149705262_C_T_b38	rs56258957	ENSG00000268738.3	HSFX2	Nerve_Tibial	0.6401636004447937	7.187993029887793e-53
chrX:149681035-149722249	chrX_149705262_C_T_b38	rs56258957	ENSG00000269556.9	TMEM185A	Nerve_Tibial	0.14845305681228638	2.057503784749792e-07
chrX:149681035-149722249	chrX_149705262_C_T_b38	rs56258957	ENSG00000171116.7	HSFX1	Nerve_Tibial	-0.6507963538169861	9.959597430647258e-46
chrX:149681035-149722249	chrX_149705262_C_T_b38	rs56258957	ENSG00000238039.1	ENSG00000238039	Small_Intestine_Terminal_Ileum	0.6173326373100281	3.743450165365852e-14
chrX:149681035-149722249	chrX_149705262_C_T_b38	rs56258957	ENSG00000241769.7	LINC00893	Small_Intestine_Terminal_Ileum	0.3178628385066986	4.062204708940876e-06
chrX:149681035-149722249	chrX_149705262_C_T_b38	rs56258957	ENSG00000171116.7	HSFX1	Small_Intestine_Terminal_Ileum	-0.704982340335846	2.1810339011046712e-16
chrX:149681035-149722249	chrX_149705262_C_T_b38	rs56258957	ENSG00000238039.1	ENSG00000238039	Whole_Blood	0.4898555874824524	1.261192782823129e-40
chrX:149681035-149722249	chrX_149705262_C_T_b38	rs56258957	ENSG00000241769.7	LINC00893	Whole_Blood	0.1703374981880188	1.667043832503236e-13
chrX:149681035-149722249	chrX_149705262_C_T_b38	rs56258957	ENSG00000269556.9	TMEM185A	Whole_Blood	0.11778386682271957	9.502599040480108e-06
chrX:149681035-149722249	chrX_149705262_C_T_b38	rs56258957	ENSG00000010404.18	IDS	Skin_Not_Sun_Exposed_Suprapubic	0.15453936159610748	3.472399113438591e-12
chrX:149681035-149722249	chrX_149705262_C_T_b38	rs56258957	ENSG00000238039.1	ENSG00000238039	Skin_Not_Sun_Exposed_Suprapubic	0.587811291217804	4.951807176094108e-41
chrX:149681035-149722249	chrX_149705262_C_T_b38	rs56258957	ENSG00000241769.7	LINC00893	Skin_Not_Sun_Exposed_Suprapubic	0.3271944224834442	3.651664671268339e-29
chrX:149681035-149722249	chrX_149705262_C_T_b38	rs56258957	ENSG00000269556.9	TMEM185A	Skin_Not_Sun_Exposed_Suprapubic	0.21185731887817383	1.4901212891273917e-15
chrX:149681035-149722249	chrX_149705262_C_T_b38	rs56258957	ENSG00000171116.7	HSFX1	Skin_Not_Sun_Exposed_Suprapubic	-0.5436068177223206	1.3329482607546139e-34
chrX:149681035-149722249	chrX_149705262_C_T_b38	rs56258957	ENSG00000238039.1	ENSG00000238039	Esophagus_Gastroesophageal_Junction	0.6023183465003967	1.092934596828915e-28
chrX:149681035-149722249	chrX_149705262_C_T_b38	rs56258957	ENSG00000241769.7	LINC00893	Esophagus_Gastroesophageal_Junction	0.1973826289176941	3.112316651716017e-10
chrX:149681035-149722249	chrX_149705262_C_T_b38	rs56258957	ENSG00000268738.3	HSFX2	Esophagus_Gastroesophageal_Junction	0.6717336773872375	2.8845448672577945e-35
chrX:149681035-149722249	chrX_149705262_C_T_b38	rs56258957	ENSG00000269556.9	TMEM185A	Esophagus_Gastroesophageal_Junction	0.1520548313856125	5.9996950385293765e-05
chrX:149681035-149722249	chrX_149705262_C_T_b38	rs56258957	ENSG00000171116.7	HSFX1	Esophagus_Gastroesophageal_Junction	-0.62636399269104	4.13488517279336e-26
chrX:149681035-149722249	chrX_149705262_C_T_b38	rs56258957	ENSG00000238039.1	ENSG00000238039	Brain_Hypothalamus	0.40338394045829773	2.6347637000775256e-08
chrX:149681035-149722249	chrX_149705262_C_T_b38	rs56258957	ENSG00000269556.9	TMEM185A	Brain_Hypothalamus	0.22954922914505005	4.262630031146824e-05
chrX:149681035-149722249	chrX_149705262_C_T_b38	rs56258957	ENSG00000171116.7	HSFX1	Brain_Hypothalamus	-0.5297390222549438	1.395939531394942e-13
chrX:149681035-149722249	chrX_149705262_C_T_b38	rs56258957	ENSG00000238039.1	ENSG00000238039	Adipose_Subcutaneous	0.6013751029968262	9.001167390833891e-43
chrX:149681035-149722249	chrX_149705262_C_T_b38	rs56258957	ENSG00000241769.7	LINC00893	Adipose_Subcutaneous	0.24453569948673248	1.2783979327977668e-14
chrX:149681035-149722249	chrX_149705262_C_T_b38	rs56258957	ENSG00000171116.7	HSFX1	Adipose_Subcutaneous	-0.5999606251716614	3.34280450812329e-45
chrX:149681035-149722249	chrX_149705262_C_T_b38	rs56258957	ENSG00000010404.18	IDS	Thyroid	0.1828306019306183	2.098297748358585e-18
chrX:149681035-149722249	chrX_149705262_C_T_b38	rs56258957	ENSG00000238039.1	ENSG00000238039	Thyroid	0.6286413073539734	8.30851652335899e-54
chrX:149681035-149722249	chrX_149705262_C_T_b38	rs56258957	ENSG00000241769.7	LINC00893	Thyroid	0.17305152118206024	8.275962862370164e-11
chrX:149681035-149722249	chrX_149705262_C_T_b38	rs56258957	ENSG00000268738.3	HSFX2	Thyroid	0.6460453271865845	2.675340685111531e-57
chrX:149681035-149722249	chrX_149705262_C_T_b38	rs56258957	ENSG00000269556.9	TMEM185A	Thyroid	0.1880529224872589	3.085538579925015e-10
chrX:149681035-149722249	chrX_149705262_C_T_b38	rs56258957	ENSG00000171116.7	HSFX1	Thyroid	-0.6647356748580933	1.8839965116204085e-53
chrX:149681035-149722249	chrX_149705262_C_T_b38	rs56258957	ENSG00000238039.1	ENSG00000238039	Uterus	0.6626085638999939	2.8893852462757194e-10
chrX:149681035-149722249	chrX_149705262_C_T_b38	rs56258957	ENSG00000268738.3	HSFX2	Uterus	0.834862232208252	3.4808575682713285e-11
chrX:149681035-149722249	chrX_149705262_C_T_b38	rs56258957	ENSG00000171116.7	HSFX1	Uterus	-0.7704300880432129	1.3530823719201301e-08
chrX:149681035-149722249	chrX_149705262_C_T_b38	rs56258957	ENSG00000238039.1	ENSG00000238039	Bladder	0.516929566860199	5.868558452888117e-06
chrX:149681035-149722249	chrX_149705262_C_T_b38	rs56258957	ENSG00000268738.3	HSFX2	Bladder	0.7251153588294983	1.7162248617743365e-07
chrX:149681035-149722249	chrX_149705262_C_T_b38	rs56258957	ENSG00000171116.7	HSFX1	Bladder	-0.7112461924552917	3.772089139030457e-06
chrX:149681035-149722249	chrX_149705262_C_T_b38	rs56258957	ENSG00000238039.1	ENSG00000238039	Heart_Left_Ventricle	0.4660149812698364	1.1636172000970942e-18
chrX:149681035-149722249	chrX_149705262_C_T_b38	rs56258957	ENSG00000241769.7	LINC00893	Heart_Left_Ventricle	0.14574764668941498	3.119245351308988e-06
chrX:149681035-149722249	chrX_149705262_C_T_b38	rs56258957	ENSG00000171116.7	HSFX1	Heart_Left_Ventricle	-0.6041762232780457	9.903440999246831e-29
chrX:149681035-149722249	chrX_149705262_C_T_b38	rs56258957	ENSG00000010404.18	IDS	Testis	0.06845936179161072	1.401793345408879e-06
chrX:149681035-149722249	chrX_149705262_C_T_b38	rs56258957	ENSG00000238039.1	ENSG00000238039	Testis	0.5163193345069885	1.2571394196520593e-22
chrX:149681035-149722249	chrX_149705262_C_T_b38	rs56258957	ENSG00000241769.7	LINC00893	Testis	0.12875625491142273	0.0002024717705057631
chrX:149681035-149722249	chrX_149705262_C_T_b38	rs56258957	ENSG00000268738.3	HSFX2	Testis	0.3844543695449829	1.0854668954473843e-13
chrX:149681035-149722249	chrX_149705262_C_T_b38	rs56258957	ENSG00000185247.15	MAGEA11	Testis	-0.09854767471551895	6.640566276633446e-06
chrX:149681035-149722249	chrX_149705262_C_T_b38	rs56258957	ENSG00000171116.7	HSFX1	Testis	-0.49837276339530945	4.556898448104408e-22
chrX:149681035-149722249	chrX_149705262_C_T_b38	rs56258957	ENSG00000238039.1	ENSG00000238039	Brain_Caudate_basal_ganglia	0.46693140268325806	3.109282999152033e-14
chrX:149681035-149722249	chrX_149705262_C_T_b38	rs56258957	ENSG00000269556.9	TMEM185A	Brain_Caudate_basal_ganglia	0.3968123197555542	5.494278112586314e-12
chrX:149681035-149722249	chrX_149705262_C_T_b38	rs56258957	ENSG00000171116.7	HSFX1	Brain_Caudate_basal_ganglia	-0.5531072616577148	8.632788901203953e-17
chrX:149681035-149722249	chrX_149705262_C_T_b38	rs56258957	ENSG00000238039.1	ENSG00000238039	Muscle_Skeletal	0.5148299336433411	2.954007967122248e-41
chrX:149681035-149722249	chrX_149705262_C_T_b38	rs56258957	ENSG00000241769.7	LINC00893	Muscle_Skeletal	0.21564826369285583	5.411006428928723e-24
chrX:149681035-149722249	chrX_149705262_C_T_b38	rs56258957	ENSG00000171116.7	HSFX1	Muscle_Skeletal	-0.5576853156089783	5.89324089795746e-47
chrX:149681035-149722249	chrX_149705262_C_T_b38	rs56258957	ENSG00000238039.1	ENSG00000238039	Artery_Tibial	0.6107786297798157	6.023477209357255e-50
chrX:149681035-149722249	chrX_149705262_C_T_b38	rs56258957	ENSG00000241769.7	LINC00893	Artery_Tibial	0.1389198899269104	7.205622982683231e-11
chrX:149681035-149722249	chrX_149705262_C_T_b38	rs56258957	ENSG00000268738.3	HSFX2	Artery_Tibial	0.6551007032394409	9.256701602712873e-61
chrX:149681035-149722249	chrX_149705262_C_T_b38	rs56258957	ENSG00000171116.7	HSFX1	Artery_Tibial	-0.6590712070465088	2.482200648291214e-56
chrX:149681035-149722249	chrX_149705262_C_T_b38	rs56258957	ENSG00000238039.1	ENSG00000238039	Brain_Substantia_nigra	0.5988189578056335	5.220067221628318e-12
chrX:149681035-149722249	chrX_149705262_C_T_b38	rs56258957	ENSG00000171116.7	HSFX1	Brain_Substantia_nigra	-0.4381873607635498	5.259758836856845e-07
chrX:149681035-149722249	chrX_149705262_C_T_b38	rs56258957	ENSG00000238039.1	ENSG00000238039	Prostate	0.5119870901107788	5.187648809578176e-22
chrX:149681035-149722249	chrX_149705262_C_T_b38	rs56258957	ENSG00000268738.3	HSFX2	Prostate	0.6055082678794861	1.694035970206267e-24
chrX:149681035-149722249	chrX_149705262_C_T_b38	rs56258957	ENSG00000171116.7	HSFX1	Prostate	-0.5935522317886353	1.850601637167209e-22
chrX:149681035-149722249	chrX_149705262_C_T_b38	rs56258957	ENSG00000238039.1	ENSG00000238039	Brain_Hippocampus	0.3945252597332001	5.326437939953601e-08
chrX:149681035-149722249	chrX_149705262_C_T_b38	rs56258957	ENSG00000269556.9	TMEM185A	Brain_Hippocampus	0.23960931599140167	1.0386777217758577e-05
chrX:149681035-149722249	chrX_149705262_C_T_b38	rs56258957	ENSG00000171116.7	HSFX1	Brain_Hippocampus	-0.5314405560493469	2.889637919094217e-13
chrX:149681035-149722249	chrX_149705262_C_T_b38	rs56258957	ENSG00000238039.1	ENSG00000238039	Brain_Frontal_Cortex_BA9	0.5326733589172363	1.7679686867663647e-12
chrX:149681035-149722249	chrX_149705262_C_T_b38	rs56258957	ENSG00000268738.3	HSFX2	Brain_Frontal_Cortex_BA9	0.6534518003463745	1.7527406514187643e-22
chrX:149681035-149722249	chrX_149705262_C_T_b38	rs56258957	ENSG00000269556.9	TMEM185A	Brain_Frontal_Cortex_BA9	0.30582064390182495	5.576669025777728e-09
chrX:149681035-149722249	chrX_149705262_C_T_b38	rs56258957	ENSG00000171116.7	HSFX1	Brain_Frontal_Cortex_BA9	-0.6026626825332642	5.227808320393092e-17
chrX:149681035-149722249	chrX_149705262_C_T_b38	rs56258957	ENSG00000238039.1	ENSG00000238039	Colon_Sigmoid	0.5831577777862549	1.0124372221353278e-25
chrX:149681035-149722249	chrX_149705262_C_T_b38	rs56258957	ENSG00000241769.7	LINC00893	Colon_Sigmoid	0.196959987282753	4.935400120590894e-08
chrX:149681035-149722249	chrX_149705262_C_T_b38	rs56258957	ENSG00000268738.3	HSFX2	Colon_Sigmoid	0.7453908324241638	2.0157185611241e-42
chrX:149681035-149722249	chrX_149705262_C_T_b38	rs56258957	ENSG00000171116.7	HSFX1	Colon_Sigmoid	-0.6347658634185791	1.1192302296193513e-28
chrX:149681035-149722249	chrX_149705262_C_T_b38	rs56258957	ENSG00000238039.1	ENSG00000238039	Artery_Aorta	0.5814778208732605	1.2575653614812658e-34
chrX:149681035-149722249	chrX_149705262_C_T_b38	rs56258957	ENSG00000241769.7	LINC00893	Artery_Aorta	0.11529623717069626	2.5232565909710376e-06
chrX:149681035-149722249	chrX_149705262_C_T_b38	rs56258957	ENSG00000268738.3	HSFX2	Artery_Aorta	0.6446155309677124	2.5565840335668153e-37
chrX:149681035-149722249	chrX_149705262_C_T_b38	rs56258957	ENSG00000171116.7	HSFX1	Artery_Aorta	-0.6024985909461975	1.8948235609536334e-29
chrX:149681035-149722249	chrX_149705262_C_T_b38	rs56258957	ENSG00000010404.18	IDS	Colon_Transverse	0.09789543598890305	4.561762922170167e-07
chrX:149681035-149722249	chrX_149705262_C_T_b38	rs56258957	ENSG00000238039.1	ENSG00000238039	Colon_Transverse	0.5796791315078735	5.897839055997417e-31
chrX:149681035-149722249	chrX_149705262_C_T_b38	rs56258957	ENSG00000241769.7	LINC00893	Colon_Transverse	0.29453781247138977	2.294304302141209e-14
chrX:149681035-149722249	chrX_149705262_C_T_b38	rs56258957	ENSG00000269556.9	TMEM185A	Colon_Transverse	0.1332518607378006	1.2771909027125195e-06
chrX:149681035-149722249	chrX_149705262_C_T_b38	rs56258957	ENSG00000171116.7	HSFX1	Colon_Transverse	-0.5771610736846924	2.654394122285295e-31
chrX:149681035-149722249	chrX_149705262_C_T_b38	rs56258957	ENSG00000010404.18	IDS	Esophagus_Mucosa	0.11996544897556305	1.4809689198388336e-09
chrX:149681035-149722249	chrX_149705262_C_T_b38	rs56258957	ENSG00000238039.1	ENSG00000238039	Esophagus_Mucosa	0.6138061285018921	2.806844966418767e-45
chrX:149681035-149722249	chrX_149705262_C_T_b38	rs56258957	ENSG00000241769.7	LINC00893	Esophagus_Mucosa	0.2958934009075165	7.570361599609356e-24
chrX:149681035-149722249	chrX_149705262_C_T_b38	rs56258957	ENSG00000269556.9	TMEM185A	Esophagus_Mucosa	0.135828897356987	3.6789792764198566e-09
chrX:149681035-149722249	chrX_149705262_C_T_b38	rs56258957	ENSG00000171116.7	HSFX1	Esophagus_Mucosa	-0.5729942917823792	3.0475474855032567e-37
chrX:149681035-149722249	chrX_149705262_C_T_b38	rs56258957	ENSG00000238039.1	ENSG00000238039	Brain_Anterior_cingulate_cortex_BA24	0.4869091212749481	5.552811316143814e-12
chrX:149681035-149722249	chrX_149705262_C_T_b38	rs56258957	ENSG00000268738.3	HSFX2	Brain_Anterior_cingulate_cortex_BA24	0.5172221064567566	3.6747824177933023e-16
chrX:149681035-149722249	chrX_149705262_C_T_b38	rs56258957	ENSG00000269556.9	TMEM185A	Brain_Anterior_cingulate_cortex_BA24	0.37019139528274536	2.185635495516499e-09
chrX:149681035-149722249	chrX_149705262_C_T_b38	rs56258957	ENSG00000171116.7	HSFX1	Brain_Anterior_cingulate_cortex_BA24	-0.6099435687065125	2.2501126298626245e-17
chrX:149681035-149722249	chrX_149705262_C_T_b38	rs56258957	ENSG00000238039.1	ENSG00000238039	Stomach	0.5560780763626099	1.9714945655544525e-19
chrX:149681035-149722249	chrX_149705262_C_T_b38	rs56258957	ENSG00000241769.7	LINC00893	Stomach	0.20124205946922302	1.2585454207763845e-07
chrX:149681035-149722249	chrX_149705262_C_T_b38	rs56258957	ENSG00000171116.7	HSFX1	Stomach	-0.5906376838684082	9.402424325749623e-21
chrX:149681035-149722249	chrX_149705262_C_T_b38	rs56258957	ENSG00000238039.1	ENSG00000238039	Brain_Cerebellar_Hemisphere	0.524023175239563	2.9104572493916532e-12
chrX:149681035-149722249	chrX_149705262_C_T_b38	rs56258957	ENSG00000268738.3	HSFX2	Brain_Cerebellar_Hemisphere	0.5886648297309875	3.60590797061328e-18
chrX:149681035-149722249	chrX_149705262_C_T_b38	rs56258957	ENSG00000269556.9	TMEM185A	Brain_Cerebellar_Hemisphere	0.28046897053718567	9.818522137496908e-08
chrX:149681035-149722249	chrX_149705262_C_T_b38	rs56258957	ENSG00000171116.7	HSFX1	Brain_Cerebellar_Hemisphere	-0.5897871851921082	6.632041695461896e-18
chrX:149681035-149722249	chrX_149705262_C_T_b38	rs56258957	ENSG00000238039.1	ENSG00000238039	Adrenal_Gland	0.5459392070770264	3.711821408511916e-20
chrX:149681035-149722249	chrX_149705262_C_T_b38	rs56258957	ENSG00000171116.7	HSFX1	Adrenal_Gland	-0.582365095615387	2.0284702964777747e-17
chrX:149681035-149722249	chrX_149705262_C_T_b38	rs56258957	ENSG00000238039.1	ENSG00000238039	Spleen	0.6807346940040588	1.8537873395275282e-20
chrX:149681035-149722249	chrX_149705262_C_T_b38	rs56258957	ENSG00000268738.3	HSFX2	Spleen	0.6486797332763672	5.40296559653276e-20
chrX:149681035-149722249	chrX_149705262_C_T_b38	rs56258957	ENSG00000269556.9	TMEM185A	Spleen	0.23766085505485535	9.13956043537447e-07
chrX:149681035-149722249	chrX_149705262_C_T_b38	rs56258957	ENSG00000171116.7	HSFX1	Spleen	-0.5445725321769714	1.1496616047178466e-14
chrX:149681035-149722249	chrX_149705262_C_T_b38	rs56258957	ENSG00000010404.18	IDS	Heart_Atrial_Appendage	0.09617917239665985	0.00010120650610310183
chrX:149681035-149722249	chrX_149705262_C_T_b38	rs56258957	ENSG00000238039.1	ENSG00000238039	Heart_Atrial_Appendage	0.565639078617096	1.537934694647169e-29
chrX:149681035-149722249	chrX_149705262_C_T_b38	rs56258957	ENSG00000241769.7	LINC00893	Heart_Atrial_Appendage	0.19501575827598572	1.8353822537904436e-11
chrX:149681035-149722249	chrX_149705262_C_T_b38	rs56258957	ENSG00000268738.3	HSFX2	Heart_Atrial_Appendage	0.6068205237388611	2.1129298693743625e-35
chrX:149681035-149722249	chrX_149705262_C_T_b38	rs56258957	ENSG00000171116.7	HSFX1	Heart_Atrial_Appendage	-0.6277207732200623	4.894790120082115e-35
chrX:149681035-149722249	chrX_149705262_C_T_b38	rs56258957	ENSG00000238039.1	ENSG00000238039	Ovary	0.8044863939285278	8.159878856926718e-15
chrX:149681035-149722249	chrX_149705262_C_T_b38	rs56258957	ENSG00000241769.7	LINC00893	Ovary	0.3978237807750702	1.693290692988349e-07
chrX:149681035-149722249	chrX_149705262_C_T_b38	rs56258957	ENSG00000268738.3	HSFX2	Ovary	0.9118989706039429	3.1884985127147102e-18
chrX:149681035-149722249	chrX_149705262_C_T_b38	rs56258957	ENSG00000171116.7	HSFX1	Ovary	-0.9467994570732117	5.720746738919583e-17
chrX:149681035-149722249	chrX_149705262_C_T_b38	rs56258957	ENSG00000238039.1	ENSG00000238039	Cells_EBV-transformed_lymphocytes	0.5793805718421936	6.399569497243866e-19
chrX:149681035-149722249	chrX_149705262_C_T_b38	rs56258957	ENSG00000241769.7	LINC00893	Cells_EBV-transformed_lymphocytes	0.2818705141544342	1.0665417386838164e-08
chrX:149681035-149722249	chrX_149705262_C_T_b38	rs56258957	ENSG00000238039.1	ENSG00000238039	Brain_Cerebellum	0.5512948632240295	9.152419823790073e-14
chrX:149681035-149722249	chrX_149705262_C_T_b38	rs56258957	ENSG00000241769.7	LINC00893	Brain_Cerebellum	0.3090689778327942	1.0714003263899928e-08
chrX:149681035-149722249	chrX_149705262_C_T_b38	rs56258957	ENSG00000268738.3	HSFX2	Brain_Cerebellum	0.6638677716255188	2.9002778141598793e-22
chrX:149681035-149722249	chrX_149705262_C_T_b38	rs56258957	ENSG00000269556.9	TMEM185A	Brain_Cerebellum	0.28983721137046814	3.922432770891697e-08
chrX:149681035-149722249	chrX_149705262_C_T_b38	rs56258957	ENSG00000171116.7	HSFX1	Brain_Cerebellum	-0.6970370411872864	4.170368224536718e-22
chrX:149681035-149722249	chrX_149705262_C_T_b38	rs56258957	ENSG00000010404.18	IDS	Liver	0.20843395590782166	2.925157468510565e-05
chrX:149681035-149722249	chrX_149705262_C_T_b38	rs56258957	ENSG00000238039.1	ENSG00000238039	Liver	0.5424039959907532	3.6314681305953216e-16
chrX:149681035-149722249	chrX_149705262_C_T_b38	rs56258957	ENSG00000238039.1	ENSG00000238039	Kidney_Cortex	0.589596688747406	5.199545164360385e-08
chrX:149681035-149722249	chrX_149705262_C_T_b38	rs56258957	ENSG00000171116.7	HSFX1	Kidney_Cortex	-0.4586537778377533	1.4043193999139189e-05
chrX:149681035-149722249	chrX_149705262_C_T_b38	rs56258957	ENSG00000238039.1	ENSG00000238039	Brain_Amygdala	0.4573935270309448	9.646771842567451e-08
chrX:149681035-149722249	chrX_149705262_C_T_b38	rs56258957	ENSG00000171116.7	HSFX1	Brain_Amygdala	-0.48484325408935547	4.915645306883772e-08
chrX:149681035-149722249	chrX_149705262_C_T_b38	rs56258957	ENSG00000238039.1	ENSG00000238039	Brain_Spinal_cord_cervical_c-1	0.608120322227478	1.8746381110674598e-14
chrX:149681035-149722249	chrX_149705262_C_T_b38	rs56258957	ENSG00000241769.7	LINC00893	Brain_Spinal_cord_cervical_c-1	0.22978462278842926	7.296294018135943e-06
chrX:149681035-149722249	chrX_149705262_C_T_b38	rs56258957	ENSG00000171116.7	HSFX1	Brain_Spinal_cord_cervical_c-1	-0.45310893654823303	1.932702672939692e-08
chrX:149681035-149722249	chrX_149705262_C_T_b38	rs56258957	ENSG00000238039.1	ENSG00000238039	Cells_Cultured_fibroblasts	0.4451521635055542	3.5009983241011026e-25
chrX:149681035-149722249	chrX_149705262_C_T_b38	rs56258957	ENSG00000241769.7	LINC00893	Cells_Cultured_fibroblasts	0.08291900157928467	9.91064154287473e-05
chrX:149681035-149722249	chrX_149705262_C_T_b38	rs56258957	ENSG00000238039.1	ENSG00000238039	Lung	0.5327997803688049	1.0131193459017586e-46
chrX:149681035-149722249	chrX_149705262_C_T_b38	rs56258957	ENSG00000241769.7	LINC00893	Lung	0.15971390902996063	9.391206070288053e-12
chrX:149681035-149722249	chrX_149705262_C_T_b38	rs56258957	ENSG00000269556.9	TMEM185A	Lung	0.15921644866466522	4.856428278823117e-08
chrX:149681035-149722249	chrX_149705262_C_T_b38	rs56258957	ENSG00000171116.7	HSFX1	Lung	-0.529209554195404	4.342310475679466e-34
chrX:149681035-149722249	chrX_149705262_C_T_b38	rs56258957	ENSG00000010404.18	IDS	Breast_Mammary_Tissue	0.1003684476017952	4.010137610409869e-06
chrX:149681035-149722249	chrX_149705262_C_T_b38	rs56258957	ENSG00000238039.1	ENSG00000238039	Breast_Mammary_Tissue	0.5776888132095337	1.168743835296134e-39
chrX:149681035-149722249	chrX_149705262_C_T_b38	rs56258957	ENSG00000241769.7	LINC00893	Breast_Mammary_Tissue	0.16978539526462555	9.380160313211531e-11
chrX:149681035-149722249	chrX_149705262_C_T_b38	rs56258957	ENSG00000171116.7	HSFX1	Breast_Mammary_Tissue	-0.6283998489379883	4.216077780620179e-40
chrX:149681035-149722249	chrX_149705262_C_T_b38	rs56258957	ENSG00000010404.18	IDS	Minor_Salivary_Gland	0.2642296254634857	1.1002689473500212e-05
chrX:149681035-149722249	chrX_149705262_C_T_b38	rs56258957	ENSG00000238039.1	ENSG00000238039	Minor_Salivary_Gland	0.5406448841094971	5.541142242283692e-10
chrX:149681035-149722249	chrX_149705262_C_T_b38	rs56258957	ENSG00000171116.7	HSFX1	Minor_Salivary_Gland	-0.664120078086853	3.739669571469306e-13
chrX:149681035-149722249	chrX_149705262_C_T_b38	rs56258957	ENSG00000238039.1	ENSG00000238039	Brain_Cortex	0.5231867432594299	5.701887329924771e-13
chrX:149681035-149722249	chrX_149705262_C_T_b38	rs56258957	ENSG00000268738.3	HSFX2	Brain_Cortex	0.6169673204421997	3.830391034199374e-21
chrX:149681035-149722249	chrX_149705262_C_T_b38	rs56258957	ENSG00000269556.9	TMEM185A	Brain_Cortex	0.34240347146987915	4.184702175020005e-12
chrX:149681035-149722249	chrX_149705262_C_T_b38	rs56258957	ENSG00000171116.7	HSFX1	Brain_Cortex	-0.6258941888809204	3.4340506999444153e-17
chrX:149681035-149722249	chrX_149705262_C_T_b38	rs56258957	ENSG00000238039.1	ENSG00000238039	Brain_Putamen_basal_ganglia	0.5058702826499939	1.57023213873799e-13
chrX:149681035-149722249	chrX_149705262_C_T_b38	rs56258957	ENSG00000269556.9	TMEM185A	Brain_Putamen_basal_ganglia	0.3307158052921295	1.5901177560449909e-06
chrX:149681035-149722249	chrX_149705262_C_T_b38	rs56258957	ENSG00000171116.7	HSFX1	Brain_Putamen_basal_ganglia	-0.5061126351356506	7.60742310665914e-11
chrX:149681035-149722249	chrX_149705262_C_T_b38	rs56258957	ENSG00000013619.15	MAMLD1	Brain_Putamen_basal_ganglia	0.21585503220558167	1.7900391089796014e-05
chrX:149681035-149722249	chrX_149705262_C_T_b38	rs56258957	ENSG00000010404.18	IDS	Skin_Sun_Exposed_Lower_leg	0.09327617287635803	4.679590138563424e-06
chrX:149681035-149722249	chrX_149705262_C_T_b38	rs56258957	ENSG00000238039.1	ENSG00000238039	Skin_Sun_Exposed_Lower_leg	0.5806661248207092	1.9898201647058168e-47
chrX:149681035-149722249	chrX_149705262_C_T_b38	rs56258957	ENSG00000241769.7	LINC00893	Skin_Sun_Exposed_Lower_leg	0.27410686016082764	3.063384666763658e-26
chrX:149681035-149722249	chrX_149705262_C_T_b38	rs56258957	ENSG00000268738.3	HSFX2	Skin_Sun_Exposed_Lower_leg	0.5946140885353088	1.7204383201457402e-53
chrX:149681035-149722249	chrX_149705262_C_T_b38	rs56258957	ENSG00000269556.9	TMEM185A	Skin_Sun_Exposed_Lower_leg	0.18194058537483215	9.165181557047998e-16
chrX:149681035-149722249	chrX_149705262_C_T_b38	rs56258957	ENSG00000171116.7	HSFX1	Skin_Sun_Exposed_Lower_leg	-0.6256972551345825	3.247658222654681e-50
chrX:149681035-149722249	chrX_149705262_C_T_b38	rs56258957	ENSG00000238039.1	ENSG00000238039	Artery_Coronary	0.5878920555114746	2.2217171055076827e-14
chrX:149681035-149722249	chrX_149705262_C_T_b38	rs56258957	ENSG00000268738.3	HSFX2	Artery_Coronary	0.6856239438056946	7.564964468603796e-20
chrX:149681035-149722249	chrX_149705262_C_T_b38	rs56258957	ENSG00000171116.7	HSFX1	Artery_Coronary	-0.6305716633796692	4.3752144946041515e-15
chrX:153149748-153250226	chrX_153167677_G_T_b38	rs12556948	ENSG00000235961.6	PNMA6A	Brain_Nucleus_accumbens_basal_ganglia	-0.11120904982089996	6.307605500681188e-05
chrX:153149748-153250226	chrX_153167677_G_T_b38	rs12556948	ENSG00000268883.2	PNMA6B	Brain_Nucleus_accumbens_basal_ganglia	0.834616482257843	2.999566455864506e-66
chrX:153149748-153250226	chrX_153167677_G_T_b38	rs12556948	ENSG00000268883.2	PNMA6B	Esophagus_Muscularis	0.7452968955039978	3.870476931930913e-102
chrX:153149748-153250226	chrX_153167677_G_T_b38	rs12556948	ENSG00000183837.10	PNMA3	Pancreas	-0.2774771451950073	1.685280548680703e-07
chrX:153149748-153250226	chrX_153167677_G_T_b38	rs12556948	ENSG00000268883.2	PNMA6B	Adipose_Visceral_Omentum	0.7484729290008545	5.732509469677821e-116
chrX:153149748-153250226	chrX_153167677_G_T_b38	rs12556948	ENSG00000183837.10	PNMA3	Pituitary	-0.4684196412563324	9.234982135688166e-43
chrX:153149748-153250226	chrX_153167677_G_T_b38	rs12556948	ENSG00000235961.6	PNMA6A	Pituitary	-0.13937442004680634	1.0098697600868736e-05
chrX:153149748-153250226	chrX_153167677_G_T_b38	rs12556948	ENSG00000268883.2	PNMA6B	Pituitary	0.8304260969161987	7.52131611719725e-67
chrX:153149748-153250226	chrX_153167677_G_T_b38	rs12556948	ENSG00000063587.15	ZNF275	Pituitary	-0.11782385408878326	6.907651043963392e-05
chrX:153149748-153250226	chrX_153167677_G_T_b38	rs12556948	ENSG00000183837.10	PNMA3	Nerve_Tibial	-0.19530633091926575	5.933630908736858e-14
chrX:153149748-153250226	chrX_153167677_G_T_b38	rs12556948	ENSG00000268883.2	PNMA6B	Nerve_Tibial	0.8327032327651978	7.409143721106412e-171
chrX:153149748-153250226	chrX_153167677_G_T_b38	rs12556948	ENSG00000183837.10	PNMA3	Whole_Blood	0.2783734202384949	2.026351693964862e-27
chrX:153149748-153250226	chrX_153167677_G_T_b38	rs12556948	ENSG00000183837.10	PNMA3	Skin_Not_Sun_Exposed_Suprapubic	0.40387293696403503	5.823560999758127e-25
chrX:153149748-153250226	chrX_153167677_G_T_b38	rs12556948	ENSG00000268883.2	PNMA6B	Esophagus_Gastroesophageal_Junction	0.7375491261482239	1.3761693803427048e-68
chrX:153149748-153250226	chrX_153167677_G_T_b38	rs12556948	ENSG00000235961.6	PNMA6A	Brain_Hypothalamus	-0.13038331270217896	4.86573791492612e-07
chrX:153149748-153250226	chrX_153167677_G_T_b38	rs12556948	ENSG00000268883.2	PNMA6B	Brain_Hypothalamus	0.87865149974823	1.852259247605568e-55
chrX:153149748-153250226	chrX_153167677_G_T_b38	rs12556948	ENSG00000268883.2	PNMA6B	Adipose_Subcutaneous	0.7775210738182068	1.2737056803398702e-151
chrX:153149748-153250226	chrX_153167677_G_T_b38	rs12556948	ENSG00000183837.10	PNMA3	Thyroid	-0.340243935585022	2.3012000668737208e-38
chrX:153149748-153250226	chrX_153167677_G_T_b38	rs12556948	ENSG00000268883.2	PNMA6B	Thyroid	0.8460269570350647	3.603861330484337e-170
chrX:153149748-153250226	chrX_153167677_G_T_b38	rs12556948	ENSG00000268883.2	PNMA6B	Uterus	0.9335591793060303	2.3639093005909753e-22
chrX:153149748-153250226	chrX_153167677_G_T_b38	rs12556948	ENSG00000183837.10	PNMA3	Heart_Left_Ventricle	-0.15515540540218353	2.601459752188592e-08
chrX:153149748-153250226	chrX_153167677_G_T_b38	rs12556948	ENSG00000268883.2	PNMA6B	Heart_Left_Ventricle	0.6512929797172546	8.91445725266303e-61
chrX:153149748-153250226	chrX_153167677_G_T_b38	rs12556948	ENSG00000183837.10	PNMA3	Testis	-0.28092795610427856	3.778252341684677e-32
chrX:153149748-153250226	chrX_153167677_G_T_b38	rs12556948	ENSG00000268883.2	PNMA6B	Testis	0.7589908838272095	1.4487391803099312e-92
chrX:153149748-153250226	chrX_153167677_G_T_b38	rs12556948	ENSG00000268883.2	PNMA6B	Brain_Caudate_basal_ganglia	0.8144724369049072	3.74706322233058e-62
chrX:153149748-153250226	chrX_153167677_G_T_b38	rs12556948	ENSG00000183837.10	PNMA3	Artery_Tibial	-0.2124563753604889	9.448934544310655e-14
chrX:153149748-153250226	chrX_153167677_G_T_b38	rs12556948	ENSG00000235961.6	PNMA6A	Artery_Tibial	-0.2128933221101761	3.23365270516481e-12
chrX:153149748-153250226	chrX_153167677_G_T_b38	rs12556948	ENSG00000268883.2	PNMA6B	Artery_Tibial	0.7552189826965332	2.9811748381595216e-133
chrX:153149748-153250226	chrX_153167677_G_T_b38	rs12556948	ENSG00000067829.20	IDH3G	Artery_Tibial	0.05303223431110382	0.00029399975698668913
chrX:153149748-153250226	chrX_153167677_G_T_b38	rs12556948	ENSG00000268883.2	PNMA6B	Brain_Substantia_nigra	0.8319448232650757	2.0549605621984864e-48
chrX:153149748-153250226	chrX_153167677_G_T_b38	rs12556948	ENSG00000268883.2	PNMA6B	Brain_Hippocampus	0.8203321695327759	4.633151982409629e-62
chrX:153149748-153250226	chrX_153167677_G_T_b38	rs12556948	ENSG00000235961.6	PNMA6A	Brain_Frontal_Cortex_BA9	-0.17533698678016663	5.558831445541114e-09
chrX:153149748-153250226	chrX_153167677_G_T_b38	rs12556948	ENSG00000268883.2	PNMA6B	Brain_Frontal_Cortex_BA9	0.9108721017837524	7.789229033861857e-68
chrX:153149748-153250226	chrX_153167677_G_T_b38	rs12556948	ENSG00000268883.2	PNMA6B	Colon_Sigmoid	0.782270610332489	8.780815964705296e-81
chrX:153149748-153250226	chrX_153167677_G_T_b38	rs12556948	ENSG00000183837.10	PNMA3	Artery_Aorta	-0.19097952544689178	5.59592868099207e-06
chrX:153149748-153250226	chrX_153167677_G_T_b38	rs12556948	ENSG00000268883.2	PNMA6B	Artery_Aorta	0.7681156396865845	1.409474660599841e-95
chrX:153149748-153250226	chrX_153167677_G_T_b38	rs12556948	ENSG00000268883.2	PNMA6B	Colon_Transverse	0.6915484070777893	1.015492324357971e-79
chrX:153149748-153250226	chrX_153167677_G_T_b38	rs12556948	ENSG00000235961.6	PNMA6A	Brain_Anterior_cingulate_cortex_BA24	-0.1370902955532074	1.8364369213524434e-05
chrX:153149748-153250226	chrX_153167677_G_T_b38	rs12556948	ENSG00000268883.2	PNMA6B	Brain_Anterior_cingulate_cortex_BA24	0.8447617888450623	4.0330457314766556e-49
chrX:153149748-153250226	chrX_153167677_G_T_b38	rs12556948	ENSG00000183837.10	PNMA3	Brain_Cerebellar_Hemisphere	-0.3696598708629608	8.163282153506961e-23
chrX:153149748-153250226	chrX_153167677_G_T_b38	rs12556948	ENSG00000235961.6	PNMA6A	Brain_Cerebellar_Hemisphere	-0.1488930881023407	9.665574014318751e-07
chrX:153149748-153250226	chrX_153167677_G_T_b38	rs12556948	ENSG00000268883.2	PNMA6B	Brain_Cerebellar_Hemisphere	0.8845254778862	3.982884002996967e-54
chrX:153149748-153250226	chrX_153167677_G_T_b38	rs12556948	ENSG00000183837.10	PNMA3	Adrenal_Gland	-0.3852488100528717	2.524333401016966e-13
chrX:153149748-153250226	chrX_153167677_G_T_b38	rs12556948	ENSG00000235961.6	PNMA6A	Adrenal_Gland	-0.29945918917655945	3.207719944807611e-07
chrX:153149748-153250226	chrX_153167677_G_T_b38	rs12556948	ENSG00000268883.2	PNMA6B	Adrenal_Gland	0.6335470676422119	1.1285599655599513e-34
chrX:153149748-153250226	chrX_153167677_G_T_b38	rs12556948	ENSG00000183837.10	PNMA3	Spleen	0.19940237700939178	6.30591790520522e-05
chrX:153149748-153250226	chrX_153167677_G_T_b38	rs12556948	ENSG00000268883.2	PNMA6B	Spleen	0.6377995014190674	1.3999091648236172e-31
chrX:153149748-153250226	chrX_153167677_G_T_b38	rs12556948	ENSG00000183837.10	PNMA3	Heart_Atrial_Appendage	-0.1987602263689041	4.952146049686596e-10
chrX:153149748-153250226	chrX_153167677_G_T_b38	rs12556948	ENSG00000268883.2	PNMA6B	Heart_Atrial_Appendage	0.7397087216377258	6.235125861653279e-78
chrX:153149748-153250226	chrX_153167677_G_T_b38	rs12556948	ENSG00000183837.10	PNMA3	Ovary	-0.2648118734359741	1.2220703550030707e-05
chrX:153149748-153250226	chrX_153167677_G_T_b38	rs12556948	ENSG00000268883.2	PNMA6B	Ovary	1.092759132385254	7.858691842943362e-41
chrX:153149748-153250226	chrX_153167677_G_T_b38	rs12556948	ENSG00000183837.10	PNMA3	Brain_Cerebellum	-0.45864829421043396	1.3923535196717627e-25
chrX:153149748-153250226	chrX_153167677_G_T_b38	rs12556948	ENSG00000235961.6	PNMA6A	Brain_Cerebellum	-0.2590888440608978	3.337785944960061e-11
chrX:153149748-153250226	chrX_153167677_G_T_b38	rs12556948	ENSG00000268883.2	PNMA6B	Brain_Cerebellum	0.8782287240028381	9.977384977711099e-59
chrX:153149748-153250226	chrX_153167677_G_T_b38	rs12556948	ENSG00000268883.2	PNMA6B	Liver	0.8056453466415405	1.486671858470708e-51
chrX:153149748-153250226	chrX_153167677_G_T_b38	rs12556948	ENSG00000183837.10	PNMA3	Kidney_Cortex	-0.43522483110427856	1.005070383317094e-06
chrX:153149748-153250226	chrX_153167677_G_T_b38	rs12556948	ENSG00000268883.2	PNMA6B	Kidney_Cortex	0.7528719902038574	2.2435531276819823e-20
chrX:153149748-153250226	chrX_153167677_G_T_b38	rs12556948	ENSG00000268883.2	PNMA6B	Brain_Amygdala	0.851189136505127	3.47304618840926e-41
chrX:153149748-153250226	chrX_153167677_G_T_b38	rs12556948	ENSG00000147394.19	ZNF185	Brain_Spinal_cord_cervical_c-1	0.24596017599105835	1.8122814249541016e-05
chrX:153149748-153250226	chrX_153167677_G_T_b38	rs12556948	ENSG00000268883.2	PNMA6B	Brain_Spinal_cord_cervical_c-1	0.7956074476242065	9.416186351060887e-40
chrX:153149748-153250226	chrX_153167677_G_T_b38	rs12556948	ENSG00000268883.2	PNMA6B	Cells_Cultured_fibroblasts	0.7489467859268188	1.425555856610865e-134
chrX:153149748-153250226	chrX_153167677_G_T_b38	rs12556948	ENSG00000183837.10	PNMA3	Lung	0.21084454655647278	1.505443589265691e-11
chrX:153149748-153250226	chrX_153167677_G_T_b38	rs12556948	ENSG00000268883.2	PNMA6B	Breast_Mammary_Tissue	0.7409854531288147	7.802616330996693e-87
chrX:153149748-153250226	chrX_153167677_G_T_b38	rs12556948	ENSG00000268883.2	PNMA6B	Minor_Salivary_Gland	0.7211505770683289	9.93462046099624e-27
chrX:153149748-153250226	chrX_153167677_G_T_b38	rs12556948	ENSG00000235961.6	PNMA6A	Brain_Cortex	-0.17080159485340118	1.6180705027630878e-07
chrX:153149748-153250226	chrX_153167677_G_T_b38	rs12556948	ENSG00000268883.2	PNMA6B	Brain_Cortex	0.8738783001899719	2.068307118330972e-64
chrX:153149748-153250226	chrX_153167677_G_T_b38	rs12556948	ENSG00000183837.10	PNMA3	Brain_Putamen_basal_ganglia	0.11446373909711838	5.333192006467301e-05
chrX:153149748-153250226	chrX_153167677_G_T_b38	rs12556948	ENSG00000268883.2	PNMA6B	Brain_Putamen_basal_ganglia	0.8302088975906372	2.4169107696516658e-63
chrX:153149748-153250226	chrX_153167677_G_T_b38	rs12556948	ENSG00000198883.12	PNMA5	Skin_Sun_Exposed_Lower_leg	-0.1205601841211319	3.5743041608795176e-06
chrX:153149748-153250226	chrX_153167677_G_T_b38	rs12556948	ENSG00000183837.10	PNMA3	Skin_Sun_Exposed_Lower_leg	0.33300936222076416	2.4689045103114506e-18
chrX:154347246-154384867	chrX_154351080_A_G_b38	rs2070822	ENSG00000280195.1	ENSG00000280195	Brain_Nucleus_accumbens_basal_ganglia	0.34015142917633057	2.5407456557861137e-07
chrX:154347246-154384867	chrX_154351080_A_G_b38	rs2070822	ENSG00000147403.18	RPL10	Brain_Nucleus_accumbens_basal_ganglia	-0.16911748051643372	4.860683437237915e-11
chrX:154347246-154384867	chrX_154351080_A_G_b38	rs2070822	ENSG00000071553.18	ATP6AP1	Brain_Nucleus_accumbens_basal_ganglia	0.09095528721809387	8.083966810894957e-07
chrX:154347246-154384867	chrX_154351080_A_G_b38	rs2070822	ENSG00000071859.15	FAM50A	Brain_Nucleus_accumbens_basal_ganglia	0.10272383689880371	2.6788053868633202e-05
chrX:154347246-154384867	chrX_154351080_A_G_b38	rs2070822	ENSG00000130827.6	PLXNA3	Brain_Nucleus_accumbens_basal_ganglia	-0.31537216901779175	1.3933493589078657e-21
chrX:154347246-154384867	chrX_154351080_A_G_b38	rs2070822	ENSG00000288722.1	F8A1	Brain_Nucleus_accumbens_basal_ganglia	-0.2937019467353821	2.812889185638198e-08
chrX:154347246-154384867	chrX_154351080_A_G_b38	rs2070822	ENSG00000177854.8	TMEM187	Esophagus_Muscularis	-0.1890903115272522	1.608147558553914e-06
chrX:154347246-154384867	chrX_154351080_A_G_b38	rs2070822	ENSG00000280195.1	ENSG00000280195	Esophagus_Muscularis	0.15469270944595337	2.1556425492733896e-05
chrX:154347246-154384867	chrX_154351080_A_G_b38	rs2070822	ENSG00000147403.18	RPL10	Esophagus_Muscularis	-0.18767975270748138	6.763956421744452e-24
chrX:154347246-154384867	chrX_154351080_A_G_b38	rs2070822	ENSG00000071859.15	FAM50A	Esophagus_Muscularis	0.19233636558055878	1.475807477392154e-18
chrX:154347246-154384867	chrX_154351080_A_G_b38	rs2070822	ENSG00000130827.6	PLXNA3	Esophagus_Muscularis	-0.23455175757408142	5.906906469435955e-37
chrX:154347246-154384867	chrX_154351080_A_G_b38	rs2070822	ENSG00000071889.17	FAM3A	Esophagus_Muscularis	0.25018519163131714	7.827597131886154e-18
chrX:154347246-154384867	chrX_154351080_A_G_b38	rs2070822	ENSG00000275882.1	IKBKGP1	Esophagus_Muscularis	-0.20289011299610138	9.731506749695499e-05
chrX:154347246-154384867	chrX_154351080_A_G_b38	rs2070822	ENSG00000288722.1	F8A1	Esophagus_Muscularis	-0.30495184659957886	3.248401520551534e-13
chrX:154347246-154384867	chrX_154351080_A_G_b38	rs2070822	ENSG00000147403.18	RPL10	Pancreas	-0.15383923053741455	7.822626161616579e-13
chrX:154347246-154384867	chrX_154351080_A_G_b38	rs2070822	ENSG00000102125.16	TAFAZZIN	Pancreas	-0.09882358461618423	1.8951163822103542e-05
chrX:154347246-154384867	chrX_154351080_A_G_b38	rs2070822	ENSG00000071859.15	FAM50A	Pancreas	0.15409192442893982	3.0371221046943386e-06
chrX:154347246-154384867	chrX_154351080_A_G_b38	rs2070822	ENSG00000130827.6	PLXNA3	Pancreas	-0.2787116765975952	1.2126733662835844e-17
chrX:154347246-154384867	chrX_154351080_A_G_b38	rs2070822	ENSG00000071889.17	FAM3A	Pancreas	0.23523789644241333	4.7552324460670283e-11
chrX:154347246-154384867	chrX_154351080_A_G_b38	rs2070822	ENSG00000269335.7	IKBKG	Pancreas	-0.18513637781143188	0.00020563226312263197
chrX:154347246-154384867	chrX_154351080_A_G_b38	rs2070822	ENSG00000288722.1	F8A1	Pancreas	-0.3890373110771179	7.630698018252637e-10
chrX:154347246-154384867	chrX_154351080_A_G_b38	rs2070822	ENSG00000177854.8	TMEM187	Adipose_Visceral_Omentum	-0.15834163129329681	4.744730156569853e-07
chrX:154347246-154384867	chrX_154351080_A_G_b38	rs2070822	ENSG00000102119.12	EMD	Adipose_Visceral_Omentum	0.08455372601747513	3.491427862693494e-06
chrX:154347246-154384867	chrX_154351080_A_G_b38	rs2070822	ENSG00000280195.1	ENSG00000280195	Adipose_Visceral_Omentum	0.12967796623706818	2.608277591523613e-08
chrX:154347246-154384867	chrX_154351080_A_G_b38	rs2070822	ENSG00000147403.18	RPL10	Adipose_Visceral_Omentum	-0.11834551393985748	1.9627182434069485e-16
chrX:154347246-154384867	chrX_154351080_A_G_b38	rs2070822	ENSG00000102125.16	TAFAZZIN	Adipose_Visceral_Omentum	-0.06914343684911728	4.3224866227722186e-05
chrX:154347246-154384867	chrX_154351080_A_G_b38	rs2070822	ENSG00000013563.14	DNASE1L1	Adipose_Visceral_Omentum	0.13332706689834595	1.1965469614924064e-08
chrX:154347246-154384867	chrX_154351080_A_G_b38	rs2070822	ENSG00000071859.15	FAM50A	Adipose_Visceral_Omentum	0.13507992029190063	6.5382011719010805e-12
chrX:154347246-154384867	chrX_154351080_A_G_b38	rs2070822	ENSG00000130827.6	PLXNA3	Adipose_Visceral_Omentum	-0.33964216709136963	1.2389207808952687e-33
chrX:154347246-154384867	chrX_154351080_A_G_b38	rs2070822	ENSG00000071889.17	FAM3A	Adipose_Visceral_Omentum	0.2611420154571533	1.920082135722339e-20
chrX:154347246-154384867	chrX_154351080_A_G_b38	rs2070822	ENSG00000288722.1	F8A1	Adipose_Visceral_Omentum	-0.23748834431171417	9.268596131805681e-14
chrX:154347246-154384867	chrX_154351080_A_G_b38	rs2070822	ENSG00000280195.1	ENSG00000280195	Pituitary	0.212727889418602	4.7533090651806815e-05
chrX:154347246-154384867	chrX_154351080_A_G_b38	rs2070822	ENSG00000147403.18	RPL10	Pituitary	-0.18475909531116486	1.3601901517207024e-08
chrX:154347246-154384867	chrX_154351080_A_G_b38	rs2070822	ENSG00000130827.6	PLXNA3	Pituitary	-0.1727903038263321	1.7231279603326034e-08
chrX:154347246-154384867	chrX_154351080_A_G_b38	rs2070822	ENSG00000071889.17	FAM3A	Pituitary	0.20328883826732635	6.36533170844851e-11
chrX:154347246-154384867	chrX_154351080_A_G_b38	rs2070822	ENSG00000288722.1	F8A1	Pituitary	-0.30496537685394287	3.2572337247881155e-08
chrX:154347246-154384867	chrX_154351080_A_G_b38	rs2070822	ENSG00000177854.8	TMEM187	Nerve_Tibial	-0.17051014304161072	2.886180791900155e-09
chrX:154347246-154384867	chrX_154351080_A_G_b38	rs2070822	ENSG00000184216.14	IRAK1	Nerve_Tibial	-0.056814271956682205	0.0003946391247487412
chrX:154347246-154384867	chrX_154351080_A_G_b38	rs2070822	ENSG00000280195.1	ENSG00000280195	Nerve_Tibial	0.18974003195762634	4.8501511986235175e-09
chrX:154347246-154384867	chrX_154351080_A_G_b38	rs2070822	ENSG00000147403.18	RPL10	Nerve_Tibial	-0.13588739931583405	3.787776678172561e-27
chrX:154347246-154384867	chrX_154351080_A_G_b38	rs2070822	ENSG00000207165.1	SNORA70	Nerve_Tibial	-0.09584815055131912	5.385125134065687e-06
chrX:154347246-154384867	chrX_154351080_A_G_b38	rs2070822	ENSG00000102125.16	TAFAZZIN	Nerve_Tibial	-0.05573315545916557	0.00014915741226792937
chrX:154347246-154384867	chrX_154351080_A_G_b38	rs2070822	ENSG00000013563.14	DNASE1L1	Nerve_Tibial	0.1114112064242363	6.284791756194456e-06
chrX:154347246-154384867	chrX_154351080_A_G_b38	rs2070822	ENSG00000071553.18	ATP6AP1	Nerve_Tibial	0.05704104155302048	1.6106312114128872e-05
chrX:154347246-154384867	chrX_154351080_A_G_b38	rs2070822	ENSG00000071859.15	FAM50A	Nerve_Tibial	0.13617950677871704	1.5675373300886917e-16
chrX:154347246-154384867	chrX_154351080_A_G_b38	rs2070822	ENSG00000130827.6	PLXNA3	Nerve_Tibial	-0.24490706622600555	2.0665432435753706e-50
chrX:154347246-154384867	chrX_154351080_A_G_b38	rs2070822	ENSG00000196976.8	LAGE3	Nerve_Tibial	0.2043444812297821	2.954667721527919e-25
chrX:154347246-154384867	chrX_154351080_A_G_b38	rs2070822	ENSG00000102178.13	UBL4A	Nerve_Tibial	0.10999427735805511	3.9826963821584975e-09
chrX:154347246-154384867	chrX_154351080_A_G_b38	rs2070822	ENSG00000071889.17	FAM3A	Nerve_Tibial	0.20705214142799377	5.641115521893104e-20
chrX:154347246-154384867	chrX_154351080_A_G_b38	rs2070822	ENSG00000288722.1	F8A1	Nerve_Tibial	-0.3361859917640686	2.397810483096699e-17
chrX:154347246-154384867	chrX_154351080_A_G_b38	rs2070822	ENSG00000165775.18	FUNDC2	Nerve_Tibial	-0.06300800293684006	0.0004466154896161886
chrX:154347246-154384867	chrX_154351080_A_G_b38	rs2070822	ENSG00000185010.15	F8	Nerve_Tibial	-0.14000782370567322	1.0470589238553275e-05
chrX:154347246-154384867	chrX_154351080_A_G_b38	rs2070822	ENSG00000185515.16	BRCC3	Nerve_Tibial	-0.11243519932031631	0.00013386153654805304
chrX:154347246-154384867	chrX_154351080_A_G_b38	rs2070822	ENSG00000130827.6	PLXNA3	Small_Intestine_Terminal_Ileum	-0.2973061203956604	3.0797994206265566e-08
chrX:154347246-154384867	chrX_154351080_A_G_b38	rs2070822	ENSG00000071889.17	FAM3A	Small_Intestine_Terminal_Ileum	0.15969739854335785	7.508224191435592e-05
chrX:154347246-154384867	chrX_154351080_A_G_b38	rs2070822	ENSG00000177854.8	TMEM187	Whole_Blood	-0.14903190732002258	2.418819009567356e-11
chrX:154347246-154384867	chrX_154351080_A_G_b38	rs2070822	ENSG00000196924.19	FLNA	Whole_Blood	-0.06549500674009323	4.5155081044735296e-08
chrX:154347246-154384867	chrX_154351080_A_G_b38	rs2070822	ENSG00000102119.12	EMD	Whole_Blood	0.08062969893217087	7.212429440083257e-10
chrX:154347246-154384867	chrX_154351080_A_G_b38	rs2070822	ENSG00000280195.1	ENSG00000280195	Whole_Blood	0.2169981598854065	1.1038550142507557e-12
chrX:154347246-154384867	chrX_154351080_A_G_b38	rs2070822	ENSG00000147403.18	RPL10	Whole_Blood	-0.05098970979452133	3.0836575060631516e-13
chrX:154347246-154384867	chrX_154351080_A_G_b38	rs2070822	ENSG00000102125.16	TAFAZZIN	Whole_Blood	-0.06858086585998535	2.2952641732825137e-06
chrX:154347246-154384867	chrX_154351080_A_G_b38	rs2070822	ENSG00000013563.14	DNASE1L1	Whole_Blood	0.06310926377773285	9.263552332375521e-06
chrX:154347246-154384867	chrX_154351080_A_G_b38	rs2070822	ENSG00000197180.3	CH17-340M24.3	Whole_Blood	-0.10369065403938293	9.304790632529169e-05
chrX:154347246-154384867	chrX_154351080_A_G_b38	rs2070822	ENSG00000071859.15	FAM50A	Whole_Blood	0.04372479021549225	3.965399850753728e-05
chrX:154347246-154384867	chrX_154351080_A_G_b38	rs2070822	ENSG00000130827.6	PLXNA3	Whole_Blood	-0.19078002870082855	5.976560105784678e-43
chrX:154347246-154384867	chrX_154351080_A_G_b38	rs2070822	ENSG00000196976.8	LAGE3	Whole_Blood	0.0639076977968216	5.813048062517946e-05
chrX:154347246-154384867	chrX_154351080_A_G_b38	rs2070822	ENSG00000071889.17	FAM3A	Whole_Blood	0.17132067680358887	8.914233512452e-22
chrX:154347246-154384867	chrX_154351080_A_G_b38	rs2070822	ENSG00000269335.7	IKBKG	Whole_Blood	-0.06522060185670853	4.262202477996644e-05
chrX:154347246-154384867	chrX_154351080_A_G_b38	rs2070822	ENSG00000288722.1	F8A1	Whole_Blood	-0.202246755361557	3.981286915474816e-13
chrX:154347246-154384867	chrX_154351080_A_G_b38	rs2070822	ENSG00000196924.19	FLNA	Skin_Not_Sun_Exposed_Suprapubic	0.11577220261096954	5.008534902258658e-11
chrX:154347246-154384867	chrX_154351080_A_G_b38	rs2070822	ENSG00000280195.1	ENSG00000280195	Skin_Not_Sun_Exposed_Suprapubic	0.14008070528507233	4.329097173742966e-06
chrX:154347246-154384867	chrX_154351080_A_G_b38	rs2070822	ENSG00000147403.18	RPL10	Skin_Not_Sun_Exposed_Suprapubic	-0.11727245897054672	8.743479204523265e-13
chrX:154347246-154384867	chrX_154351080_A_G_b38	rs2070822	ENSG00000102125.16	TAFAZZIN	Skin_Not_Sun_Exposed_Suprapubic	-0.0715351402759552	9.678687897719482e-07
chrX:154347246-154384867	chrX_154351080_A_G_b38	rs2070822	ENSG00000071859.15	FAM50A	Skin_Not_Sun_Exposed_Suprapubic	0.15667878091335297	4.238193598300016e-16
chrX:154347246-154384867	chrX_154351080_A_G_b38	rs2070822	ENSG00000130827.6	PLXNA3	Skin_Not_Sun_Exposed_Suprapubic	-0.331561803817749	2.626334889761755e-44
chrX:154347246-154384867	chrX_154351080_A_G_b38	rs2070822	ENSG00000196976.8	LAGE3	Skin_Not_Sun_Exposed_Suprapubic	0.12800739705562592	5.056837029518648e-11
chrX:154347246-154384867	chrX_154351080_A_G_b38	rs2070822	ENSG00000102178.13	UBL4A	Skin_Not_Sun_Exposed_Suprapubic	0.07518438249826431	6.476911793585401e-05
chrX:154347246-154384867	chrX_154351080_A_G_b38	rs2070822	ENSG00000071889.17	FAM3A	Skin_Not_Sun_Exposed_Suprapubic	0.15514308214187622	4.661278377166699e-12
chrX:154347246-154384867	chrX_154351080_A_G_b38	rs2070822	ENSG00000288722.1	F8A1	Skin_Not_Sun_Exposed_Suprapubic	-0.3042311370372772	2.4784367487512767e-13
chrX:154347246-154384867	chrX_154351080_A_G_b38	rs2070822	ENSG00000147403.18	RPL10	Esophagus_Gastroesophageal_Junction	-0.1428460329771042	4.115732255381482e-10
chrX:154347246-154384867	chrX_154351080_A_G_b38	rs2070822	ENSG00000102125.16	TAFAZZIN	Esophagus_Gastroesophageal_Junction	-0.06918981671333313	0.00016750974243177113
chrX:154347246-154384867	chrX_154351080_A_G_b38	rs2070822	ENSG00000071859.15	FAM50A	Esophagus_Gastroesophageal_Junction	0.1952923834323883	1.0819942128815966e-11
chrX:154347246-154384867	chrX_154351080_A_G_b38	rs2070822	ENSG00000130827.6	PLXNA3	Esophagus_Gastroesophageal_Junction	-0.2427809238433838	2.77163665738505e-24
chrX:154347246-154384867	chrX_154351080_A_G_b38	rs2070822	ENSG00000071889.17	FAM3A	Esophagus_Gastroesophageal_Junction	0.24887079000473022	1.136896273779403e-13
chrX:154347246-154384867	chrX_154351080_A_G_b38	rs2070822	ENSG00000288722.1	F8A1	Esophagus_Gastroesophageal_Junction	-0.2202201634645462	3.5761222531531106e-06
chrX:154347246-154384867	chrX_154351080_A_G_b38	rs2070822	ENSG00000280195.1	ENSG00000280195	Brain_Hypothalamus	0.31124210357666016	1.660079694099841e-05
chrX:154347246-154384867	chrX_154351080_A_G_b38	rs2070822	ENSG00000147403.18	RPL10	Brain_Hypothalamus	-0.1357840746641159	2.9071036182521823e-09
chrX:154347246-154384867	chrX_154351080_A_G_b38	rs2070822	ENSG00000130827.6	PLXNA3	Brain_Hypothalamus	-0.08326256275177002	6.0992453524135986e-05
chrX:154347246-154384867	chrX_154351080_A_G_b38	rs2070822	ENSG00000071889.17	FAM3A	Brain_Hypothalamus	0.16363266110420227	2.413738749784694e-06
chrX:154347246-154384867	chrX_154351080_A_G_b38	rs2070822	ENSG00000288722.1	F8A1	Brain_Hypothalamus	-0.2712254822254181	3.0691702182546363e-06
chrX:154347246-154384867	chrX_154351080_A_G_b38	rs2070822	ENSG00000177854.8	TMEM187	Adipose_Subcutaneous	-0.17433370649814606	1.3887052318646558e-07
chrX:154347246-154384867	chrX_154351080_A_G_b38	rs2070822	ENSG00000280195.1	ENSG00000280195	Adipose_Subcutaneous	0.2520310878753662	8.804412152986061e-14
chrX:154347246-154384867	chrX_154351080_A_G_b38	rs2070822	ENSG00000147403.18	RPL10	Adipose_Subcutaneous	-0.11149877309799194	1.0205568831526064e-15
chrX:154347246-154384867	chrX_154351080_A_G_b38	rs2070822	ENSG00000102125.16	TAFAZZIN	Adipose_Subcutaneous	-0.08773687481880188	1.0898438085671214e-06
chrX:154347246-154384867	chrX_154351080_A_G_b38	rs2070822	ENSG00000013563.14	DNASE1L1	Adipose_Subcutaneous	0.11419682204723358	5.374428188754738e-06
chrX:154347246-154384867	chrX_154351080_A_G_b38	rs2070822	ENSG00000071859.15	FAM50A	Adipose_Subcutaneous	0.10787253081798553	1.9524973528170815e-09
chrX:154347246-154384867	chrX_154351080_A_G_b38	rs2070822	ENSG00000130827.6	PLXNA3	Adipose_Subcutaneous	-0.3365483283996582	1.5367775929106558e-44
chrX:154347246-154384867	chrX_154351080_A_G_b38	rs2070822	ENSG00000196976.8	LAGE3	Adipose_Subcutaneous	0.08547309041023254	4.630116003138111e-05
chrX:154347246-154384867	chrX_154351080_A_G_b38	rs2070822	ENSG00000102178.13	UBL4A	Adipose_Subcutaneous	0.07256521284580231	1.2620712458988559e-05
chrX:154347246-154384867	chrX_154351080_A_G_b38	rs2070822	ENSG00000126903.16	SLC10A3	Adipose_Subcutaneous	-0.06680738925933838	0.0003455708493648345
chrX:154347246-154384867	chrX_154351080_A_G_b38	rs2070822	ENSG00000071889.17	FAM3A	Adipose_Subcutaneous	0.23445303738117218	9.141398015001852e-28
chrX:154347246-154384867	chrX_154351080_A_G_b38	rs2070822	ENSG00000288722.1	F8A1	Adipose_Subcutaneous	-0.24200324714183807	1.4592398640737653e-13
chrX:154347246-154384867	chrX_154351080_A_G_b38	rs2070822	ENSG00000177854.8	TMEM187	Thyroid	-0.11605335026979446	4.528808032643777e-05
chrX:154347246-154384867	chrX_154351080_A_G_b38	rs2070822	ENSG00000184216.14	IRAK1	Thyroid	-0.06407806277275085	2.375028247580361e-05
chrX:154347246-154384867	chrX_154351080_A_G_b38	rs2070822	ENSG00000280195.1	ENSG00000280195	Thyroid	0.2853757441043854	5.739568078122882e-18
chrX:154347246-154384867	chrX_154351080_A_G_b38	rs2070822	ENSG00000147403.18	RPL10	Thyroid	-0.13515911996364594	3.684092409580326e-20
chrX:154347246-154384867	chrX_154351080_A_G_b38	rs2070822	ENSG00000102125.16	TAFAZZIN	Thyroid	-0.048538677394390106	0.0002874672220997745
chrX:154347246-154384867	chrX_154351080_A_G_b38	rs2070822	ENSG00000071859.15	FAM50A	Thyroid	0.12110662460327148	1.6276580673281408e-11
chrX:154347246-154384867	chrX_154351080_A_G_b38	rs2070822	ENSG00000130827.6	PLXNA3	Thyroid	-0.206515371799469	8.826323073375244e-37
chrX:154347246-154384867	chrX_154351080_A_G_b38	rs2070822	ENSG00000071889.17	FAM3A	Thyroid	0.2353724092245102	1.134078213491843e-27
chrX:154347246-154384867	chrX_154351080_A_G_b38	rs2070822	ENSG00000275882.1	IKBKGP1	Thyroid	-0.20687533915042877	8.593557390190958e-06
chrX:154347246-154384867	chrX_154351080_A_G_b38	rs2070822	ENSG00000288722.1	F8A1	Thyroid	-0.3059104084968567	1.0133160113754902e-15
chrX:154347246-154384867	chrX_154351080_A_G_b38	rs2070822	ENSG00000177854.8	TMEM187	Heart_Left_Ventricle	-0.151285782456398	0.00012324304164823563
chrX:154347246-154384867	chrX_154351080_A_G_b38	rs2070822	ENSG00000280195.1	ENSG00000280195	Heart_Left_Ventricle	0.2281118780374527	1.8314204438791273e-06
chrX:154347246-154384867	chrX_154351080_A_G_b38	rs2070822	ENSG00000147403.18	RPL10	Heart_Left_Ventricle	-0.14509031176567078	3.2068498234574702e-12
chrX:154347246-154384867	chrX_154351080_A_G_b38	rs2070822	ENSG00000071859.15	FAM50A	Heart_Left_Ventricle	0.16143345832824707	3.1267761095860186e-13
chrX:154347246-154384867	chrX_154351080_A_G_b38	rs2070822	ENSG00000130827.6	PLXNA3	Heart_Left_Ventricle	-0.42433106899261475	6.7567106487195635e-46
chrX:154347246-154384867	chrX_154351080_A_G_b38	rs2070822	ENSG00000071889.17	FAM3A	Heart_Left_Ventricle	0.1112765371799469	2.262149940833032e-06
chrX:154347246-154384867	chrX_154351080_A_G_b38	rs2070822	ENSG00000288722.1	F8A1	Heart_Left_Ventricle	-0.2172877937555313	9.557681561815758e-07
chrX:154347246-154384867	chrX_154351080_A_G_b38	rs2070822	ENSG00000147403.18	RPL10	Testis	-0.11843173950910568	2.3734220190428007e-20
chrX:154347246-154384867	chrX_154351080_A_G_b38	rs2070822	ENSG00000071859.15	FAM50A	Testis	0.08437735587358475	1.8597045872636597e-07
chrX:154347246-154384867	chrX_154351080_A_G_b38	rs2070822	ENSG00000130827.6	PLXNA3	Testis	-0.39473679661750793	2.9888241982614427e-50
chrX:154347246-154384867	chrX_154351080_A_G_b38	rs2070822	ENSG00000196976.8	LAGE3	Testis	0.08971736580133438	0.00011793110416119053
chrX:154347246-154384867	chrX_154351080_A_G_b38	rs2070822	ENSG00000071889.17	FAM3A	Testis	0.16545140743255615	1.8780411444977916e-14
chrX:154347246-154384867	chrX_154351080_A_G_b38	rs2070822	ENSG00000226141.1	ENSG00000226141	Testis	-0.23855778574943542	1.11384931623121e-06
chrX:154347246-154384867	chrX_154351080_A_G_b38	rs2070822	ENSG00000288722.1	F8A1	Testis	-0.21109260618686676	6.752086669719897e-07
chrX:154347246-154384867	chrX_154351080_A_G_b38	rs2070822	ENSG00000184216.14	IRAK1	Brain_Caudate_basal_ganglia	-0.10431123524904251	7.270004913695105e-05
chrX:154347246-154384867	chrX_154351080_A_G_b38	rs2070822	ENSG00000147403.18	RPL10	Brain_Caudate_basal_ganglia	-0.17920972406864166	1.348498261734602e-12
chrX:154347246-154384867	chrX_154351080_A_G_b38	rs2070822	ENSG00000071859.15	FAM50A	Brain_Caudate_basal_ganglia	0.10408318042755127	1.9267846156056257e-05
chrX:154347246-154384867	chrX_154351080_A_G_b38	rs2070822	ENSG00000130827.6	PLXNA3	Brain_Caudate_basal_ganglia	-0.31252339482307434	3.582362647608467e-20
chrX:154347246-154384867	chrX_154351080_A_G_b38	rs2070822	ENSG00000126903.16	SLC10A3	Brain_Caudate_basal_ganglia	0.14472198486328125	6.595771645236154e-05
chrX:154347246-154384867	chrX_154351080_A_G_b38	rs2070822	ENSG00000288722.1	F8A1	Brain_Caudate_basal_ganglia	-0.257832407951355	5.9311039126155304e-08
chrX:154347246-154384867	chrX_154351080_A_G_b38	rs2070822	ENSG00000177854.8	TMEM187	Muscle_Skeletal	-0.16219523549079895	4.106688590476676e-09
chrX:154347246-154384867	chrX_154351080_A_G_b38	rs2070822	ENSG00000280195.1	ENSG00000280195	Muscle_Skeletal	0.2260546088218689	8.226127525175747e-14
chrX:154347246-154384867	chrX_154351080_A_G_b38	rs2070822	ENSG00000147403.18	RPL10	Muscle_Skeletal	-0.16272565722465515	5.317839407136133e-22
chrX:154347246-154384867	chrX_154351080_A_G_b38	rs2070822	ENSG00000013563.14	DNASE1L1	Muscle_Skeletal	0.10042141377925873	1.9638191580869924e-06
chrX:154347246-154384867	chrX_154351080_A_G_b38	rs2070822	ENSG00000071859.15	FAM50A	Muscle_Skeletal	0.08431992679834366	1.3551792229664372e-08
chrX:154347246-154384867	chrX_154351080_A_G_b38	rs2070822	ENSG00000130827.6	PLXNA3	Muscle_Skeletal	-0.4913225769996643	2.5247331584669087e-111
chrX:154347246-154384867	chrX_154351080_A_G_b38	rs2070822	ENSG00000071889.17	FAM3A	Muscle_Skeletal	0.08993601053953171	2.1967052502631872e-05
chrX:154347246-154384867	chrX_154351080_A_G_b38	rs2070822	ENSG00000288722.1	F8A1	Muscle_Skeletal	-0.2769605815410614	1.3645765379713502e-17
chrX:154347246-154384867	chrX_154351080_A_G_b38	rs2070822	ENSG00000198753.12	PLXNB3	Artery_Tibial	0.12585075199604034	0.000215780833270448
chrX:154347246-154384867	chrX_154351080_A_G_b38	rs2070822	ENSG00000177854.8	TMEM187	Artery_Tibial	-0.19350995123386383	1.9871283004496067e-12
chrX:154347246-154384867	chrX_154351080_A_G_b38	rs2070822	ENSG00000147403.18	RPL10	Artery_Tibial	-0.15455427765846252	2.6491395454305357e-27
chrX:154347246-154384867	chrX_154351080_A_G_b38	rs2070822	ENSG00000207165.1	SNORA70	Artery_Tibial	-0.11102563142776489	2.998304208149391e-05
chrX:154347246-154384867	chrX_154351080_A_G_b38	rs2070822	ENSG00000102125.16	TAFAZZIN	Artery_Tibial	-0.0652262344956398	0.00020382330679242475
chrX:154347246-154384867	chrX_154351080_A_G_b38	rs2070822	ENSG00000013563.14	DNASE1L1	Artery_Tibial	0.15333829820156097	1.2562128382658533e-10
chrX:154347246-154384867	chrX_154351080_A_G_b38	rs2070822	ENSG00000071553.18	ATP6AP1	Artery_Tibial	0.07333884388208389	1.7973110176395814e-05
chrX:154347246-154384867	chrX_154351080_A_G_b38	rs2070822	ENSG00000203879.12	GDI1	Artery_Tibial	0.08813733607530594	2.0263698598075044e-09
chrX:154347246-154384867	chrX_154351080_A_G_b38	rs2070822	ENSG00000071859.15	FAM50A	Artery_Tibial	0.1329353004693985	1.407962117517558e-15
chrX:154347246-154384867	chrX_154351080_A_G_b38	rs2070822	ENSG00000130827.6	PLXNA3	Artery_Tibial	-0.2697181701660156	1.3310714073084745e-63
chrX:154347246-154384867	chrX_154351080_A_G_b38	rs2070822	ENSG00000196976.8	LAGE3	Artery_Tibial	0.18092000484466553	3.7170603141959157e-19
chrX:154347246-154384867	chrX_154351080_A_G_b38	rs2070822	ENSG00000102178.13	UBL4A	Artery_Tibial	0.07412324100732803	1.9442985318406077e-05
chrX:154347246-154384867	chrX_154351080_A_G_b38	rs2070822	ENSG00000071889.17	FAM3A	Artery_Tibial	0.2260291576385498	1.281034566846901e-19
chrX:154347246-154384867	chrX_154351080_A_G_b38	rs2070822	ENSG00000288722.1	F8A1	Artery_Tibial	-0.3562617003917694	8.017667185278594e-23
chrX:154347246-154384867	chrX_154351080_A_G_b38	rs2070822	ENSG00000147403.18	RPL10	Brain_Substantia_nigra	-0.15798413753509521	3.0688638860564814e-07
chrX:154347246-154384867	chrX_154351080_A_G_b38	rs2070822	ENSG00000130827.6	PLXNA3	Brain_Substantia_nigra	-0.2880834639072418	1.061361642810195e-09
chrX:154347246-154384867	chrX_154351080_A_G_b38	rs2070822	ENSG00000288722.1	F8A1	Brain_Substantia_nigra	-0.27284038066864014	1.3947433939890162e-05
chrX:154347246-154384867	chrX_154351080_A_G_b38	rs2070822	ENSG00000280195.1	ENSG00000280195	Prostate	0.21871550381183624	1.386865918891108e-05
chrX:154347246-154384867	chrX_154351080_A_G_b38	rs2070822	ENSG00000147403.18	RPL10	Prostate	-0.16026100516319275	1.2316710668936528e-07
chrX:154347246-154384867	chrX_154351080_A_G_b38	rs2070822	ENSG00000130827.6	PLXNA3	Prostate	-0.18513290584087372	1.4406373748668244e-09
chrX:154347246-154384867	chrX_154351080_A_G_b38	rs2070822	ENSG00000071889.17	FAM3A	Prostate	0.22502391040325165	1.248045438975409e-11
chrX:154347246-154384867	chrX_154351080_A_G_b38	rs2070822	ENSG00000275882.1	IKBKGP1	Prostate	-0.2800402045249939	0.00010187737509750236
chrX:154347246-154384867	chrX_154351080_A_G_b38	rs2070822	ENSG00000288722.1	F8A1	Prostate	-0.28610777854919434	7.039498703146914e-07
chrX:154347246-154384867	chrX_154351080_A_G_b38	rs2070822	ENSG00000177854.8	TMEM187	Brain_Hippocampus	-0.19775621592998505	5.0389147853532926e-05
chrX:154347246-154384867	chrX_154351080_A_G_b38	rs2070822	ENSG00000280195.1	ENSG00000280195	Brain_Hippocampus	0.32518887519836426	1.164362161410294e-06
chrX:154347246-154384867	chrX_154351080_A_G_b38	rs2070822	ENSG00000147403.18	RPL10	Brain_Hippocampus	-0.19140984117984772	2.2156406604639697e-13
chrX:154347246-154384867	chrX_154351080_A_G_b38	rs2070822	ENSG00000071859.15	FAM50A	Brain_Hippocampus	0.13791611790657043	2.3407454103472827e-06
chrX:154347246-154384867	chrX_154351080_A_G_b38	rs2070822	ENSG00000130827.6	PLXNA3	Brain_Hippocampus	-0.3052689731121063	9.925956018804489e-20
chrX:154347246-154384867	chrX_154351080_A_G_b38	rs2070822	ENSG00000288722.1	F8A1	Brain_Hippocampus	-0.23370125889778137	7.038792225132264e-06
chrX:154347246-154384867	chrX_154351080_A_G_b38	rs2070822	ENSG00000280195.1	ENSG00000280195	Brain_Frontal_Cortex_BA9	0.3937205374240875	2.295667641340303e-08
chrX:154347246-154384867	chrX_154351080_A_G_b38	rs2070822	ENSG00000147403.18	RPL10	Brain_Frontal_Cortex_BA9	-0.1799928843975067	5.015072261301349e-16
chrX:154347246-154384867	chrX_154351080_A_G_b38	rs2070822	ENSG00000071859.15	FAM50A	Brain_Frontal_Cortex_BA9	0.0958717092871666	0.00020392448006670538
chrX:154347246-154384867	chrX_154351080_A_G_b38	rs2070822	ENSG00000130827.6	PLXNA3	Brain_Frontal_Cortex_BA9	-0.5610410571098328	4.2021036193127546e-42
chrX:154347246-154384867	chrX_154351080_A_G_b38	rs2070822	ENSG00000071889.17	FAM3A	Brain_Frontal_Cortex_BA9	0.09825319796800613	0.00022138560282970363
chrX:154347246-154384867	chrX_154351080_A_G_b38	rs2070822	ENSG00000288722.1	F8A1	Brain_Frontal_Cortex_BA9	-0.3105051815509796	1.590484680154005e-08
chrX:154347246-154384867	chrX_154351080_A_G_b38	rs2070822	ENSG00000147403.18	RPL10	Colon_Sigmoid	-0.1373627781867981	1.984950815672466e-11
chrX:154347246-154384867	chrX_154351080_A_G_b38	rs2070822	ENSG00000071859.15	FAM50A	Colon_Sigmoid	0.09676840156316757	3.6180947384864103e-06
chrX:154347246-154384867	chrX_154351080_A_G_b38	rs2070822	ENSG00000130827.6	PLXNA3	Colon_Sigmoid	-0.20126497745513916	6.531759450841123e-21
chrX:154347246-154384867	chrX_154351080_A_G_b38	rs2070822	ENSG00000071889.17	FAM3A	Colon_Sigmoid	0.24167072772979736	2.2261955062563504e-13
chrX:154347246-154384867	chrX_154351080_A_G_b38	rs2070822	ENSG00000288722.1	F8A1	Colon_Sigmoid	-0.2904510796070099	7.92201715698508e-09
chrX:154347246-154384867	chrX_154351080_A_G_b38	rs2070822	ENSG00000177854.8	TMEM187	Artery_Aorta	-0.15976954996585846	5.627149436197137e-05
chrX:154347246-154384867	chrX_154351080_A_G_b38	rs2070822	ENSG00000147403.18	RPL10	Artery_Aorta	-0.2024199217557907	2.6421633833499864e-25
chrX:154347246-154384867	chrX_154351080_A_G_b38	rs2070822	ENSG00000013563.14	DNASE1L1	Artery_Aorta	0.1480187177658081	2.7252358207978728e-09
chrX:154347246-154384867	chrX_154351080_A_G_b38	rs2070822	ENSG00000203879.12	GDI1	Artery_Aorta	0.0830925852060318	2.817656735335545e-05
chrX:154347246-154384867	chrX_154351080_A_G_b38	rs2070822	ENSG00000071859.15	FAM50A	Artery_Aorta	0.16742604970932007	2.2964093293174812e-12
chrX:154347246-154384867	chrX_154351080_A_G_b38	rs2070822	ENSG00000130827.6	PLXNA3	Artery_Aorta	-0.3272574245929718	1.8120608689739176e-45
chrX:154347246-154384867	chrX_154351080_A_G_b38	rs2070822	ENSG00000196976.8	LAGE3	Artery_Aorta	0.16723273694515228	4.588185650251273e-09
chrX:154347246-154384867	chrX_154351080_A_G_b38	rs2070822	ENSG00000102178.13	UBL4A	Artery_Aorta	0.13377340137958527	6.769753645322498e-11
chrX:154347246-154384867	chrX_154351080_A_G_b38	rs2070822	ENSG00000071889.17	FAM3A	Artery_Aorta	0.34575432538986206	3.2466984843013798e-24
chrX:154347246-154384867	chrX_154351080_A_G_b38	rs2070822	ENSG00000288722.1	F8A1	Artery_Aorta	-0.27515414357185364	4.2339048095226344e-08
chrX:154347246-154384867	chrX_154351080_A_G_b38	rs2070822	ENSG00000147403.18	RPL10	Colon_Transverse	-0.15211741626262665	8.259787159998936e-15
chrX:154347246-154384867	chrX_154351080_A_G_b38	rs2070822	ENSG00000013563.14	DNASE1L1	Colon_Transverse	0.10890142619609833	8.940160379798503e-08
chrX:154347246-154384867	chrX_154351080_A_G_b38	rs2070822	ENSG00000071859.15	FAM50A	Colon_Transverse	0.11678636819124222	8.46879781062887e-09
chrX:154347246-154384867	chrX_154351080_A_G_b38	rs2070822	ENSG00000130827.6	PLXNA3	Colon_Transverse	-0.34650030732154846	1.6075183303388945e-35
chrX:154347246-154384867	chrX_154351080_A_G_b38	rs2070822	ENSG00000071889.17	FAM3A	Colon_Transverse	0.16205854713916779	3.526053997672514e-13
chrX:154347246-154384867	chrX_154351080_A_G_b38	rs2070822	ENSG00000269335.7	IKBKG	Colon_Transverse	-0.11203384399414062	0.00017008927431847798
chrX:154347246-154384867	chrX_154351080_A_G_b38	rs2070822	ENSG00000288722.1	F8A1	Colon_Transverse	-0.28954148292541504	1.0004647084899278e-09
chrX:154347246-154384867	chrX_154351080_A_G_b38	rs2070822	ENSG00000280195.1	ENSG00000280195	Esophagus_Mucosa	0.16945059597492218	3.101595762936448e-07
chrX:154347246-154384867	chrX_154351080_A_G_b38	rs2070822	ENSG00000147403.18	RPL10	Esophagus_Mucosa	-0.1658673882484436	5.997060411884887e-16
chrX:154347246-154384867	chrX_154351080_A_G_b38	rs2070822	ENSG00000102125.16	TAFAZZIN	Esophagus_Mucosa	-0.05269808694720268	0.00021227532973818746
chrX:154347246-154384867	chrX_154351080_A_G_b38	rs2070822	ENSG00000013563.14	DNASE1L1	Esophagus_Mucosa	0.2139422744512558	2.9141657337277773e-17
chrX:154347246-154384867	chrX_154351080_A_G_b38	rs2070822	ENSG00000071859.15	FAM50A	Esophagus_Mucosa	0.15589697659015656	3.600859305125969e-13
chrX:154347246-154384867	chrX_154351080_A_G_b38	rs2070822	ENSG00000130827.6	PLXNA3	Esophagus_Mucosa	-0.4233607351779938	3.192031670108783e-63
chrX:154347246-154384867	chrX_154351080_A_G_b38	rs2070822	ENSG00000071889.17	FAM3A	Esophagus_Mucosa	0.17089024186134338	9.984971572187652e-18
chrX:154347246-154384867	chrX_154351080_A_G_b38	rs2070822	ENSG00000288722.1	F8A1	Esophagus_Mucosa	-0.30388399958610535	1.8620340243805152e-13
chrX:154347246-154384867	chrX_154351080_A_G_b38	rs2070822	ENSG00000177854.8	TMEM187	Brain_Anterior_cingulate_cortex_BA24	-0.22147993743419647	7.363588810085902e-07
chrX:154347246-154384867	chrX_154351080_A_G_b38	rs2070822	ENSG00000280195.1	ENSG00000280195	Brain_Anterior_cingulate_cortex_BA24	0.2795415222644806	0.00014274312216934826
chrX:154347246-154384867	chrX_154351080_A_G_b38	rs2070822	ENSG00000147403.18	RPL10	Brain_Anterior_cingulate_cortex_BA24	-0.16889524459838867	5.990541110953382e-11
chrX:154347246-154384867	chrX_154351080_A_G_b38	rs2070822	ENSG00000130827.6	PLXNA3	Brain_Anterior_cingulate_cortex_BA24	-0.4010411202907562	6.762547304482794e-26
chrX:154347246-154384867	chrX_154351080_A_G_b38	rs2070822	ENSG00000071889.17	FAM3A	Brain_Anterior_cingulate_cortex_BA24	0.13198713958263397	2.28581142750578e-06
chrX:154347246-154384867	chrX_154351080_A_G_b38	rs2070822	ENSG00000288722.1	F8A1	Brain_Anterior_cingulate_cortex_BA24	-0.3295993208885193	2.6633067745233793e-07
chrX:154347246-154384867	chrX_154351080_A_G_b38	rs2070822	ENSG00000177854.8	TMEM187	Stomach	-0.1290191411972046	6.154204800395892e-05
chrX:154347246-154384867	chrX_154351080_A_G_b38	rs2070822	ENSG00000147403.18	RPL10	Stomach	-0.14960694313049316	1.0564721697655109e-13
chrX:154347246-154384867	chrX_154351080_A_G_b38	rs2070822	ENSG00000071859.15	FAM50A	Stomach	0.11476936936378479	6.22113486472563e-05
chrX:154347246-154384867	chrX_154351080_A_G_b38	rs2070822	ENSG00000130827.6	PLXNA3	Stomach	-0.3195509910583496	1.3056211424919496e-31
chrX:154347246-154384867	chrX_154351080_A_G_b38	rs2070822	ENSG00000071889.17	FAM3A	Stomach	0.26431986689567566	3.567602606714765e-15
chrX:154347246-154384867	chrX_154351080_A_G_b38	rs2070822	ENSG00000288722.1	F8A1	Stomach	-0.2598128020763397	1.301566676430642e-06
chrX:154347246-154384867	chrX_154351080_A_G_b38	rs2070822	ENSG00000196924.19	FLNA	Brain_Cerebellar_Hemisphere	-0.12435201555490494	9.674274865307128e-05
chrX:154347246-154384867	chrX_154351080_A_G_b38	rs2070822	ENSG00000280195.1	ENSG00000280195	Brain_Cerebellar_Hemisphere	0.2686195969581604	1.1600255023771055e-06
chrX:154347246-154384867	chrX_154351080_A_G_b38	rs2070822	ENSG00000147403.18	RPL10	Brain_Cerebellar_Hemisphere	-0.1359061896800995	5.489747971325809e-08
chrX:154347246-154384867	chrX_154351080_A_G_b38	rs2070822	ENSG00000013563.14	DNASE1L1	Brain_Cerebellar_Hemisphere	-0.1583409309387207	3.827421599480146e-05
chrX:154347246-154384867	chrX_154351080_A_G_b38	rs2070822	ENSG00000071859.15	FAM50A	Brain_Cerebellar_Hemisphere	0.13702310621738434	1.760318734275121e-08
chrX:154347246-154384867	chrX_154351080_A_G_b38	rs2070822	ENSG00000130827.6	PLXNA3	Brain_Cerebellar_Hemisphere	-0.42964428663253784	1.165838374232666e-41
chrX:154347246-154384867	chrX_154351080_A_G_b38	rs2070822	ENSG00000196976.8	LAGE3	Brain_Cerebellar_Hemisphere	0.09152741730213165	0.00018301006445152829
chrX:154347246-154384867	chrX_154351080_A_G_b38	rs2070822	ENSG00000071889.17	FAM3A	Brain_Cerebellar_Hemisphere	0.08676334470510483	0.00010956137961968923
chrX:154347246-154384867	chrX_154351080_A_G_b38	rs2070822	ENSG00000288722.1	F8A1	Brain_Cerebellar_Hemisphere	-0.28662943840026855	6.615839077709507e-09
chrX:154347246-154384867	chrX_154351080_A_G_b38	rs2070822	ENSG00000071859.15	FAM50A	Adrenal_Gland	0.09978175163269043	4.686478801235443e-05
chrX:154347246-154384867	chrX_154351080_A_G_b38	rs2070822	ENSG00000130827.6	PLXNA3	Adrenal_Gland	-0.3843284845352173	6.788019388093427e-22
chrX:154347246-154384867	chrX_154351080_A_G_b38	rs2070822	ENSG00000071889.17	FAM3A	Adrenal_Gland	0.21407020092010498	6.71809988321836e-09
chrX:154347246-154384867	chrX_154351080_A_G_b38	rs2070822	ENSG00000288722.1	F8A1	Adrenal_Gland	-0.33127516508102417	1.0536124996323884e-07
chrX:154347246-154384867	chrX_154351080_A_G_b38	rs2070822	ENSG00000280195.1	ENSG00000280195	Spleen	0.4975627660751343	1.97619758744127e-13
chrX:154347246-154384867	chrX_154351080_A_G_b38	rs2070822	ENSG00000147403.18	RPL10	Spleen	-0.19918613135814667	1.7539100329020387e-11
chrX:154347246-154384867	chrX_154351080_A_G_b38	rs2070822	ENSG00000102125.16	TAFAZZIN	Spleen	-0.0924626812338829	0.0001084436060194035
chrX:154347246-154384867	chrX_154351080_A_G_b38	rs2070822	ENSG00000130827.6	PLXNA3	Spleen	-0.32440945506095886	7.771235499189428e-15
chrX:154347246-154384867	chrX_154351080_A_G_b38	rs2070822	ENSG00000071889.17	FAM3A	Spleen	0.22986778616905212	6.766129891145792e-08
chrX:154347246-154384867	chrX_154351080_A_G_b38	rs2070822	ENSG00000288722.1	F8A1	Spleen	-0.3509449064731598	1.4987226077414827e-07
chrX:154347246-154384867	chrX_154351080_A_G_b38	rs2070822	ENSG00000177854.8	TMEM187	Heart_Atrial_Appendage	-0.1364019513130188	9.394423753999332e-05
chrX:154347246-154384867	chrX_154351080_A_G_b38	rs2070822	ENSG00000280195.1	ENSG00000280195	Heart_Atrial_Appendage	0.17823868989944458	1.817876040735592e-05
chrX:154347246-154384867	chrX_154351080_A_G_b38	rs2070822	ENSG00000147403.18	RPL10	Heart_Atrial_Appendage	-0.13338162004947662	1.5961296167038867e-11
chrX:154347246-154384867	chrX_154351080_A_G_b38	rs2070822	ENSG00000013563.14	DNASE1L1	Heart_Atrial_Appendage	0.09571593254804611	7.599940035921124e-05
chrX:154347246-154384867	chrX_154351080_A_G_b38	rs2070822	ENSG00000071859.15	FAM50A	Heart_Atrial_Appendage	0.11729823797941208	7.967284359877165e-08
chrX:154347246-154384867	chrX_154351080_A_G_b38	rs2070822	ENSG00000130827.6	PLXNA3	Heart_Atrial_Appendage	-0.31502804160118103	1.739158099764305e-32
chrX:154347246-154384867	chrX_154351080_A_G_b38	rs2070822	ENSG00000071889.17	FAM3A	Heart_Atrial_Appendage	0.1616969257593155	3.1350203563353216e-09
chrX:154347246-154384867	chrX_154351080_A_G_b38	rs2070822	ENSG00000288722.1	F8A1	Heart_Atrial_Appendage	-0.2744320333003998	1.9672355040436473e-09
chrX:154347246-154384867	chrX_154351080_A_G_b38	rs2070822	ENSG00000155959.12	VBP1	Heart_Atrial_Appendage	0.07129798829555511	5.09216873390611e-05
chrX:154347246-154384867	chrX_154351080_A_G_b38	rs2070822	ENSG00000280195.1	ENSG00000280195	Cells_EBV-transformed_lymphocytes	0.31324303150177	1.4365177801421878e-13
chrX:154347246-154384867	chrX_154351080_A_G_b38	rs2070822	ENSG00000147403.18	RPL10	Cells_EBV-transformed_lymphocytes	-0.18359559774398804	1.331442854597938e-11
chrX:154347246-154384867	chrX_154351080_A_G_b38	rs2070822	ENSG00000102125.16	TAFAZZIN	Cells_EBV-transformed_lymphocytes	-0.20208142697811127	5.099986891261578e-09
chrX:154347246-154384867	chrX_154351080_A_G_b38	rs2070822	ENSG00000013563.14	DNASE1L1	Cells_EBV-transformed_lymphocytes	0.25842782855033875	1.1886263122879622e-05
chrX:154347246-154384867	chrX_154351080_A_G_b38	rs2070822	ENSG00000071859.15	FAM50A	Cells_EBV-transformed_lymphocytes	0.1660986840724945	3.554088054173078e-08
chrX:154347246-154384867	chrX_154351080_A_G_b38	rs2070822	ENSG00000130827.6	PLXNA3	Cells_EBV-transformed_lymphocytes	-0.48749276995658875	1.703168950679599e-41
chrX:154347246-154384867	chrX_154351080_A_G_b38	rs2070822	ENSG00000126903.16	SLC10A3	Cells_EBV-transformed_lymphocytes	-0.2383487969636917	2.459905494338113e-10
chrX:154347246-154384867	chrX_154351080_A_G_b38	rs2070822	ENSG00000288722.1	F8A1	Cells_EBV-transformed_lymphocytes	-0.2765485644340515	8.173033676728015e-06
chrX:154347246-154384867	chrX_154351080_A_G_b38	rs2070822	ENSG00000177854.8	TMEM187	Brain_Cerebellum	-0.22809799015522003	6.456112705836526e-05
chrX:154347246-154384867	chrX_154351080_A_G_b38	rs2070822	ENSG00000280195.1	ENSG00000280195	Brain_Cerebellum	0.31014007329940796	5.815606328506153e-07
chrX:154347246-154384867	chrX_154351080_A_G_b38	rs2070822	ENSG00000147403.18	RPL10	Brain_Cerebellum	-0.21567654609680176	2.594978483074998e-10
chrX:154347246-154384867	chrX_154351080_A_G_b38	rs2070822	ENSG00000013563.14	DNASE1L1	Brain_Cerebellum	-0.21952897310256958	1.528438565161003e-08
chrX:154347246-154384867	chrX_154351080_A_G_b38	rs2070822	ENSG00000071859.15	FAM50A	Brain_Cerebellum	0.19972606003284454	8.717288886404242e-10
chrX:154347246-154384867	chrX_154351080_A_G_b38	rs2070822	ENSG00000130827.6	PLXNA3	Brain_Cerebellum	-0.447563499212265	1.5735938996339105e-31
chrX:154347246-154384867	chrX_154351080_A_G_b38	rs2070822	ENSG00000196976.8	LAGE3	Brain_Cerebellum	0.1438639909029007	3.5108572421967956e-05
chrX:154347246-154384867	chrX_154351080_A_G_b38	rs2070822	ENSG00000102178.13	UBL4A	Brain_Cerebellum	0.16502255201339722	2.1440219330456203e-06
chrX:154347246-154384867	chrX_154351080_A_G_b38	rs2070822	ENSG00000071889.17	FAM3A	Brain_Cerebellum	0.12416813522577286	9.515685459021757e-05
chrX:154347246-154384867	chrX_154351080_A_G_b38	rs2070822	ENSG00000288722.1	F8A1	Brain_Cerebellum	-0.3005335032939911	5.007088186583347e-07
chrX:154347246-154384867	chrX_154351080_A_G_b38	rs2070822	ENSG00000147403.18	RPL10	Liver	-0.13949720561504364	1.0103257498126188e-05
chrX:154347246-154384867	chrX_154351080_A_G_b38	rs2070822	ENSG00000130827.6	PLXNA3	Liver	-0.4038567841053009	4.072937144060462e-25
chrX:154347246-154384867	chrX_154351080_A_G_b38	rs2070822	ENSG00000071889.17	FAM3A	Liver	0.26488348841667175	1.3696965451075726e-10
chrX:154347246-154384867	chrX_154351080_A_G_b38	rs2070822	ENSG00000288722.1	F8A1	Liver	-0.26677095890045166	4.1731121532212995e-05
chrX:154347246-154384867	chrX_154351080_A_G_b38	rs2070822	ENSG00000130827.6	PLXNA3	Kidney_Cortex	-0.3790092468261719	1.2026641749807685e-08
chrX:154347246-154384867	chrX_154351080_A_G_b38	rs2070822	ENSG00000280195.1	ENSG00000280195	Brain_Amygdala	0.4007016122341156	7.356755003551599e-07
chrX:154347246-154384867	chrX_154351080_A_G_b38	rs2070822	ENSG00000147403.18	RPL10	Brain_Amygdala	-0.1558440923690796	1.6340524880273185e-06
chrX:154347246-154384867	chrX_154351080_A_G_b38	rs2070822	ENSG00000130827.6	PLXNA3	Brain_Amygdala	-0.18855507671833038	1.776778494379631e-06
chrX:154347246-154384867	chrX_154351080_A_G_b38	rs2070822	ENSG00000071859.15	FAM50A	Brain_Spinal_cord_cervical_c-1	0.1617472618818283	6.576004169356901e-06
chrX:154347246-154384867	chrX_154351080_A_G_b38	rs2070822	ENSG00000130827.6	PLXNA3	Brain_Spinal_cord_cervical_c-1	-0.3231632709503174	1.0151076152921172e-11
chrX:154347246-154384867	chrX_154351080_A_G_b38	rs2070822	ENSG00000288722.1	F8A1	Brain_Spinal_cord_cervical_c-1	-0.30378782749176025	4.2355125904189205e-05
chrX:154347246-154384867	chrX_154351080_A_G_b38	rs2070822	ENSG00000102030.16	NAA10	Cells_Cultured_fibroblasts	0.03704465925693512	0.0003283099429012962
chrX:154347246-154384867	chrX_154351080_A_G_b38	rs2070822	ENSG00000177854.8	TMEM187	Cells_Cultured_fibroblasts	-0.1319722682237625	2.146688240512579e-07
chrX:154347246-154384867	chrX_154351080_A_G_b38	rs2070822	ENSG00000280195.1	ENSG00000280195	Cells_Cultured_fibroblasts	0.27201375365257263	5.6474434710396795e-15
chrX:154347246-154384867	chrX_154351080_A_G_b38	rs2070822	ENSG00000147403.18	RPL10	Cells_Cultured_fibroblasts	-0.11811493337154388	2.775988086668424e-28
chrX:154347246-154384867	chrX_154351080_A_G_b38	rs2070822	ENSG00000102125.16	TAFAZZIN	Cells_Cultured_fibroblasts	-0.07148367166519165	3.742098704626606e-05
chrX:154347246-154384867	chrX_154351080_A_G_b38	rs2070822	ENSG00000013563.14	DNASE1L1	Cells_Cultured_fibroblasts	0.22391363978385925	4.808160039722141e-28
chrX:154347246-154384867	chrX_154351080_A_G_b38	rs2070822	ENSG00000071553.18	ATP6AP1	Cells_Cultured_fibroblasts	0.07393538951873779	3.923973972140058e-05
chrX:154347246-154384867	chrX_154351080_A_G_b38	rs2070822	ENSG00000071859.15	FAM50A	Cells_Cultured_fibroblasts	0.1978832483291626	1.0234811140941838e-22
chrX:154347246-154384867	chrX_154351080_A_G_b38	rs2070822	ENSG00000130827.6	PLXNA3	Cells_Cultured_fibroblasts	-0.2720690965652466	3.460449446425783e-49
chrX:154347246-154384867	chrX_154351080_A_G_b38	rs2070822	ENSG00000126903.16	SLC10A3	Cells_Cultured_fibroblasts	-0.12671348452568054	3.0625139298331414e-07
chrX:154347246-154384867	chrX_154351080_A_G_b38	rs2070822	ENSG00000071889.17	FAM3A	Cells_Cultured_fibroblasts	0.3750423491001129	9.186274896485921e-38
chrX:154347246-154384867	chrX_154351080_A_G_b38	rs2070822	ENSG00000288722.1	F8A1	Cells_Cultured_fibroblasts	-0.34990671277046204	2.7352386470395455e-22
chrX:154347246-154384867	chrX_154351080_A_G_b38	rs2070822	ENSG00000185515.16	BRCC3	Cells_Cultured_fibroblasts	-0.051519524306058884	0.0006819202851114569
chrX:154347246-154384867	chrX_154351080_A_G_b38	rs2070822	ENSG00000177854.8	TMEM187	Lung	-0.1763165295124054	1.2939748872131919e-12
chrX:154347246-154384867	chrX_154351080_A_G_b38	rs2070822	ENSG00000280195.1	ENSG00000280195	Lung	0.23779316246509552	5.772053837824549e-16
chrX:154347246-154384867	chrX_154351080_A_G_b38	rs2070822	ENSG00000147403.18	RPL10	Lung	-0.16626393795013428	4.504737398582712e-20
chrX:154347246-154384867	chrX_154351080_A_G_b38	rs2070822	ENSG00000102125.16	TAFAZZIN	Lung	-0.09203983098268509	5.0897273696696835e-08
chrX:154347246-154384867	chrX_154351080_A_G_b38	rs2070822	ENSG00000013563.14	DNASE1L1	Lung	0.0756012499332428	0.0001119164788956519
chrX:154347246-154384867	chrX_154351080_A_G_b38	rs2070822	ENSG00000071859.15	FAM50A	Lung	0.11038047075271606	9.395853129122247e-12
chrX:154347246-154384867	chrX_154351080_A_G_b38	rs2070822	ENSG00000130827.6	PLXNA3	Lung	-0.2642892897129059	2.778110587327845e-35
chrX:154347246-154384867	chrX_154351080_A_G_b38	rs2070822	ENSG00000071889.17	FAM3A	Lung	0.2887480854988098	4.044571995215798e-25
chrX:154347246-154384867	chrX_154351080_A_G_b38	rs2070822	ENSG00000269335.7	IKBKG	Lung	-0.1332872360944748	3.9045440540544456e-08
chrX:154347246-154384867	chrX_154351080_A_G_b38	rs2070822	ENSG00000160211.19	G6PD	Lung	-0.07207708060741425	0.00013297474781532266
chrX:154347246-154384867	chrX_154351080_A_G_b38	rs2070822	ENSG00000275882.1	IKBKGP1	Lung	-0.1843654215335846	7.209880912992945e-05
chrX:154347246-154384867	chrX_154351080_A_G_b38	rs2070822	ENSG00000288722.1	F8A1	Lung	-0.23516112565994263	3.6263895183056514e-13
chrX:154347246-154384867	chrX_154351080_A_G_b38	rs2070822	ENSG00000280195.1	ENSG00000280195	Breast_Mammary_Tissue	0.1517162173986435	2.6461768364240732e-05
chrX:154347246-154384867	chrX_154351080_A_G_b38	rs2070822	ENSG00000147403.18	RPL10	Breast_Mammary_Tissue	-0.08029158413410187	1.9662759452704488e-07
chrX:154347246-154384867	chrX_154351080_A_G_b38	rs2070822	ENSG00000102125.16	TAFAZZIN	Breast_Mammary_Tissue	-0.07601666450500488	0.0001577188608978222
chrX:154347246-154384867	chrX_154351080_A_G_b38	rs2070822	ENSG00000071859.15	FAM50A	Breast_Mammary_Tissue	0.0697321891784668	2.531088890145885e-06
chrX:154347246-154384867	chrX_154351080_A_G_b38	rs2070822	ENSG00000130827.6	PLXNA3	Breast_Mammary_Tissue	-0.2721937894821167	2.451445204859863e-23
chrX:154347246-154384867	chrX_154351080_A_G_b38	rs2070822	ENSG00000071889.17	FAM3A	Breast_Mammary_Tissue	0.2115517258644104	3.692996620283371e-18
chrX:154347246-154384867	chrX_154351080_A_G_b38	rs2070822	ENSG00000288722.1	F8A1	Breast_Mammary_Tissue	-0.23280957341194153	6.139224457652646e-13
chrX:154347246-154384867	chrX_154351080_A_G_b38	rs2070822	ENSG00000130827.6	PLXNA3	Minor_Salivary_Gland	-0.16283826529979706	3.359386526300048e-07
chrX:154347246-154384867	chrX_154351080_A_G_b38	rs2070822	ENSG00000280195.1	ENSG00000280195	Brain_Cortex	0.28191787004470825	1.613673173046636e-05
chrX:154347246-154384867	chrX_154351080_A_G_b38	rs2070822	ENSG00000147403.18	RPL10	Brain_Cortex	-0.1863904893398285	1.3225847418738557e-14
chrX:154347246-154384867	chrX_154351080_A_G_b38	rs2070822	ENSG00000130827.6	PLXNA3	Brain_Cortex	-0.5897670984268188	9.094120442649768e-44
chrX:154347246-154384867	chrX_154351080_A_G_b38	rs2070822	ENSG00000102178.13	UBL4A	Brain_Cortex	0.0714041069149971	0.00023682779472386698
chrX:154347246-154384867	chrX_154351080_A_G_b38	rs2070822	ENSG00000071889.17	FAM3A	Brain_Cortex	0.11427262425422668	3.481368414701454e-05
chrX:154347246-154384867	chrX_154351080_A_G_b38	rs2070822	ENSG00000288722.1	F8A1	Brain_Cortex	-0.40884482860565186	7.420767836754837e-11
chrX:154347246-154384867	chrX_154351080_A_G_b38	rs2070822	ENSG00000280195.1	ENSG00000280195	Brain_Putamen_basal_ganglia	0.3165303170681	2.0207423930960037e-05
chrX:154347246-154384867	chrX_154351080_A_G_b38	rs2070822	ENSG00000147403.18	RPL10	Brain_Putamen_basal_ganglia	-0.1757279932498932	4.588368402868893e-10
chrX:154347246-154384867	chrX_154351080_A_G_b38	rs2070822	ENSG00000130827.6	PLXNA3	Brain_Putamen_basal_ganglia	-0.3669355809688568	1.5017068015419811e-21
chrX:154347246-154384867	chrX_154351080_A_G_b38	rs2070822	ENSG00000288722.1	F8A1	Brain_Putamen_basal_ganglia	-0.2668423354625702	3.0647133211021315e-07
chrX:154347246-154384867	chrX_154351080_A_G_b38	rs2070822	ENSG00000177854.8	TMEM187	Skin_Sun_Exposed_Lower_leg	-0.07043271511793137	0.00044143729228642925
chrX:154347246-154384867	chrX_154351080_A_G_b38	rs2070822	ENSG00000196924.19	FLNA	Skin_Sun_Exposed_Lower_leg	0.06707613915205002	2.3981257281980606e-06
chrX:154347246-154384867	chrX_154351080_A_G_b38	rs2070822	ENSG00000280195.1	ENSG00000280195	Skin_Sun_Exposed_Lower_leg	0.12981165945529938	8.827319565370968e-06
chrX:154347246-154384867	chrX_154351080_A_G_b38	rs2070822	ENSG00000147403.18	RPL10	Skin_Sun_Exposed_Lower_leg	-0.12261268496513367	2.6811354293250566e-19
chrX:154347246-154384867	chrX_154351080_A_G_b38	rs2070822	ENSG00000102125.16	TAFAZZIN	Skin_Sun_Exposed_Lower_leg	-0.0750899687409401	5.170126631516868e-07
chrX:154347246-154384867	chrX_154351080_A_G_b38	rs2070822	ENSG00000013563.14	DNASE1L1	Skin_Sun_Exposed_Lower_leg	0.1035408303141594	0.00017803474931768625
chrX:154347246-154384867	chrX_154351080_A_G_b38	rs2070822	ENSG00000071859.15	FAM50A	Skin_Sun_Exposed_Lower_leg	0.16054855287075043	3.3391140868403627e-19
chrX:154347246-154384867	chrX_154351080_A_G_b38	rs2070822	ENSG00000130827.6	PLXNA3	Skin_Sun_Exposed_Lower_leg	-0.3043885827064514	2.530448697651445e-40
chrX:154347246-154384867	chrX_154351080_A_G_b38	rs2070822	ENSG00000196976.8	LAGE3	Skin_Sun_Exposed_Lower_leg	0.1055598184466362	1.0356202709633161e-10
chrX:154347246-154384867	chrX_154351080_A_G_b38	rs2070822	ENSG00000102178.13	UBL4A	Skin_Sun_Exposed_Lower_leg	0.051804523915052414	0.0004842377451116789
chrX:154347246-154384867	chrX_154351080_A_G_b38	rs2070822	ENSG00000071889.17	FAM3A	Skin_Sun_Exposed_Lower_leg	0.10612925887107849	5.70287751459736e-10
chrX:154347246-154384867	chrX_154351080_A_G_b38	rs2070822	ENSG00000288722.1	F8A1	Skin_Sun_Exposed_Lower_leg	-0.3485579490661621	3.878178676349115e-21
chrX:154347246-154384867	chrX_154351080_A_G_b38	rs2070822	ENSG00000147403.18	RPL10	Artery_Coronary	-0.14961329102516174	1.3258185112383824e-06
chrX:154347246-154384867	chrX_154351080_A_G_b38	rs2070822	ENSG00000013563.14	DNASE1L1	Artery_Coronary	0.14905084669589996	3.8642137759500835e-05
chrX:154347246-154384867	chrX_154351080_A_G_b38	rs2070822	ENSG00000130827.6	PLXNA3	Artery_Coronary	-0.2624196708202362	9.83789115672084e-19
chrX:154347246-154384867	chrX_154351080_A_G_b38	rs2070822	ENSG00000071889.17	FAM3A	Artery_Coronary	0.2546361982822418	1.1936509103094486e-08
chrX:154347246-154384867	chrX_154351080_A_G_b38	rs2070822	ENSG00000288722.1	F8A1	Artery_Coronary	-0.2736448049545288	7.30190567569504e-08
chrX:154591327-154613096	chrX_154591448_G_A_b38	rs5986876	ENSG00000071889.17	FAM3A	Vagina	-0.46434399485588074	6.003066706072397e-10
chrX:154591327-154613096	chrX_154591448_G_A_b38	rs5986876	ENSG00000288722.1	F8A1	Vagina	0.4736478328704834	5.452561514103912e-06
chrX:154591327-154613096	chrX_154591448_G_A_b38	rs5986876	ENSG00000130827.6	PLXNA3	Brain_Nucleus_accumbens_basal_ganglia	0.24427326023578644	6.1215729530836885e-09
chrX:154591327-154613096	chrX_154591448_G_A_b38	rs5986876	ENSG00000288722.1	F8A1	Brain_Nucleus_accumbens_basal_ganglia	0.29447153210639954	4.210263488215181e-06
chrX:154591327-154613096	chrX_154591448_G_A_b38	rs5986876	ENSG00000147403.18	RPL10	Esophagus_Muscularis	0.0810571014881134	0.00017062515231636076
chrX:154591327-154613096	chrX_154591448_G_A_b38	rs5986876	ENSG00000130827.6	PLXNA3	Esophagus_Muscularis	0.22046096622943878	8.286724570863038e-26
chrX:154591327-154613096	chrX_154591448_G_A_b38	rs5986876	ENSG00000071889.17	FAM3A	Esophagus_Muscularis	-0.5287314057350159	7.848251432139785e-78
chrX:154591327-154613096	chrX_154591448_G_A_b38	rs5986876	ENSG00000275882.1	IKBKGP1	Esophagus_Muscularis	0.23131173849105835	6.082981132336517e-05
chrX:154591327-154613096	chrX_154591448_G_A_b38	rs5986876	ENSG00000288722.1	F8A1	Esophagus_Muscularis	0.38693490624427795	4.095848166429564e-17
chrX:154591327-154613096	chrX_154591448_G_A_b38	rs5986876	ENSG00000130827.6	PLXNA3	Pancreas	0.19410932064056396	2.0418899509183236e-07
chrX:154591327-154613096	chrX_154591448_G_A_b38	rs5986876	ENSG00000102178.13	UBL4A	Pancreas	-0.11016348004341125	9.383013025221307e-05
chrX:154591327-154613096	chrX_154591448_G_A_b38	rs5986876	ENSG00000071889.17	FAM3A	Pancreas	-0.496108740568161	2.1065628414743e-46
chrX:154591327-154613096	chrX_154591448_G_A_b38	rs5986876	ENSG00000269335.7	IKBKG	Pancreas	0.3537467122077942	4.318032883550248e-11
chrX:154591327-154613096	chrX_154591448_G_A_b38	rs5986876	ENSG00000288722.1	F8A1	Pancreas	0.4757826626300812	6.2053212643862315e-12
chrX:154591327-154613096	chrX_154591448_G_A_b38	rs5986876	ENSG00000102119.12	EMD	Adipose_Visceral_Omentum	-0.09275876730680466	1.2468170604506159e-05
chrX:154591327-154613096	chrX_154591448_G_A_b38	rs5986876	ENSG00000130827.6	PLXNA3	Adipose_Visceral_Omentum	0.34675392508506775	1.9768983070454768e-25
chrX:154591327-154613096	chrX_154591448_G_A_b38	rs5986876	ENSG00000126903.16	SLC10A3	Adipose_Visceral_Omentum	0.15806329250335693	1.512173592524101e-08
chrX:154591327-154613096	chrX_154591448_G_A_b38	rs5986876	ENSG00000071889.17	FAM3A	Adipose_Visceral_Omentum	-0.5773270130157471	1.1682834509906774e-92
chrX:154591327-154613096	chrX_154591448_G_A_b38	rs5986876	ENSG00000269335.7	IKBKG	Adipose_Visceral_Omentum	0.10589596629142761	7.072435890724417e-05
chrX:154591327-154613096	chrX_154591448_G_A_b38	rs5986876	ENSG00000275882.1	IKBKGP1	Adipose_Visceral_Omentum	0.33135277032852173	8.149415341594827e-09
chrX:154591327-154613096	chrX_154591448_G_A_b38	rs5986876	ENSG00000288722.1	F8A1	Adipose_Visceral_Omentum	0.3521203100681305	4.1510329581136927e-22
chrX:154591327-154613096	chrX_154591448_G_A_b38	rs5986876	ENSG00000071889.17	FAM3A	Pituitary	-0.3840307891368866	1.0339575237594901e-29
chrX:154591327-154613096	chrX_154591448_G_A_b38	rs5986876	ENSG00000288722.1	F8A1	Pituitary	0.3751373291015625	7.610713687248515e-09
chrX:154591327-154613096	chrX_154591448_G_A_b38	rs5986876	ENSG00000177854.8	TMEM187	Nerve_Tibial	0.15409038960933685	1.654222503054862e-06
chrX:154591327-154613096	chrX_154591448_G_A_b38	rs5986876	ENSG00000130827.6	PLXNA3	Nerve_Tibial	0.19423238933086395	4.130962078800934e-24
chrX:154591327-154613096	chrX_154591448_G_A_b38	rs5986876	ENSG00000196976.8	LAGE3	Nerve_Tibial	-0.1312558650970459	6.380651879092129e-09
chrX:154591327-154613096	chrX_154591448_G_A_b38	rs5986876	ENSG00000102178.13	UBL4A	Nerve_Tibial	-0.12234426289796829	4.239762799883121e-09
chrX:154591327-154613096	chrX_154591448_G_A_b38	rs5986876	ENSG00000126903.16	SLC10A3	Nerve_Tibial	0.09198689460754395	6.824360026307658e-06
chrX:154591327-154613096	chrX_154591448_G_A_b38	rs5986876	ENSG00000071889.17	FAM3A	Nerve_Tibial	-0.43727487325668335	1.7048941499066239e-84
chrX:154591327-154613096	chrX_154591448_G_A_b38	rs5986876	ENSG00000275882.1	IKBKGP1	Nerve_Tibial	0.3128396272659302	1.6108282161601706e-09
chrX:154591327-154613096	chrX_154591448_G_A_b38	rs5986876	ENSG00000288722.1	F8A1	Nerve_Tibial	0.42340362071990967	4.363406153201755e-22
chrX:154591327-154613096	chrX_154591448_G_A_b38	rs5986876	ENSG00000165775.18	FUNDC2	Nerve_Tibial	0.08069956302642822	5.285456798062149e-05
chrX:154591327-154613096	chrX_154591448_G_A_b38	rs5986876	ENSG00000185010.15	F8	Nerve_Tibial	0.1371888965368271	0.00010940662177651918
chrX:154591327-154613096	chrX_154591448_G_A_b38	rs5986876	ENSG00000130827.6	PLXNA3	Small_Intestine_Terminal_Ileum	0.2961199879646301	8.852635128732135e-07
chrX:154591327-154613096	chrX_154591448_G_A_b38	rs5986876	ENSG00000071889.17	FAM3A	Small_Intestine_Terminal_Ileum	-0.33116865158081055	2.5835974092307838e-15
chrX:154591327-154613096	chrX_154591448_G_A_b38	rs5986876	ENSG00000269335.7	IKBKG	Small_Intestine_Terminal_Ileum	0.31333112716674805	9.71198224327285e-06
chrX:154591327-154613096	chrX_154591448_G_A_b38	rs5986876	ENSG00000177854.8	TMEM187	Whole_Blood	0.12728357315063477	6.640708068636109e-07
chrX:154591327-154613096	chrX_154591448_G_A_b38	rs5986876	ENSG00000102119.12	EMD	Whole_Blood	-0.09872682392597198	3.263361240499825e-11
chrX:154591327-154613096	chrX_154591448_G_A_b38	rs5986876	ENSG00000130827.6	PLXNA3	Whole_Blood	0.15403346717357635	4.6807774878921396e-21
chrX:154591327-154613096	chrX_154591448_G_A_b38	rs5986876	ENSG00000196976.8	LAGE3	Whole_Blood	-0.07060467451810837	9.761532313501413e-05
chrX:154591327-154613096	chrX_154591448_G_A_b38	rs5986876	ENSG00000126903.16	SLC10A3	Whole_Blood	-0.13116207718849182	2.3297741330294516e-10
chrX:154591327-154613096	chrX_154591448_G_A_b38	rs5986876	ENSG00000071889.17	FAM3A	Whole_Blood	-0.369011789560318	2.8874228541128216e-89
chrX:154591327-154613096	chrX_154591448_G_A_b38	rs5986876	ENSG00000269335.7	IKBKG	Whole_Blood	0.10540404170751572	5.252579116820354e-09
chrX:154591327-154613096	chrX_154591448_G_A_b38	rs5986876	ENSG00000275882.1	IKBKGP1	Whole_Blood	0.26405763626098633	1.182281307494075e-09
chrX:154591327-154613096	chrX_154591448_G_A_b38	rs5986876	ENSG00000288722.1	F8A1	Whole_Blood	0.2936537563800812	8.353712893028909e-21
chrX:154591327-154613096	chrX_154591448_G_A_b38	rs5986876	ENSG00000155959.12	VBP1	Whole_Blood	0.047164153307676315	0.0002027887138218912
chrX:154591327-154613096	chrX_154591448_G_A_b38	rs5986876	ENSG00000130827.6	PLXNA3	Skin_Not_Sun_Exposed_Suprapubic	0.27732762694358826	1.4129536752990155e-24
chrX:154591327-154613096	chrX_154591448_G_A_b38	rs5986876	ENSG00000196976.8	LAGE3	Skin_Not_Sun_Exposed_Suprapubic	-0.10901544988155365	4.418082999616104e-07
chrX:154591327-154613096	chrX_154591448_G_A_b38	rs5986876	ENSG00000102178.13	UBL4A	Skin_Not_Sun_Exposed_Suprapubic	-0.09654419124126434	2.906995970726919e-06
chrX:154591327-154613096	chrX_154591448_G_A_b38	rs5986876	ENSG00000071889.17	FAM3A	Skin_Not_Sun_Exposed_Suprapubic	-0.3202711045742035	3.5087592774861084e-43
chrX:154591327-154613096	chrX_154591448_G_A_b38	rs5986876	ENSG00000269335.7	IKBKG	Skin_Not_Sun_Exposed_Suprapubic	0.14101813733577728	9.986015821225108e-05
chrX:154591327-154613096	chrX_154591448_G_A_b38	rs5986876	ENSG00000275882.1	IKBKGP1	Skin_Not_Sun_Exposed_Suprapubic	0.28201648592948914	2.6089358646380876e-07
chrX:154591327-154613096	chrX_154591448_G_A_b38	rs5986876	ENSG00000288722.1	F8A1	Skin_Not_Sun_Exposed_Suprapubic	0.445003867149353	3.2446945786742366e-23
chrX:154591327-154613096	chrX_154591448_G_A_b38	rs5986876	ENSG00000130827.6	PLXNA3	Esophagus_Gastroesophageal_Junction	0.26444634795188904	2.52467603518511e-21
chrX:154591327-154613096	chrX_154591448_G_A_b38	rs5986876	ENSG00000102178.13	UBL4A	Esophagus_Gastroesophageal_Junction	-0.09377703815698624	2.669118731471377e-05
chrX:154591327-154613096	chrX_154591448_G_A_b38	rs5986876	ENSG00000071889.17	FAM3A	Esophagus_Gastroesophageal_Junction	-0.5263163447380066	1.3865452890963992e-53
chrX:154591327-154613096	chrX_154591448_G_A_b38	rs5986876	ENSG00000288722.1	F8A1	Esophagus_Gastroesophageal_Junction	0.32099026441574097	3.7016644348046504e-09
chrX:154591327-154613096	chrX_154591448_G_A_b38	rs5986876	ENSG00000071889.17	FAM3A	Brain_Hypothalamus	-0.2763563394546509	5.88346171117886e-13
chrX:154591327-154613096	chrX_154591448_G_A_b38	rs5986876	ENSG00000288722.1	F8A1	Brain_Hypothalamus	0.35305023193359375	9.062901502673211e-08
chrX:154591327-154613096	chrX_154591448_G_A_b38	rs5986876	ENSG00000177854.8	TMEM187	Adipose_Subcutaneous	0.15680654346942902	2.408160494296645e-05
chrX:154591327-154613096	chrX_154591448_G_A_b38	rs5986876	ENSG00000130827.6	PLXNA3	Adipose_Subcutaneous	0.2727120518684387	1.4070644039382226e-22
chrX:154591327-154613096	chrX_154591448_G_A_b38	rs5986876	ENSG00000102178.13	UBL4A	Adipose_Subcutaneous	-0.07662899792194366	3.734381382743847e-05
chrX:154591327-154613096	chrX_154591448_G_A_b38	rs5986876	ENSG00000126903.16	SLC10A3	Adipose_Subcutaneous	0.09405294805765152	6.126175328634673e-06
chrX:154591327-154613096	chrX_154591448_G_A_b38	rs5986876	ENSG00000071889.17	FAM3A	Adipose_Subcutaneous	-0.4378499984741211	1.2010561421656489e-91
chrX:154591327-154613096	chrX_154591448_G_A_b38	rs5986876	ENSG00000275882.1	IKBKGP1	Adipose_Subcutaneous	0.3425401747226715	1.2873654120521477e-10
chrX:154591327-154613096	chrX_154591448_G_A_b38	rs5986876	ENSG00000288722.1	F8A1	Adipose_Subcutaneous	0.32667282223701477	1.873030555112979e-19
chrX:154591327-154613096	chrX_154591448_G_A_b38	rs5986876	ENSG00000102119.12	EMD	Thyroid	0.07718149572610855	0.00015904621150871753
chrX:154591327-154613096	chrX_154591448_G_A_b38	rs5986876	ENSG00000280195.1	ENSG00000280195	Thyroid	-0.1406073272228241	0.0002772555704591095
chrX:154591327-154613096	chrX_154591448_G_A_b38	rs5986876	ENSG00000130827.6	PLXNA3	Thyroid	0.18834595382213593	5.644813884788198e-23
chrX:154591327-154613096	chrX_154591448_G_A_b38	rs5986876	ENSG00000102178.13	UBL4A	Thyroid	-0.09676797688007355	8.8575722219482e-06
chrX:154591327-154613096	chrX_154591448_G_A_b38	rs5986876	ENSG00000071889.17	FAM3A	Thyroid	-0.4434086084365845	3.393226228431015e-89
chrX:154591327-154613096	chrX_154591448_G_A_b38	rs5986876	ENSG00000269335.7	IKBKG	Thyroid	0.11680918186903	2.3915557573162294e-05
chrX:154591327-154613096	chrX_154591448_G_A_b38	rs5986876	ENSG00000275882.1	IKBKGP1	Thyroid	0.41752952337265015	1.1694689515556582e-15
chrX:154591327-154613096	chrX_154591448_G_A_b38	rs5986876	ENSG00000288722.1	F8A1	Thyroid	0.4178920090198517	2.5479075542332817e-22
chrX:154591327-154613096	chrX_154591448_G_A_b38	rs5986876	ENSG00000071889.17	FAM3A	Uterus	-0.40061846375465393	6.582327859717002e-11
chrX:154591327-154613096	chrX_154591448_G_A_b38	rs5986876	ENSG00000288722.1	F8A1	Uterus	0.4420537054538727	3.150885994270344e-07
chrX:154591327-154613096	chrX_154591448_G_A_b38	rs5986876	ENSG00000130827.6	PLXNA3	Heart_Left_Ventricle	0.3931620419025421	4.9294700274504564e-27
chrX:154591327-154613096	chrX_154591448_G_A_b38	rs5986876	ENSG00000071889.17	FAM3A	Heart_Left_Ventricle	-0.28459474444389343	1.0868617367207957e-28
chrX:154591327-154613096	chrX_154591448_G_A_b38	rs5986876	ENSG00000288722.1	F8A1	Heart_Left_Ventricle	0.29941391944885254	4.722205949633439e-09
chrX:154591327-154613096	chrX_154591448_G_A_b38	rs5986876	ENSG00000130827.6	PLXNA3	Testis	0.3645605444908142	4.573657986174414e-33
chrX:154591327-154613096	chrX_154591448_G_A_b38	rs5986876	ENSG00000102178.13	UBL4A	Testis	0.09940659254789352	1.870628647713909e-05
chrX:154591327-154613096	chrX_154591448_G_A_b38	rs5986876	ENSG00000126903.16	SLC10A3	Testis	0.14301754534244537	3.3383018234595206e-08
chrX:154591327-154613096	chrX_154591448_G_A_b38	rs5986876	ENSG00000071889.17	FAM3A	Testis	-0.3329117000102997	5.052705657720601e-59
chrX:154591327-154613096	chrX_154591448_G_A_b38	rs5986876	ENSG00000226141.1	ENSG00000226141	Testis	0.2276725322008133	2.1969833229910317e-05
chrX:154591327-154613096	chrX_154591448_G_A_b38	rs5986876	ENSG00000288722.1	F8A1	Testis	0.3115682303905487	8.525674246250501e-12
chrX:154591327-154613096	chrX_154591448_G_A_b38	rs5986876	ENSG00000130827.6	PLXNA3	Brain_Caudate_basal_ganglia	0.27350693941116333	5.944597906177118e-11
chrX:154591327-154613096	chrX_154591448_G_A_b38	rs5986876	ENSG00000126903.16	SLC10A3	Brain_Caudate_basal_ganglia	-0.195787712931633	4.275508714026376e-06
chrX:154591327-154613096	chrX_154591448_G_A_b38	rs5986876	ENSG00000071889.17	FAM3A	Brain_Caudate_basal_ganglia	-0.1371224820613861	1.0528501029442793e-06
chrX:154591327-154613096	chrX_154591448_G_A_b38	rs5986876	ENSG00000288722.1	F8A1	Brain_Caudate_basal_ganglia	0.29653748869895935	1.3413721024936136e-07
chrX:154591327-154613096	chrX_154591448_G_A_b38	rs5986876	ENSG00000177854.8	TMEM187	Muscle_Skeletal	0.146060511469841	3.134046941402108e-06
chrX:154591327-154613096	chrX_154591448_G_A_b38	rs5986876	ENSG00000130827.6	PLXNA3	Muscle_Skeletal	0.3701489567756653	1.0894866693625908e-41
chrX:154591327-154613096	chrX_154591448_G_A_b38	rs5986876	ENSG00000071889.17	FAM3A	Muscle_Skeletal	-0.22745606303215027	2.1445467026461584e-22
chrX:154591327-154613096	chrX_154591448_G_A_b38	rs5986876	ENSG00000288722.1	F8A1	Muscle_Skeletal	0.3572665750980377	9.823142473772186e-23
chrX:154591327-154613096	chrX_154591448_G_A_b38	rs5986876	ENSG00000177854.8	TMEM187	Artery_Tibial	0.14363011717796326	3.084048611151483e-06
chrX:154591327-154613096	chrX_154591448_G_A_b38	rs5986876	ENSG00000130827.6	PLXNA3	Artery_Tibial	0.22820106148719788	2.200701062049089e-34
chrX:154591327-154613096	chrX_154591448_G_A_b38	rs5986876	ENSG00000196976.8	LAGE3	Artery_Tibial	-0.10312741994857788	6.874853476063018e-06
chrX:154591327-154613096	chrX_154591448_G_A_b38	rs5986876	ENSG00000071889.17	FAM3A	Artery_Tibial	-0.4708837866783142	4.592072866181709e-80
chrX:154591327-154613096	chrX_154591448_G_A_b38	rs5986876	ENSG00000288722.1	F8A1	Artery_Tibial	0.4209566116333008	4.6615134480450017e-26
chrX:154591327-154613096	chrX_154591448_G_A_b38	rs5986876	ENSG00000130827.6	PLXNA3	Brain_Substantia_nigra	0.3251824378967285	1.0107911669168075e-08
chrX:154591327-154613096	chrX_154591448_G_A_b38	rs5986876	ENSG00000288722.1	F8A1	Brain_Substantia_nigra	0.3537401556968689	2.0185554854743984e-06
chrX:154591327-154613096	chrX_154591448_G_A_b38	rs5986876	ENSG00000130827.6	PLXNA3	Prostate	0.20006969571113586	5.025602294810621e-09
chrX:154591327-154613096	chrX_154591448_G_A_b38	rs5986876	ENSG00000071889.17	FAM3A	Prostate	-0.4019733965396881	3.6620352049252976e-33
chrX:154591327-154613096	chrX_154591448_G_A_b38	rs5986876	ENSG00000269335.7	IKBKG	Prostate	0.15651875734329224	0.0001499642801554879
chrX:154591327-154613096	chrX_154591448_G_A_b38	rs5986876	ENSG00000275882.1	IKBKGP1	Prostate	0.39290133118629456	7.934988596231691e-07
chrX:154591327-154613096	chrX_154591448_G_A_b38	rs5986876	ENSG00000288722.1	F8A1	Prostate	0.37217602133750916	5.097568346946601e-09
chrX:154591327-154613096	chrX_154591448_G_A_b38	rs5986876	ENSG00000130827.6	PLXNA3	Brain_Hippocampus	0.31203493475914	5.088135392426878e-14
chrX:154591327-154613096	chrX_154591448_G_A_b38	rs5986876	ENSG00000288722.1	F8A1	Brain_Hippocampus	0.35804152488708496	4.841571284867653e-09
chrX:154591327-154613096	chrX_154591448_G_A_b38	rs5986876	ENSG00000130827.6	PLXNA3	Brain_Frontal_Cortex_BA9	0.4455539286136627	9.394988393201797e-15
chrX:154591327-154613096	chrX_154591448_G_A_b38	rs5986876	ENSG00000071889.17	FAM3A	Brain_Frontal_Cortex_BA9	-0.2311725616455078	7.816372248122045e-14
chrX:154591327-154613096	chrX_154591448_G_A_b38	rs5986876	ENSG00000288722.1	F8A1	Brain_Frontal_Cortex_BA9	0.44719380140304565	1.2249372054064532e-11
chrX:154591327-154613096	chrX_154591448_G_A_b38	rs5986876	ENSG00000165775.18	FUNDC2	Brain_Frontal_Cortex_BA9	0.13065479695796967	3.7663695447218085e-05
chrX:154591327-154613096	chrX_154591448_G_A_b38	rs5986876	ENSG00000130827.6	PLXNA3	Colon_Sigmoid	0.167195126414299	2.8572224622486995e-12
chrX:154591327-154613096	chrX_154591448_G_A_b38	rs5986876	ENSG00000071889.17	FAM3A	Colon_Sigmoid	-0.46481186151504517	4.141577499919588e-47
chrX:154591327-154613096	chrX_154591448_G_A_b38	rs5986876	ENSG00000275882.1	IKBKGP1	Colon_Sigmoid	0.33870428800582886	1.6250648396065915e-07
chrX:154591327-154613096	chrX_154591448_G_A_b38	rs5986876	ENSG00000288722.1	F8A1	Colon_Sigmoid	0.36609935760498047	1.4032810914796117e-11
chrX:154591327-154613096	chrX_154591448_G_A_b38	rs5986876	ENSG00000130827.6	PLXNA3	Artery_Aorta	0.2550467550754547	7.67130601872387e-20
chrX:154591327-154613096	chrX_154591448_G_A_b38	rs5986876	ENSG00000102178.13	UBL4A	Artery_Aorta	-0.11776865273714066	4.823376588036958e-07
chrX:154591327-154613096	chrX_154591448_G_A_b38	rs5986876	ENSG00000071889.17	FAM3A	Artery_Aorta	-0.6456964015960693	2.9255097954388286e-86
chrX:154591327-154613096	chrX_154591448_G_A_b38	rs5986876	ENSG00000275882.1	IKBKGP1	Artery_Aorta	0.2971166968345642	6.133205040029893e-06
chrX:154591327-154613096	chrX_154591448_G_A_b38	rs5986876	ENSG00000288722.1	F8A1	Artery_Aorta	0.3309530019760132	4.851614762862645e-09
chrX:154591327-154613096	chrX_154591448_G_A_b38	rs5986876	ENSG00000130827.6	PLXNA3	Colon_Transverse	0.3333962559700012	6.809501477472469e-25
chrX:154591327-154613096	chrX_154591448_G_A_b38	rs5986876	ENSG00000071889.17	FAM3A	Colon_Transverse	-0.35000112652778625	3.770601330493735e-54
chrX:154591327-154613096	chrX_154591448_G_A_b38	rs5986876	ENSG00000269335.7	IKBKG	Colon_Transverse	0.23939014971256256	3.2556659693274886e-13
chrX:154591327-154613096	chrX_154591448_G_A_b38	rs5986876	ENSG00000275882.1	IKBKGP1	Colon_Transverse	0.3510166108608246	2.0745297235145525e-08
chrX:154591327-154613096	chrX_154591448_G_A_b38	rs5986876	ENSG00000288722.1	F8A1	Colon_Transverse	0.35508430004119873	2.686342605987305e-11
chrX:154591327-154613096	chrX_154591448_G_A_b38	rs5986876	ENSG00000130827.6	PLXNA3	Esophagus_Mucosa	0.38611578941345215	1.474255490779165e-37
chrX:154591327-154613096	chrX_154591448_G_A_b38	rs5986876	ENSG00000102178.13	UBL4A	Esophagus_Mucosa	-0.09462741762399673	6.404377155943219e-05
chrX:154591327-154613096	chrX_154591448_G_A_b38	rs5986876	ENSG00000071889.17	FAM3A	Esophagus_Mucosa	-0.3422451317310333	5.88567766992291e-61
chrX:154591327-154613096	chrX_154591448_G_A_b38	rs5986876	ENSG00000269335.7	IKBKG	Esophagus_Mucosa	0.12862031161785126	8.810097853185116e-06
chrX:154591327-154613096	chrX_154591448_G_A_b38	rs5986876	ENSG00000275882.1	IKBKGP1	Esophagus_Mucosa	0.19418050348758698	0.000572034806416378
chrX:154591327-154613096	chrX_154591448_G_A_b38	rs5986876	ENSG00000288722.1	F8A1	Esophagus_Mucosa	0.4232678711414337	6.271601727734881e-20
chrX:154591327-154613096	chrX_154591448_G_A_b38	rs5986876	ENSG00000130827.6	PLXNA3	Brain_Anterior_cingulate_cortex_BA24	0.36063283681869507	9.592251583550298e-13
chrX:154591327-154613096	chrX_154591448_G_A_b38	rs5986876	ENSG00000071889.17	FAM3A	Brain_Anterior_cingulate_cortex_BA24	-0.24399961531162262	1.6565689266287076e-13
chrX:154591327-154613096	chrX_154591448_G_A_b38	rs5986876	ENSG00000288722.1	F8A1	Brain_Anterior_cingulate_cortex_BA24	0.4451267123222351	1.3896878807840173e-08
chrX:154591327-154613096	chrX_154591448_G_A_b38	rs5986876	ENSG00000130827.6	PLXNA3	Stomach	0.2642523944377899	3.196536013191224e-16
chrX:154591327-154613096	chrX_154591448_G_A_b38	rs5986876	ENSG00000071889.17	FAM3A	Stomach	-0.4754336178302765	9.227686964540434e-43
chrX:154591327-154613096	chrX_154591448_G_A_b38	rs5986876	ENSG00000288722.1	F8A1	Stomach	0.4180874228477478	1.9160308556958324e-12
chrX:154591327-154613096	chrX_154591448_G_A_b38	rs5986876	ENSG00000130827.6	PLXNA3	Brain_Cerebellar_Hemisphere	0.2688812017440796	5.340254321597868e-09
chrX:154591327-154613096	chrX_154591448_G_A_b38	rs5986876	ENSG00000196976.8	LAGE3	Brain_Cerebellar_Hemisphere	-0.1296941041946411	1.783429179930658e-05
chrX:154591327-154613096	chrX_154591448_G_A_b38	rs5986876	ENSG00000071889.17	FAM3A	Brain_Cerebellar_Hemisphere	-0.2187783271074295	7.409183992194028e-17
chrX:154591327-154613096	chrX_154591448_G_A_b38	rs5986876	ENSG00000288722.1	F8A1	Brain_Cerebellar_Hemisphere	0.3251526653766632	1.4090623920251353e-07
chrX:154591327-154613096	chrX_154591448_G_A_b38	rs5986876	ENSG00000130827.6	PLXNA3	Adrenal_Gland	0.3634100556373596	2.0888781426883272e-15
chrX:154591327-154613096	chrX_154591448_G_A_b38	rs5986876	ENSG00000071889.17	FAM3A	Adrenal_Gland	-0.44927722215652466	1.6359229196020368e-34
chrX:154591327-154613096	chrX_154591448_G_A_b38	rs5986876	ENSG00000288722.1	F8A1	Adrenal_Gland	0.4293513596057892	3.812626223850353e-10
chrX:154591327-154613096	chrX_154591448_G_A_b38	rs5986876	ENSG00000130827.6	PLXNA3	Spleen	0.2918858528137207	4.702287641087739e-09
chrX:154591327-154613096	chrX_154591448_G_A_b38	rs5986876	ENSG00000071889.17	FAM3A	Spleen	-0.521896481513977	1.3097525816446785e-32
chrX:154591327-154613096	chrX_154591448_G_A_b38	rs5986876	ENSG00000269335.7	IKBKG	Spleen	0.2909660041332245	4.965791333398134e-06
chrX:154591327-154613096	chrX_154591448_G_A_b38	rs5986876	ENSG00000288722.1	F8A1	Spleen	0.45483148097991943	3.3161358062141972e-09
chrX:154591327-154613096	chrX_154591448_G_A_b38	rs5986876	ENSG00000177854.8	TMEM187	Heart_Atrial_Appendage	0.16925449669361115	4.1886831379518755e-05
chrX:154591327-154613096	chrX_154591448_G_A_b38	rs5986876	ENSG00000130827.6	PLXNA3	Heart_Atrial_Appendage	0.2941914200782776	1.7839316357976501e-19
chrX:154591327-154613096	chrX_154591448_G_A_b38	rs5986876	ENSG00000126903.16	SLC10A3	Heart_Atrial_Appendage	0.11580716073513031	0.00018990389720460946
chrX:154591327-154613096	chrX_154591448_G_A_b38	rs5986876	ENSG00000071889.17	FAM3A	Heart_Atrial_Appendage	-0.39868849515914917	1.594567010396163e-41
chrX:154591327-154613096	chrX_154591448_G_A_b38	rs5986876	ENSG00000269335.7	IKBKG	Heart_Atrial_Appendage	0.1528877168893814	2.421000025035986e-05
chrX:154591327-154613096	chrX_154591448_G_A_b38	rs5986876	ENSG00000288722.1	F8A1	Heart_Atrial_Appendage	0.32984331250190735	1.0941976440820036e-09
chrX:154591327-154613096	chrX_154591448_G_A_b38	rs5986876	ENSG00000155959.12	VBP1	Heart_Atrial_Appendage	-0.08384393155574799	5.749962078083292e-05
chrX:154591327-154613096	chrX_154591448_G_A_b38	rs5986876	ENSG00000071889.17	FAM3A	Ovary	-0.23086681962013245	1.1411681515519917e-07
chrX:154591327-154613096	chrX_154591448_G_A_b38	rs5986876	ENSG00000288722.1	F8A1	Ovary	0.6147120594978333	1.7161009849131443e-11
chrX:154591327-154613096	chrX_154591448_G_A_b38	rs5986876	ENSG00000130827.6	PLXNA3	Cells_EBV-transformed_lymphocytes	0.4781889021396637	6.099167825823953e-28
chrX:154591327-154613096	chrX_154591448_G_A_b38	rs5986876	ENSG00000196976.8	LAGE3	Cells_EBV-transformed_lymphocytes	0.17646409571170807	0.0001900710608038084
chrX:154591327-154613096	chrX_154591448_G_A_b38	rs5986876	ENSG00000102178.13	UBL4A	Cells_EBV-transformed_lymphocytes	0.1770746409893036	2.5288254237678877e-07
chrX:154591327-154613096	chrX_154591448_G_A_b38	rs5986876	ENSG00000126903.16	SLC10A3	Cells_EBV-transformed_lymphocytes	0.42504000663757324	1.2530440152397433e-25
chrX:154591327-154613096	chrX_154591448_G_A_b38	rs5986876	ENSG00000288722.1	F8A1	Cells_EBV-transformed_lymphocytes	0.3067896068096161	1.6318826474922603e-05
chrX:154591327-154613096	chrX_154591448_G_A_b38	rs5986876	ENSG00000130827.6	PLXNA3	Brain_Cerebellum	0.26031777262687683	9.184474285536141e-07
chrX:154591327-154613096	chrX_154591448_G_A_b38	rs5986876	ENSG00000196976.8	LAGE3	Brain_Cerebellum	-0.16664209961891174	8.874082597634686e-05
chrX:154591327-154613096	chrX_154591448_G_A_b38	rs5986876	ENSG00000102178.13	UBL4A	Brain_Cerebellum	-0.15587520599365234	0.00028496296912122076
chrX:154591327-154613096	chrX_154591448_G_A_b38	rs5986876	ENSG00000071889.17	FAM3A	Brain_Cerebellum	-0.3183184862136841	1.2286448840631386e-18
chrX:154591327-154613096	chrX_154591448_G_A_b38	rs5986876	ENSG00000130827.6	PLXNA3	Liver	0.30146524310112	1.0543531219352611e-10
chrX:154591327-154613096	chrX_154591448_G_A_b38	rs5986876	ENSG00000071889.17	FAM3A	Liver	-0.4950818121433258	3.3087697960967493e-34
chrX:154591327-154613096	chrX_154591448_G_A_b38	rs5986876	ENSG00000269335.7	IKBKG	Liver	0.1707266867160797	1.8710074106731512e-06
chrX:154591327-154613096	chrX_154591448_G_A_b38	rs5986876	ENSG00000275882.1	IKBKGP1	Liver	0.34881237149238586	1.8075545888730444e-06
chrX:154591327-154613096	chrX_154591448_G_A_b38	rs5986876	ENSG00000288722.1	F8A1	Liver	0.4392724633216858	4.3744689868902954e-10
chrX:154591327-154613096	chrX_154591448_G_A_b38	rs5986876	ENSG00000071889.17	FAM3A	Kidney_Cortex	-0.5679440498352051	4.922102933964114e-12
chrX:154591327-154613096	chrX_154591448_G_A_b38	rs5986876	ENSG00000288722.1	F8A1	Brain_Amygdala	0.443400502204895	2.1652050393917917e-08
chrX:154591327-154613096	chrX_154591448_G_A_b38	rs5986876	ENSG00000130827.6	PLXNA3	Brain_Spinal_cord_cervical_c-1	0.4459833800792694	2.4739751005410574e-16
chrX:154591327-154613096	chrX_154591448_G_A_b38	rs5986876	ENSG00000071889.17	FAM3A	Brain_Spinal_cord_cervical_c-1	0.2532980442047119	1.2930537014278154e-05
chrX:154591327-154613096	chrX_154591448_G_A_b38	rs5986876	ENSG00000288722.1	F8A1	Brain_Spinal_cord_cervical_c-1	0.43617910146713257	4.5683969583506565e-07
chrX:154591327-154613096	chrX_154591448_G_A_b38	rs5986876	ENSG00000130827.6	PLXNA3	Cells_Cultured_fibroblasts	0.24168452620506287	3.9997242694529106e-27
chrX:154591327-154613096	chrX_154591448_G_A_b38	rs5986876	ENSG00000126903.16	SLC10A3	Cells_Cultured_fibroblasts	0.21979857981204987	1.0350850193657126e-14
chrX:154591327-154613096	chrX_154591448_G_A_b38	rs5986876	ENSG00000071889.17	FAM3A	Cells_Cultured_fibroblasts	-0.7488307952880859	2.1028584999882627e-166
chrX:154591327-154613096	chrX_154591448_G_A_b38	rs5986876	ENSG00000288722.1	F8A1	Cells_Cultured_fibroblasts	0.4410457909107208	3.4208525158717575e-26
chrX:154591327-154613096	chrX_154591448_G_A_b38	rs5986876	ENSG00000177854.8	TMEM187	Lung	0.1487882286310196	4.372573840763949e-07
chrX:154591327-154613096	chrX_154591448_G_A_b38	rs5986876	ENSG00000130827.6	PLXNA3	Lung	0.22829435765743256	1.0396546162250858e-18
chrX:154591327-154613096	chrX_154591448_G_A_b38	rs5986876	ENSG00000071889.17	FAM3A	Lung	-0.5835820436477661	9.947008492334321e-93
chrX:154591327-154613096	chrX_154591448_G_A_b38	rs5986876	ENSG00000269335.7	IKBKG	Lung	0.2162366807460785	1.2178133295792634e-14
chrX:154591327-154613096	chrX_154591448_G_A_b38	rs5986876	ENSG00000275882.1	IKBKGP1	Lung	0.320117324590683	2.906604245195439e-09
chrX:154591327-154613096	chrX_154591448_G_A_b38	rs5986876	ENSG00000288722.1	F8A1	Lung	0.3398750424385071	9.744358788041376e-20
chrX:154591327-154613096	chrX_154591448_G_A_b38	rs5986876	ENSG00000130827.6	PLXNA3	Breast_Mammary_Tissue	0.2565423250198364	3.5213340604639705e-15
chrX:154591327-154613096	chrX_154591448_G_A_b38	rs5986876	ENSG00000071889.17	FAM3A	Breast_Mammary_Tissue	-0.4118933081626892	4.075992691054056e-57
chrX:154591327-154613096	chrX_154591448_G_A_b38	rs5986876	ENSG00000269335.7	IKBKG	Breast_Mammary_Tissue	0.12363731116056442	3.769072352238051e-05
chrX:154591327-154613096	chrX_154591448_G_A_b38	rs5986876	ENSG00000288722.1	F8A1	Breast_Mammary_Tissue	0.29428791999816895	4.772939244934382e-15
chrX:154591327-154613096	chrX_154591448_G_A_b38	rs5986876	ENSG00000130827.6	PLXNA3	Minor_Salivary_Gland	0.17598243057727814	4.720750098702541e-06
chrX:154591327-154613096	chrX_154591448_G_A_b38	rs5986876	ENSG00000071889.17	FAM3A	Minor_Salivary_Gland	-0.41676637530326843	1.3010708572912891e-16
chrX:154591327-154613096	chrX_154591448_G_A_b38	rs5986876	ENSG00000288722.1	F8A1	Minor_Salivary_Gland	0.3805142939090729	8.166294563060109e-05
chrX:154591327-154613096	chrX_154591448_G_A_b38	rs5986876	ENSG00000130827.6	PLXNA3	Brain_Cortex	0.43442603945732117	7.586625224375188e-13
chrX:154591327-154613096	chrX_154591448_G_A_b38	rs5986876	ENSG00000102178.13	UBL4A	Brain_Cortex	-0.1391432285308838	2.068070063010354e-09
chrX:154591327-154613096	chrX_154591448_G_A_b38	rs5986876	ENSG00000071889.17	FAM3A	Brain_Cortex	-0.22580136358737946	5.003907930365316e-12
chrX:154591327-154613096	chrX_154591448_G_A_b38	rs5986876	ENSG00000288722.1	F8A1	Brain_Cortex	0.4285418391227722	4.104393035391154e-08
chrX:154591327-154613096	chrX_154591448_G_A_b38	rs5986876	ENSG00000130827.6	PLXNA3	Brain_Putamen_basal_ganglia	0.34700530767440796	2.207524428244009e-13
chrX:154591327-154613096	chrX_154591448_G_A_b38	rs5986876	ENSG00000288722.1	F8A1	Brain_Putamen_basal_ganglia	0.30819636583328247	5.139388146201619e-07
chrX:154591327-154613096	chrX_154591448_G_A_b38	rs5986876	ENSG00000130827.6	PLXNA3	Skin_Sun_Exposed_Lower_leg	0.24281243979930878	3.8116274613486706e-19
chrX:154591327-154613096	chrX_154591448_G_A_b38	rs5986876	ENSG00000196976.8	LAGE3	Skin_Sun_Exposed_Lower_leg	-0.1275126039981842	8.809316993597798e-12
chrX:154591327-154613096	chrX_154591448_G_A_b38	rs5986876	ENSG00000102178.13	UBL4A	Skin_Sun_Exposed_Lower_leg	-0.08451859652996063	5.975153404611116e-07
chrX:154591327-154613096	chrX_154591448_G_A_b38	rs5986876	ENSG00000071889.17	FAM3A	Skin_Sun_Exposed_Lower_leg	-0.2858886122703552	1.841625233489586e-55
chrX:154591327-154613096	chrX_154591448_G_A_b38	rs5986876	ENSG00000275882.1	IKBKGP1	Skin_Sun_Exposed_Lower_leg	0.27559542655944824	3.792316900330879e-08
chrX:154591327-154613096	chrX_154591448_G_A_b38	rs5986876	ENSG00000288722.1	F8A1	Skin_Sun_Exposed_Lower_leg	0.4554929733276367	1.5030238337585481e-27
chrX:154591327-154613096	chrX_154591448_G_A_b38	rs5986876	ENSG00000130827.6	PLXNA3	Artery_Coronary	0.23700201511383057	4.358961782015557e-11
chrX:154591327-154613096	chrX_154591448_G_A_b38	rs5986876	ENSG00000071889.17	FAM3A	Artery_Coronary	-0.5979819297790527	1.3101790129068133e-41
chrX:154591327-154613096	chrX_154591448_G_A_b38	rs5986876	ENSG00000288722.1	F8A1	Artery_Coronary	0.29174861311912537	9.590751806631032e-07
chrX:72997772-73077479	chrX_73018917_G_A_b38	rs73500394	ENSG00000228906.1	ENSG00000228906	Nerve_Tibial	0.5276769399642944	0.0002913429284005186
chrX:72997772-73077479	chrX_73018917_G_A_b38	rs73500394	ENSG00000225470.8	JPX	Skin_Not_Sun_Exposed_Suprapubic	0.30370771884918213	3.886741218980786e-06
chrX:72997772-73077479	chrX_73018917_G_A_b38	rs73500394	ENSG00000269904.2	MAP2K4P1	Esophagus_Gastroesophageal_Junction	0.6736363768577576	0.00015292633866213965
chrX:72997772-73077479	chrX_73018917_G_A_b38	rs73500394	ENSG00000225470.8	JPX	Thyroid	0.20680491626262665	0.0007210574292920998
chrX:72997772-73077479	chrX_73018917_G_A_b38	rs73500394	ENSG00000228906.1	ENSG00000228906	Thyroid	0.47374534606933594	0.0001691493703774355
chrX:72997772-73077479	chrX_73018917_G_A_b38	rs73500394	ENSG00000198034.11	RPS4X	Testis	-0.12449751049280167	0.0003208164505682248
chrX:72997772-73077479	chrX_73018917_G_A_b38	rs73500394	ENSG00000225470.8	JPX	Brain_Cortex	0.6650461554527283	0.00024741340685215183
chr14:60606118-60611659	chr14_60606157_T_C_b38	rs10483727	ENSG00000179008.9	C14orf39	Esophagus_Muscularis	0.18332435190677643	3.593341532162544e-05
chr14:60606118-60611659	chr14_60606157_T_C_b38	rs10483727	ENSG00000126773.13	PCNX4	Adipose_Visceral_Omentum	-0.11944995075464249	8.039283389728659e-05
chr14:60606118-60611659	chr14_60606157_T_C_b38	rs10483727	ENSG00000258670.1	ENSG00000258670	Pituitary	-0.26043713092803955	1.1586350976768907e-05
chr14:60606118-60611659	chr14_60606157_T_C_b38	rs10483727	ENSG00000179008.9	C14orf39	Pituitary	0.3044314384460449	5.714255832946171e-10
chr14:60606118-60611659	chr14_60606157_T_C_b38	rs10483727	ENSG00000179008.9	C14orf39	Nerve_Tibial	0.20063503086566925	2.5799052112885435e-06
chr14:60606118-60611659	chr14_60606157_T_C_b38	rs10483727	ENSG00000126773.13	PCNX4	Whole_Blood	-0.09346260875463486	1.3647685094733682e-06
chr14:60606118-60611659	chr14_60606157_T_C_b38	rs10483727	ENSG00000126773.13	PCNX4	Adipose_Subcutaneous	-0.08505677431821823	0.0004523260647675481
chr14:60606118-60611659	chr14_60606157_T_C_b38	rs10483727	ENSG00000179008.9	C14orf39	Adipose_Subcutaneous	0.25764530897140503	2.1152724330496707e-13
chr14:60606118-60611659	chr14_60606157_T_C_b38	rs10483727	ENSG00000100612.14	DHRS7	Thyroid	0.08155225962400436	0.00018547084990492424
chr14:60606118-60611659	chr14_60606157_T_C_b38	rs10483727	ENSG00000258670.1	ENSG00000258670	Thyroid	-0.21614833176136017	6.4720333399413305e-06
chr14:60606118-60611659	chr14_60606157_T_C_b38	rs10483727	ENSG00000126773.13	PCNX4	Muscle_Skeletal	-0.11884928494691849	9.158754248501228e-07
chr14:60606118-60611659	chr14_60606157_T_C_b38	rs10483727	ENSG00000100612.14	DHRS7	Muscle_Skeletal	0.06749700009822845	7.20931491114425e-05
chr14:60606118-60611659	chr14_60606157_T_C_b38	rs10483727	ENSG00000258692.2	SALL4P7	Muscle_Skeletal	0.3439689576625824	9.161092138558376e-18
chr14:60606118-60611659	chr14_60606157_T_C_b38	rs10483727	ENSG00000184302.7	SIX6	Muscle_Skeletal	0.3357947766780853	1.78456997040499e-17
chr14:60606118-60611659	chr14_60606157_T_C_b38	rs10483727	ENSG00000179008.9	C14orf39	Muscle_Skeletal	0.29005610942840576	2.4662737969551415e-28
chr14:60606118-60611659	chr14_60606157_T_C_b38	rs10483727	ENSG00000258952.2	SALRNA1	Muscle_Skeletal	0.1455550193786621	6.721692456362418e-06
chr14:60606118-60611659	chr14_60606157_T_C_b38	rs10483727	ENSG00000126773.13	PCNX4	Artery_Tibial	-0.1274266093969345	4.953925701656483e-07
chr14:60606118-60611659	chr14_60606157_T_C_b38	rs10483727	ENSG00000179008.9	C14orf39	Artery_Tibial	0.20787179470062256	2.5742399679784286e-06
chr14:60606118-60611659	chr14_60606157_T_C_b38	rs10483727	ENSG00000126773.13	PCNX4	Colon_Sigmoid	-0.12883077561855316	0.00012062260815361395
chr2:87987171-111255403	chr2_88266117_C_T_b38	rs149620706	ENSG00000163586.10	FABP1	Brain_Nucleus_accumbens_basal_ganglia	-0.9114606380462646	2.9809490481648996e-09
chr2:87987171-111255403	chr2_88266117_C_T_b38	rs149620706	ENSG00000288734.1	ENSG00000288734	Brain_Nucleus_accumbens_basal_ganglia	-0.6917299032211304	1.6082161425052334e-06
chr2:87987171-111255403	chr2_88266117_C_T_b38	rs149620706	ENSG00000144115.18	THNSL2	Brain_Nucleus_accumbens_basal_ganglia	-0.9702005386352539	1.0685018195308991e-13
chr2:87987171-111255403	chr2_88266117_C_T_b38	rs149620706	ENSG00000288734.1	ENSG00000288734	Esophagus_Muscularis	-0.5412542819976807	1.8361131761990636e-07
chr2:87987171-111255403	chr2_88266117_C_T_b38	rs149620706	ENSG00000144115.18	THNSL2	Esophagus_Muscularis	-0.628559947013855	1.2262545118979328e-08
chr2:87987171-111255403	chr2_88266117_C_T_b38	rs149620706	ENSG00000144115.18	THNSL2	Adipose_Visceral_Omentum	-0.6911731362342834	1.1741165446020938e-10
chr2:87987171-111255403	chr2_88266117_C_T_b38	rs149620706	ENSG00000288734.1	ENSG00000288734	Pituitary	-0.7910507917404175	4.383072286248529e-07
chr2:87987171-111255403	chr2_88266117_C_T_b38	rs149620706	ENSG00000144115.18	THNSL2	Pituitary	-0.9948975443840027	6.739311310578759e-13
chr2:87987171-111255403	chr2_88266117_C_T_b38	rs149620706	ENSG00000163586.10	FABP1	Nerve_Tibial	-0.6364529132843018	1.3410804688317553e-11
chr2:87987171-111255403	chr2_88266117_C_T_b38	rs149620706	ENSG00000288734.1	ENSG00000288734	Nerve_Tibial	-0.5946614146232605	2.3439398475723206e-13
chr2:87987171-111255403	chr2_88266117_C_T_b38	rs149620706	ENSG00000144115.18	THNSL2	Nerve_Tibial	-0.7816228866577148	1.3308340200916404e-15
chr2:87987171-111255403	chr2_88266117_C_T_b38	rs149620706	ENSG00000144115.18	THNSL2	Whole_Blood	-0.3813955783843994	5.364967832307071e-05
chr2:87987171-111255403	chr2_88266117_C_T_b38	rs149620706	ENSG00000144115.18	THNSL2	Skin_Not_Sun_Exposed_Suprapubic	-0.6368739008903503	3.918295478292972e-10
chr2:87987171-111255403	chr2_88266117_C_T_b38	rs149620706	ENSG00000144115.18	THNSL2	Esophagus_Gastroesophageal_Junction	-0.6620586514472961	2.8301566053470605e-07
chr2:87987171-111255403	chr2_88266117_C_T_b38	rs149620706	ENSG00000144115.18	THNSL2	Brain_Hypothalamus	-1.0611976385116577	4.6426933840771664e-08
chr2:87987171-111255403	chr2_88266117_C_T_b38	rs149620706	ENSG00000288734.1	ENSG00000288734	Adipose_Subcutaneous	-0.5145063996315002	8.978698340193814e-08
chr2:87987171-111255403	chr2_88266117_C_T_b38	rs149620706	ENSG00000144115.18	THNSL2	Adipose_Subcutaneous	-0.7250643372535706	8.796281400408004e-15
chr2:87987171-111255403	chr2_88266117_C_T_b38	rs149620706	ENSG00000288734.1	ENSG00000288734	Thyroid	-0.6633483171463013	2.383725761068913e-12
chr2:87987171-111255403	chr2_88266117_C_T_b38	rs149620706	ENSG00000144115.18	THNSL2	Thyroid	-0.8796677589416504	1.4686209457648588e-19
chr2:87987171-111255403	chr2_88266117_C_T_b38	rs149620706	ENSG00000144115.18	THNSL2	Heart_Left_Ventricle	-0.6674304008483887	2.7571397900808895e-08
chr2:87987171-111255403	chr2_88266117_C_T_b38	rs149620706	ENSG00000288734.1	ENSG00000288734	Testis	-0.6618001461029053	3.3090746466084957e-06
chr2:87987171-111255403	chr2_88266117_C_T_b38	rs149620706	ENSG00000144115.18	THNSL2	Testis	-0.5829078555107117	7.911420234675324e-07
chr2:87987171-111255403	chr2_88266117_C_T_b38	rs149620706	ENSG00000163586.10	FABP1	Brain_Caudate_basal_ganglia	-0.6154125928878784	4.19478423418795e-05
chr2:87987171-111255403	chr2_88266117_C_T_b38	rs149620706	ENSG00000288734.1	ENSG00000288734	Brain_Caudate_basal_ganglia	-0.8065667748451233	8.155315756428148e-08
chr2:87987171-111255403	chr2_88266117_C_T_b38	rs149620706	ENSG00000144115.18	THNSL2	Brain_Caudate_basal_ganglia	-1.1011488437652588	1.3503881072030134e-15
chr2:87987171-111255403	chr2_88266117_C_T_b38	rs149620706	ENSG00000163586.10	FABP1	Muscle_Skeletal	-0.32017356157302856	0.00015126604178691358
chr2:87987171-111255403	chr2_88266117_C_T_b38	rs149620706	ENSG00000288734.1	ENSG00000288734	Muscle_Skeletal	-0.42622917890548706	1.3504657591899012e-07
chr2:87987171-111255403	chr2_88266117_C_T_b38	rs149620706	ENSG00000144115.18	THNSL2	Muscle_Skeletal	-0.7612718343734741	7.975694287354752e-22
chr2:87987171-111255403	chr2_88266117_C_T_b38	rs149620706	ENSG00000144115.18	THNSL2	Artery_Tibial	-0.5938745141029358	3.2924344127362717e-09
chr2:87987171-111255403	chr2_88266117_C_T_b38	rs149620706	ENSG00000144115.18	THNSL2	Brain_Substantia_nigra	-1.0194292068481445	8.311582481681197e-08
chr2:87987171-111255403	chr2_88266117_C_T_b38	rs149620706	ENSG00000163586.10	FABP1	Brain_Hippocampus	-0.7471275925636292	1.3914899217539367e-05
chr2:87987171-111255403	chr2_88266117_C_T_b38	rs149620706	ENSG00000144115.18	THNSL2	Brain_Hippocampus	-0.9792200922966003	5.019190103172654e-09
chr2:87987171-111255403	chr2_88266117_C_T_b38	rs149620706	ENSG00000163586.10	FABP1	Brain_Frontal_Cortex_BA9	-0.804481029510498	1.158220142433651e-06
chr2:87987171-111255403	chr2_88266117_C_T_b38	rs149620706	ENSG00000288734.1	ENSG00000288734	Brain_Frontal_Cortex_BA9	-0.9144678115844727	1.0610759680464263e-08
chr2:87987171-111255403	chr2_88266117_C_T_b38	rs149620706	ENSG00000144115.18	THNSL2	Brain_Frontal_Cortex_BA9	-1.11354660987854	9.78317182734685e-12
chr2:87987171-111255403	chr2_88266117_C_T_b38	rs149620706	ENSG00000288734.1	ENSG00000288734	Colon_Sigmoid	-0.5548831820487976	5.218628084250967e-05
chr2:87987171-111255403	chr2_88266117_C_T_b38	rs149620706	ENSG00000144115.18	THNSL2	Colon_Sigmoid	-0.8130298852920532	3.628447842271842e-10
chr2:87987171-111255403	chr2_88266117_C_T_b38	rs149620706	ENSG00000144115.18	THNSL2	Artery_Aorta	-0.5861387252807617	1.0644668782052121e-05
chr2:87987171-111255403	chr2_88266117_C_T_b38	rs149620706	ENSG00000144115.18	THNSL2	Colon_Transverse	-0.586150050163269	2.8125773396719793e-08
chr2:87987171-111255403	chr2_88266117_C_T_b38	rs149620706	ENSG00000144115.18	THNSL2	Esophagus_Mucosa	-0.6190100908279419	6.3964227255648926e-09
chr2:87987171-111255403	chr2_88266117_C_T_b38	rs149620706	ENSG00000230006.8	ANKRD36BP2	Esophagus_Mucosa	0.23780176043510437	0.0001129919855243923
chr2:87987171-111255403	chr2_88266117_C_T_b38	rs149620706	ENSG00000163586.10	FABP1	Brain_Anterior_cingulate_cortex_BA24	-0.9157281517982483	3.393651952010971e-06
chr2:87987171-111255403	chr2_88266117_C_T_b38	rs149620706	ENSG00000144115.18	THNSL2	Brain_Anterior_cingulate_cortex_BA24	-0.8770610094070435	3.9158942761524135e-06
chr2:87987171-111255403	chr2_88266117_C_T_b38	rs149620706	ENSG00000288734.1	ENSG00000288734	Stomach	-0.4431082308292389	3.851856983415869e-05
chr2:87987171-111255403	chr2_88266117_C_T_b38	rs149620706	ENSG00000144115.18	THNSL2	Stomach	-0.6025485992431641	5.6758405481532623e-08
chr2:87987171-111255403	chr2_88266117_C_T_b38	rs149620706	ENSG00000144115.18	THNSL2	Brain_Cerebellar_Hemisphere	-0.9691632390022278	3.5098719312624707e-12
chr2:87987171-111255403	chr2_88266117_C_T_b38	rs149620706	ENSG00000144115.18	THNSL2	Heart_Atrial_Appendage	-0.7571077346801758	7.643901307549397e-10
chr2:87987171-111255403	chr2_88266117_C_T_b38	rs149620706	ENSG00000144115.18	THNSL2	Ovary	-0.9308639764785767	3.001966410752301e-06
chr2:87987171-111255403	chr2_88266117_C_T_b38	rs149620706	ENSG00000144115.18	THNSL2	Brain_Cerebellum	-0.9228604435920715	1.4389988133140946e-10
chr2:87987171-111255403	chr2_88266117_C_T_b38	rs149620706	ENSG00000144115.18	THNSL2	Liver	-0.6897512674331665	2.2710039021930362e-05
chr2:87987171-111255403	chr2_88266117_C_T_b38	rs149620706	ENSG00000288734.1	ENSG00000288734	Brain_Amygdala	-1.0230457782745361	4.679295396026341e-06
chr2:87987171-111255403	chr2_88266117_C_T_b38	rs149620706	ENSG00000144115.18	THNSL2	Brain_Amygdala	-1.32405424118042	1.2868540383282677e-08
chr2:87987171-111255403	chr2_88266117_C_T_b38	rs149620706	ENSG00000144115.18	THNSL2	Brain_Spinal_cord_cervical_c-1	-1.1004571914672852	1.054047882785547e-10
chr2:87987171-111255403	chr2_88266117_C_T_b38	rs149620706	ENSG00000144115.18	THNSL2	Cells_Cultured_fibroblasts	-0.5923280715942383	8.171290233028123e-11
chr2:87987171-111255403	chr2_88266117_C_T_b38	rs149620706	ENSG00000144115.18	THNSL2	Lung	-0.7654282450675964	1.9888366408792156e-14
chr2:87987171-111255403	chr2_88266117_C_T_b38	rs149620706	ENSG00000144115.18	THNSL2	Breast_Mammary_Tissue	-0.5695326328277588	1.0899174557018243e-09
chr2:87987171-111255403	chr2_88266117_C_T_b38	rs149620706	ENSG00000144115.18	THNSL2	Minor_Salivary_Gland	-0.8518017530441284	5.317751544804854e-06
chr2:87987171-111255403	chr2_88266117_C_T_b38	rs149620706	ENSG00000144115.18	THNSL2	Brain_Cortex	-0.9034107327461243	1.0415673490430215e-07
chr2:87987171-111255403	chr2_88266117_C_T_b38	rs149620706	ENSG00000144115.18	THNSL2	Brain_Putamen_basal_ganglia	-0.9472214579582214	4.986214469675832e-10
chr2:87987171-111255403	chr2_88266117_C_T_b38	rs149620706	ENSG00000144115.18	THNSL2	Skin_Sun_Exposed_Lower_leg	-0.6789952516555786	8.603816217138306e-14
chr20:24397726-24406144	chr20_24400676_G_T_b38	rs6106863	ENSG00000101463.6	SYNDIG1	Nerve_Tibial	0.07928446680307388	1.2106817622837415e-05
chr3:75454477-75455715	chr3_75455567_C_T_b38	rs57804628	ENSG00000244026.7	FAM86DP	Esophagus_Muscularis	0.34472131729125977	1.1965823582995425e-10
chr3:75454477-75455715	chr3_75455567_C_T_b38	rs57804628	ENSG00000228868.3	MYLKP1	Pancreas	0.2552507221698761	3.021861795744848e-05
chr3:75454477-75455715	chr3_75455567_C_T_b38	rs57804628	ENSG00000244026.7	FAM86DP	Pancreas	0.41877901554107666	1.3345670207969659e-08
chr3:75454477-75455715	chr3_75455567_C_T_b38	rs57804628	ENSG00000238278.3	ALG1L6P	Adipose_Visceral_Omentum	0.30077534914016724	1.1136917037875354e-07
chr3:75454477-75455715	chr3_75455567_C_T_b38	rs57804628	ENSG00000244026.7	FAM86DP	Adipose_Visceral_Omentum	0.214106023311615	8.888521676345617e-06
chr3:75454477-75455715	chr3_75455567_C_T_b38	rs57804628	ENSG00000238278.3	ALG1L6P	Nerve_Tibial	0.21329036355018616	3.591893130278169e-05
chr3:75454477-75455715	chr3_75455567_C_T_b38	rs57804628	ENSG00000244026.7	FAM86DP	Small_Intestine_Terminal_Ileum	0.4104965031147003	2.3093778911711257e-05
chr3:75454477-75455715	chr3_75455567_C_T_b38	rs57804628	ENSG00000244026.7	FAM86DP	Whole_Blood	0.18438906967639923	2.630047530862406e-06
chr3:75454477-75455715	chr3_75455567_C_T_b38	rs57804628	ENSG00000272690.6	LINC02018	Whole_Blood	-0.16669435799121857	5.2657359856111815e-05
chr3:75454477-75455715	chr3_75455567_C_T_b38	rs57804628	ENSG00000238278.3	ALG1L6P	Skin_Not_Sun_Exposed_Suprapubic	0.21309293806552887	3.521421806621191e-05
chr3:75454477-75455715	chr3_75455567_C_T_b38	rs57804628	ENSG00000244026.7	FAM86DP	Skin_Not_Sun_Exposed_Suprapubic	0.2514059245586395	1.8448053804119104e-07
chr3:75454477-75455715	chr3_75455567_C_T_b38	rs57804628	ENSG00000238278.3	ALG1L6P	Esophagus_Gastroesophageal_Junction	0.36359089612960815	1.096849382058217e-05
chr3:75454477-75455715	chr3_75455567_C_T_b38	rs57804628	ENSG00000244026.7	FAM86DP	Esophagus_Gastroesophageal_Junction	0.49449601769447327	3.200356822644982e-11
chr3:75454477-75455715	chr3_75455567_C_T_b38	rs57804628	ENSG00000238278.3	ALG1L6P	Adipose_Subcutaneous	0.24654746055603027	2.004729599627055e-06
chr3:75454477-75455715	chr3_75455567_C_T_b38	rs57804628	ENSG00000244026.7	FAM86DP	Adipose_Subcutaneous	0.2075376808643341	2.667708401670781e-06
chr3:75454477-75455715	chr3_75455567_C_T_b38	rs57804628	ENSG00000238278.3	ALG1L6P	Thyroid	0.24459590017795563	2.3811508267900644e-06
chr3:75454477-75455715	chr3_75455567_C_T_b38	rs57804628	ENSG00000244026.7	FAM86DP	Thyroid	0.2247639000415802	8.373012593386562e-07
chr3:75454477-75455715	chr3_75455567_C_T_b38	rs57804628	ENSG00000244026.7	FAM86DP	Uterus	0.4983859658241272	1.6354080537353506e-05
chr3:75454477-75455715	chr3_75455567_C_T_b38	rs57804628	ENSG00000243422.3	RPL23AP49	Heart_Left_Ventricle	-0.22601111233234406	2.4287069328247383e-05
chr3:75454477-75455715	chr3_75455567_C_T_b38	rs57804628	ENSG00000244026.7	FAM86DP	Testis	-0.3348589837551117	2.6336108100127566e-08
chr3:75454477-75455715	chr3_75455567_C_T_b38	rs57804628	ENSG00000272690.6	LINC02018	Testis	-0.35898903012275696	5.388941691380231e-13
chr3:75454477-75455715	chr3_75455567_C_T_b38	rs57804628	ENSG00000239959.1	ENPP7P2	Testis	0.35681280493736267	1.010752463822249e-08
chr3:75454477-75455715	chr3_75455567_C_T_b38	rs57804628	ENSG00000244026.7	FAM86DP	Muscle_Skeletal	0.23565131425857544	2.074705540590141e-09
chr3:75454477-75455715	chr3_75455567_C_T_b38	rs57804628	ENSG00000244026.7	FAM86DP	Artery_Tibial	0.265359491109848	4.086230262346843e-09
chr3:75454477-75455715	chr3_75455567_C_T_b38	rs57804628	ENSG00000238278.3	ALG1L6P	Prostate	0.32822197675704956	7.725485868590332e-05
chr3:75454477-75455715	chr3_75455567_C_T_b38	rs57804628	ENSG00000244026.7	FAM86DP	Prostate	0.35183990001678467	7.591472516915482e-06
chr3:75454477-75455715	chr3_75455567_C_T_b38	rs57804628	ENSG00000272690.6	LINC02018	Brain_Frontal_Cortex_BA9	-0.3038356602191925	2.3025895992990553e-05
chr3:75454477-75455715	chr3_75455567_C_T_b38	rs57804628	ENSG00000238278.3	ALG1L6P	Colon_Sigmoid	0.39069750905036926	7.730289511014899e-08
chr3:75454477-75455715	chr3_75455567_C_T_b38	rs57804628	ENSG00000244026.7	FAM86DP	Colon_Sigmoid	0.2604728639125824	9.463379303091737e-05
chr3:75454477-75455715	chr3_75455567_C_T_b38	rs57804628	ENSG00000238278.3	ALG1L6P	Artery_Aorta	0.37418490648269653	7.419526741041793e-08
chr3:75454477-75455715	chr3_75455567_C_T_b38	rs57804628	ENSG00000244026.7	FAM86DP	Artery_Aorta	0.3790619969367981	9.778027251023517e-10
chr3:75454477-75455715	chr3_75455567_C_T_b38	rs57804628	ENSG00000244026.7	FAM86DP	Colon_Transverse	0.2933211028575897	7.268656390664178e-07
chr3:75454477-75455715	chr3_75455567_C_T_b38	rs57804628	ENSG00000244026.7	FAM86DP	Stomach	0.25719350576400757	9.565395872873359e-06
chr3:75454477-75455715	chr3_75455567_C_T_b38	rs57804628	ENSG00000244026.7	FAM86DP	Cells_EBV-transformed_lymphocytes	0.32245832681655884	3.899720878880671e-06
chr3:75454477-75455715	chr3_75455567_C_T_b38	rs57804628	ENSG00000213300.5	HNRNPA3P6	Cells_Cultured_fibroblasts	-0.09233447909355164	0.00030606516669258417
chr3:75454477-75455715	chr3_75455567_C_T_b38	rs57804628	ENSG00000238278.3	ALG1L6P	Cells_Cultured_fibroblasts	0.2956802546977997	1.1607162188560576e-12
chr3:75454477-75455715	chr3_75455567_C_T_b38	rs57804628	ENSG00000244026.7	FAM86DP	Cells_Cultured_fibroblasts	0.29635074734687805	6.066083472284391e-12
chr3:75454477-75455715	chr3_75455567_C_T_b38	rs57804628	ENSG00000179799.9	OR7E22P	Lung	0.19446544349193573	3.494799151215358e-06
chr3:75454477-75455715	chr3_75455567_C_T_b38	rs57804628	ENSG00000238278.3	ALG1L6P	Lung	0.2738744616508484	8.500236448871323e-08
chr3:75454477-75455715	chr3_75455567_C_T_b38	rs57804628	ENSG00000244026.7	FAM86DP	Lung	0.25702473521232605	2.166086437553712e-09
chr3:75454477-75455715	chr3_75455567_C_T_b38	rs57804628	ENSG00000272690.6	LINC02018	Brain_Cortex	-0.3633813261985779	4.1513934709431025e-07
chr3:75454477-75455715	chr3_75455567_C_T_b38	rs57804628	ENSG00000238278.3	ALG1L6P	Skin_Sun_Exposed_Lower_leg	0.22286319732666016	2.2325097183311583e-05
chr3:75454477-75455715	chr3_75455567_C_T_b38	rs57804628	ENSG00000244026.7	FAM86DP	Skin_Sun_Exposed_Lower_leg	0.29726770520210266	8.357523031490623e-11
chr3:75454477-75455715	chr3_75455567_C_T_b38	rs57804628	ENSG00000272690.6	LINC02018	Skin_Sun_Exposed_Lower_leg	0.13854989409446716	0.0003452624785303848
chr5:179643529-179651253	chr5_179650129_G_A_b38	rs4585401	ENSG00000253520.1	ENSG00000253520	Brain_Nucleus_accumbens_basal_ganglia	0.3623019754886627	5.846238791613456e-07
chr5:179643529-179651253	chr5_179650129_G_A_b38	rs4585401	ENSG00000176783.15	RUFY1	Esophagus_Muscularis	0.14779749512672424	1.8741336740855932e-07
chr5:179643529-179651253	chr5_179650129_G_A_b38	rs4585401	ENSG00000244945.1	RUFY1-AS1	Esophagus_Muscularis	-0.26878154277801514	1.6237824351755996e-18
chr5:179643529-179651253	chr5_179650129_G_A_b38	rs4585401	ENSG00000169045.17	HNRNPH1	Esophagus_Muscularis	-0.1405392587184906	5.315451456263601e-06
chr5:179643529-179651253	chr5_179650129_G_A_b38	rs4585401	ENSG00000176783.15	RUFY1	Adipose_Visceral_Omentum	0.20023226737976074	2.0822098529780635e-07
chr5:179643529-179651253	chr5_179650129_G_A_b38	rs4585401	ENSG00000244945.1	RUFY1-AS1	Adipose_Visceral_Omentum	-0.1431553065776825	8.878853782561829e-07
chr5:179643529-179651253	chr5_179650129_G_A_b38	rs4585401	ENSG00000176783.15	RUFY1	Nerve_Tibial	0.16231632232666016	4.137582454822029e-08
chr5:179643529-179651253	chr5_179650129_G_A_b38	rs4585401	ENSG00000244945.1	RUFY1-AS1	Nerve_Tibial	-0.25723326206207275	8.087681716557097e-16
chr5:179643529-179651253	chr5_179650129_G_A_b38	rs4585401	ENSG00000176783.15	RUFY1	Skin_Not_Sun_Exposed_Suprapubic	0.1697157472372055	1.0415649010758883e-08
chr5:179643529-179651253	chr5_179650129_G_A_b38	rs4585401	ENSG00000244945.1	RUFY1-AS1	Skin_Not_Sun_Exposed_Suprapubic	-0.22699235379695892	2.0826983615692543e-09
chr5:179643529-179651253	chr5_179650129_G_A_b38	rs4585401	ENSG00000176783.15	RUFY1	Esophagus_Gastroesophageal_Junction	0.22575679421424866	8.411855807999431e-11
chr5:179643529-179651253	chr5_179650129_G_A_b38	rs4585401	ENSG00000244945.1	RUFY1-AS1	Esophagus_Gastroesophageal_Junction	-0.23104681074619293	1.0122195047022227e-10
chr5:179643529-179651253	chr5_179650129_G_A_b38	rs4585401	ENSG00000176783.15	RUFY1	Adipose_Subcutaneous	0.2003406584262848	7.74116024121279e-11
chr5:179643529-179651253	chr5_179650129_G_A_b38	rs4585401	ENSG00000244945.1	RUFY1-AS1	Adipose_Subcutaneous	-0.2635483741760254	2.7447399761136972e-18
chr5:179643529-179651253	chr5_179650129_G_A_b38	rs4585401	ENSG00000176783.15	RUFY1	Thyroid	0.2340255081653595	5.6530085286299697e-11
chr5:179643529-179651253	chr5_179650129_G_A_b38	rs4585401	ENSG00000244945.1	RUFY1-AS1	Thyroid	-0.11142271757125854	9.197617265092767e-05
chr5:179643529-179651253	chr5_179650129_G_A_b38	rs4585401	ENSG00000244945.1	RUFY1-AS1	Uterus	-0.3535998463630676	8.25964121020128e-07
chr5:179643529-179651253	chr5_179650129_G_A_b38	rs4585401	ENSG00000244945.1	RUFY1-AS1	Testis	-0.25794270634651184	7.35579404969919e-07
chr5:179643529-179651253	chr5_179650129_G_A_b38	rs4585401	ENSG00000228259.3	ENSG00000228259	Testis	0.190142422914505	1.2626599341731367e-08
chr5:179643529-179651253	chr5_179650129_G_A_b38	rs4585401	ENSG00000176783.15	RUFY1	Muscle_Skeletal	0.22710095345973969	1.9611412352213883e-16
chr5:179643529-179651253	chr5_179650129_G_A_b38	rs4585401	ENSG00000244945.1	RUFY1-AS1	Muscle_Skeletal	-0.31579330563545227	2.144054192182851e-27
chr5:179643529-179651253	chr5_179650129_G_A_b38	rs4585401	ENSG00000176783.15	RUFY1	Artery_Tibial	0.1661153882741928	3.9275280490001346e-10
chr5:179643529-179651253	chr5_179650129_G_A_b38	rs4585401	ENSG00000244945.1	RUFY1-AS1	Artery_Tibial	-0.23339451849460602	1.409674870348881e-23
chr5:179643529-179651253	chr5_179650129_G_A_b38	rs4585401	ENSG00000169045.17	HNRNPH1	Artery_Tibial	-0.09114758670330048	4.646180661314831e-05
chr5:179643529-179651253	chr5_179650129_G_A_b38	rs4585401	ENSG00000253520.1	ENSG00000253520	Brain_Hippocampus	0.3893733024597168	2.3543434904995404e-07
chr5:179643529-179651253	chr5_179650129_G_A_b38	rs4585401	ENSG00000253520.1	ENSG00000253520	Brain_Frontal_Cortex_BA9	0.3174683153629303	3.849656262301896e-05
chr5:179643529-179651253	chr5_179650129_G_A_b38	rs4585401	ENSG00000244945.1	RUFY1-AS1	Colon_Sigmoid	-0.26872581243515015	5.77632564711101e-22
chr5:179643529-179651253	chr5_179650129_G_A_b38	rs4585401	ENSG00000244945.1	RUFY1-AS1	Artery_Aorta	-0.2728227972984314	5.63768110928474e-13
chr5:179643529-179651253	chr5_179650129_G_A_b38	rs4585401	ENSG00000176783.15	RUFY1	Colon_Transverse	0.20015153288841248	6.368079502023539e-09
chr5:179643529-179651253	chr5_179650129_G_A_b38	rs4585401	ENSG00000244945.1	RUFY1-AS1	Colon_Transverse	-0.1412767618894577	2.1521419881142422e-10
chr5:179643529-179651253	chr5_179650129_G_A_b38	rs4585401	ENSG00000176783.15	RUFY1	Esophagus_Mucosa	0.23141247034072876	4.3426827855891843e-16
chr5:179643529-179651253	chr5_179650129_G_A_b38	rs4585401	ENSG00000244945.1	RUFY1-AS1	Esophagus_Mucosa	-0.1911776065826416	2.115954471814816e-07
chr5:179643529-179651253	chr5_179650129_G_A_b38	rs4585401	ENSG00000244945.1	RUFY1-AS1	Stomach	-0.1378738135099411	3.6070467002937804e-05
chr5:179643529-179651253	chr5_179650129_G_A_b38	rs4585401	ENSG00000169045.17	HNRNPH1	Stomach	-0.1480153352022171	1.7599095009858765e-06
chr5:179643529-179651253	chr5_179650129_G_A_b38	rs4585401	ENSG00000253520.1	ENSG00000253520	Brain_Cerebellar_Hemisphere	0.633802592754364	1.0759813267599444e-14
chr5:179643529-179651253	chr5_179650129_G_A_b38	rs4585401	ENSG00000244945.1	RUFY1-AS1	Spleen	-0.2796863913536072	2.0597064880102548e-05
chr5:179643529-179651253	chr5_179650129_G_A_b38	rs4585401	ENSG00000176783.15	RUFY1	Heart_Atrial_Appendage	0.19369441270828247	4.783074210594436e-07
chr5:179643529-179651253	chr5_179650129_G_A_b38	rs4585401	ENSG00000244945.1	RUFY1-AS1	Heart_Atrial_Appendage	-0.1722683161497116	6.399628043404674e-05
chr5:179643529-179651253	chr5_179650129_G_A_b38	rs4585401	ENSG00000176783.15	RUFY1	Ovary	0.29901111125946045	8.296582175933605e-06
chr5:179643529-179651253	chr5_179650129_G_A_b38	rs4585401	ENSG00000253520.1	ENSG00000253520	Brain_Cerebellum	0.5374488234519958	7.057799301344565e-10
chr5:179643529-179651253	chr5_179650129_G_A_b38	rs4585401	ENSG00000253520.1	ENSG00000253520	Cells_Cultured_fibroblasts	0.21792897582054138	4.259224292178318e-06
chr5:179643529-179651253	chr5_179650129_G_A_b38	rs4585401	ENSG00000176783.15	RUFY1	Cells_Cultured_fibroblasts	0.30564072728157043	2.8696449549580912e-24
chr5:179643529-179651253	chr5_179650129_G_A_b38	rs4585401	ENSG00000244945.1	RUFY1-AS1	Cells_Cultured_fibroblasts	-0.24519456923007965	3.2071010870100544e-10
chr5:179643529-179651253	chr5_179650129_G_A_b38	rs4585401	ENSG00000176783.15	RUFY1	Lung	0.11833586543798447	2.5429928006270753e-05
chr5:179643529-179651253	chr5_179650129_G_A_b38	rs4585401	ENSG00000244945.1	RUFY1-AS1	Lung	-0.1852155327796936	1.3940928328733187e-06
chr5:179643529-179651253	chr5_179650129_G_A_b38	rs4585401	ENSG00000176783.15	RUFY1	Breast_Mammary_Tissue	0.20300324261188507	6.868624903428816e-08
chr5:179643529-179651253	chr5_179650129_G_A_b38	rs4585401	ENSG00000244945.1	RUFY1-AS1	Breast_Mammary_Tissue	-0.276561439037323	1.9559958349629745e-11
chr5:179643529-179651253	chr5_179650129_G_A_b38	rs4585401	ENSG00000253520.1	ENSG00000253520	Brain_Putamen_basal_ganglia	0.3485052287578583	2.4445222519732286e-05
chr5:179643529-179651253	chr5_179650129_G_A_b38	rs4585401	ENSG00000176783.15	RUFY1	Skin_Sun_Exposed_Lower_leg	0.15903255343437195	2.4614122203468373e-09
chr5:179643529-179651253	chr5_179650129_G_A_b38	rs4585401	ENSG00000244945.1	RUFY1-AS1	Skin_Sun_Exposed_Lower_leg	-0.19889843463897705	3.2006795717149085e-09
chr5:179643529-179651253	chr5_179650129_G_A_b38	rs4585401	ENSG00000244945.1	RUFY1-AS1	Artery_Coronary	-0.2052954137325287	4.788954961005565e-07
chr9:85797070-85801040	chr9_85799803_C_G_b38	rs7041370	ENSG00000230303.6	ENSG00000230303	Esophagus_Muscularis	0.8238430023193359	8.495866265710235e-05
chr9:85797070-85801040	chr9_85799803_C_G_b38	rs7041370	ENSG00000289214.1	ENSG00000289214	Esophagus_Muscularis	-1.1567583084106445	3.9441133510183567e-07
chr9:85797070-85801040	chr9_85799803_C_G_b38	rs7041370	ENSG00000230303.6	ENSG00000230303	Pancreas	1.2150051593780518	3.703707147409162e-05
chr9:85797070-85801040	chr9_85799803_C_G_b38	rs7041370	ENSG00000230303.6	ENSG00000230303	Pituitary	1.236711025238037	7.841681384490056e-05
chr9:85797070-85801040	chr9_85799803_C_G_b38	rs7041370	ENSG00000289214.1	ENSG00000289214	Pituitary	-1.803622841835022	2.8958290079999725e-06
chr9:85797070-85801040	chr9_85799803_C_G_b38	rs7041370	ENSG00000230303.6	ENSG00000230303	Nerve_Tibial	0.6719831228256226	2.3101922742076322e-05
chr9:85797070-85801040	chr9_85799803_C_G_b38	rs7041370	ENSG00000289214.1	ENSG00000289214	Nerve_Tibial	-0.8630309700965881	5.3331143357812405e-05
chr9:85797070-85801040	chr9_85799803_C_G_b38	rs7041370	ENSG00000289214.1	ENSG00000289214	Skin_Not_Sun_Exposed_Suprapubic	-0.8644849061965942	1.0587452016142793e-05
chr9:85797070-85801040	chr9_85799803_C_G_b38	rs7041370	ENSG00000289214.1	ENSG00000289214	Adipose_Subcutaneous	-0.8529138565063477	5.140813713307031e-05
chr9:85797070-85801040	chr9_85799803_C_G_b38	rs7041370	ENSG00000230303.6	ENSG00000230303	Thyroid	0.721173107624054	2.004619941741047e-08
chr9:85797070-85801040	chr9_85799803_C_G_b38	rs7041370	ENSG00000289214.1	ENSG00000289214	Thyroid	-1.1073609590530396	1.1488951470049754e-09
chr9:85797070-85801040	chr9_85799803_C_G_b38	rs7041370	ENSG00000230303.6	ENSG00000230303	Uterus	1.2838188409805298	2.0363107874421982e-05
chr9:85797070-85801040	chr9_85799803_C_G_b38	rs7041370	ENSG00000230303.6	ENSG00000230303	Testis	-0.3650955557823181	2.239352655483714e-05
chr9:85797070-85801040	chr9_85799803_C_G_b38	rs7041370	ENSG00000289214.1	ENSG00000289214	Artery_Tibial	-0.849198043346405	2.546551582618729e-05
chr9:85797070-85801040	chr9_85799803_C_G_b38	rs7041370	ENSG00000230303.6	ENSG00000230303	Colon_Sigmoid	1.1316068172454834	3.903190998218005e-06
chr9:85797070-85801040	chr9_85799803_C_G_b38	rs7041370	ENSG00000289214.1	ENSG00000289214	Liver	-2.255802869796753	1.9868019061814882e-08
chr9:85797070-85801040	chr9_85799803_C_G_b38	rs7041370	ENSG00000289214.1	ENSG00000289214	Skin_Sun_Exposed_Lower_leg	-1.1634165048599243	7.537592491520685e-07
chr1:108310642-108383736	chr1_108362984_T_G_b38	rs9661538	ENSG00000085491.17	SLC25A24	Pancreas	0.14787787199020386	1.9617626716354884e-05
chr1:108310642-108383736	chr1_108362984_T_G_b38	rs9661538	ENSG00000196427.14	NBPF4	Pituitary	-0.23684662580490112	2.494572472975076e-07
chr1:108310642-108383736	chr1_108362984_T_G_b38	rs9661538	ENSG00000085491.17	SLC25A24	Skin_Not_Sun_Exposed_Suprapubic	-0.12360528856515884	4.35426890347015e-07
chr1:108310642-108383736	chr1_108362984_T_G_b38	rs9661538	ENSG00000085491.17	SLC25A24	Adipose_Subcutaneous	-0.10513558238744736	6.933001618492371e-06
chr1:108310642-108383736	chr1_108362984_T_G_b38	rs9661538	ENSG00000085491.17	SLC25A24	Esophagus_Mucosa	-0.237692728638649	2.0095612632003267e-15
chr1:108310642-108383736	chr1_108362984_T_G_b38	rs9661538	ENSG00000085491.17	SLC25A24	Brain_Cerebellar_Hemisphere	0.423516184091568	7.544373793119103e-09
chr1:108310642-108383736	chr1_108362984_T_G_b38	rs9661538	ENSG00000085491.17	SLC25A24	Brain_Cerebellum	0.4825889766216278	1.5485804323829091e-09
chr1:108310642-108383736	chr1_108362984_T_G_b38	rs9661538	ENSG00000196427.14	NBPF4	Breast_Mammary_Tissue	-0.15335014462471008	6.7780643126679826e-06
chr1:108310642-108383736	chr1_108362984_T_G_b38	rs9661538	ENSG00000085491.17	SLC25A24	Skin_Sun_Exposed_Lower_leg	-0.1774052381515503	2.5949955224084465e-13
chr1:108310642-108383736	chr1_108362984_T_G_b38	rs9661538	ENSG00000085491.17	SLC25A24	Artery_Coronary	-0.14743417501449585	5.403610578450572e-05
chr16:14954790-15100859	chr16_15059860_T_C_b38	rs9927842	ENSG00000183426.17	NPIPA1	Vagina	-0.5292125344276428	1.27077364932493e-05
chr16:14954790-15100859	chr16_15059860_T_C_b38	rs9927842	ENSG00000260735.2	ENSG00000260735	Vagina	-0.8031790852546692	1.487171341643554e-11
chr16:14954790-15100859	chr16_15059860_T_C_b38	rs9927842	ENSG00000188599.17	NPIPP1	Vagina	-0.4923075735569	5.419150766389228e-09
chr16:14954790-15100859	chr16_15059860_T_C_b38	rs9927842	ENSG00000103512.16	NOMO1	Brain_Nucleus_accumbens_basal_ganglia	-0.216829314827919	1.3367438803175512e-05
chr16:14954790-15100859	chr16_15059860_T_C_b38	rs9927842	ENSG00000183426.17	NPIPA1	Brain_Nucleus_accumbens_basal_ganglia	-0.5909442901611328	6.993359452317506e-13
chr16:14954790-15100859	chr16_15059860_T_C_b38	rs9927842	ENSG00000260735.2	ENSG00000260735	Brain_Nucleus_accumbens_basal_ganglia	-0.531025230884552	5.290616368698523e-09
chr16:14954790-15100859	chr16_15059860_T_C_b38	rs9927842	ENSG00000188599.17	NPIPP1	Brain_Nucleus_accumbens_basal_ganglia	-0.4569336473941803	2.925132315649309e-24
chr16:14954790-15100859	chr16_15059860_T_C_b38	rs9927842	ENSG00000183793.14	NPIPA5	Brain_Nucleus_accumbens_basal_ganglia	0.5399416089057922	3.694220294265157e-07
chr16:14954790-15100859	chr16_15059860_T_C_b38	rs9927842	ENSG00000255277.3	ABCC6P2	Esophagus_Muscularis	0.2478727400302887	1.3186526695558927e-05
chr16:14954790-15100859	chr16_15059860_T_C_b38	rs9927842	ENSG00000183458.14	PKD1P3	Esophagus_Muscularis	-0.24291932582855225	1.652185755305717e-14
chr16:14954790-15100859	chr16_15059860_T_C_b38	rs9927842	ENSG00000183426.17	NPIPA1	Esophagus_Muscularis	-0.6643127202987671	2.674302698858081e-27
chr16:14954790-15100859	chr16_15059860_T_C_b38	rs9927842	ENSG00000260735.2	ENSG00000260735	Esophagus_Muscularis	-0.6923255920410156	1.1285647624331904e-32
chr16:14954790-15100859	chr16_15059860_T_C_b38	rs9927842	ENSG00000188599.17	NPIPP1	Esophagus_Muscularis	-0.3360295593738556	3.0588801554428162e-18
chr16:14954790-15100859	chr16_15059860_T_C_b38	rs9927842	ENSG00000183793.14	NPIPA5	Esophagus_Muscularis	0.5601887702941895	9.135870494562426e-14
chr16:14954790-15100859	chr16_15059860_T_C_b38	rs9927842	ENSG00000156968.9	MPV17L	Esophagus_Muscularis	0.18724128603935242	1.3559399513336847e-08
chr16:14954790-15100859	chr16_15059860_T_C_b38	rs9927842	ENSG00000183458.14	PKD1P3	Pancreas	-0.24091748893260956	0.0001325922226609848
chr16:14954790-15100859	chr16_15059860_T_C_b38	rs9927842	ENSG00000183426.17	NPIPA1	Pancreas	-0.7279258966445923	5.727967428126672e-16
chr16:14954790-15100859	chr16_15059860_T_C_b38	rs9927842	ENSG00000260735.2	ENSG00000260735	Pancreas	-0.7587002515792847	1.2280332398971352e-17
chr16:14954790-15100859	chr16_15059860_T_C_b38	rs9927842	ENSG00000188599.17	NPIPP1	Pancreas	-0.6659334897994995	2.596945183184549e-25
chr16:14954790-15100859	chr16_15059860_T_C_b38	rs9927842	ENSG00000250251.6	PKD1P6	Pancreas	-0.3151009976863861	2.1148279687042084e-07
chr16:14954790-15100859	chr16_15059860_T_C_b38	rs9927842	ENSG00000183793.14	NPIPA5	Pancreas	0.5937181115150452	2.628083516689101e-09
chr16:14954790-15100859	chr16_15059860_T_C_b38	rs9927842	ENSG00000156968.9	MPV17L	Pancreas	0.3272703289985657	7.829197488808392e-12
chr16:14954790-15100859	chr16_15059860_T_C_b38	rs9927842	ENSG00000166780.11	BMERB1	Pancreas	0.2912103831768036	3.3036733259064153e-09
chr16:14954790-15100859	chr16_15059860_T_C_b38	rs9927842	ENSG00000103512.16	NOMO1	Adipose_Visceral_Omentum	-0.15526123344898224	0.00016742116508739637
chr16:14954790-15100859	chr16_15059860_T_C_b38	rs9927842	ENSG00000183458.14	PKD1P3	Adipose_Visceral_Omentum	-0.20622402429580688	2.139878487205081e-06
chr16:14954790-15100859	chr16_15059860_T_C_b38	rs9927842	ENSG00000183426.17	NPIPA1	Adipose_Visceral_Omentum	-0.6718171834945679	2.8698266495031122e-24
chr16:14954790-15100859	chr16_15059860_T_C_b38	rs9927842	ENSG00000157045.9	NTAN1	Adipose_Visceral_Omentum	-0.14503777027130127	8.127077832062947e-06
chr16:14954790-15100859	chr16_15059860_T_C_b38	rs9927842	ENSG00000260735.2	ENSG00000260735	Adipose_Visceral_Omentum	-0.8612844347953796	8.699420820161971e-44
chr16:14954790-15100859	chr16_15059860_T_C_b38	rs9927842	ENSG00000188599.17	NPIPP1	Adipose_Visceral_Omentum	-0.6615662574768066	6.643778776486328e-46
chr16:14954790-15100859	chr16_15059860_T_C_b38	rs9927842	ENSG00000250251.6	PKD1P6	Adipose_Visceral_Omentum	-0.3470211923122406	4.1136286494130236e-16
chr16:14954790-15100859	chr16_15059860_T_C_b38	rs9927842	ENSG00000183793.14	NPIPA5	Adipose_Visceral_Omentum	0.6137562990188599	1.3526642927435837e-15
chr16:14954790-15100859	chr16_15059860_T_C_b38	rs9927842	ENSG00000255277.3	ABCC6P2	Pituitary	0.405720055103302	1.4212824716161684e-05
chr16:14954790-15100859	chr16_15059860_T_C_b38	rs9927842	ENSG00000183426.17	NPIPA1	Pituitary	-0.6850654482841492	3.483016232681841e-13
chr16:14954790-15100859	chr16_15059860_T_C_b38	rs9927842	ENSG00000260735.2	ENSG00000260735	Pituitary	-1.0599006414413452	1.4343884715551e-33
chr16:14954790-15100859	chr16_15059860_T_C_b38	rs9927842	ENSG00000188599.17	NPIPP1	Pituitary	-0.6091113090515137	3.798314788956935e-26
chr16:14954790-15100859	chr16_15059860_T_C_b38	rs9927842	ENSG00000250251.6	PKD1P6	Pituitary	-0.2244555801153183	2.3268710964561493e-05
chr16:14954790-15100859	chr16_15059860_T_C_b38	rs9927842	ENSG00000257391.1	ENSG00000257391	Pituitary	-0.4215485751628876	1.529544749299018e-05
chr16:14954790-15100859	chr16_15059860_T_C_b38	rs9927842	ENSG00000183793.14	NPIPA5	Pituitary	0.6417449712753296	2.061443506223665e-09
chr16:14954790-15100859	chr16_15059860_T_C_b38	rs9927842	ENSG00000103512.16	NOMO1	Nerve_Tibial	-0.2302953600883484	3.6671366319180837e-08
chr16:14954790-15100859	chr16_15059860_T_C_b38	rs9927842	ENSG00000183458.14	PKD1P3	Nerve_Tibial	-0.2974017262458801	1.1523608568571728e-11
chr16:14954790-15100859	chr16_15059860_T_C_b38	rs9927842	ENSG00000183426.17	NPIPA1	Nerve_Tibial	-0.7360740900039673	9.073739091372961e-34
chr16:14954790-15100859	chr16_15059860_T_C_b38	rs9927842	ENSG00000260735.2	ENSG00000260735	Nerve_Tibial	-1.0051994323730469	9.523582109887753e-81
chr16:14954790-15100859	chr16_15059860_T_C_b38	rs9927842	ENSG00000188599.17	NPIPP1	Nerve_Tibial	-0.7885262370109558	3.272216043426428e-67
chr16:14954790-15100859	chr16_15059860_T_C_b38	rs9927842	ENSG00000250251.6	PKD1P6	Nerve_Tibial	-0.325270414352417	1.8759917309547633e-17
chr16:14954790-15100859	chr16_15059860_T_C_b38	rs9927842	ENSG00000183793.14	NPIPA5	Nerve_Tibial	0.6622674465179443	4.316624099442749e-22
chr16:14954790-15100859	chr16_15059860_T_C_b38	rs9927842	ENSG00000183426.17	NPIPA1	Small_Intestine_Terminal_Ileum	-0.7292525172233582	5.4487770043826746e-11
chr16:14954790-15100859	chr16_15059860_T_C_b38	rs9927842	ENSG00000085721.13	RRN3	Small_Intestine_Terminal_Ileum	0.4764768183231354	3.844271203592016e-08
chr16:14954790-15100859	chr16_15059860_T_C_b38	rs9927842	ENSG00000260735.2	ENSG00000260735	Small_Intestine_Terminal_Ileum	-0.766088604927063	2.5266801440245545e-14
chr16:14954790-15100859	chr16_15059860_T_C_b38	rs9927842	ENSG00000188599.17	NPIPP1	Small_Intestine_Terminal_Ileum	-0.4297977089881897	2.7705390964526532e-12
chr16:14954790-15100859	chr16_15059860_T_C_b38	rs9927842	ENSG00000183426.17	NPIPA1	Whole_Blood	-0.4572870433330536	6.086708493835338e-27
chr16:14954790-15100859	chr16_15059860_T_C_b38	rs9927842	ENSG00000188599.17	NPIPP1	Whole_Blood	-0.5391079187393188	6.518935514102605e-90
chr16:14954790-15100859	chr16_15059860_T_C_b38	rs9927842	ENSG00000250251.6	PKD1P6	Whole_Blood	-0.3021020293235779	3.871852688715859e-44
chr16:14954790-15100859	chr16_15059860_T_C_b38	rs9927842	ENSG00000183793.14	NPIPA5	Whole_Blood	0.5679306983947754	1.045650380985329e-21
chr16:14954790-15100859	chr16_15059860_T_C_b38	rs9927842	ENSG00000103512.16	NOMO1	Skin_Not_Sun_Exposed_Suprapubic	-0.16205911338329315	0.00019575917996383823
chr16:14954790-15100859	chr16_15059860_T_C_b38	rs9927842	ENSG00000183458.14	PKD1P3	Skin_Not_Sun_Exposed_Suprapubic	-0.13023005425930023	3.2481614313117834e-05
chr16:14954790-15100859	chr16_15059860_T_C_b38	rs9927842	ENSG00000183426.17	NPIPA1	Skin_Not_Sun_Exposed_Suprapubic	-0.614345908164978	1.2249500452189582e-24
chr16:14954790-15100859	chr16_15059860_T_C_b38	rs9927842	ENSG00000157045.9	NTAN1	Skin_Not_Sun_Exposed_Suprapubic	-0.16308094561100006	1.0255178447050567e-07
chr16:14954790-15100859	chr16_15059860_T_C_b38	rs9927842	ENSG00000085721.13	RRN3	Skin_Not_Sun_Exposed_Suprapubic	-0.18452006578445435	1.4684218325733024e-06
chr16:14954790-15100859	chr16_15059860_T_C_b38	rs9927842	ENSG00000260735.2	ENSG00000260735	Skin_Not_Sun_Exposed_Suprapubic	-0.9396753311157227	6.69744017399769e-62
chr16:14954790-15100859	chr16_15059860_T_C_b38	rs9927842	ENSG00000188599.17	NPIPP1	Skin_Not_Sun_Exposed_Suprapubic	-0.5609250068664551	2.7871988986754694e-50
chr16:14954790-15100859	chr16_15059860_T_C_b38	rs9927842	ENSG00000250251.6	PKD1P6	Skin_Not_Sun_Exposed_Suprapubic	-0.20557816326618195	1.8524616021886772e-11
chr16:14954790-15100859	chr16_15059860_T_C_b38	rs9927842	ENSG00000183793.14	NPIPA5	Skin_Not_Sun_Exposed_Suprapubic	0.5606056451797485	3.7155206448960695e-17
chr16:14954790-15100859	chr16_15059860_T_C_b38	rs9927842	ENSG00000183458.14	PKD1P3	Esophagus_Gastroesophageal_Junction	-0.19742609560489655	2.6485025400727253e-07
chr16:14954790-15100859	chr16_15059860_T_C_b38	rs9927842	ENSG00000183426.17	NPIPA1	Esophagus_Gastroesophageal_Junction	-0.739566445350647	5.382814883361724e-24
chr16:14954790-15100859	chr16_15059860_T_C_b38	rs9927842	ENSG00000260735.2	ENSG00000260735	Esophagus_Gastroesophageal_Junction	-0.7695322632789612	9.240018982590443e-29
chr16:14954790-15100859	chr16_15059860_T_C_b38	rs9927842	ENSG00000188599.17	NPIPP1	Esophagus_Gastroesophageal_Junction	-0.4084695279598236	6.762428285964709e-18
chr16:14954790-15100859	chr16_15059860_T_C_b38	rs9927842	ENSG00000183793.14	NPIPA5	Esophagus_Gastroesophageal_Junction	0.6338866353034973	2.0355598479398062e-11
chr16:14954790-15100859	chr16_15059860_T_C_b38	rs9927842	ENSG00000183426.17	NPIPA1	Brain_Hypothalamus	-0.5620176792144775	2.768419738978389e-09
chr16:14954790-15100859	chr16_15059860_T_C_b38	rs9927842	ENSG00000260735.2	ENSG00000260735	Brain_Hypothalamus	-0.6473590731620789	1.1797600437685153e-11
chr16:14954790-15100859	chr16_15059860_T_C_b38	rs9927842	ENSG00000188599.17	NPIPP1	Brain_Hypothalamus	-0.47693437337875366	1.1124371930475006e-19
chr16:14954790-15100859	chr16_15059860_T_C_b38	rs9927842	ENSG00000183793.14	NPIPA5	Brain_Hypothalamus	0.579508364200592	1.9510267007607366e-07
chr16:14954790-15100859	chr16_15059860_T_C_b38	rs9927842	ENSG00000103429.11	BFAR	Adipose_Subcutaneous	-0.12687401473522186	6.561840345804673e-07
chr16:14954790-15100859	chr16_15059860_T_C_b38	rs9927842	ENSG00000103512.16	NOMO1	Adipose_Subcutaneous	-0.3014799654483795	2.197910950055196e-13
chr16:14954790-15100859	chr16_15059860_T_C_b38	rs9927842	ENSG00000183458.14	PKD1P3	Adipose_Subcutaneous	-0.2887241542339325	7.345826087728757e-13
chr16:14954790-15100859	chr16_15059860_T_C_b38	rs9927842	ENSG00000183426.17	NPIPA1	Adipose_Subcutaneous	-0.7947470545768738	4.179124518316894e-36
chr16:14954790-15100859	chr16_15059860_T_C_b38	rs9927842	ENSG00000157045.9	NTAN1	Adipose_Subcutaneous	-0.1360500007867813	3.0485826534274797e-06
chr16:14954790-15100859	chr16_15059860_T_C_b38	rs9927842	ENSG00000260735.2	ENSG00000260735	Adipose_Subcutaneous	-1.0933834314346313	1.765779242568419e-83
chr16:14954790-15100859	chr16_15059860_T_C_b38	rs9927842	ENSG00000188599.17	NPIPP1	Adipose_Subcutaneous	-0.8004697561264038	5.798824056040161e-66
chr16:14954790-15100859	chr16_15059860_T_C_b38	rs9927842	ENSG00000250251.6	PKD1P6	Adipose_Subcutaneous	-0.3938831388950348	7.844018349426183e-22
chr16:14954790-15100859	chr16_15059860_T_C_b38	rs9927842	ENSG00000183793.14	NPIPA5	Adipose_Subcutaneous	0.5810359120368958	1.4299333166779173e-16
chr16:14954790-15100859	chr16_15059860_T_C_b38	rs9927842	ENSG00000255277.3	ABCC6P2	Thyroid	0.5492637753486633	1.0896843443246259e-20
chr16:14954790-15100859	chr16_15059860_T_C_b38	rs9927842	ENSG00000183458.14	PKD1P3	Thyroid	-0.23469427227973938	2.6650527774792637e-08
chr16:14954790-15100859	chr16_15059860_T_C_b38	rs9927842	ENSG00000183426.17	NPIPA1	Thyroid	-0.6345475316047668	1.0774399265927319e-27
chr16:14954790-15100859	chr16_15059860_T_C_b38	rs9927842	ENSG00000260735.2	ENSG00000260735	Thyroid	-0.8281559348106384	3.930476988200576e-45
chr16:14954790-15100859	chr16_15059860_T_C_b38	rs9927842	ENSG00000188599.17	NPIPP1	Thyroid	-0.468731164932251	5.143163121405946e-36
chr16:14954790-15100859	chr16_15059860_T_C_b38	rs9927842	ENSG00000250251.6	PKD1P6	Thyroid	-0.18070487678050995	4.200520400907685e-05
chr16:14954790-15100859	chr16_15059860_T_C_b38	rs9927842	ENSG00000183793.14	NPIPA5	Thyroid	0.6468697190284729	7.999776947188451e-21
chr16:14954790-15100859	chr16_15059860_T_C_b38	rs9927842	ENSG00000156968.9	MPV17L	Thyroid	0.24977870285511017	9.920544428925377e-15
chr16:14954790-15100859	chr16_15059860_T_C_b38	rs9927842	ENSG00000183426.17	NPIPA1	Uterus	-0.6285262107849121	1.2792520108323138e-07
chr16:14954790-15100859	chr16_15059860_T_C_b38	rs9927842	ENSG00000260735.2	ENSG00000260735	Uterus	-0.8822900652885437	2.6208024278442244e-16
chr16:14954790-15100859	chr16_15059860_T_C_b38	rs9927842	ENSG00000188599.17	NPIPP1	Uterus	-0.5063760876655579	1.8512496337721052e-10
chr16:14954790-15100859	chr16_15059860_T_C_b38	rs9927842	ENSG00000183793.14	NPIPA5	Uterus	0.7675864696502686	3.776977097249603e-08
chr16:14954790-15100859	chr16_15059860_T_C_b38	rs9927842	ENSG00000255277.3	ABCC6P2	Heart_Left_Ventricle	0.3230009973049164	2.4515255632179554e-06
chr16:14954790-15100859	chr16_15059860_T_C_b38	rs9927842	ENSG00000103512.16	NOMO1	Heart_Left_Ventricle	-0.31372886896133423	4.442356305260252e-15
chr16:14954790-15100859	chr16_15059860_T_C_b38	rs9927842	ENSG00000183458.14	PKD1P3	Heart_Left_Ventricle	-0.25390130281448364	2.680421621794347e-06
chr16:14954790-15100859	chr16_15059860_T_C_b38	rs9927842	ENSG00000183426.17	NPIPA1	Heart_Left_Ventricle	-0.5874747037887573	2.3136235705276524e-24
chr16:14954790-15100859	chr16_15059860_T_C_b38	rs9927842	ENSG00000085721.13	RRN3	Heart_Left_Ventricle	0.3237965703010559	8.598755742903232e-10
chr16:14954790-15100859	chr16_15059860_T_C_b38	rs9927842	ENSG00000260735.2	ENSG00000260735	Heart_Left_Ventricle	-0.7511171698570251	3.0630580430971015e-24
chr16:14954790-15100859	chr16_15059860_T_C_b38	rs9927842	ENSG00000188599.17	NPIPP1	Heart_Left_Ventricle	-0.403484046459198	2.909235242260992e-28
chr16:14954790-15100859	chr16_15059860_T_C_b38	rs9927842	ENSG00000250251.6	PKD1P6	Heart_Left_Ventricle	-0.2676447927951813	6.101535667578541e-08
chr16:14954790-15100859	chr16_15059860_T_C_b38	rs9927842	ENSG00000183793.14	NPIPA5	Heart_Left_Ventricle	0.6446120142936707	1.8752515129700513e-14
chr16:14954790-15100859	chr16_15059860_T_C_b38	rs9927842	ENSG00000183426.17	NPIPA1	Testis	-0.7966087460517883	1.2551166029048484e-21
chr16:14954790-15100859	chr16_15059860_T_C_b38	rs9927842	ENSG00000260735.2	ENSG00000260735	Testis	-0.9689008593559265	9.205383360387292e-30
chr16:14954790-15100859	chr16_15059860_T_C_b38	rs9927842	ENSG00000188599.17	NPIPP1	Testis	-0.5609739422798157	2.895987121980986e-21
chr16:14954790-15100859	chr16_15059860_T_C_b38	rs9927842	ENSG00000183793.14	NPIPA5	Testis	0.6775364875793457	1.3801365780121805e-13
chr16:14954790-15100859	chr16_15059860_T_C_b38	rs9927842	ENSG00000103512.16	NOMO1	Brain_Caudate_basal_ganglia	-0.2503831088542938	4.03870440446834e-08
chr16:14954790-15100859	chr16_15059860_T_C_b38	rs9927842	ENSG00000183458.14	PKD1P3	Brain_Caudate_basal_ganglia	-0.18075767159461975	0.00019264882553612857
chr16:14954790-15100859	chr16_15059860_T_C_b38	rs9927842	ENSG00000183426.17	NPIPA1	Brain_Caudate_basal_ganglia	-0.7056052684783936	1.3820139898922165e-18
chr16:14954790-15100859	chr16_15059860_T_C_b38	rs9927842	ENSG00000260735.2	ENSG00000260735	Brain_Caudate_basal_ganglia	-0.6704485416412354	1.3289717016330106e-15
chr16:14954790-15100859	chr16_15059860_T_C_b38	rs9927842	ENSG00000188599.17	NPIPP1	Brain_Caudate_basal_ganglia	-0.5469838380813599	8.930035876083172e-31
chr16:14954790-15100859	chr16_15059860_T_C_b38	rs9927842	ENSG00000183793.14	NPIPA5	Brain_Caudate_basal_ganglia	0.5796303153038025	6.8363013364128885e-09
chr16:14954790-15100859	chr16_15059860_T_C_b38	rs9927842	ENSG00000103512.16	NOMO1	Muscle_Skeletal	0.18076419830322266	1.478484693469574e-09
chr16:14954790-15100859	chr16_15059860_T_C_b38	rs9927842	ENSG00000183426.17	NPIPA1	Muscle_Skeletal	-0.6312479972839355	2.411144547022414e-33
chr16:14954790-15100859	chr16_15059860_T_C_b38	rs9927842	ENSG00000179889.20	PDXDC1	Muscle_Skeletal	-0.19728794693946838	2.281441723565816e-08
chr16:14954790-15100859	chr16_15059860_T_C_b38	rs9927842	ENSG00000157045.9	NTAN1	Muscle_Skeletal	-0.2270607352256775	1.4255967014301898e-15
chr16:14954790-15100859	chr16_15059860_T_C_b38	rs9927842	ENSG00000085721.13	RRN3	Muscle_Skeletal	0.2497527301311493	6.710446228313e-14
chr16:14954790-15100859	chr16_15059860_T_C_b38	rs9927842	ENSG00000260735.2	ENSG00000260735	Muscle_Skeletal	-0.6880491375923157	1.8747125611005227e-40
chr16:14954790-15100859	chr16_15059860_T_C_b38	rs9927842	ENSG00000188599.17	NPIPP1	Muscle_Skeletal	-0.5451562404632568	6.983836752055866e-56
chr16:14954790-15100859	chr16_15059860_T_C_b38	rs9927842	ENSG00000250251.6	PKD1P6	Muscle_Skeletal	-0.22023126482963562	2.0406488652298967e-12
chr16:14954790-15100859	chr16_15059860_T_C_b38	rs9927842	ENSG00000183793.14	NPIPA5	Muscle_Skeletal	0.6005397439002991	1.2673184122170051e-22
chr16:14954790-15100859	chr16_15059860_T_C_b38	rs9927842	ENSG00000254852.8	NPIPA2	Artery_Tibial	0.26308509707450867	0.00018667609497123865
chr16:14954790-15100859	chr16_15059860_T_C_b38	rs9927842	ENSG00000103512.16	NOMO1	Artery_Tibial	-0.27097082138061523	1.4552425775447718e-10
chr16:14954790-15100859	chr16_15059860_T_C_b38	rs9927842	ENSG00000183458.14	PKD1P3	Artery_Tibial	-0.23685422539710999	1.3180915355980054e-08
chr16:14954790-15100859	chr16_15059860_T_C_b38	rs9927842	ENSG00000183426.17	NPIPA1	Artery_Tibial	-0.7004980444908142	1.3730021328162108e-29
chr16:14954790-15100859	chr16_15059860_T_C_b38	rs9927842	ENSG00000085721.13	RRN3	Artery_Tibial	-0.18014581501483917	7.47176345837247e-09
chr16:14954790-15100859	chr16_15059860_T_C_b38	rs9927842	ENSG00000260735.2	ENSG00000260735	Artery_Tibial	-0.8004307746887207	4.3499314425628495e-58
chr16:14954790-15100859	chr16_15059860_T_C_b38	rs9927842	ENSG00000188599.17	NPIPP1	Artery_Tibial	-0.6513087153434753	2.3649817769029124e-50
chr16:14954790-15100859	chr16_15059860_T_C_b38	rs9927842	ENSG00000250251.6	PKD1P6	Artery_Tibial	-0.2426149547100067	6.942745943944437e-12
chr16:14954790-15100859	chr16_15059860_T_C_b38	rs9927842	ENSG00000183793.14	NPIPA5	Artery_Tibial	0.662440836429596	1.7703641447274134e-21
chr16:14954790-15100859	chr16_15059860_T_C_b38	rs9927842	ENSG00000156968.9	MPV17L	Artery_Tibial	0.1632334589958191	2.1453282369204063e-06
chr16:14954790-15100859	chr16_15059860_T_C_b38	rs9927842	ENSG00000183426.17	NPIPA1	Brain_Substantia_nigra	-0.6737987995147705	1.8752360196093794e-06
chr16:14954790-15100859	chr16_15059860_T_C_b38	rs9927842	ENSG00000188599.17	NPIPP1	Brain_Substantia_nigra	-0.4829924702644348	2.0952234113815846e-09
chr16:14954790-15100859	chr16_15059860_T_C_b38	rs9927842	ENSG00000183426.17	NPIPA1	Prostate	-0.6899958252906799	1.2584668957016207e-14
chr16:14954790-15100859	chr16_15059860_T_C_b38	rs9927842	ENSG00000260735.2	ENSG00000260735	Prostate	-0.857924222946167	4.3970882102112085e-22
chr16:14954790-15100859	chr16_15059860_T_C_b38	rs9927842	ENSG00000188599.17	NPIPP1	Prostate	-0.4629025459289551	2.305297460341473e-17
chr16:14954790-15100859	chr16_15059860_T_C_b38	rs9927842	ENSG00000183793.14	NPIPA5	Prostate	0.6154733300209045	4.7301494592054967e-08
chr16:14954790-15100859	chr16_15059860_T_C_b38	rs9927842	ENSG00000183458.14	PKD1P3	Brain_Hippocampus	-0.2808927297592163	9.825143111336395e-06
chr16:14954790-15100859	chr16_15059860_T_C_b38	rs9927842	ENSG00000183426.17	NPIPA1	Brain_Hippocampus	-0.6294191479682922	1.4402572855063158e-10
chr16:14954790-15100859	chr16_15059860_T_C_b38	rs9927842	ENSG00000260735.2	ENSG00000260735	Brain_Hippocampus	-0.5389184951782227	1.397803820408959e-07
chr16:14954790-15100859	chr16_15059860_T_C_b38	rs9927842	ENSG00000188599.17	NPIPP1	Brain_Hippocampus	-0.5326888561248779	1.7118316169263542e-20
chr16:14954790-15100859	chr16_15059860_T_C_b38	rs9927842	ENSG00000183793.14	NPIPA5	Brain_Hippocampus	0.6312016844749451	1.2384524051813504e-07
chr16:14954790-15100859	chr16_15059860_T_C_b38	rs9927842	ENSG00000183458.14	PKD1P3	Brain_Frontal_Cortex_BA9	-0.22443713247776031	9.656655226787466e-07
chr16:14954790-15100859	chr16_15059860_T_C_b38	rs9927842	ENSG00000183426.17	NPIPA1	Brain_Frontal_Cortex_BA9	-0.6756919622421265	2.7182273813731492e-14
chr16:14954790-15100859	chr16_15059860_T_C_b38	rs9927842	ENSG00000157045.9	NTAN1	Brain_Frontal_Cortex_BA9	-0.2532702684402466	0.00010534164708127247
chr16:14954790-15100859	chr16_15059860_T_C_b38	rs9927842	ENSG00000260735.2	ENSG00000260735	Brain_Frontal_Cortex_BA9	-0.7438673973083496	9.355082911429782e-18
chr16:14954790-15100859	chr16_15059860_T_C_b38	rs9927842	ENSG00000188599.17	NPIPP1	Brain_Frontal_Cortex_BA9	-0.5109236836433411	9.662894329731555e-26
chr16:14954790-15100859	chr16_15059860_T_C_b38	rs9927842	ENSG00000183793.14	NPIPA5	Brain_Frontal_Cortex_BA9	0.5791833400726318	7.528439143218303e-08
chr16:14954790-15100859	chr16_15059860_T_C_b38	rs9927842	ENSG00000255277.3	ABCC6P2	Colon_Sigmoid	0.3865538239479065	6.631977959672866e-15
chr16:14954790-15100859	chr16_15059860_T_C_b38	rs9927842	ENSG00000183458.14	PKD1P3	Colon_Sigmoid	-0.19669537246227264	9.73690213758807e-08
chr16:14954790-15100859	chr16_15059860_T_C_b38	rs9927842	ENSG00000183426.17	NPIPA1	Colon_Sigmoid	-0.6519495248794556	9.149154335468534e-20
chr16:14954790-15100859	chr16_15059860_T_C_b38	rs9927842	ENSG00000085721.13	RRN3	Colon_Sigmoid	0.12705861032009125	4.521099426810238e-05
chr16:14954790-15100859	chr16_15059860_T_C_b38	rs9927842	ENSG00000260735.2	ENSG00000260735	Colon_Sigmoid	-0.8565843105316162	5.160082327592258e-40
chr16:14954790-15100859	chr16_15059860_T_C_b38	rs9927842	ENSG00000188599.17	NPIPP1	Colon_Sigmoid	-0.2678817808628082	3.251333810127074e-14
chr16:14954790-15100859	chr16_15059860_T_C_b38	rs9927842	ENSG00000183793.14	NPIPA5	Colon_Sigmoid	0.5667917728424072	3.247434651970909e-11
chr16:14954790-15100859	chr16_15059860_T_C_b38	rs9927842	ENSG00000103512.16	NOMO1	Artery_Aorta	-0.3506162762641907	3.2081164454812314e-14
chr16:14954790-15100859	chr16_15059860_T_C_b38	rs9927842	ENSG00000183458.14	PKD1P3	Artery_Aorta	-0.2833463251590729	1.2764688205329062e-08
chr16:14954790-15100859	chr16_15059860_T_C_b38	rs9927842	ENSG00000183426.17	NPIPA1	Artery_Aorta	-0.6939525604248047	4.1230171110691027e-19
chr16:14954790-15100859	chr16_15059860_T_C_b38	rs9927842	ENSG00000260735.2	ENSG00000260735	Artery_Aorta	-0.8987230062484741	1.0859530518865844e-42
chr16:14954790-15100859	chr16_15059860_T_C_b38	rs9927842	ENSG00000188599.17	NPIPP1	Artery_Aorta	-0.41615623235702515	1.1231171437795837e-20
chr16:14954790-15100859	chr16_15059860_T_C_b38	rs9927842	ENSG00000183793.14	NPIPA5	Artery_Aorta	0.6559264063835144	2.9904942523184175e-14
chr16:14954790-15100859	chr16_15059860_T_C_b38	rs9927842	ENSG00000254609.1	ENSG00000254609	Colon_Transverse	-0.31714269518852234	6.544234230180522e-09
chr16:14954790-15100859	chr16_15059860_T_C_b38	rs9927842	ENSG00000103512.16	NOMO1	Colon_Transverse	-0.22466149926185608	6.762254034662725e-06
chr16:14954790-15100859	chr16_15059860_T_C_b38	rs9927842	ENSG00000183458.14	PKD1P3	Colon_Transverse	-0.1890960931777954	1.6471294290371094e-07
chr16:14954790-15100859	chr16_15059860_T_C_b38	rs9927842	ENSG00000183426.17	NPIPA1	Colon_Transverse	-0.6084837317466736	2.382309994147672e-22
chr16:14954790-15100859	chr16_15059860_T_C_b38	rs9927842	ENSG00000085721.13	RRN3	Colon_Transverse	0.2300083041191101	1.0149545622320645e-07
chr16:14954790-15100859	chr16_15059860_T_C_b38	rs9927842	ENSG00000260735.2	ENSG00000260735	Colon_Transverse	-0.6909849047660828	4.003358116161146e-30
chr16:14954790-15100859	chr16_15059860_T_C_b38	rs9927842	ENSG00000188599.17	NPIPP1	Colon_Transverse	-0.25081390142440796	1.4209572109565446e-14
chr16:14954790-15100859	chr16_15059860_T_C_b38	rs9927842	ENSG00000183793.14	NPIPA5	Colon_Transverse	0.6693045496940613	9.862886160077129e-17
chr16:14954790-15100859	chr16_15059860_T_C_b38	rs9927842	ENSG00000156968.9	MPV17L	Colon_Transverse	0.2582883834838867	5.84019155190385e-08
chr16:14954790-15100859	chr16_15059860_T_C_b38	rs9927842	ENSG00000103512.16	NOMO1	Esophagus_Mucosa	-0.31159621477127075	5.311540790183542e-12
chr16:14954790-15100859	chr16_15059860_T_C_b38	rs9927842	ENSG00000183426.17	NPIPA1	Esophagus_Mucosa	-0.584304928779602	6.497958748468304e-25
chr16:14954790-15100859	chr16_15059860_T_C_b38	rs9927842	ENSG00000085721.13	RRN3	Esophagus_Mucosa	-0.2704284191131592	1.901735665815897e-11
chr16:14954790-15100859	chr16_15059860_T_C_b38	rs9927842	ENSG00000260735.2	ENSG00000260735	Esophagus_Mucosa	-0.7780207395553589	1.89168195935628e-40
chr16:14954790-15100859	chr16_15059860_T_C_b38	rs9927842	ENSG00000188599.17	NPIPP1	Esophagus_Mucosa	-0.4834754765033722	2.4502015350437518e-39
chr16:14954790-15100859	chr16_15059860_T_C_b38	rs9927842	ENSG00000250251.6	PKD1P6	Esophagus_Mucosa	-0.18378527462482452	2.625100935038347e-06
chr16:14954790-15100859	chr16_15059860_T_C_b38	rs9927842	ENSG00000183793.14	NPIPA5	Esophagus_Mucosa	0.6098456382751465	4.846086863716278e-17
chr16:14954790-15100859	chr16_15059860_T_C_b38	rs9927842	ENSG00000183426.17	NPIPA1	Brain_Anterior_cingulate_cortex_BA24	-0.6215174198150635	1.1238101761470875e-10
chr16:14954790-15100859	chr16_15059860_T_C_b38	rs9927842	ENSG00000260735.2	ENSG00000260735	Brain_Anterior_cingulate_cortex_BA24	-0.6104490756988525	2.11683089026811e-08
chr16:14954790-15100859	chr16_15059860_T_C_b38	rs9927842	ENSG00000188599.17	NPIPP1	Brain_Anterior_cingulate_cortex_BA24	-0.461407870054245	8.525239374927242e-17
chr16:14954790-15100859	chr16_15059860_T_C_b38	rs9927842	ENSG00000183793.14	NPIPA5	Brain_Anterior_cingulate_cortex_BA24	0.5586968660354614	7.466756491691051e-07
chr16:14954790-15100859	chr16_15059860_T_C_b38	rs9927842	ENSG00000183458.14	PKD1P3	Stomach	-0.17826996743679047	3.436365853539429e-05
chr16:14954790-15100859	chr16_15059860_T_C_b38	rs9927842	ENSG00000183426.17	NPIPA1	Stomach	-0.6081958413124084	1.9573405925094278e-17
chr16:14954790-15100859	chr16_15059860_T_C_b38	rs9927842	ENSG00000260735.2	ENSG00000260735	Stomach	-0.6177181005477905	4.697909827518106e-20
chr16:14954790-15100859	chr16_15059860_T_C_b38	rs9927842	ENSG00000188599.17	NPIPP1	Stomach	-0.39719071984291077	5.3829885119540705e-25
chr16:14954790-15100859	chr16_15059860_T_C_b38	rs9927842	ENSG00000250251.6	PKD1P6	Stomach	-0.22897003591060638	1.3519784425978978e-09
chr16:14954790-15100859	chr16_15059860_T_C_b38	rs9927842	ENSG00000183793.14	NPIPA5	Stomach	0.595054566860199	7.405281914055843e-11
chr16:14954790-15100859	chr16_15059860_T_C_b38	rs9927842	ENSG00000156968.9	MPV17L	Stomach	0.4217372536659241	2.6555711381696702e-14
chr16:14954790-15100859	chr16_15059860_T_C_b38	rs9927842	ENSG00000166780.11	BMERB1	Stomach	0.13754820823669434	0.00012954653880188646
chr16:14954790-15100859	chr16_15059860_T_C_b38	rs9927842	ENSG00000254852.8	NPIPA2	Brain_Cerebellar_Hemisphere	0.4017234742641449	1.3528189441495045e-05
chr16:14954790-15100859	chr16_15059860_T_C_b38	rs9927842	ENSG00000183426.17	NPIPA1	Brain_Cerebellar_Hemisphere	-0.5157533884048462	6.046419803146121e-09
chr16:14954790-15100859	chr16_15059860_T_C_b38	rs9927842	ENSG00000260735.2	ENSG00000260735	Brain_Cerebellar_Hemisphere	-0.7941705584526062	1.510160578174427e-21
chr16:14954790-15100859	chr16_15059860_T_C_b38	rs9927842	ENSG00000188599.17	NPIPP1	Brain_Cerebellar_Hemisphere	-0.28665921092033386	4.078676976639008e-11
chr16:14954790-15100859	chr16_15059860_T_C_b38	rs9927842	ENSG00000183793.14	NPIPA5	Brain_Cerebellar_Hemisphere	0.606054961681366	1.1588491429746519e-07
chr16:14954790-15100859	chr16_15059860_T_C_b38	rs9927842	ENSG00000183458.14	PKD1P3	Adrenal_Gland	-0.20701666176319122	0.00010307436010963097
chr16:14954790-15100859	chr16_15059860_T_C_b38	rs9927842	ENSG00000183426.17	NPIPA1	Adrenal_Gland	-0.6073301434516907	2.317707948700051e-12
chr16:14954790-15100859	chr16_15059860_T_C_b38	rs9927842	ENSG00000260735.2	ENSG00000260735	Adrenal_Gland	-0.7467685341835022	8.0694569591356e-14
chr16:14954790-15100859	chr16_15059860_T_C_b38	rs9927842	ENSG00000188599.17	NPIPP1	Adrenal_Gland	-0.4373309016227722	1.1209119539036177e-20
chr16:14954790-15100859	chr16_15059860_T_C_b38	rs9927842	ENSG00000250251.6	PKD1P6	Adrenal_Gland	-0.3582158088684082	1.8500463738671678e-06
chr16:14954790-15100859	chr16_15059860_T_C_b38	rs9927842	ENSG00000183793.14	NPIPA5	Adrenal_Gland	0.6891736388206482	1.2434629876835854e-10
chr16:14954790-15100859	chr16_15059860_T_C_b38	rs9927842	ENSG00000183426.17	NPIPA1	Spleen	-0.6847865581512451	2.6080425879529325e-13
chr16:14954790-15100859	chr16_15059860_T_C_b38	rs9927842	ENSG00000260735.2	ENSG00000260735	Spleen	-0.8488767147064209	4.155105368408688e-17
chr16:14954790-15100859	chr16_15059860_T_C_b38	rs9927842	ENSG00000188599.17	NPIPP1	Spleen	-0.7611286640167236	4.5729397815358676e-32
chr16:14954790-15100859	chr16_15059860_T_C_b38	rs9927842	ENSG00000250251.6	PKD1P6	Spleen	-0.48151299357414246	6.50373871425265e-18
chr16:14954790-15100859	chr16_15059860_T_C_b38	rs9927842	ENSG00000183793.14	NPIPA5	Spleen	0.682861864566803	8.210337000354666e-09
chr16:14954790-15100859	chr16_15059860_T_C_b38	rs9927842	ENSG00000103512.16	NOMO1	Heart_Atrial_Appendage	-0.4351935386657715	4.2160729330959294e-21
chr16:14954790-15100859	chr16_15059860_T_C_b38	rs9927842	ENSG00000183458.14	PKD1P3	Heart_Atrial_Appendage	-0.34742042422294617	3.919156508082056e-09
chr16:14954790-15100859	chr16_15059860_T_C_b38	rs9927842	ENSG00000183426.17	NPIPA1	Heart_Atrial_Appendage	-0.7065451741218567	9.860117710265275e-24
chr16:14954790-15100859	chr16_15059860_T_C_b38	rs9927842	ENSG00000157045.9	NTAN1	Heart_Atrial_Appendage	-0.23781384527683258	3.3572488416441717e-07
chr16:14954790-15100859	chr16_15059860_T_C_b38	rs9927842	ENSG00000085721.13	RRN3	Heart_Atrial_Appendage	0.2509142756462097	7.479580169340692e-07
chr16:14954790-15100859	chr16_15059860_T_C_b38	rs9927842	ENSG00000260735.2	ENSG00000260735	Heart_Atrial_Appendage	-0.7365344762802124	6.650203239049345e-25
chr16:14954790-15100859	chr16_15059860_T_C_b38	rs9927842	ENSG00000188599.17	NPIPP1	Heart_Atrial_Appendage	-0.583746075630188	2.096621234207818e-34
chr16:14954790-15100859	chr16_15059860_T_C_b38	rs9927842	ENSG00000250251.6	PKD1P6	Heart_Atrial_Appendage	-0.28723952174186707	4.201693521046093e-09
chr16:14954790-15100859	chr16_15059860_T_C_b38	rs9927842	ENSG00000183793.14	NPIPA5	Heart_Atrial_Appendage	0.7054085731506348	7.305045114627441e-17
chr16:14954790-15100859	chr16_15059860_T_C_b38	rs9927842	ENSG00000166780.11	BMERB1	Heart_Atrial_Appendage	0.16354532539844513	0.00015375141157389968
chr16:14954790-15100859	chr16_15059860_T_C_b38	rs9927842	ENSG00000183426.17	NPIPA1	Ovary	-0.573936402797699	2.3464387112503967e-10
chr16:14954790-15100859	chr16_15059860_T_C_b38	rs9927842	ENSG00000260735.2	ENSG00000260735	Ovary	-0.9028179049491882	1.1346373358042801e-18
chr16:14954790-15100859	chr16_15059860_T_C_b38	rs9927842	ENSG00000188599.17	NPIPP1	Ovary	-0.4594799280166626	5.884593659931808e-11
chr16:14954790-15100859	chr16_15059860_T_C_b38	rs9927842	ENSG00000183793.14	NPIPA5	Ovary	0.6771481037139893	6.017003660667281e-09
chr16:14954790-15100859	chr16_15059860_T_C_b38	rs9927842	ENSG00000183458.14	PKD1P3	Cells_EBV-transformed_lymphocytes	-0.2536558508872986	3.0699851377507584e-06
chr16:14954790-15100859	chr16_15059860_T_C_b38	rs9927842	ENSG00000183426.17	NPIPA1	Cells_EBV-transformed_lymphocytes	-0.7921648025512695	5.182928039928864e-17
chr16:14954790-15100859	chr16_15059860_T_C_b38	rs9927842	ENSG00000085721.13	RRN3	Cells_EBV-transformed_lymphocytes	-0.3947387933731079	2.121481182029803e-11
chr16:14954790-15100859	chr16_15059860_T_C_b38	rs9927842	ENSG00000260735.2	ENSG00000260735	Cells_EBV-transformed_lymphocytes	-0.8143444061279297	4.4164115452334284e-14
chr16:14954790-15100859	chr16_15059860_T_C_b38	rs9927842	ENSG00000188599.17	NPIPP1	Cells_EBV-transformed_lymphocytes	-0.8172346949577332	8.668433025176455e-35
chr16:14954790-15100859	chr16_15059860_T_C_b38	rs9927842	ENSG00000250251.6	PKD1P6	Cells_EBV-transformed_lymphocytes	-0.36208271980285645	1.1204569702261374e-14
chr16:14954790-15100859	chr16_15059860_T_C_b38	rs9927842	ENSG00000183793.14	NPIPA5	Cells_EBV-transformed_lymphocytes	0.5885459184646606	3.8276935792303e-08
chr16:14954790-15100859	chr16_15059860_T_C_b38	rs9927842	ENSG00000183426.17	NPIPA1	Brain_Cerebellum	-0.6428058743476868	3.1591146080903864e-08
chr16:14954790-15100859	chr16_15059860_T_C_b38	rs9927842	ENSG00000085721.13	RRN3	Brain_Cerebellum	-0.32204779982566833	3.656287131976597e-06
chr16:14954790-15100859	chr16_15059860_T_C_b38	rs9927842	ENSG00000260735.2	ENSG00000260735	Brain_Cerebellum	-1.0521305799484253	1.2913972267414098e-27
chr16:14954790-15100859	chr16_15059860_T_C_b38	rs9927842	ENSG00000188599.17	NPIPP1	Brain_Cerebellum	-0.4317701458930969	8.362306787900485e-10
chr16:14954790-15100859	chr16_15059860_T_C_b38	rs9927842	ENSG00000183793.14	NPIPA5	Brain_Cerebellum	0.6484622359275818	7.847903706106585e-08
chr16:14954790-15100859	chr16_15059860_T_C_b38	rs9927842	ENSG00000183426.17	NPIPA1	Liver	-0.627917468547821	1.0110725159035033e-11
chr16:14954790-15100859	chr16_15059860_T_C_b38	rs9927842	ENSG00000085721.13	RRN3	Liver	0.515591561794281	3.354821861012205e-14
chr16:14954790-15100859	chr16_15059860_T_C_b38	rs9927842	ENSG00000260735.2	ENSG00000260735	Liver	-0.7114543318748474	3.9821654268688415e-11
chr16:14954790-15100859	chr16_15059860_T_C_b38	rs9927842	ENSG00000188599.17	NPIPP1	Liver	-0.48415008187294006	5.090556404213011e-15
chr16:14954790-15100859	chr16_15059860_T_C_b38	rs9927842	ENSG00000183793.14	NPIPA5	Liver	0.6003371477127075	1.0120365280060652e-07
chr16:14954790-15100859	chr16_15059860_T_C_b38	rs9927842	ENSG00000183426.17	NPIPA1	Kidney_Cortex	-0.7570985555648804	1.4911503468250834e-05
chr16:14954790-15100859	chr16_15059860_T_C_b38	rs9927842	ENSG00000188599.17	NPIPP1	Kidney_Cortex	-0.71541428565979	4.066833525811558e-08
chr16:14954790-15100859	chr16_15059860_T_C_b38	rs9927842	ENSG00000183426.17	NPIPA1	Brain_Amygdala	-0.5584084391593933	6.182400113884218e-06
chr16:14954790-15100859	chr16_15059860_T_C_b38	rs9927842	ENSG00000260735.2	ENSG00000260735	Brain_Amygdala	-0.6240183115005493	5.967974574841968e-06
chr16:14954790-15100859	chr16_15059860_T_C_b38	rs9927842	ENSG00000188599.17	NPIPP1	Brain_Amygdala	-0.5404478907585144	1.5355132883709408e-13
chr16:14954790-15100859	chr16_15059860_T_C_b38	rs9927842	ENSG00000183793.14	NPIPA5	Brain_Amygdala	0.5601745247840881	4.083819758359439e-05
chr16:14954790-15100859	chr16_15059860_T_C_b38	rs9927842	ENSG00000183426.17	NPIPA1	Brain_Spinal_cord_cervical_c-1	-0.5529894232749939	9.978574052485489e-08
chr16:14954790-15100859	chr16_15059860_T_C_b38	rs9927842	ENSG00000188599.17	NPIPP1	Brain_Spinal_cord_cervical_c-1	-0.4169006645679474	3.378795186960654e-10
chr16:14954790-15100859	chr16_15059860_T_C_b38	rs9927842	ENSG00000183793.14	NPIPA5	Brain_Spinal_cord_cervical_c-1	0.517417311668396	1.614233634175591e-05
chr16:14954790-15100859	chr16_15059860_T_C_b38	rs9927842	ENSG00000103512.16	NOMO1	Cells_Cultured_fibroblasts	-0.1469343602657318	4.2688537695851417e-07
chr16:14954790-15100859	chr16_15059860_T_C_b38	rs9927842	ENSG00000183458.14	PKD1P3	Cells_Cultured_fibroblasts	-0.16325120627880096	3.26938852676431e-07
chr16:14954790-15100859	chr16_15059860_T_C_b38	rs9927842	ENSG00000183426.17	NPIPA1	Cells_Cultured_fibroblasts	-0.6785731315612793	4.06597934634032e-28
chr16:14954790-15100859	chr16_15059860_T_C_b38	rs9927842	ENSG00000085721.13	RRN3	Cells_Cultured_fibroblasts	-0.28715020418167114	1.0037681140044221e-29
chr16:14954790-15100859	chr16_15059860_T_C_b38	rs9927842	ENSG00000260735.2	ENSG00000260735	Cells_Cultured_fibroblasts	-0.8537023067474365	6.286840982822731e-44
chr16:14954790-15100859	chr16_15059860_T_C_b38	rs9927842	ENSG00000188599.17	NPIPP1	Cells_Cultured_fibroblasts	-0.5305802226066589	4.5051400162760855e-41
chr16:14954790-15100859	chr16_15059860_T_C_b38	rs9927842	ENSG00000183793.14	NPIPA5	Cells_Cultured_fibroblasts	0.661273717880249	1.5689404660870355e-21
chr16:14954790-15100859	chr16_15059860_T_C_b38	rs9927842	ENSG00000156968.9	MPV17L	Cells_Cultured_fibroblasts	0.4040639400482178	4.742962168931316e-12
chr16:14954790-15100859	chr16_15059860_T_C_b38	rs9927842	ENSG00000103512.16	NOMO1	Lung	-0.2023567408323288	9.782167461315228e-07
chr16:14954790-15100859	chr16_15059860_T_C_b38	rs9927842	ENSG00000183458.14	PKD1P3	Lung	-0.19922925531864166	6.503924486021055e-06
chr16:14954790-15100859	chr16_15059860_T_C_b38	rs9927842	ENSG00000183426.17	NPIPA1	Lung	-0.6274489164352417	2.517407077877679e-23
chr16:14954790-15100859	chr16_15059860_T_C_b38	rs9927842	ENSG00000260735.2	ENSG00000260735	Lung	-0.8257920145988464	1.259137583048497e-50
chr16:14954790-15100859	chr16_15059860_T_C_b38	rs9927842	ENSG00000188599.17	NPIPP1	Lung	-0.5381888747215271	4.1867742447536825e-43
chr16:14954790-15100859	chr16_15059860_T_C_b38	rs9927842	ENSG00000250251.6	PKD1P6	Lung	-0.25704777240753174	1.1503541873681739e-10
chr16:14954790-15100859	chr16_15059860_T_C_b38	rs9927842	ENSG00000183793.14	NPIPA5	Lung	0.6568200588226318	1.4246714629801823e-17
chr16:14954790-15100859	chr16_15059860_T_C_b38	rs9927842	ENSG00000183458.14	PKD1P3	Breast_Mammary_Tissue	-0.30193406343460083	6.621361703016142e-11
chr16:14954790-15100859	chr16_15059860_T_C_b38	rs9927842	ENSG00000183426.17	NPIPA1	Breast_Mammary_Tissue	-0.7002978324890137	5.844630747366585e-19
chr16:14954790-15100859	chr16_15059860_T_C_b38	rs9927842	ENSG00000260735.2	ENSG00000260735	Breast_Mammary_Tissue	-0.972878098487854	6.931509886627171e-47
chr16:14954790-15100859	chr16_15059860_T_C_b38	rs9927842	ENSG00000188599.17	NPIPP1	Breast_Mammary_Tissue	-0.5980703234672546	9.320343504857307e-33
chr16:14954790-15100859	chr16_15059860_T_C_b38	rs9927842	ENSG00000250251.6	PKD1P6	Breast_Mammary_Tissue	-0.28171229362487793	1.993202243644883e-09
chr16:14954790-15100859	chr16_15059860_T_C_b38	rs9927842	ENSG00000183793.14	NPIPA5	Breast_Mammary_Tissue	0.6214379072189331	6.50521228943739e-13
chr16:14954790-15100859	chr16_15059860_T_C_b38	rs9927842	ENSG00000255277.3	ABCC6P2	Minor_Salivary_Gland	0.5073564648628235	1.5173982379764735e-06
chr16:14954790-15100859	chr16_15059860_T_C_b38	rs9927842	ENSG00000183426.17	NPIPA1	Minor_Salivary_Gland	-0.7819252014160156	1.4433886755630258e-11
chr16:14954790-15100859	chr16_15059860_T_C_b38	rs9927842	ENSG00000260735.2	ENSG00000260735	Minor_Salivary_Gland	-0.8894511461257935	5.4411625174726603e-14
chr16:14954790-15100859	chr16_15059860_T_C_b38	rs9927842	ENSG00000188599.17	NPIPP1	Minor_Salivary_Gland	-0.823276698589325	6.617896858305234e-16
chr16:14954790-15100859	chr16_15059860_T_C_b38	rs9927842	ENSG00000250251.6	PKD1P6	Minor_Salivary_Gland	-0.4285510778427124	1.3597769031219347e-06
chr16:14954790-15100859	chr16_15059860_T_C_b38	rs9927842	ENSG00000183793.14	NPIPA5	Minor_Salivary_Gland	0.696343719959259	7.418690766146064e-08
chr16:14954790-15100859	chr16_15059860_T_C_b38	rs9927842	ENSG00000183426.17	NPIPA1	Brain_Cortex	-0.6469027996063232	5.689371364459017e-10
chr16:14954790-15100859	chr16_15059860_T_C_b38	rs9927842	ENSG00000260735.2	ENSG00000260735	Brain_Cortex	-0.8637923002243042	7.288670324694597e-18
chr16:14954790-15100859	chr16_15059860_T_C_b38	rs9927842	ENSG00000188599.17	NPIPP1	Brain_Cortex	-0.5649723410606384	4.5769406146463055e-20
chr16:14954790-15100859	chr16_15059860_T_C_b38	rs9927842	ENSG00000183793.14	NPIPA5	Brain_Cortex	0.5839627981185913	1.0597429978983435e-06
chr16:14954790-15100859	chr16_15059860_T_C_b38	rs9927842	ENSG00000103512.16	NOMO1	Brain_Putamen_basal_ganglia	-0.20988178253173828	5.8023388436285534e-05
chr16:14954790-15100859	chr16_15059860_T_C_b38	rs9927842	ENSG00000183426.17	NPIPA1	Brain_Putamen_basal_ganglia	-0.7681404948234558	9.26589222959778e-13
chr16:14954790-15100859	chr16_15059860_T_C_b38	rs9927842	ENSG00000260735.2	ENSG00000260735	Brain_Putamen_basal_ganglia	-0.47895386815071106	1.36199820220359e-05
chr16:14954790-15100859	chr16_15059860_T_C_b38	rs9927842	ENSG00000188599.17	NPIPP1	Brain_Putamen_basal_ganglia	-0.45068827271461487	5.271315861851169e-15
chr16:14954790-15100859	chr16_15059860_T_C_b38	rs9927842	ENSG00000183793.14	NPIPA5	Brain_Putamen_basal_ganglia	0.6287738680839539	8.930462931943636e-08
chr16:14954790-15100859	chr16_15059860_T_C_b38	rs9927842	ENSG00000156968.9	MPV17L	Brain_Putamen_basal_ganglia	0.34017810225486755	2.527334887184735e-05
chr16:14954790-15100859	chr16_15059860_T_C_b38	rs9927842	ENSG00000183458.14	PKD1P3	Skin_Sun_Exposed_Lower_leg	-0.17713609337806702	1.216206120859959e-06
chr16:14954790-15100859	chr16_15059860_T_C_b38	rs9927842	ENSG00000183426.17	NPIPA1	Skin_Sun_Exposed_Lower_leg	-0.6744800806045532	2.1750986102088312e-27
chr16:14954790-15100859	chr16_15059860_T_C_b38	rs9927842	ENSG00000261819.1	ENSG00000261819	Skin_Sun_Exposed_Lower_leg	0.23199738562107086	0.00017411275944451376
chr16:14954790-15100859	chr16_15059860_T_C_b38	rs9927842	ENSG00000157045.9	NTAN1	Skin_Sun_Exposed_Lower_leg	-0.14070028066635132	3.6652236333921523e-06
chr16:14954790-15100859	chr16_15059860_T_C_b38	rs9927842	ENSG00000085721.13	RRN3	Skin_Sun_Exposed_Lower_leg	-0.2739425003528595	5.7283669052934446e-12
chr16:14954790-15100859	chr16_15059860_T_C_b38	rs9927842	ENSG00000260735.2	ENSG00000260735	Skin_Sun_Exposed_Lower_leg	-1.0215929746627808	6.996670605874179e-78
chr16:14954790-15100859	chr16_15059860_T_C_b38	rs9927842	ENSG00000188599.17	NPIPP1	Skin_Sun_Exposed_Lower_leg	-0.6828349232673645	1.0276229326839747e-54
chr16:14954790-15100859	chr16_15059860_T_C_b38	rs9927842	ENSG00000250251.6	PKD1P6	Skin_Sun_Exposed_Lower_leg	-0.2834886610507965	4.281394588811016e-16
chr16:14954790-15100859	chr16_15059860_T_C_b38	rs9927842	ENSG00000183793.14	NPIPA5	Skin_Sun_Exposed_Lower_leg	0.6363897323608398	1.9022986738561947e-21
chr16:14954790-15100859	chr16_15059860_T_C_b38	rs9927842	ENSG00000103512.16	NOMO1	Artery_Coronary	-0.24782398343086243	1.0527421153441538e-06
chr16:14954790-15100859	chr16_15059860_T_C_b38	rs9927842	ENSG00000183426.17	NPIPA1	Artery_Coronary	-0.7622115015983582	2.7569863069126825e-15
chr16:14954790-15100859	chr16_15059860_T_C_b38	rs9927842	ENSG00000260735.2	ENSG00000260735	Artery_Coronary	-0.8993819355964661	1.4871227651725532e-18
chr16:14954790-15100859	chr16_15059860_T_C_b38	rs9927842	ENSG00000188599.17	NPIPP1	Artery_Coronary	-0.702616810798645	2.915536576554792e-21
chr16:14954790-15100859	chr16_15059860_T_C_b38	rs9927842	ENSG00000250251.6	PKD1P6	Artery_Coronary	-0.3739542067050934	1.3263640517399235e-08
chr16:14954790-15100859	chr16_15059860_T_C_b38	rs9927842	ENSG00000183793.14	NPIPA5	Artery_Coronary	0.5665820240974426	8.069679037470266e-07
chr17:16823490-18384190	chr17_17146233_G_A_b38	rs117407639	ENSG00000154803.13	FLCN	Nerve_Tibial	0.23335687816143036	0.000168901117610643
chr17:16823490-18384190	chr17_17146233_G_A_b38	rs117407639	ENSG00000154803.13	FLCN	Skin_Not_Sun_Exposed_Suprapubic	0.24353651702404022	9.218628621133401e-05
chr17:16823490-18384190	chr17_17146233_G_A_b38	rs117407639	ENSG00000179598.6	PLD6	Thyroid	0.16477645933628082	9.63792296584319e-05
chr17:16823490-18384190	chr17_17146233_G_A_b38	rs117407639	ENSG00000154803.13	FLCN	Thyroid	0.2606152594089508	3.717698361756428e-05
chr17:16823490-18384190	chr17_17146233_G_A_b38	rs117407639	ENSG00000154803.13	FLCN	Heart_Left_Ventricle	0.40132999420166016	5.553858110868567e-05
chr17:16823490-18384190	chr17_17146233_G_A_b38	rs117407639	ENSG00000154803.13	FLCN	Muscle_Skeletal	0.20324502885341644	1.5142298489065164e-05
chr17:16823490-18384190	chr17_17146233_G_A_b38	rs117407639	ENSG00000154803.13	FLCN	Artery_Tibial	0.34393244981765747	1.4819603293791207e-05
chr17:16823490-18384190	chr17_17146233_G_A_b38	rs117407639	ENSG00000154803.13	FLCN	Artery_Aorta	0.3950841426849365	0.00019076785166048286
chr17:16823490-18384190	chr17_17146233_G_A_b38	rs117407639	ENSG00000154803.13	FLCN	Esophagus_Mucosa	0.3098406195640564	8.060104311544302e-05
chr17:16823490-18384190	chr17_17146233_G_A_b38	rs117407639	ENSG00000154803.13	FLCN	Heart_Atrial_Appendage	0.4199809730052948	1.5357108021172237e-05
chr17:16823490-18384190	chr17_17146233_G_A_b38	rs117407639	ENSG00000154803.13	FLCN	Lung	0.3528013527393341	5.587528953248315e-06
chr17:16823490-18384190	chr17_17146233_G_A_b38	rs117407639	ENSG00000179598.6	PLD6	Skin_Sun_Exposed_Lower_leg	-0.30042970180511475	5.438094101002796e-07
chr17:16823490-18384190	chr17_17146233_G_A_b38	rs117407639	ENSG00000154803.13	FLCN	Skin_Sun_Exposed_Lower_leg	0.22055114805698395	0.00020929068288254695
chrX:152729753-152738707	chrX_152738160_A_G_b38	rs62613176	ENSG00000268902.4	CSAG2	Testis	-0.5206356048583984	2.2562428576115764e-29
chrX:152729753-152738707	chrX_152738160_A_G_b38	rs62613176	ENSG00000198930.13	CSAG1	Testis	-0.1435903012752533	5.663244688685241e-05
chrX:152729753-152738707	chrX_152738160_A_G_b38	rs62613176	ENSG00000242599.7	CSAG4	Testis	0.3362618684768677	5.643744872756477e-16
chrX:152729753-152738707	chrX_152738160_A_G_b38	rs62613176	ENSG00000268916.6	CSAG3	Testis	0.4485729932785034	9.509731164929095e-26
chrX:152729753-152738707	chrX_152738160_A_G_b38	rs62613176	ENSG00000213401.10	MAGEA12	Brain_Substantia_nigra	0.2872598171234131	3.767620161060287e-05
chrX:152729753-152738707	chrX_152738160_A_G_b38	rs62613176	ENSG00000268902.4	CSAG2	Spleen	-0.49903959035873413	2.0601868726740592e-16
chrX:152729753-152738707	chrX_152738160_A_G_b38	rs62613176	ENSG00000268916.6	CSAG3	Spleen	0.264600545167923	1.2788679882823006e-05
