locus	band	gene_id	gene_sym	chrom	coord_hg19	n	beta_log2fc_per_alt	se	t	p	perm_p	bh_q	direction	mean_log2rpkm
chr17:45585159-46292045		ENSG00000262539.1	ENSG00000262539.1	17	44337972	462	0.56569	0.02069	27.3428	2.6061962561265097e-97	0.000999000999000999	3.226470965084619e-94	up	1.7079
chr17:45585159-46292045		ENSG00000214401.4	ENSG00000214401.4	17	44270942	462	0.76891	0.03297	23.3198	3.579517948428626e-79	0.000999000999000999	2.2157216100773194e-76	up	0.9841
chr17:45585159-46292045		ENSG00000262500.1	ENSG00000262500.1	17	44320972	462	0.262	0.01155	22.681	2.980871854204527e-76	0.000999000999000999	1.2301064518350681e-73	up	0.1889
chr17:45585159-46292045		ENSG00000176681.9	ENSG00000176681.9	17	44370099	462	0.35939	0.02874	12.5035	5.935968581009612e-31	0.000999000999000999	1.8371822758224751e-28	up	2.8739
chr21:13987773-14056796		ENSG00000228314.1	ENSG00000228314.1	21	15220685	462	0.49074	0.0464	10.5755	1.8078216886326368e-23	0.000999000999000999	4.4761665010544086e-21	up	0.4871
chr17:45585159-46292045		ENSG00000214425.1	ENSG00000214425.1	17	43595264	462	-0.16589	0.01606	-10.3264	1.4901283218892014e-22	0.000999000999000999	3.0746314374980525e-20	down	0.5593
chr17:45585159-46292045		ENSG00000238083.3	ENSG00000238083.3	17	44588877	462	0.28674	0.02783	10.3033	1.8088300197207146e-22	0.000999000999000999	3.1990450920203494e-20	up	3.0552
chr17:45585159-46292045		ENSG00000260075.1	ENSG00000260075.1	17	44450221	462	0.16764	0.01758	9.5356	9.817709368148713e-20	0.000999000999000999	1.5192905247210134e-17	up	2.937
chr7:65219157-65531823		ENSG00000213462.4	ENSG00000213462.4	7	64467121	462	0.19035	0.02803	6.7913	3.5697208690771945e-11	0.000999000999000999	4.910349373241741e-09	up	1.7513
chr1:25324280-25369060		ENSG00000187010.13	ENSG00000187010.13	1	25598884	462	0.04247	0.00651	6.5198	1.913828760069888e-10	0.000999000999000999	2.369320004966521e-08	up	0.1878
chr21:13987773-14056796		ENSG00000224905.2	ENSG00000224905.2	21	15399742	462	-0.19137	0.03345	-5.7203	1.9545554719945972e-08	0.000999000999000999	2.199763340299374e-06	down	1.1133
chr1:25324280-25369060		ENSG00000188672.10	ENSG00000188672.10	1	25756683	462	-0.0541	0.00961	-5.6314	3.171424845036538e-08	0.000999000999000999	3.2718532984626953e-06	down	0.3053
chr17:45585159-46292045		ENSG00000108433.10	ENSG00000108433.10	17	45000483	462	-0.12989	0.02368	-5.485	6.945810677794335e-08	0.000999000999000999	6.614548937776452e-06	down	5.2461
chr17:45585159-46292045		ENSG00000073969.13	ENSG00000073969.13	17	44668035	462	0.19397	0.03727	5.205	2.9690491533725936e-07	0.000999000999000999	2.6254877513394793e-05	up	3.7564
chr17:45585159-46292045		ENSG00000120088.9	ENSG00000120088.9	17	43699267	462	0.13038	0.02548	5.1162	4.644446136175325e-07	0.000999000999000999	3.8332162110567014e-05	up	3.0002
chr8:7301024-12598379		ENSG00000255495.1	ENSG00000255495.1	8	12051976	462	0.03992	0.0079	5.0504	6.445090047639965e-07	0.000999000999000999	4.986888424361423e-05	up	0.1838
chr17:45585159-46292045		ENSG00000225190.2	ENSG00000225190.2	17	43568146	462	0.04425	0.00882	5.0177	7.574435366498869e-07	0.000999000999000999	5.5159711668974116e-05	up	2.3232
chr3:195749463-195980207		ENSG00000260261.1	ENSG00000260261.1	3	195679566	462	-0.07314	0.01482	-4.9365	1.1264839556011321e-06	0.000999000999000999	7.747706316856675e-05	down	1.4
chr16:28471892-28637651		ENSG00000184730.6	ENSG00000184730.6	16	28505970	462	0.10951	0.02308	4.7457	2.8042151619094635e-06	0.000999000999000999	0.00018271675633915345	up	1.224
chr17:45585159-46292045		ENSG00000120071.8	ENSG00000120071.8	17	44302733	462	0.15134	0.03336	4.5369	7.351599459344306e-06	0.000999000999000999	0.0004550640065334125	up	3.2637
chr8:7301024-12598379		ENSG00000154319.10	ENSG00000154319.10	8	11332224	462	0.18697	0.04143	4.5128	8.198561351748575e-06	0.000999000999000999	0.00048332471206974934	up	1.4385
chr17:45585159-46292045		ENSG00000159314.5	ENSG00000159314.5	17	43511787	462	-0.11285	0.02534	-4.4531	1.0717478817399088e-05	0.000999000999000999	0.0006031017625427304	down	3.9196
chr21:13987773-14056796		ENSG00000230965.1	ENSG00000230965.1	21	15278809	462	0.05982	0.01373	4.357	1.6388975603730326e-05	0.000999000999000999	0.0008821544259747019	up	0.1675
chr17:45585159-46292045		ENSG00000232300.1	ENSG00000232300.1	17	44640161	462	-0.07591	0.01822	-4.1669	3.711516664781019e-05	0.000999000999000999	0.0019145240129162088	down	0.615
chr15:30618103-32153204		ENSG00000178081.8	ENSG00000178081.8	15	30395923	462	0.10179	0.0249	4.0877	5.1690578145860174e-05	0.000999000999000999	0.0025597174297829956	up	0.1591
chr17:16823490-18384190		ENSG00000179598.4	ENSG00000179598.4	17	17109646	462	-0.20589	0.0508	-4.0528	5.973819982203165e-05	0.000999000999000999	0.002767509950418013	down	2.2403
chr7:65219157-65531823		ENSG00000237310.1	ENSG00000237310.1	7	65958693	462	0.08484	0.02095	4.0503	6.035764835322e-05	0.000999000999000999	0.002767509950418013	up	1.1912
chr15:30618103-32153204		ENSG00000260128.2	ENSG00000260128.2	15	30864941	462	0.12589	0.03163	3.9805	8.028199709916135e-05	0.000999000999000999	0.0035496111574557765	up	0.2585
chr16:28471892-28637651		ENSG00000184110.9	ENSG00000184110.9	16	28699879	462	0.09656	0.02435	3.9658	8.522952674879013e-05	0.000999000999000999	0.003638419107413868	up	7.4289
chr16:28471892-28637651		ENSG00000205609.7	ENSG00000205609.7	16	28415200	462	0.08389	0.02122	3.9527	8.985892520917668e-05	0.000999000999000999	0.0036906907859612995	up	7.0349
chr3:195749463-195980207		ENSG00000061938.12	ENSG00000061938.12	3	195638816	462	0.09839	0.02496	3.9419	9.385279999049691e-05	0.000999000999000999	0.0036906907859612995	up	3.759
chr1:25324280-25369060		ENSG00000261349.1	ENSG00000261349.1	1	25593627	462	0.07389	0.01876	3.9379	9.539750012177834e-05	0.000999000999000999	0.0036906907859612995	up	0.9704
chr8:7301024-12598379		ENSG00000255310.1	ENSG00000255310.1	8	10967428	462	0.09437	0.02565	3.6789	0.0002629424362955322	0.002997002997002997	0.009694408457114095	up	1.5909
chr3:195749463-195980207		ENSG00000224769.1	ENSG00000224769.1	3	195341818	462	-0.06537	0.01778	-3.6756	0.00026624385100313346	0.000999000999000999	0.009694408457114095	down	0.2848
chr17:45585159-46292045		ENSG00000167159.4	ENSG00000167159.4	17	43717670	462	0.02672	0.00744	3.589	0.000368866898493362	0.001998001998001998	0.013047349152422347	up	0.1625
chr12:75713180-75731794		ENSG00000243071.1	ENSG00000243071.1	12	77054185	462	-0.16007	0.04658	-3.4363	0.0006451555716504002	0.001998001998001998	0.022186183269533206	down	6.4594
chr16:14954790-15100859		ENSG00000103429.6	ENSG00000103429.6	16	14726672	462	-0.06451	0.01932	-3.3384	0.0009133767228747222	0.001998001998001998	0.030561091430240706	down	4.7593
chr16:14954790-15100859		ENSG00000224712.5	ENSG00000224712.5	16	14802801	462	-0.05513	0.01712	-3.22	0.0013756740473618734	0.001998001998001998	0.043040229984185954	down	4.1201
chr3:195749463-195980207		ENSG00000242086.2	ENSG00000242086.2	3	195415518	462	-0.20451	0.06352	-3.2197	0.001377043348533034	0.001998001998001998	0.043040229984185954	down	2.4783
chr12:75713180-75731794		ENSG00000111615.8	ENSG00000111615.8	12	75905416	462	-0.18647	0.05797	-3.2168	0.0013906374792951842	0.001998001998001998	0.043040229984185954	down	4.8554
chr3:195749463-195980207		ENSG00000174007.7	ENSG00000174007.7	3	196439164	462	0.05002	0.01563	3.2001	0.001472329130360099	0.001998001998001998	0.044096325636651605	up	1.9205
chr13:48199250-48206639		ENSG00000152207.3	ENSG00000152207.3	13	49280951	462	0.63253	0.19817	3.1919	0.0015137864032736066	0.00999000999000999	0.044096325636651605	up	0.2926
chr3:195749463-195980207		ENSG00000229178.1	ENSG00000229178.1	3	195384798	462	-0.02058	0.00645	-3.1884	0.001531617126313424	0.001998001998001998	0.044096325636651605	down	0.1699
chr8:7301024-12598379		ENSG00000145002.8	ENSG00000145002.8	8	12293915	462	-0.08589	0.02708	-3.1711	0.0016234134580345228	0.002997002997002997	0.04567695138742589	down	1.0671
chr17:45585159-46292045		ENSG00000204650.6	ENSG00000204650.6	17	43697976	462	0.09559	0.03043	3.1407	0.0017975979052605186	0.002997002997002997	0.04945391570472271	up	1.1346
chr17:3082008-3221835		ENSG00000083454.16	ENSG00000083454.16	17	3599698	462	-3.72392	1.20227	-3.0974	0.002075672735932486	0.013986013986013986	0.05586267058879169	down	4.4562
chr8:7301024-12598379		ENSG00000136573.6	ENSG00000136573.6	8	11351510	462	-0.12977	0.04312	-3.0097	0.002763665713278801	0.004995004995004995	0.07197058113517583	down	5.3828
chr3:195749463-195980207		ENSG00000189058.4	ENSG00000189058.4	3	195311076	462	0.0361	0.01201	3.0067	0.002790458719295994	0.005994005994005994	0.07197058113517583	up	0.1868
chr5:177946129-178003952		ENSG00000249129.1	ENSG00000249129.1	5	177398317	462	-0.42207	0.14234	-2.9653	0.0031865986707322255	0.003996003996003996	0.08051039090543868	down	2.5867
chr17:16823490-18384190		ENSG00000227689.1	ENSG00000227689.1	17	18430871	462	0.12005	0.04113	2.9185	0.003695496057103255	0.005994005994005994	0.09150048237387659	up	0.8904
chr5:179643529-179651253		ENSG00000176783.9	ENSG00000176783.9	5	178977559	462	0.0573	0.01997	2.8691	0.00431192426749115	0.006993006993006993	0.10466984790498124	up	4.13
chr16:28471892-28637651		ENSG00000197272.2	ENSG00000197272.2	16	28523372	462	0.04361	0.01531	2.8478	0.004606515804030686	0.007992007992007992	0.1096705108728844	up	0.2705
chr3:75454477-75455715		ENSG00000244026.1	ENSG00000244026.1	3	75484261	462	0.06609	0.02391	2.7646	0.005935645637830596	0.006993006993006993	0.138647722634609	up	2.4152
chr16:75206214-75222748		ENSG00000261783.1	ENSG00000261783.1	16	75415158	462	-0.02851	0.01047	-2.7234	0.006715196783406428	0.003996003996003996	0.1520144047123124	down	0.2009
chr1:149843518-149850293		ENSG00000143368.9	ENSG00000143368.9	1	149900236	462	-0.1327	0.04876	-2.7215	0.006753467091419371	0.007992007992007992	0.1520144047123124	down	5.154
chr16:75206214-75222748		ENSG00000214331.4	ENSG00000214331.4	16	74402138	462	-0.04908	0.0181	-2.7116	0.006955295015075136	0.008991008991008992	0.15376170051183963	down	2.61
chr17:3082008-3221835		ENSG00000263345.1	ENSG00000263345.1	17	2282600	462	0.42969	0.15889	2.7043	0.007106412281024242	0.013986013986013986	0.15434628778785986	up	0.3581
chr2:87987171-111255403		ENSG00000115607.5	ENSG00000115607.5	2	103035149	462	-0.20226	0.07588	-2.6654	0.007968646455645541	0.011988011988011988	0.17008938469119278	down	0.6152
chr6:167209001-167357782		ENSG00000026297.10	ENSG00000026297.10	6	167370679	462	0.19797	0.07488	2.6438	0.008487904583169973	0.01098901098901099	0.1781021334570242	up	6.7131
chr16:28471892-28637651		ENSG00000261552.1	ENSG00000261552.1	16	29002099	462	0.04799	0.01826	2.6277	0.008892636565498196	0.011988011988011988	0.18348473446811278	up	0.7431
chr21:43821742-43835116		ENSG00000160193.7	ENSG00000160193.7	21	44299678	462	-0.24345	0.09335	-2.608	0.0094144900884626	0.007992007992007992	0.18851324145335052	down	3.5995
chr2:87987171-111255403		ENSG00000115604.6	ENSG00000115604.6	2	102927989	462	-0.32256	0.12373	-2.607	0.009440889313495746	0.01998001998001998	0.18851324145335052	down	2.6341
chr8:7301024-12598379		ENSG00000254945.1	ENSG00000254945.1	8	8086117	462	0.06554	0.02531	2.5898	0.009918495935318102	0.00999000999000999	0.1949063169511716	up	0.7795
chr12:75713180-75731794		ENSG00000179941.5	ENSG00000179941.5	12	76742222	462	-0.07334	0.02864	-2.5609	0.010769815662621886	0.015984015984015984	0.20499151159394854	down	1.7264
chr12:75713180-75731794		ENSG00000139278.5	ENSG00000139278.5	12	75874460	462	-0.2721	0.10637	-2.5582	0.010851953020438173	0.008991008991008992	0.20499151159394854	down	3.4857
chr1:149843518-149850293		ENSG00000117360.8	ENSG00000117360.8	1	150293925	462	-0.11774	0.04607	-2.5557	0.01092846507689871	0.011988011988011988	0.20499151159394854	down	4.0348
chr16:75206214-75222748		ENSG00000183196.4	ENSG00000183196.4	16	75529282	462	0.03614	0.01434	2.5195	0.012100277263922193	0.008991008991008992	0.22039087340282307	up	0.3859
chr17:45585159-46292045		ENSG00000228696.3	ENSG00000228696.3	17	44439130	462	0.07973	0.03165	2.5194	0.012105476083515322	0.00999000999000999	0.22039087340282307	up	3.5799
chr2:87987171-111255403		ENSG00000241566.1	ENSG00000241566.1	2	90043607	462	-0.73075	0.29282	-2.4956	0.012935655737963764	0.023976023976023976	0.23040168691906837	down	2.8044
chr12:75713180-75731794		ENSG00000187109.8	ENSG00000187109.8	12	76478813	462	-0.09097	0.03649	-2.493	0.013027559034196112	0.014985014985014986	0.23040168691906837	down	8.3019
chr8:7301024-12598379		ENSG00000173295.2	ENSG00000173295.2	8	8097891	462	-0.04033	0.01622	-2.4866	0.01326308450793998	0.008991008991008992	0.23126336085675628	down	0.5199
chr16:28471892-28637651		ENSG00000169682.13	ENSG00000169682.13	16	28985542	462	0.06197	0.02498	2.4807	0.013481163893814568	0.007992007992007992	0.2318011236186449	up	2.6123
chr3:195749463-195980207		ENSG00000185485.10	ENSG00000185485.10	3	195717189	462	-0.06111	0.02494	-2.4506	0.014644890398639542	0.013986013986013986	0.2483612919659692	down	4.3219
chr17:45585159-46292045		ENSG00000185829.10	ENSG00000185829.10	17	44657088	462	0.10081	0.04166	2.4198	0.01592794174402129	0.025974025974025976	0.2664701605283562	up	3.5973
chr5:177946129-178003952		ENSG00000204677.6	ENSG00000204677.6	5	177433406	462	0.51161	0.21365	2.3946	0.0170493830307459	0.022977022977022976	0.2814284825608457	up	0.8074
chr1:149843518-149850293		ENSG00000143457.5	ENSG00000143457.5	1	150669672	462	-0.16089	0.06752	-2.3828	0.01760217504033353	0.02097902097902098	0.2867301671043804	down	3.9684
chr17:16823490-18384190		ENSG00000141027.13	ENSG00000141027.13	17	16119010	462	-0.10543	0.04436	-2.3769	0.017878962427758046	0.014985014985014986	0.2874565647475904	down	4.7853
chr7:65219157-65531823		ENSG00000228409.1	ENSG00000228409.1	7	65216129	462	-0.03659	0.01564	-2.3401	0.019720785496205828	0.012987012987012988	0.31300426210644633	down	1.992
chr21:43821742-43835116		ENSG00000142185.11	ENSG00000142185.11	21	45770046	462	0.50569	0.21699	2.3305	0.020226911089742953	0.02197802197802198	0.31697361935571866	up	1.4111
chr20:47841016-47888238		ENSG00000064655.13	ENSG00000064655.13	20	45523263	462	-0.31475	0.13615	-2.3118	0.02124201468205693	0.030969030969030968	0.32537051274057005	down	0.5986
chr2:45065588-45081777		ENSG00000171132.9	ENSG00000171132.9	2	45878484	462	0.14422	0.06241	2.311	0.021288377651038914	0.02197802197802198	0.32537051274057005	up	2.2555
chr8:7301024-12598379		ENSG00000104643.5	ENSG00000104643.5	8	11141925	462	-0.02639	0.01145	-2.3055	0.021598133088023375	0.03296703296703297	0.32607913125576754	down	2.1271
chr7:5989046-6735643		ENSG00000230733.2	ENSG00000230733.2	7	5515435	462	-0.07165	0.03137	-2.2839	0.022848454732646517	0.025974025974025976	0.3407998428797155	down	1.6413
chr8:7301024-12598379		ENSG00000186523.9	ENSG00000186523.9	8	12052469	462	-0.0782	0.03481	-2.2467	0.02514612295999256	0.026973026973026972	0.3706059550532237	down	2.0431
chr17:16823490-18384190		ENSG00000091536.10	ENSG00000091536.10	17	18012020	462	0.05061	0.02258	2.2417	0.025470056893757333	0.026973026973026972	0.37096388746437153	up	0.2886
chr14:60606118-60611659		ENSG00000027075.9	ENSG00000027075.9	14	61654277	462	0.18992	0.08543	2.223	0.026718923786555323	0.029970029970029972	0.3846282284622731	up	2.7807
chr7:5989046-6735643		ENSG00000178397.7	ENSG00000178397.7	7	6388612	462	-0.05068	0.02292	-2.2115	0.027510865981749486	0.023976023976023976	0.3876743836228208	down	2.8497
chr8:7301024-12598379		ENSG00000147324.6	ENSG00000147324.6	8	8751155	462	-0.05594	0.0253	-2.2108	0.027556822099198894	0.028971028971028972	0.3876743836228208	down	3.4402
chr2:87987171-111255403		ENSG00000240428.3	ENSG00000240428.3	2	110656009	462	-0.21113	0.09569	-2.2063	0.027872094050311515	0.025974025974025976	0.38770395993579393	down	1.7685
chr17:16823490-18384190		ENSG00000235554.1	ENSG00000235554.1	17	16521195	462	-0.04449	0.02028	-2.1937	0.028776376604704293	0.03596403596403597	0.391458640112735	down	4.6446
chr14:60606118-60611659		ENSG00000258427.1	ENSG00000258427.1	14	60864475	462	0.02667	0.01217	2.192	0.02890036045041974	0.03596403596403597	0.391458640112735	up	6.3179
chr17:16823490-18384190		ENSG00000154874.9	ENSG00000154874.9	17	18528930	462	0.19057	0.08705	2.1893	0.029090625921140242	0.024975024975024976	0.391458640112735	up	1.2974
chr21:43821742-43835116		ENSG00000160226.10	ENSG00000160226.10	21	45759285	462	0.23791	0.10928	2.177	0.030006848360606048	0.029970029970029972	0.3994460029078526	up	2.8373
chr20:47841016-47888238		ENSG00000124126.9	ENSG00000124126.9	20	47444420	462	-0.08965	0.04176	-2.1469	0.03234013820028068	0.026973026973026972	0.42380304286426596	down	4.7552
chr16:14954790-15100859		ENSG00000085721.8	ENSG00000085721.8	16	15188174	462	-0.05094	0.02376	-2.1444	0.03254203847265724	0.03696303696303696	0.42380304286426596	down	4.3275
chr17:45585159-46292045		ENSG00000198336.4	ENSG00000198336.4	17	45277812	462	0.03897	0.01823	2.1374	0.03310629331698047	0.027972027972027972	0.42380304286426596	up	0.3442
chr2:87987171-111255403		ENSG00000213337.4	ENSG00000213337.4	2	97523832	462	-0.12852	0.06016	-2.1362	0.03320589269615008	0.03296703296703297	0.42380304286426596	down	2.8086
chr1:25324280-25369060		ENSG00000142669.8	ENSG00000142669.8	1	26605667	462	-0.03668	0.01721	-2.1308	0.033649638544194685	0.03696303696303696	0.42508420936441854	down	6.7234
chr2:87987171-111255403		ENSG00000235486.1	ENSG00000235486.1	2	106986180	462	0.0624	0.02947	2.1173	0.03478876703593703	0.03396603396603397	0.42645771776081143	up	2.9212
chr7:65219157-65531823		ENSG00000228653.2	ENSG00000228653.2	7	63961203	462	-0.02758	0.01303	-2.1163	0.03487547839674404	0.030969030969030968	0.42645771776081143	down	1.1076
chr9:87942696-88110274		ENSG00000226327.2	ENSG00000226327.2	9	90939405	462	0.16827	0.07956	2.115	0.03498777590661182	0.03296703296703297	0.42645771776081143	up	1.5334
chr15:30618103-32153204		ENSG00000244952.2	ENSG00000244952.2	15	32905934	462	0.0733	0.03476	2.1087	0.03552930997171038	0.03396603396603397	0.42645771776081143	up	0.8684
chr5:177946129-178003952		ENSG00000213347.5	ENSG00000213347.5	5	176739758	462	-0.31657	0.1502	-2.1077	0.03561957693284972	0.05094905094905095	0.42645771776081143	down	4.6055
chr16:28471892-28637651		ENSG00000196993.4	ENSG00000196993.4	16	28763108	462	0.02835	0.01347	2.1053	0.03582520407683715	0.03396603396603397	0.42645771776081143	up	0.7598
chr20:24397726-24406144		ENSG00000101439.4	ENSG00000101439.4	20	23619110	462	0.07712	0.03674	2.0989	0.03639070025819051	0.03396603396603397	0.4290636849489509	up	4.3098
chr17:16823490-18384190		ENSG00000128438.4	ENSG00000128438.4	17	16838153	462	0.1694	0.08092	2.0933	0.036887673565259876	0.030969030969030968	0.4308201874886012	up	3.225
chr6:167209001-167357782		ENSG00000112486.10	ENSG00000112486.10	6	167525295	462	0.33314	0.15965	2.0867	0.03748630605947841	0.03396603396603397	0.4337200645012549	up	3.243
chr7:5989046-6735643		ENSG00000260054.1	ENSG00000260054.1	7	6694495	462	-0.04386	0.02107	-2.0811	0.03800005382519189	0.04295704295704296	0.4353408248133958	down	3.1513
chr21:13987773-14056796		ENSG00000215559.4	ENSG00000215559.4	21	15352758	462	0.06399	0.0308	2.0775	0.038329684898756176	0.03896103896103896	0.4353408248133958	up	0.463
chr2:87987171-111255403		ENSG00000144026.6	ENSG00000144026.6	2	95831158	462	0.21785	0.10523	2.0703	0.039004821978238555	0.03496503496503497	0.43847167535991033	up	2.3997
chr8:7301024-12598379		ENSG00000255518.1	ENSG00000255518.1	8	11415531	462	-0.10335	0.05	-2.067	0.039313696256017806	0.04495504495504495	0.43847167535991033	down	1.5194
chr5:177946129-178003952		ENSG00000145911.5	ENSG00000145911.5	5	177540444	462	0.19207	0.09312	2.0627	0.03971998487114158	0.04995004995004995	0.43904768991494	up	2.4452
chr1:248128773-248428856		ENSG00000233084.2	ENSG00000233084.2	1	249230780	421	0.21715	0.10551	2.0581	0.04022551423558278	0.04295704295704296	0.44070076658098656	up	2.7349
chr3:75454477-75455715		ENSG00000230655.3	ENSG00000230655.3	3	75420493	462	-0.01684	0.00821	-2.0526	0.04069660270421414	0.04295704295704296	0.44195082585804474	down	0.2159
chr15:30618103-32153204		ENSG00000262728.1	ENSG00000262728.1	15	32907361	462	0.0657	0.03229	2.0348	0.042460157498529404	0.03596403596403597	0.45709282594069045	up	1.1376
chr3:195749463-195980207		ENSG00000163960.7	ENSG00000163960.7	3	196159345	462	0.04239	0.02098	2.0204	0.043935474861253834	0.04195804195804196	0.46414128294079743	up	3.7889
chr7:5989046-6735643		ENSG00000136247.10	ENSG00000136247.10	7	6617065	462	0.07833	0.03878	2.0199	0.043994478268735246	0.04295704295704296	0.46414128294079743	up	3.9127
chr7:5989046-6735643		ENSG00000187953.6	ENSG00000187953.6	7	6749759	462	-0.04823	0.02394	-2.0149	0.0445143654946009	0.054945054945054944	0.46414128294079743	down	3.5497
chr15:30618103-32153204		ENSG00000247728.2	ENSG00000247728.2	15	30917976	462	0.06601	0.03281	2.0119	0.04483360689562433	0.04495504495504495	0.46414128294079743	up	1.153
chr5:177946129-178003952		ENSG00000196923.9	ENSG00000196923.9	5	176924607	462	0.25536	0.12702	2.0104	0.04498946199749248	0.03496503496503497	0.46414128294079743	up	3.3583
chr16:14954790-15100859		ENSG00000179889.14	ENSG00000179889.14	16	15068448	462	0.04691	0.02344	2.0011	0.04599111679543222	0.04495504495504495	0.46553857406309807	up	5.2235
chr2:87987171-111255403		ENSG00000153574.6	ENSG00000153574.6	2	88991162	462	-0.05535	0.02772	-1.9968	0.04645123708272861	0.04695304695304695	0.46553857406309807	down	4.5059
chr1:25324280-25369060		ENSG00000231779.1	ENSG00000231779.1	1	24865371	462	-0.01919	0.00961	-1.9968	0.046453798463013535	0.04995004995004995	0.46553857406309807	down	0.1426
chr16:28471892-28637651		ENSG00000213658.5	ENSG00000213658.5	16	28996147	462	0.08496	0.04258	1.9952	0.04662906557659464	0.057942057942057944	0.46553857406309807	up	1.7647
chr1:25324280-25369060		ENSG00000175087.5	ENSG00000175087.5	1	26437664	462	0.03163	0.01605	1.9706	0.049392085448404136	0.03896103896103896	0.48583041519302156	up	2.1596
chr7:5989046-6735643		ENSG00000011275.13	ENSG00000011275.13	7	5821370	462	-0.06368	0.03233	-1.9701	0.0494463912070442	0.04295704295704296	0.48583041519302156	down	3.7598
chr5:179643529-179651253		ENSG00000213316.5	ENSG00000213316.5	5	179220981	462	0.13531	0.06883	1.9659	0.04992661663579831	0.052947052947052944	0.48668623145762446	up	0.9993
chr21:43821742-43835116		ENSG00000184900.10	ENSG00000184900.10	21	46238694	462	-0.1648	0.08447	-1.9509	0.05169430178730976	0.059940059940059943	0.497623882372017	down	5.9976
chr16:14954790-15100859		ENSG00000183426.11	ENSG00000183426.11	16	15016659	462	-0.07937	0.04075	-1.9477	0.05207536485595033	0.056943056943056944	0.497623882372017	down	4.1755
chr1:149843518-149850293		ENSG00000239903.1	ENSG00000239903.1	1	149647622	462	0.25553	0.13133	1.9458	0.052306785586821565	0.059940059940059943	0.497623882372017	up	1.1866
chr1:248128773-248428856		ENSG00000232347.1	ENSG00000232347.1	1	247405125	421	0.12106	0.06229	1.9434	0.05265648512983379	0.061938061938061936	0.497623882372017	up	0.3282
chr2:87987171-111255403		ENSG00000240935.2	ENSG00000240935.2	2	106998562	462	0.07362	0.03796	1.9393	0.053093672805785315	0.054945054945054944	0.49795429495122895	up	0.4683
chr17:16823490-18384190		ENSG00000243686.1	ENSG00000243686.1	17	15947935	462	-0.06302	0.03271	-1.9264	0.05468918732885472	0.055944055944055944	0.5071383249175417	down	0.2384
chr11:18249084-18265819		ENSG00000110756.12	ENSG00000110756.12	11	18343745	462	-0.27805	0.14447	-1.9247	0.054906633206440396	0.05094905094905095	0.5071383249175417	down	4.1415
chr8:7301024-12598379		ENSG00000246089.2	ENSG00000246089.2	8	6264663	462	-0.03695	0.01923	-1.9215	0.05530183672364147	0.04695304695304695	0.5071383249175417	down	1.0995
chr17:16823490-18384190		ENSG00000213077.5	ENSG00000213077.5	17	18430160	462	0.06392	0.03338	1.9146	0.05618662941085903	0.04895104895104895	0.5104216329304172	up	0.3137
chr2:87987171-111255403		ENSG00000243063.1	ENSG00000243063.1	2	89278600	462	0.31672	0.16562	1.9123	0.0564844618024775	0.054945054945054944	0.5104216329304172	up	3.2489
chr17:16823490-18384190		ENSG00000230709.1	ENSG00000230709.1	17	16884667	462	-0.11906	0.06249	-1.9051	0.057413205599590435	0.057942057942057944	0.5130976872939437	down	1.2683
chr16:28471892-28637651		ENSG00000258150.1	ENSG00000258150.1	16	29479154	462	0.10705	0.05624	1.9036	0.057609514163051836	0.05094905094905095	0.5130976872939437	up	2.1047
chr17:3082008-3221835		ENSG00000132359.9	ENSG00000132359.9	17	2680350	462	0.39138	0.2069	1.8916	0.0591889925866875	0.052947052947052944	0.5182741200444657	up	0.2905
chr5:112179911-112236600		ENSG00000152495.6	ENSG00000152495.6	5	110559351	462	0.29078	0.1542	1.8857	0.05998897459213624	0.06493506493506493	0.5182741200444657	up	3.912
chr2:45065588-45081777		ENSG00000143919.9	ENSG00000143919.9	2	44589089	462	0.04546	0.02413	1.8841	0.06020800468280408	0.052947052947052944	0.5182741200444657	up	2.2666
chr1:149843518-149850293		ENSG00000159164.5	ENSG00000159164.5	1	149889434	462	-0.26129	0.13871	-1.8837	0.06025704250124066	0.07292707292707293	0.5182741200444657	down	1.5421
chr2:87987171-111255403		ENSG00000135945.5	ENSG00000135945.5	2	100106497	462	-0.11142	0.05915	-1.8835	0.06028390410856468	0.058941058941058944	0.5182741200444657	down	4.019
chr2:87987171-111255403		ENSG00000240350.1	ENSG00000240350.1	2	112248850	462	0.03771	0.02007	1.8789	0.06091050474642402	0.05094905094905095	0.5200496888005031	up	0.1415
chr21:43821742-43835116		ENSG00000184787.14	ENSG00000184787.14	21	46221934	462	-0.16033	0.08608	-1.8626	0.0631764608832962	0.060939060939060936	0.5357017710515117	down	5.554
chr15:30618103-32153204		ENSG00000166922.4	ENSG00000166922.4	15	32933877	462	0.05721	0.03109	1.84	0.06643768080024764	0.06593406593406594	0.5595227811612693	up	0.4783
chr8:7301024-12598379		ENSG00000255354.1	ENSG00000255354.1	8	11417529	462	-0.03858	0.02104	-1.8334	0.06740509066202666	0.06993006993006994	0.5613653921711494	down	0.9889
chr7:65219157-65531823		ENSG00000164669.6	ENSG00000164669.6	7	64601603	462	-0.03077	0.01679	-1.8324	0.06756336303190733	0.06593406593406594	0.5613653921711494	down	1.9117
chr17:16823490-18384190		ENSG00000141127.8	ENSG00000141127.8	17	18743398	462	0.05203	0.02877	1.8087	0.07117071894079495	0.055944055944055944	0.5873956669913609	up	5.6852
chr7:5989046-6735643		ENSG00000155070.7	ENSG00000155070.7	7	6899461	462	-0.09998	0.0556	-1.7984	0.07279603454210383	0.07492507492507493	0.5914519376042866	down	2.6008
chr17:16823490-18384190		ENSG00000188933.6	ENSG00000188933.6	17	16689803	462	0.22141	0.12315	1.7978	0.07288451882516862	0.07292707292707293	0.5914519376042866	up	2.3294
chr13:48199250-48206639		ENSG00000233456.1	ENSG00000233456.1	13	49147453	462	0.34972	0.19513	1.7923	0.0737684440973927	0.052947052947052944	0.5914519376042866	up	0.1834
chr2:87987171-111255403		ENSG00000115085.9	ENSG00000115085.9	2	98330023	462	-0.17646	0.09855	-1.7905	0.07404977015093966	0.061938061938061936	0.5914519376042866	down	0.8945
chr7:5989046-6735643		ENSG00000122512.9	ENSG00000122512.9	7	6048756	462	-0.07347	0.04103	-1.7905	0.0740509291830892	0.07192807192807193	0.5914519376042866	down	3.6845
chr1:25324280-25369060		ENSG00000183726.6	ENSG00000183726.6	1	25664408	462	0.02371	0.01334	1.7768	0.07629202475016891	0.06793206793206794	0.6054456835942892	up	5.2535
chr16:28471892-28637651		ENSG00000205534.5	ENSG00000205534.5	16	29606395	462	0.04831	0.02724	1.7734	0.07684661332282082	0.07692307692307693	0.6059624668385489	up	3.3659
chr3:195749463-195980207		ENSG00000161217.6	ENSG00000161217.6	3	196014828	462	-0.03754	0.02123	-1.7683	0.07769136610536642	0.07892107892107893	0.6087462736610356	down	4.8936
chr16:28471892-28637651		ENSG00000188603.12	ENSG00000188603.12	16	28506896	462	0.04598	0.02613	1.7596	0.07916273855811402	0.0939060939060939	0.6163740272638061	up	3.402
chr11:18249084-18265819		ENSG00000255035.1	ENSG00000255035.1	11	17457728	462	-0.12086	0.06885	-1.7555	0.07986171944869919	0.09290709290709291	0.6175699793538159	down	1.5969
chr11:18249084-18265819		ENSG00000179119.9	ENSG00000179119.9	11	18656338	462	0.08174	0.04663	1.7529	0.08031402800966427	0.08191808191808192	0.6175699793538159	up	3.4338
chr16:75206214-75222748		ENSG00000186187.6	ENSG00000186187.6	16	75032928	462	-0.05413	0.03101	-1.7458	0.08154005994465172	0.07692307692307693	0.623127124762215	down	2.9069
chr16:14954790-15100859		ENSG00000263335.1	ENSG00000263335.1	16	15820531	462	-0.09792	0.05655	-1.7316	0.08403907014067269	0.0979020979020979	0.6382844713751705	down	1.0792
chr16:75206214-75222748		ENSG00000247033.1	ENSG00000247033.1	16	75144610	462	-0.02009	0.01163	-1.727	0.08487052121247755	0.1018981018981019	0.6406689345185806	down	0.5073
chr5:177946129-178003952		ENSG00000246334.2	ENSG00000246334.2	5	176874700	462	0.1116	0.06474	1.7237	0.08546384063721592	0.08191808191808192	0.6412377861143836	up	0.4216
chr17:16823490-18384190		ENSG00000133027.10	ENSG00000133027.10	17	17495022	462	-0.06343	0.03688	-1.72	0.0861221649053143	0.08491508491508491	0.642284579233609	down	2.5181
chr11:71571819-71576724		ENSG00000248671.2	ENSG00000248671.2	11	71524905	462	0.1348	0.07874	1.712	0.08758440579126547	0.07592407592407592	0.6456389376124423	up	0.2539
chr16:28471892-28637651		ENSG00000260853.1	ENSG00000260853.1	16	28978204	462	0.03265	0.01907	1.7119	0.08761497699425712	0.08291708291708291	0.6456389376124423	up	2.1906
chr16:16721273-18073542		ENSG00000261448.1	ENSG00000261448.1	16	17228361	462	0.33628	0.1978	1.7001	0.08981892300902196	0.0939060939060939	0.6551927538948239	up	2.0835
chr2:87987171-111255403		ENSG00000188383.7	ENSG00000188383.7	2	97746835	462	0.06519	0.03836	1.6993	0.08996992581754447	0.0979020979020979	0.6551927538948239	up	1.0568
chr3:195749463-195980207		ENSG00000235897.1	ENSG00000235897.1	3	196045201	462	-0.0266	0.01583	-1.6809	0.09349354464651724	0.09090909090909091	0.6768713934057798	down	0.3197
chr2:87987171-111255403		ENSG00000169679.9	ENSG00000169679.9	2	111435691	462	-0.06007	0.03599	-1.6689	0.09583301380268662	0.11288711288711288	0.6897748319053839	down	5.2889
chr11:71571819-71576724		ENSG00000255562.1	ENSG00000255562.1	11	71314250	462	0.18354	0.11077	1.6569	0.09823742485833416	0.09490509490509491	0.7016303257423302	up	1.8347
chr2:87987171-111255403		ENSG00000261600.1	ENSG00000261600.1	2	91768393	462	-0.06641	0.04013	-1.6551	0.09861363221257306	0.1018981018981019	0.7016303257423302	down	0.8558
chr12:75713180-75731794		ENSG00000258245.1	ENSG00000258245.1	12	76082876	462	-0.13526	0.08201	-1.6494	0.09977661633291968	0.0919080919080919	0.7058482915437403	down	2.9047
chr1:149843518-149850293		ENSG00000198161.5	ENSG00000198161.5	1	149553003	462	-0.26238	0.15938	-1.6463	0.10041269023067431	0.08291708291708291	0.7063119915089477	down	1.897
chr2:87987171-111255403		ENSG00000115446.7	ENSG00000115446.7	2	99225042	462	0.13374	0.08156	1.6399	0.10173394373722627	0.1088911088911089	0.7112615557855885	up	4.1167
chr8:7301024-12598379		ENSG00000155189.7	ENSG00000155189.7	8	6565878	462	-0.02474	0.01511	-1.6373	0.10226539331973727	0.1028971028971029	0.7112615557855885	down	5.5144
chr20:47841016-47888238		ENSG00000101040.14	ENSG00000101040.14	20	45985567	462	-0.061	0.03756	-1.624	0.10509156532206905	0.08691308691308691	0.7237740479523461	down	3.9726
chr8:7301024-12598379		ENSG00000215374.4	ENSG00000215374.4	8	7212876	462	0.01202	0.00741	1.6229	0.10531714992637294	0.1068931068931069	0.7237740479523461	up	0.1718
chr2:87987171-111255403		ENSG00000135966.7	ENSG00000135966.7	2	105946491	462	0.08375	0.05188	1.6142	0.10719364158036637	0.1108891108891109	0.7237740479523461	up	3.7552
chr21:43821742-43835116		ENSG00000160224.10	ENSG00000160224.10	21	45705721	462	0.19602	0.1215	1.6133	0.10737874805605806	0.08491508491508491	0.7237740479523461	up	0.3367
chr9:87942696-88110274		ENSG00000238110.1	ENSG00000238110.1	9	90559938	462	0.0759	0.04706	1.6129	0.1074702533642331	0.08791208791208792	0.7237740479523461	up	2.5147
chr5:179643529-179651253		ENSG00000204659.4	ENSG00000204659.4	5	179107975	462	0.01445	0.00899	1.6064	0.10890099104476748	0.09490509490509491	0.7237740479523461	up	0.2215
chr2:45065588-45081777		ENSG00000138078.11	ENSG00000138078.11	2	44589001	462	0.07574	0.04716	1.606	0.10898325437365558	0.08691308691308691	0.7237740479523461	up	3.7926
chr2:87987171-111255403		ENSG00000232931.1	ENSG00000232931.1	2	96481963	462	-0.07336	0.04569	-1.6056	0.10906219685267876	0.12087912087912088	0.7237740479523461	down	2.1654
chr11:18249084-18265819		ENSG00000110768.5	ENSG00000110768.5	11	18343842	462	-0.1273	0.07934	-1.6044	0.10932612840637215	0.10789210789210789	0.7237740479523461	down	4.6933
chr21:43821742-43835116		ENSG00000160216.12	ENSG00000160216.12	21	45285067	462	-0.12551	0.07842	-1.6006	0.11018439982715054	0.0989010989010989	0.7249830392597773	down	5.3067
chr2:87987171-111255403		ENSG00000231536.1	ENSG00000231536.1	2	111368493	462	-0.11617	0.07283	-1.5952	0.11138848834778042	0.1088911088911089	0.7249830392597773	down	1.0337
chr16:28471892-28637651		ENSG00000177455.6	ENSG00000177455.6	16	28943260	462	0.02408	0.01511	1.5931	0.1118529448306988	0.11888111888111888	0.7249830392597773	up	5.4045
chr2:45065588-45081777		ENSG00000224637.1	ENSG00000224637.1	2	44393405	462	0.02744	0.01724	1.5917	0.1121628381966792	0.0959040959040959	0.7249830392597773	up	0.2873
chr1:248128773-248428856		ENSG00000227671.2	ENSG00000227671.2	1	247372795	421	0.16841	0.10588	1.5906	0.11248531990999182	0.12387612387612387	0.7249830392597773	up	3.8528
chr11:71571819-71576724		ENSG00000254593.1	ENSG00000254593.1	11	71614240	462	0.06845	0.04317	1.5855	0.11356723094610974	0.0979020979020979	0.7249830392597773	up	0.2988
chr6:167209001-167357782		ENSG00000235272.1	ENSG00000235272.1	6	166999965	462	0.12791	0.08068	1.5853	0.11360800453666946	0.11388611388611389	0.7249830392597773	up	3.7931
chr1:25324280-25369060		ENSG00000117616.12	ENSG00000117616.12	1	25664704	462	0.03344	0.02113	1.5824	0.11426760245245404	0.10989010989010989	0.7254527786468621	up	5.5356
chr7:5989046-6735643		ENSG00000182095.9	ENSG00000182095.9	7	5465045	462	-0.1191	0.07548	-1.5779	0.11529186783598175	0.10589410589410589	0.7263295404658834	down	2.6842
chr7:65219157-65531823		ENSG00000232270.1	ENSG00000232270.1	7	65112777	462	-0.02012	0.01277	-1.5757	0.11580232465285772	0.13186813186813187	0.7263295404658834	down	2.7978
chr16:16721273-18073542		ENSG00000260017.1	ENSG00000260017.1	16	18814405	462	0.1905	0.12102	1.5741	0.11616579080149023	0.13186813186813187	0.7263295404658834	up	1.0414
chr6:167209001-167357782		ENSG00000198818.5	ENSG00000198818.5	6	166756079	462	-0.09594	0.06111	-1.5701	0.11710598363853605	0.0979020979020979	0.7285286821332042	down	5.6182
chr7:5989046-6735643		ENSG00000008256.11	ENSG00000008256.11	7	6312275	462	-0.14322	0.09163	-1.563	0.11875448516934776	0.13986013986013987	0.7316729504520166	down	2.9459
chr12:75713180-75731794		ENSG00000180881.14	ENSG00000180881.14	12	75784708	462	0.11379	0.07289	1.5612	0.11917716786733246	0.11988011988011989	0.7316729504520166	up	1.2719
chr3:195749463-195980207		ENSG00000231443.2	ENSG00000231443.2	3	195664114	462	-0.01695	0.01088	-1.5575	0.12007390077833999	0.11488511488511488	0.7316729504520166	down	2.3865
chr9:85797070-85801040		ENSG00000135049.11	ENSG00000135049.11	9	88356944	462	-0.1812	0.11647	-1.5558	0.12047057432144001	0.12287712287712288	0.7316729504520166	down	3.6983
chr13:52310302-52320954		ENSG00000136098.10	ENSG00000136098.10	13	52733996	462	-0.32049	0.20711	-1.5474	0.12247976676391147	0.1258741258741259	0.7316729504520166	down	1.5408
chr1:149843518-149850293		ENSG00000231448.1	ENSG00000231448.1	1	148854138	462	0.09531	0.0616	1.5472	0.12251410965367152	0.1108891108891109	0.7316729504520166	up	0.5154
chr3:195749463-195980207		ENSG00000224614.1	ENSG00000224614.1	3	195634947	462	0.0123	0.00795	1.5466	0.12266328538209029	0.11488511488511488	0.7316729504520166	up	0.3925
chr1:149843518-149850293		ENSG00000183598.3	ENSG00000183598.3	1	149785236	462	-0.1556	0.10072	-1.5448	0.12309769554135587	0.13486513486513488	0.7316729504520166	down	0.4541
chr11:71571819-71576724		ENSG00000165457.8	ENSG00000165457.8	11	71927645	462	-0.08948	0.05794	-1.5444	0.1232016038822002	0.12187812187812187	0.7316729504520166	down	0.3352
chr2:87987171-111255403		ENSG00000229604.1	ENSG00000229604.1	2	88124461	462	-0.09944	0.06464	-1.5383	0.12468883907642124	0.13786213786213786	0.7316729504520166	down	0.7397
chr17:16823490-18384190		ENSG00000141030.6	ENSG00000141030.6	17	17184607	462	-0.06148	0.04007	-1.5342	0.1256820707065149	0.1258741258741259	0.7316729504520166	down	5.9281
chr7:97445822-97459601		ENSG00000180535.2	ENSG00000180535.2	7	97841566	462	-0.07931	0.05173	-1.5333	0.1259074594578145	0.12187812187812187	0.7316729504520166	down	1.4162
chr17:45585159-46292045		ENSG00000182963.4	ENSG00000182963.4	17	42908179	462	-0.07281	0.04757	-1.5304	0.12662680609194757	0.13686313686313686	0.7316729504520166	down	1.335
chr9:85797070-85801040		ENSG00000213711.3	ENSG00000213711.3	9	88513818	462	-0.07129	0.04666	-1.5277	0.1272875438762294	0.13486513486513488	0.7316729504520166	down	0.6136
chr17:16823490-18384190		ENSG00000233327.4	ENSG00000233327.4	17	18445234	462	0.17783	0.1167	1.5239	0.1282490634536282	0.13586413586413587	0.7316729504520166	up	2.2907
chr5:179643529-179651253		ENSG00000169045.13	ENSG00000169045.13	5	179061785	462	0.03252	0.02136	1.5223	0.12863789539986475	0.12287712287712288	0.7316729504520166	up	8.0593
chr2:87987171-111255403		ENSG00000125551.13	ENSG00000125551.13	2	88045917	462	0.04953	0.03258	1.5203	0.1291351185847514	0.14085914085914086	0.7316729504520166	up	0.38
chr2:87987171-111255403		ENSG00000234028.2	ENSG00000234028.2	2	88927057	462	0.03283	0.02161	1.5191	0.12944167338082332	0.13686313686313686	0.7316729504520166	up	0.8633
chr12:46896694-46915975		ENSG00000111405.4	ENSG00000111405.4	12	48119350	462	-0.02208	0.01454	-1.5189	0.1294954026262419	0.12087912087912088	0.7316729504520166	down	0.1682
chr5:177946129-178003952		ENSG00000087206.11	ENSG00000087206.11	5	176449634	462	-0.09888	0.06528	-1.5147	0.13055862458285408	0.12987012987012986	0.7316729504520166	down	4.1955
chr3:195749463-195980207		ENSG00000225578.1	ENSG00000225578.1	3	196666748	462	0.01716	0.01134	1.5139	0.13076606737426696	0.12787212787212787	0.7316729504520166	up	0.2274
chr2:87987171-111255403		ENSG00000239975.1	ENSG00000239975.1	2	89952792	462	0.59254	0.39161	1.5131	0.13096458513773493	0.14385614385614387	0.7316729504520166	up	4.4958
chr2:87987171-111255403		ENSG00000242076.1	ENSG00000242076.1	2	89568263	462	0.60692	0.40151	1.5116	0.13134979620465578	0.1258741258741259	0.7316729504520166	up	4.643
chr13:48199250-48206639		ENSG00000233610.1	ENSG00000233610.1	13	49152224	462	1.12817	0.74833	1.5076	0.13237136904963903	0.14385614385614387	0.7316729504520166	up	1.3797
chr17:45585159-46292045		ENSG00000184361.7	ENSG00000184361.7	17	43339479	462	-0.01246	0.00827	-1.5075	0.13238670508986408	0.11688311688311688	0.7316729504520166	down	0.1645
chr7:5989046-6735643		ENSG00000239696.2	ENSG00000239696.2	7	7119373	462	-0.02079	0.01382	-1.5044	0.1331777529188929	0.12487512487512488	0.7327735916159529	down	0.167
chr17:16823490-18384190		ENSG00000230662.1	ENSG00000230662.1	17	18363705	462	-0.02638	0.01761	-1.4977	0.13493253057695237	0.14785214785214784	0.7391436851958718	down	1.6237
chr11:18249084-18265819		ENSG00000256282.1	ENSG00000256282.1	11	18621230	462	0.04286	0.0288	1.488	0.1374476330335188	0.13286713286713286	0.7496042717863273	up	0.2221
chr16:14954790-15100859		ENSG00000257264.1	ENSG00000257264.1	16	14995356	462	0.02169	0.01461	1.4842	0.13846921709662868	0.13986013986013987	0.7504484758939894	up	0.4873
chr17:3082008-3221835		ENSG00000262194.1	ENSG00000262194.1	17	3706676	462	0.3197	0.2156	1.4829	0.13881478269767655	0.14885114885114886	0.7504484758939894	up	0.6005
chr5:179643529-179651253		ENSG00000169131.6	ENSG00000169131.6	5	178157703	462	0.0223	0.0151	1.4771	0.14035130498792905	0.12687312687312688	0.7506867305691235	up	1.9537
chr5:112179911-112236600		ENSG00000246859.2	ENSG00000246859.2	5	110847924	462	0.16359	0.11083	1.476	0.14064604215723095	0.14085914085914086	0.7506867305691235	up	1.3712
chr16:28471892-28637651		ENSG00000260570.1	ENSG00000260570.1	16	28848521	462	0.02673	0.01811	1.4759	0.14067796566400376	0.13986013986013987	0.7506867305691235	up	4.8204
chr16:14954790-15100859		ENSG00000260735.1	ENSG00000260735.1	16	15188268	462	-0.00965	0.00656	-1.471	0.14199075866596925	0.11788211788211789	0.7544401683625319	down	0.162
chr7:65219157-65531823		ENSG00000196247.6	ENSG00000196247.6	7	64126501	462	-0.03074	0.02093	-1.4686	0.1426491350381419	0.14185814185814186	0.7546992699881182	down	3.0823
chr2:87987171-111255403		ENSG00000158050.4	ENSG00000158050.4	2	96811179	462	0.08153	0.05615	1.4521	0.14717180020679427	0.14685314685314685	0.7728093564950281	up	7.0733
chr16:28471892-28637651		ENSG00000240634.1	ENSG00000240634.1	16	28825994	462	0.03672	0.0253	1.4511	0.14744879830020102	0.14385614385614387	0.7728093564950281	up	2.6224
chr15:30618103-32153204		ENSG00000260382.1	ENSG00000260382.1	15	31175434	462	-0.04553	0.0315	-1.4453	0.14907458446000185	0.14385614385614387	0.7728093564950281	down	1.9534
chr17:45585159-46292045		ENSG00000224505.1	ENSG00000224505.1	17	43236822	462	0.03225	0.02233	1.4447	0.14925385740982713	0.14985014985014986	0.7728093564950281	up	1.0361
chr13:52310302-52320954		ENSG00000136100.7	ENSG00000136100.7	13	53024763	462	-0.1804	0.12499	-1.4433	0.149626623731684	0.13486513486513488	0.7728093564950281	down	3.4609
chr1:25324280-25369060		ENSG00000117640.13	ENSG00000117640.13	1	26145131	462	-0.05276	0.03672	-1.437	0.1514135790791635	0.14485514485514486	0.7728093564950281	down	4.5139
chr3:195749463-195980207		ENSG00000232065.1	ENSG00000232065.1	3	196359458	462	-0.01601	0.01115	-1.4359	0.15172707070634742	0.14385614385614387	0.7728093564950281	down	0.168
chr11:71571819-71576724		ENSG00000137496.13	ENSG00000137496.13	11	71709587	462	-0.26577	0.1853	-1.4343	0.15218775518958202	0.16783216783216784	0.7728093564950281	down	3.879
chr16:28471892-28637651		ENSG00000260517.1	ENSG00000260517.1	16	29127448	462	0.02268	0.01584	1.4322	0.15278537982993096	0.15984015984015984	0.7728093564950281	up	0.2624
chr2:87987171-111255403		ENSG00000115590.9	ENSG00000115590.9	2	102608306	462	-0.15688	0.10954	-1.4322	0.15279722332912507	0.13686313686313686	0.7728093564950281	down	1.6272
chr1:149843518-149850293		ENSG00000202496.1	ENSG00000202496.1	1	149605917	462	0.07701	0.05406	1.4245	0.1550033260976442	0.14485514485514486	0.7728093564950281	up	0.1807
chr2:87987171-111255403		ENSG00000143429.4	ENSG00000143429.4	2	91847975	462	-0.12315	0.08682	-1.4184	0.15677537878748166	0.14685314685314685	0.7728093564950281	down	2.9802
chr16:28471892-28637651		ENSG00000047578.7	ENSG00000047578.7	16	27561454	462	0.03702	0.02612	1.4174	0.157066376136859	0.15584415584415584	0.7728093564950281	up	1.6725
chr21:13987773-14056796		ENSG00000203616.2	ENSG00000203616.2	21	15309646	462	0.06844	0.04833	1.416	0.157469758751111	0.13886113886113885	0.7728093564950281	up	1.4071
chr16:16721273-18073542		ENSG00000134419.11	ENSG00000134419.11	16	18801705	462	0.16535	0.1168	1.4156	0.15757890910599132	0.16683316683316685	0.7728093564950281	up	7.1522
chr5:179643529-179651253		ENSG00000161011.14	ENSG00000161011.14	5	179233388	462	0.02399	0.01702	1.4091	0.15951701557758205	0.14585414585414586	0.7728093564950281	up	6.4652
chr9:87942696-88110274		ENSG00000204429.3	ENSG00000204429.3	9	90795584	462	-0.06389	0.04537	-1.408	0.15982857265928213	0.15084915084915085	0.7728093564950281	down	0.3872
chr21:43821742-43835116		ENSG00000160208.11	ENSG00000160208.11	21	45079429	462	-0.07467	0.0531	-1.4064	0.1602976220313818	0.16783216783216784	0.7728093564950281	down	3.7649
chr1:25324280-25369060		ENSG00000162430.12	ENSG00000162430.12	1	26126667	462	0.03987	0.02836	1.4058	0.16048910320391732	0.14585414585414586	0.7728093564950281	up	0.7271
chr2:87987171-111255403		ENSG00000253497.1	ENSG00000253497.1	2	89345963	462	0.40069	0.28534	1.4042	0.16094292962897716	0.16183816183816183	0.7728093564950281	up	2.3936
chr9:85797070-85801040		ENSG00000214908.3	ENSG00000214908.3	9	88990621	462	-0.11736	0.08371	-1.402	0.16162306563139445	0.17182817182817184	0.7728093564950281	down	2.5015
chr17:16823490-18384190		ENSG00000201750.1	ENSG00000201750.1	17	18967449	462	-0.14818	0.10571	-1.4017	0.1616947872357259	0.1888111888111888	0.7728093564950281	down	2.7768
chr6:167209001-167357782		ENSG00000197146.2	ENSG00000197146.2	6	167360151	462	0.18816	0.13443	1.3997	0.16229983664820263	0.16383616383616384	0.7728093564950281	up	1.7988
chr17:16823490-18384190		ENSG00000170160.10	ENSG00000170160.10	17	16592851	462	0.13151	0.09398	1.3994	0.16240052051751527	0.17182817182817184	0.7728093564950281	up	1.437
chr15:30618103-32153204		ENSG00000187951.5	ENSG00000187951.5	15	30916697	462	0.06492	0.04641	1.3989	0.16253437200349735	0.1798201798201798	0.7728093564950281	up	4.0146
chr2:87987171-111255403		ENSG00000115652.10	ENSG00000115652.10	2	106810795	462	-0.08267	0.05915	-1.3978	0.16288273169236814	0.16883116883116883	0.7728093564950281	down	4.0483
chr1:149843518-149850293		ENSG00000203852.3	ENSG00000203852.3	1	149824181	462	-0.12243	0.0877	-1.396	0.163404583421518	0.16683316683316685	0.7728093564950281	down	0.6224
chr1:149843518-149850293		ENSG00000203814.5	ENSG00000203814.5	1	149783928	462	-0.19048	0.13665	-1.3939	0.16404473097896133	0.14785214785214784	0.7728093564950281	down	1.1932
chr7:5989046-6735643		ENSG00000205903.2	ENSG00000205903.2	7	6676953	462	-0.03824	0.02744	-1.3935	0.16417517024086623	0.14885114885114886	0.7728093564950281	down	2.4326
chr8:7301024-12598379		ENSG00000154359.8	ENSG00000154359.8	8	12613582	462	-0.0369	0.02676	-1.3786	0.16870969104904487	0.14585414585414586	0.7825835352018413	down	3.1678
chr8:7301024-12598379		ENSG00000255128.1	ENSG00000255128.1	8	7276513	462	0.01538	0.01119	1.3736	0.1702511419743935	0.17682317682317683	0.7825835352018413	up	1.3512
chr17:16823490-18384190		ENSG00000171931.7	ENSG00000171931.7	17	18647326	462	-0.04285	0.03123	-1.3723	0.17065435346422866	0.16283716283716285	0.7825835352018413	down	0.1519
chr17:16823490-18384190		ENSG00000011295.7	ENSG00000011295.7	17	15902782	462	-0.03104	0.02262	-1.3721	0.17072361221888402	0.17582417582417584	0.7825835352018413	down	3.4901
chr17:16823490-18384190		ENSG00000199298.1	ENSG00000199298.1	17	19093558	462	-0.13979	0.10194	-1.3713	0.17097563179445244	0.17582417582417584	0.7825835352018413	down	2.748
chr11:71571819-71576724		ENSG00000158483.11	ENSG00000158483.11	11	71498556	462	0.0979	0.0714	1.3711	0.17104378117206348	0.17482517482517482	0.7825835352018413	up	2.8104
chr2:87987171-111255403		ENSG00000214184.3	ENSG00000214184.3	2	109150652	462	-0.0296	0.02163	-1.3686	0.17181305033978767	0.16283716283716285	0.7825835352018413	down	0.216
chr2:87987171-111255403		ENSG00000241351.1	ENSG00000241351.1	2	89327228	462	0.36624	0.26784	1.3674	0.1721924624341459	0.17282717282717283	0.7825835352018413	up	6.3187
chr9:85797070-85801040		ENSG00000135070.9	ENSG00000135070.9	9	88897676	462	-0.06016	0.04406	-1.3654	0.17281569559571058	0.16683316683316685	0.7825835352018413	down	3.359
chr2:87987171-111255403		ENSG00000135956.3	ENSG00000135956.3	2	96931732	462	0.0283	0.02075	1.3641	0.17321289376862595	0.16983016983016982	0.7825835352018413	up	3.7922
chr17:16823490-18384190		ENSG00000262292.1	ENSG00000262292.1	17	19063666	462	0.06383	0.04682	1.3634	0.1734316395625606	0.16483516483516483	0.7825835352018413	up	1.0385
chr7:65219157-65531823		ENSG00000236529.1	ENSG00000236529.1	7	65305199	462	0.01734	0.01273	1.3622	0.17383721500848656	0.16483516483516483	0.7825835352018413	up	0.2614
chr7:65219157-65531823		ENSG00000231556.1	ENSG00000231556.1	7	64800581	462	0.0181	0.01335	1.3556	0.17591256688916143	0.17182817182817184	0.7890570935100791	up	0.3883
chr17:3082008-3221835		ENSG00000262050.1	ENSG00000262050.1	17	2615603	462	-0.28994	0.21514	-1.3477	0.1784396272775717	0.17082917082917082	0.7948750417954086	down	0.5471
chr11:18249084-18265819		ENSG00000189332.4	ENSG00000189332.4	11	18230685	462	0.02103	0.01561	1.3468	0.1787425268338629	0.18681318681318682	0.7948750417954086	up	0.152
chr17:16823490-18384190		ENSG00000199663.1	ENSG00000199663.1	17	19015949	462	-0.13809	0.10268	-1.3449	0.1793530244033006	0.19080919080919082	0.7948750417954086	down	2.6597
chr1:25324280-25369060		ENSG00000236528.1	ENSG00000236528.1	1	26186104	462	-0.02209	0.01646	-1.3419	0.1803107772074089	0.1798201798201798	0.7948750417954086	down	1.7422
chr17:16823490-18384190		ENSG00000175662.12	ENSG00000175662.12	17	17875784	462	0.051	0.03807	1.3396	0.18106707505715317	0.2007992007992008	0.7948750417954086	up	2.4249
chr1:248128773-248428856		ENSG00000184022.2	ENSG00000184022.2	1	248757100	421	0.07785	0.05818	1.338	0.1816549586077727	0.17782217782217782	0.7948750417954086	up	0.2272
chr1:149843518-149850293		ENSG00000203811.1	ENSG00000203811.1	1	149812765	462	-0.11736	0.08775	-1.3375	0.181739740341961	0.16983016983016982	0.7948750417954086	down	0.6227
chr7:5989046-6735643		ENSG00000159904.7	ENSG00000159904.7	7	5184177	462	-0.03296	0.02476	-1.3311	0.18383142511693978	0.2037962037962038	0.7948750417954086	down	0.4489
chr7:5989046-6735643		ENSG00000136240.5	ENSG00000136240.5	7	6523873	462	0.06482	0.04873	1.3301	0.18416076366163797	0.17182817182817184	0.7948750417954086	up	5.8229
chr2:87987171-111255403		ENSG00000163126.10	ENSG00000163126.10	2	97523671	462	0.09052	0.06806	1.3299	0.18424388570553585	0.19080919080919082	0.7948750417954086	up	1.5744
chr17:16823490-18384190		ENSG00000200229.1	ENSG00000200229.1	17	18965225	462	-0.14188	0.10695	-1.3266	0.18532588829887175	0.1888111888111888	0.7948750417954086	down	2.8146
chr5:179643529-179651253		ENSG00000198939.3	ENSG00000198939.3	5	178322895	462	-0.01546	0.01166	-1.3264	0.18538024784665535	0.1918081918081918	0.7948750417954086	down	0.1965
chr12:75713180-75731794		ENSG00000139289.7	ENSG00000139289.7	12	76427712	462	0.11786	0.08895	1.325	0.18585650448417726	0.1938061938061938	0.7948750417954086	up	0.9883
chr14:60606118-60611659		ENSG00000100612.8	ENSG00000100612.8	14	60636574	462	-0.02776	0.02097	-1.324	0.1861985154448049	0.15884115884115885	0.7948750417954086	down	5.1547
chr1:149843518-149850293		ENSG00000203818.5	ENSG00000203818.5	1	149400542	462	-0.10711	0.0811	-1.3207	0.18726424156174662	0.18581418581418582	0.7966774263004891	down	0.2842
chr16:35946683-35952382		ENSG00000261620.1	ENSG00000261620.1	16	35037651	462	0.0882	0.06695	1.3175	0.1883642009266068	0.17482517482517482	0.798612605298422	up	0.693
chr2:87987171-111255403		ENSG00000250036.1	ENSG00000250036.1	2	89923550	462	0.27174	0.20696	1.313	0.18984987244580667	0.1888111888111888	0.8011233477405039	up	1.3889
chr1:149843518-149850293		ENSG00000233368.1	ENSG00000233368.1	1	149577296	462	-0.13968	0.10648	-1.3118	0.19025061731478848	0.18581418581418582	0.8011233477405039	down	2.443
chr2:87987171-111255403		ENSG00000239862.1	ENSG00000239862.1	2	89597542	462	0.28276	0.21667	1.305	0.19256004688089523	0.21578421578421578	0.8080994509781297	up	1.5071
chr12:46896694-46915975		ENSG00000005175.5	ENSG00000005175.5	12	48099844	462	0.06309	0.04851	1.3006	0.19406741010312795	0.1848151848151848	0.8100812320868216	up	3.9741
chr1:25324280-25369060		ENSG00000169442.4	ENSG00000169442.4	1	26644448	462	-0.02323	0.01791	-1.2968	0.1953815891564831	0.22077922077922077	0.8100812320868216	down	8.1836
chr11:18249084-18265819		ENSG00000166788.5	ENSG00000166788.5	11	18127638	462	-0.11096	0.08561	-1.2961	0.19562171527067088	0.1978021978021978	0.8100812320868216	down	4.0947
chr2:87987171-111255403		ENSG00000135974.5	ENSG00000135974.5	2	105953816	462	0.03927	0.0303	1.296	0.19565342773631855	0.1838161838161838	0.8100812320868216	up	3.0374
chr3:75454477-75455715		ENSG00000172971.7	ENSG00000172971.7	3	75673000	462	0.02807	0.02172	1.2924	0.19687853012737233	0.2077922077922078	0.8100812320868216	up	2.2526
chr2:91832040-92012663		ENSG00000236969.1	ENSG00000236969.1	2	91963970	462	0.09435	0.07301	1.2922	0.1969583609516424	0.1938061938061938	0.8100812320868216	up	0.773
chr3:195749463-195980207		ENSG00000184203.3	ENSG00000184203.3	3	195270209	462	-0.01723	0.01338	-1.2877	0.19850420233362248	0.2047952047952048	0.8128182762372825	down	4.8758
chr2:87987171-111255403		ENSG00000240671.1	ENSG00000240671.1	2	89292450	462	0.44312	0.34493	1.2847	0.19957862809355773	0.21578421578421578	0.8128182762372825	up	3.4211
chr1:25324280-25369060		ENSG00000020633.13	ENSG00000020633.13	1	25291612	462	-0.01702	0.01325	-1.2846	0.19959350240398538	0.1938061938061938	0.8128182762372825	down	5.8157
chr5:177946129-178003952		ENSG00000251211.1	ENSG00000251211.1	5	177592703	462	0.03864	0.03014	1.2823	0.20040194351279625	0.1978021978021978	0.8134347739962026	up	0.1556
chr1:149843518-149850293		ENSG00000223759.1	ENSG00000223759.1	1	149672997	462	0.09091	0.07107	1.2792	0.2014909001391718	0.17382617382617382	0.8151821384715513	up	1.3271
chr2:87987171-111255403		ENSG00000211623.2	ENSG00000211623.2	2	90024732	462	-0.186	0.14601	-1.2739	0.20337026523525703	0.2057942057942058	0.8176253953117305	down	0.928
chr17:45585159-46292045		ENSG00000262879.1	ENSG00000262879.1	17	45177689	462	0.0271	0.02128	1.2733	0.203582635760621	0.1918081918081918	0.8176253953117305	up	2.7247
chr2:87987171-111255403		ENSG00000144029.7	ENSG00000144029.7	2	95815179	462	-0.05338	0.04197	-1.2719	0.2040761285551896	0.2007992007992008	0.8176253953117305	down	4.8266
chr2:87987171-111255403		ENSG00000241294.1	ENSG00000241294.1	2	89476644	462	-0.39632	0.31282	-1.2669	0.20584155522708136	0.1958041958041958	0.8214270977493892	down	2.9187
chr5:179643529-179651253		ENSG00000050748.12	ENSG00000050748.12	5	179719099	462	0.01859	0.0147	1.2643	0.20678759112542863	0.23276723276723277	0.8214270977493892	up	3.7805
chr17:3082008-3221835		ENSG00000167723.9	ENSG00000167723.9	17	3461289	462	1.08644	0.85976	1.2637	0.20701555290614657	0.1998001998001998	0.8214270977493892	up	1.8748
chr17:16823490-18384190		ENSG00000224126.2	ENSG00000224126.2	17	18580574	462	-0.04089	0.03248	-1.259	0.20870686817252876	0.21578421578421578	0.8239391166232707	down	5.8575
chr7:54234014-54308393		ENSG00000146648.10	ENSG00000146648.10	7	55086714	462	-0.02142	0.01712	-1.2512	0.21151369250118446	0.22577422577422576	0.8239391166232707	down	0.2823
chr7:65219157-65531823		ENSG00000232727.2	ENSG00000232727.2	7	63894208	462	-0.01219	0.00974	-1.2507	0.2117079733762693	0.1918081918081918	0.8239391166232707	down	4.9466
chr2:87987171-111255403		ENSG00000229089.1	ENSG00000229089.1	2	95522992	462	0.01815	0.01452	1.2494	0.21217210357202826	0.22077922077922077	0.8239391166232707	up	0.142
chr3:195749463-195980207		ENSG00000231464.1	ENSG00000231464.1	3	195723609	462	-0.01355	0.01085	-1.2493	0.21222715705747397	0.20279720279720279	0.8239391166232707	down	2.2753
chr16:75206214-75222748		ENSG00000184517.7	ENSG00000184517.7	16	75182390	462	-0.02223	0.01781	-1.2486	0.21247194055188234	0.21978021978021978	0.8239391166232707	down	2.8244
chr2:87987171-111255403		ENSG00000198142.3	ENSG00000198142.3	2	110371911	462	-0.08406	0.06748	-1.2457	0.21351561663077112	0.2137862137862138	0.8239391166232707	down	0.5454
chr16:28471892-28637651		ENSG00000103472.5	ENSG00000103472.5	16	29086163	462	0.01426	0.01147	1.2431	0.21447450815724795	0.21478521478521478	0.8239391166232707	up	3.0337
chr20:24397726-24406144		ENSG00000077984.4	ENSG00000077984.4	20	24929866	462	-0.03177	0.02556	-1.243	0.2145074948326862	0.22477522477522477	0.8239391166232707	down	0.5353
chr16:28471892-28637651		ENSG00000251417.1	ENSG00000251417.1	16	28814097	462	0.0087	0.00703	1.2389	0.2160448597558217	0.2017982017982018	0.8239391166232707	up	0.2612
chr1:149843518-149850293		ENSG00000023902.8	ENSG00000023902.8	1	150121373	462	0.09678	0.07834	1.2354	0.21735136273090147	0.1958041958041958	0.8239391166232707	up	6.5142
chr5:177946129-178003952		ENSG00000169228.9	ENSG00000169228.9	5	176730745	462	0.27444	0.2225	1.2334	0.21807532965008497	0.1968031968031968	0.8239391166232707	up	4.1438
chr17:45585159-46292045		ENSG00000213326.4	ENSG00000213326.4	17	44799533	462	0.01446	0.01175	1.2309	0.21899969816151738	0.23576423576423577	0.8239391166232707	up	10.2754
chr7:5989046-6735643		ENSG00000155034.13	ENSG00000155034.13	7	5553429	462	-0.03864	0.03144	-1.2291	0.219669466987591	0.21478521478521478	0.8239391166232707	down	1.4711
chr1:25324280-25369060		ENSG00000142684.7	ENSG00000142684.7	1	26496362	462	-0.01874	0.01529	-1.2253	0.22111111887521023	0.22877122877122877	0.8239391166232707	down	2.848
chr15:30618103-32153204		ENSG00000169918.5	ENSG00000169918.5	15	32162992	462	-0.05268	0.04301	-1.225	0.22123335416362372	0.2087912087912088	0.8239391166232707	down	1.1773
chr5:112179911-112236600		ENSG00000224032.2	ENSG00000224032.2	5	111496223	462	0.16668	0.13617	1.224	0.221584966765355	0.23876123876123875	0.8239391166232707	up	4.314
chr16:28471892-28637651		ENSG00000260335.1	ENSG00000260335.1	16	29460512	462	0.06624	0.05417	1.2228	0.22206548313114266	0.24675324675324675	0.8239391166232707	up	4.0112
chr16:16721273-18073542		ENSG00000260342.2	ENSG00000260342.2	16	18812841	462	0.17076	0.13972	1.2222	0.22227137260898813	0.19880119880119881	0.8239391166232707	up	0.2697
chr16:28471892-28637651		ENSG00000176953.6	ENSG00000176953.6	16	28962128	462	0.01673	0.01369	1.2221	0.22232080067847654	0.23176823176823177	0.8239391166232707	up	4.5703
chr15:30618103-32153204		ENSG00000260174.1	ENSG00000260174.1	15	30336658	462	-0.04752	0.03889	-1.2218	0.22242247126933193	0.22377622377622378	0.8239391166232707	down	5.4174
chr2:87987171-111255403		ENSG00000144115.11	ENSG00000144115.11	2	88469835	462	-0.06264	0.05131	-1.2208	0.22280002779162114	0.21878121878121878	0.8239391166232707	down	0.3368
chr6:141866310-141898728		ENSG00000233138.1	ENSG00000233138.1	6	143069580	462	0.09516	0.07811	1.2182	0.22378246200673432	0.22577422577422576	0.8239391166232707	up	1.2091
chr17:16823490-18384190		ENSG00000197566.4	ENSG00000197566.4	17	16557158	462	0.03118	0.02562	1.2171	0.22422495518170532	0.21978021978021978	0.8239391166232707	up	0.8528
chr16:28471892-28637651		ENSG00000169180.7	ENSG00000169180.7	16	28223241	462	-0.0238	0.01957	-1.2162	0.22454140430762137	0.23176823176823177	0.8239391166232707	down	6.6121
chr5:179643529-179651253		ENSG00000197226.7	ENSG00000197226.7	5	179334859	462	-0.08176	0.06728	-1.2152	0.22495268289068296	0.2047952047952048	0.8239391166232707	down	5.669
chr20:24397726-24406144		ENSG00000197586.7	ENSG00000197586.7	20	25176329	462	-0.02019	0.01665	-1.213	0.225781196427787	0.1998001998001998	0.8244396842052087	down	3.9005
chr13:52310302-52320954		ENSG00000123191.9	ENSG00000123191.9	13	52585630	462	-0.09435	0.07826	-1.2055	0.22864590545093944	0.17382617382617382	0.8244396842052087	down	0.1933
chr1:149843518-149850293		ENSG00000232151.3	ENSG00000232151.3	1	149575482	462	-0.15717	0.13042	-1.2051	0.22879677890816344	0.24075924075924077	0.8244396842052087	down	4.0484
chr2:87987171-111255403		ENSG00000163060.6	ENSG00000163060.6	2	95537178	462	-0.03931	0.03263	-1.2045	0.22903108314280632	0.1918081918081918	0.8244396842052087	down	0.2317
chr2:87987171-111255403		ENSG00000114982.12	ENSG00000114982.12	2	97308524	462	0.13293	0.11036	1.2045	0.22904259163418061	0.22577422577422576	0.8244396842052087	up	4.2108
chr1:149843518-149850293		ENSG00000235999.1	ENSG00000235999.1	1	149287451	462	0.08246	0.06864	1.2014	0.23022251516469203	0.24275724275724275	0.8244396842052087	up	1.4024
chr2:87987171-111255403		ENSG00000243466.1	ENSG00000243466.1	2	89247475	462	-0.47747	0.39744	-1.2014	0.23025147047635164	0.23876123876123875	0.8244396842052087	down	5.1143
chr7:65219157-65531823		ENSG00000196715.4	ENSG00000196715.4	7	65338254	462	0.01192	0.00992	1.2009	0.23041690689418598	0.22677322677322678	0.8244396842052087	up	3.507
chr14:60606118-60611659		ENSG00000126773.8	ENSG00000126773.8	14	60558629	462	-0.01921	0.01606	-1.1958	0.23239908837020443	0.25674325674325676	0.8288767423722787	down	3.8595
chr5:177946129-178003952		ENSG00000251666.1	ENSG00000251666.1	5	176478715	462	-0.08766	0.0734	-1.1943	0.23299604712887964	0.21078921078921078	0.8288767423722787	down	0.2741
chr12:46896694-46915975		ENSG00000257261.1	ENSG00000257261.1	12	46777462	462	-0.05557	0.04666	-1.191	0.23430393715404488	0.25074925074925075	0.8289668384600815	down	0.8211
chr17:16823490-18384190		ENSG00000166484.13	ENSG00000166484.13	17	19281034	462	0.06471	0.05434	1.1908	0.23436057630131543	0.23876123876123875	0.8289668384600815	up	2.7097
chr2:87987171-111255403		ENSG00000224607.3	ENSG00000224607.3	2	90007677	462	-0.36132	0.30404	-1.1884	0.23530951309525483	0.24675324675324675	0.8290232950754126	down	2.442
chr9:87942696-88110274		ENSG00000224887.1	ENSG00000224887.1	9	89700066	462	-0.02635	0.02223	-1.1855	0.2364576396713297	0.21978021978021978	0.8290232950754126	down	0.1581
chr14:60606118-60611659		ENSG00000126814.6	ENSG00000126814.6	14	61448076	462	-0.02832	0.02394	-1.1828	0.23752143971714965	0.2177822177822178	0.8290232950754126	down	3.3626
chr17:16823490-18384190		ENSG00000174977.7	ENSG00000174977.7	17	18553508	462	-0.01802	0.01524	-1.1823	0.2377039370514598	0.23876123876123875	0.8290232950754126	down	4.9627
chr16:16721273-18073542		ENSG00000233024.3	ENSG00000233024.3	16	18473188	462	-0.26883	0.22739	-1.1823	0.2377247736282484	0.24375624375624375	0.8290232950754126	down	3.9221
chr5:124425560-124546657		ENSG00000242814.2	ENSG00000242814.2	5	124144926	462	-0.09489	0.08055	-1.178	0.2394259728677777	0.24875124875124874	0.8296372806936126	down	3.9963
chr16:75206214-75222748		ENSG00000140839.6	ENSG00000140839.6	16	74455649	462	-0.00982	0.00835	-1.1759	0.2402451058513886	0.2177822177822178	0.8296372806936126	down	0.2082
chr2:87987171-111255403		ENSG00000254098.1	ENSG00000254098.1	2	89496317	462	-0.17117	0.14557	-1.1759	0.2402664174224276	0.23776223776223776	0.8296372806936126	down	1.1681
chr16:75206214-75222748		ENSG00000103091.10	ENSG00000103091.10	16	75034071	462	0.02379	0.02029	1.1723	0.24168395621931502	0.25674325674325676	0.8296372806936126	up	4.7366
chr5:179643529-179651253		ENSG00000234284.2	ENSG00000234284.2	5	178450753	462	0.01587	0.01356	1.1708	0.24228680651458212	0.24875124875124874	0.8296372806936126	up	0.235
chr2:87987171-111255403		ENSG00000219041.3	ENSG00000219041.3	2	91678896	462	-0.09691	0.08281	-1.1703	0.2425048847275696	0.2517482517482518	0.8296372806936126	down	0.4721
chr17:45585159-46292045		ENSG00000172992.6	ENSG00000172992.6	17	43138473	462	0.02419	0.02068	1.1701	0.24259183813496588	0.23076923076923078	0.8296372806936126	up	4.129
chr11:71571819-71576724		ENSG00000228286.2	ENSG00000228286.2	11	71962332	462	0.0376	0.03226	1.1656	0.24440170279293374	0.24875124875124874	0.8335242646216309	up	0.1768
chr11:50154999-50324102		ENSG00000255042.1	ENSG00000255042.1	11	50254505	462	-0.02532	0.02187	-1.1577	0.24759980558340677	0.26673326673326675	0.83727574831827	down	2.8772
chr17:45585159-46292045		ENSG00000186834.2	ENSG00000186834.2	17	43224684	462	0.01512	0.01309	1.1558	0.24838006234805632	0.24275724275724275	0.83727574831827	up	2.9713
chr7:5989046-6735643		ENSG00000235944.3	ENSG00000235944.3	7	5862791	462	-0.0458	0.03966	-1.1546	0.24887689950007838	0.2677322677322677	0.83727574831827	down	0.8374
chr1:149843518-149850293		ENSG00000143369.10	ENSG00000143369.10	1	150480538	462	0.05704	0.04941	1.1545	0.2489285295852565	0.26573426573426573	0.83727574831827	up	0.3644
chr17:16823490-18384190		ENSG00000215030.4	ENSG00000215030.4	17	17287326	462	-0.03221	0.02794	-1.1527	0.249645579740724	0.25674325674325676	0.83727574831827	down	10.5361
chr13:52310302-52320954		ENSG00000236778.1	ENSG00000236778.1	13	52028283	462	0.34583	0.30028	1.1517	0.25005511353486554	0.23376623376623376	0.83727574831827	up	0.8362
chr11:71571819-71576724		ENSG00000214534.3	ENSG00000214534.3	11	71532594	462	-0.0976	0.08486	-1.1501	0.2507077906624657	0.2547452547452547	0.83727574831827	down	0.2749
chr16:16721273-18073542		ENSG00000205746.5	ENSG00000205746.5	16	18488396	462	-0.60391	0.5253	-1.1496	0.2509121992133103	0.24475524475524477	0.83727574831827	down	2.942
chr16:75206214-75222748		ENSG00000065457.5	ENSG00000065457.5	16	75657198	462	-0.06073	0.05294	-1.1473	0.2518746905548097	0.2677322677322677	0.8382281368463829	down	3.6219
chr7:65219157-65531823		ENSG00000198039.7	ENSG00000198039.7	7	64330550	462	-0.01442	0.01267	-1.1384	0.25555210016065893	0.24775224775224775	0.8455526465324404	down	2.1706
chr11:71571819-71576724		ENSG00000254805.1	ENSG00000254805.1	11	71401703	462	0.1111	0.09817	1.1317	0.2583742816660508	0.25874125874125875	0.8455526465324404	up	0.5099
chr8:7301024-12598379		ENSG00000079459.7	ENSG00000079459.7	8	11653082	462	-0.01674	0.01484	-1.1283	0.2598200649606944	0.2707292707292707	0.8455526465324404	down	7.695
chr11:18249084-18265819		ENSG00000255138.1	ENSG00000255138.1	11	18210547	462	-0.06273	0.0559	-1.1221	0.2624104629485466	0.22977022977022976	0.8455526465324404	down	1.9908
chr1:248128773-248428856		ENSG00000203661.2	ENSG00000203661.2	1	248651885	421	0.07192	0.0642	1.1203	0.26325403303603506	0.2707292707292707	0.8455526465324404	up	0.3168
chr16:28471892-28637651		ENSG00000255524.2	ENSG00000255524.2	16	28648975	462	0.01453	0.01298	1.1194	0.26355474914682425	0.25874125874125875	0.8455526465324404	up	0.6804
chr16:75206214-75222748		ENSG00000103089.4	ENSG00000103089.4	16	74808729	462	0.02125	0.01899	1.1192	0.2636777894496352	0.25274725274725274	0.8455526465324404	up	0.3377
chr2:87987171-111255403		ENSG00000135953.6	ENSG00000135953.6	2	103353347	462	-0.04917	0.04394	-1.1191	0.26368834690523146	0.24275724275724275	0.8455526465324404	down	2.2429
chr11:18249084-18265819		ENSG00000129173.6	ENSG00000129173.6	11	19263389	462	0.05946	0.05327	1.1161	0.2649843397411006	0.26173826173826176	0.8455526465324404	up	2.833
chr3:195749463-195980207		ENSG00000176945.11	ENSG00000176945.11	3	195343316	462	-0.06168	0.05527	-1.1159	0.26506098999410144	0.2807192807192807	0.8455526465324404	down	1.1783
chr1:25324280-25369060		ENSG00000204178.5	ENSG00000204178.5	1	25757388	462	0.0213	0.01911	1.1147	0.26558834488260286	0.25774225774225773	0.8455526465324404	up	3.4782
chr17:3082008-3221835		ENSG00000263165.1	ENSG00000263165.1	17	4067204	462	-0.55551	0.49864	-1.1141	0.2658534393100747	0.17182817182817184	0.8455526465324404	down	2.3584
chr5:124425560-124546657		ENSG00000151292.13	ENSG00000151292.13	5	122847793	462	0.14516	0.1305	1.1123	0.2665892260356721	0.25874125874125875	0.8455526465324404	up	3.4183
chr7:97445822-97459601		ENSG00000183444.9	ENSG00000183444.9	7	97596335	462	-0.02637	0.02377	-1.1097	0.26770922217137894	0.26673326673326675	0.8455526465324404	down	3.1452
chr7:5989046-6735643		ENSG00000146574.10	ENSG00000146574.10	7	6866401	462	0.03199	0.02884	1.1095	0.2678134234919208	0.25574425574425574	0.8455526465324404	up	5.5759
chr16:28471892-28637651		ENSG00000260442.1	ENSG00000260442.1	16	28891241	462	-0.0222	0.02001	-1.1094	0.26785357389142406	0.25274725274725274	0.8455526465324404	down	1.3421
chr14:60606118-60611659		ENSG00000258656.1	ENSG00000258656.1	14	61439184	462	0.05425	0.04896	1.1082	0.26838856876463774	0.27172827172827174	0.8455526465324404	up	4.2247
chr17:16823490-18384190		ENSG00000171953.9	ENSG00000171953.9	17	17942523	462	0.03385	0.0306	1.106	0.2693436190637093	0.2547452547452547	0.8455526465324404	up	3.7052
chr1:25324280-25369060		ENSG00000142675.11	ENSG00000142675.11	1	26503894	462	-0.0418	0.03796	-1.101	0.27148049306057703	0.2967032967032967	0.8455526465324404	down	1.0376
chr5:112179911-112236600		ENSG00000164211.8	ENSG00000164211.8	5	110848288	462	-0.14343	0.13047	-1.0993	0.27221283836749643	0.25674325674325676	0.8455526465324404	down	5.4929
chr13:52310302-52320954		ENSG00000139675.10	ENSG00000139675.10	13	53191605	462	-0.13008	0.11848	-1.0978	0.2728659311209082	0.22477522477522477	0.8455526465324404	down	9.386
chr21:43821742-43835116		ENSG00000160199.8	ENSG00000160199.8	21	44394620	462	0.37148	0.33843	1.0977	0.27294349750957086	0.2807192807192807	0.8455526465324404	up	3.596
chr8:7301024-12598379		ENSG00000254543.1	ENSG00000254543.1	8	7750077	462	0.01332	0.01214	1.0972	0.2731339827890747	0.26573426573426573	0.8455526465324404	up	1.3662
chr1:248128773-248428856		ENSG00000182783.3	ENSG00000182783.3	1	248722797	421	0.07041	0.06424	1.096	0.2737520619219333	0.24775224775224775	0.8455526465324404	up	0.3161
chr2:87987171-111255403		ENSG00000228551.1	ENSG00000228551.1	2	109867878	462	0.04075	0.03725	1.0939	0.27459549900589364	0.25574425574425574	0.8455526465324404	up	0.3606
chr2:87987171-111255403		ENSG00000204685.5	ENSG00000204685.5	2	96874154	462	0.03392	0.03105	1.0922	0.27533129249425775	0.2597402597402597	0.8455526465324404	up	2.4292
chr2:87987171-111255403		ENSG00000244116.1	ENSG00000244116.1	2	89521942	462	-0.40362	0.37057	-1.0892	0.2766676472238722	0.2627372627372627	0.8455526465324404	down	4.81
chr17:16823490-18384190		ENSG00000133030.12	ENSG00000133030.12	17	16946074	462	0.03722	0.03419	1.0889	0.27679805316661016	0.27172827172827174	0.8455526465324404	up	4.7765
chr1:248128773-248428856		ENSG00000171163.10	ENSG00000171163.10	1	249153343	421	-0.10829	0.09949	-1.0884	0.27706913494035035	0.27972027972027974	0.8455526465324404	down	4.1642
chr2:87987171-111255403		ENSG00000242766.1	ENSG00000242766.1	2	90121477	462	-0.22295	0.20502	-1.0874	0.2774317001028675	0.2787212787212787	0.8455526465324404	down	2.3467
chr9:87942696-88110274		ENSG00000217716.3	ENSG00000217716.3	9	90631215	462	0.0434	0.03997	1.0858	0.2781675780968173	0.25874125874125875	0.8455526465324404	up	8.4921
chr1:149843518-149850293		ENSG00000178096.7	ENSG00000178096.7	1	149858486	462	-0.09738	0.08999	-1.0821	0.27977561432420267	0.28471528471528473	0.8455526465324404	down	3.3253
chr12:75713180-75731794		ENSG00000257453.1	ENSG00000257453.1	12	76424274	462	0.08929	0.08252	1.082	0.2798404785848283	0.26573426573426573	0.8455526465324404	up	0.8868
chr7:5989046-6735643		ENSG00000146576.8	ENSG00000146576.8	7	6629648	462	-0.04848	0.04481	-1.0818	0.27992935366073357	0.2677322677322677	0.8455526465324404	down	3.5092
chr7:54234014-54308393		ENSG00000213673.3	ENSG00000213673.3	7	54487137	462	-0.01377	0.01273	-1.0813	0.28014873683420105	0.2957042957042957	0.8455526465324404	down	2.2706
chr16:75206214-75222748		ENSG00000050820.12	ENSG00000050820.12	16	75301951	462	-0.03858	0.03569	-1.0809	0.28031856520131876	0.26173826173826176	0.8455526465324404	down	2.8192
chr16:28471892-28637651		ENSG00000197165.6	ENSG00000197165.6	16	28608430	462	0.01413	0.01308	1.0805	0.28048264378096155	0.3026973026973027	0.8455526465324404	up	0.7382
chr2:87987171-111255403		ENSG00000230395.1	ENSG00000230395.1	2	87348103	462	0.03629	0.03358	1.0805	0.28048946654361606	0.27472527472527475	0.8455526465324404	up	3.038
chr2:87987171-111255403		ENSG00000223703.1	ENSG00000223703.1	2	91924752	462	0.04149	0.03842	1.0799	0.2807849851272663	0.2707292707292707	0.8455526465324404	up	0.613
chr1:149843518-149850293		ENSG00000203819.5	ENSG00000203819.5	1	149822340	462	0.10358	0.09604	1.0785	0.2813955495729931	0.2807192807192807	0.8455526465324404	up	1.5302
chr3:195749463-195980207		ENSG00000215837.6	ENSG00000215837.6	3	195384933	462	-0.04236	0.03947	-1.073	0.2838649787317821	0.2807192807192807	0.8509076117916374	down	3.6248
chr15:30618103-32153204		ENSG00000261279.1	ENSG00000261279.1	15	32727193	462	0.03848	0.03626	1.0612	0.2891769559256433	0.2677322677322677	0.8634257907061655	up	0.239
chr17:16823490-18384190		ENSG00000170315.6	ENSG00000170315.6	17	16284113	462	-0.01959	0.01847	-1.0606	0.28943594761151753	0.3006993006993007	0.8634257907061655	down	10.2677
chr3:195749463-195980207		ENSG00000163961.4	ENSG00000163961.4	3	196230639	462	0.02113	0.02001	1.0555	0.29177553269387463	0.3066933066933067	0.8676573849922403	up	3.8763
chr16:14954790-15100859		ENSG00000103222.13	ENSG00000103222.13	16	16043434	462	-0.04855	0.04604	-1.0544	0.29225616279625544	0.27672327672327673	0.8676573849922403	down	4.4017
chr2:87987171-111255403		ENSG00000114988.7	ENSG00000114988.7	2	97405801	462	0.02789	0.02649	1.0529	0.29296794322197006	0.3086913086913087	0.8676897457148299	up	2.8273
chr17:3082008-3221835		ENSG00000127774.5	ENSG00000127774.5	17	3572090	462	0.19598	0.18746	1.0454	0.29639250896994607	0.23076923076923078	0.8717383366181038	up	4.5577
chr7:65219157-65531823		ENSG00000179406.6	ENSG00000179406.6	7	65866325	462	-0.02569	0.0246	-1.0443	0.2969066821857702	0.2937062937062937	0.8717383366181038	down	1.1781
chr16:14954790-15100859		ENSG00000166783.13	ENSG00000166783.13	16	15737023	462	0.02719	0.02606	1.0433	0.29739736338391937	0.29270729270729273	0.8717383366181038	up	3.5106
chr1:149843518-149850293		ENSG00000220323.2	ENSG00000220323.2	1	149814606	462	0.1002	0.09609	1.0428	0.2976192111875738	0.2817182817182817	0.8717383366181038	up	1.5344
chr9:87942696-88110274		ENSG00000196730.8	ENSG00000196730.8	9	90112143	462	0.18887	0.18121	1.0423	0.297855667519756	0.3086913086913087	0.8717383366181038	up	4.2243
chr1:149843518-149850293		ENSG00000163131.5	ENSG00000163131.5	1	150738433	462	-0.09739	0.09419	-1.0339	0.3017295737751031	0.2867132867132867	0.8768184200618605	down	6.1691
chr16:14954790-15100859		ENSG00000072864.8	ENSG00000072864.8	16	15737124	462	-0.04252	0.04114	-1.0337	0.3018368587804359	0.3206793206793207	0.8768184200618605	down	5.7674
chr11:18249084-18265819		ENSG00000212789.3	ENSG00000212789.3	11	18283529	462	0.05463	0.05287	1.0333	0.30202619600008557	0.31868131868131866	0.8768184200618605	up	7.016
chr2:87987171-111255403		ENSG00000144161.7	ENSG00000144161.7	2	113012713	462	-0.03993	0.03868	-1.0324	0.30242444698417964	0.29270729270729273	0.8768184200618605	down	2.7146
chr5:177946129-178003952		ENSG00000170089.8	ENSG00000170089.8	5	177236408	462	-0.14296	0.1387	-1.0307	0.30324015732100457	0.2897102897102897	0.8771292401014104	down	5.9424
chr17:16823490-18384190		ENSG00000240445.2	ENSG00000240445.2	17	18576213	462	0.04559	0.04455	1.0232	0.3067500002927347	0.2807192807192807	0.878423243007502	up	0.6266
chr2:87987171-111255403		ENSG00000215703.3	ENSG00000215703.3	2	95558501	462	0.04275	0.04178	1.0231	0.306812844688124	0.33466533466533466	0.878423243007502	up	0.734
chr5:112179911-112236600		ENSG00000212643.1	ENSG00000212643.1	5	112227313	462	-0.21161	0.20712	-1.0217	0.3074878557294056	0.2777222777222777	0.878423243007502	down	0.4702
chr17:16823490-18384190		ENSG00000225436.1	ENSG00000225436.1	17	16229799	462	-0.03435	0.03367	-1.0201	0.3082175302958443	0.3036963036963037	0.878423243007502	down	1.0678
chr17:16823490-18384190		ENSG00000202364.1	ENSG00000202364.1	17	19091329	462	-0.11722	0.11505	-1.0189	0.3088136076606626	0.3146853146853147	0.878423243007502	down	2.9086
chr16:28471892-28637651		ENSG00000196796.4	ENSG00000196796.4	16	29049923	462	0.01592	0.01562	1.0187	0.30891338270646557	0.2857142857142857	0.878423243007502	up	0.6808
chr17:16823490-18384190		ENSG00000166582.4	ENSG00000166582.4	17	16256813	462	-0.03985	0.03914	-1.0181	0.30919420412911797	0.3206793206793207	0.878423243007502	down	4.4525
chr2:87987171-111255403		ENSG00000168758.6	ENSG00000168758.6	2	97536494	462	0.05613	0.05516	1.0177	0.3093639208007034	0.29270729270729273	0.878423243007502	up	3.099
chr2:91832040-92012663		ENSG00000223703.1	ENSG00000223703.1	2	91924752	462	0.05426	0.05349	1.0144	0.3109585278951353	0.2937062937062937	0.8809305664397654	up	0.613
chr7:65219157-65531823		ENSG00000241258.2	ENSG00000241258.2	7	65579591	462	-0.02404	0.02381	-1.0097	0.31317254488973967	0.32867132867132864	0.8809693091695058	down	3.6328
chr16:28471892-28637651		ENSG00000250982.2	ENSG00000250982.2	16	28251989	462	-0.02041	0.02022	-1.0094	0.31330799078125926	0.2807192807192807	0.8809693091695058	down	2.4604
chr1:149843518-149850293		ENSG00000136631.7	ENSG00000136631.7	1	150039369	462	-0.07781	0.07717	-1.0083	0.3138410390349053	0.3036963036963037	0.8809693091695058	down	3.7315
chr1:149843518-149850293		ENSG00000163125.11	ENSG00000163125.11	1	150335567	462	0.18844	0.18708	1.0073	0.3143560654766225	0.32867132867132864	0.8809693091695058	up	3.4689
chr16:14954790-15100859		ENSG00000186260.11	ENSG00000186260.11	16	14165178	462	0.04252	0.04227	1.0059	0.31503268455565525	0.3026973026973027	0.8809693091695058	up	2.5366
chr15:30618103-32153204		ENSG00000104067.11	ENSG00000104067.11	15	30261068	462	0.04989	0.04962	1.0054	0.3152418448805259	0.27972027972027974	0.8809693091695058	up	0.2421
chr17:45585159-46292045		ENSG00000239399.1	ENSG00000239399.1	17	45119195	462	-0.01471	0.01468	-1.0023	0.3167458451022079	0.3016983016983017	0.881016950854307	down	0.1801
chr21:43821742-43835116		ENSG00000241945.2	ENSG00000241945.2	21	45527176	462	-0.0904	0.09029	-1.0012	0.3172834055927126	0.3146853146853147	0.881016950854307	down	4.0055
chr16:16721273-18073542		ENSG00000244257.3	ENSG00000244257.3	16	16404198	462	0.47963	0.48015	0.9989	0.31837711195979823	0.3166833166833167	0.881016950854307	up	3.0302
chr1:149843518-149850293		ENSG00000184678.8	ENSG00000184678.8	1	149858232	462	-0.11493	0.11517	-0.998	0.31883533618312965	0.3166833166833167	0.881016950854307	down	1.4315
chr17:16823490-18384190		ENSG00000235672.1	ENSG00000235672.1	17	18811592	462	-0.02868	0.02875	-0.9975	0.31905909610022126	0.3176823176823177	0.881016950854307	down	0.6215
chr13:48199250-48206639		ENSG00000136146.8	ENSG00000136146.8	13	48669267	462	0.24982	0.2509	0.9957	0.31992803986558466	0.1938061938061938	0.881016950854307	up	4.9386
chr2:87987171-111255403		ENSG00000211630.2	ENSG00000211630.2	2	90192768	462	0.29144	0.29301	0.9947	0.3204429622940724	0.32967032967032966	0.881016950854307	up	2.4598
chr13:48199250-48206639		ENSG00000136161.7	ENSG00000136161.7	13	49109872	462	0.48312	0.48808	0.9898	0.32279530754221525	0.2827172827172827	0.881016950854307	up	4.1423
chr16:16721273-18073542		ENSG00000260675.1	ENSG00000260675.1	16	17188784	462	0.05753	0.05838	0.9855	0.3249379720559767	0.34265734265734266	0.881016950854307	up	0.2114
chr21:13987773-14056796		ENSG00000168122.4	ENSG00000168122.4	21	14486111	462	0.00916	0.0093	0.9845	0.3254157742406378	0.32167832167832167	0.881016950854307	up	0.1691
chr9:85797070-85801040		ENSG00000135052.11	ENSG00000135052.11	9	88715088	462	-0.24744	0.25181	-0.9826	0.3263174535729795	0.33966033966033965	0.881016950854307	down	3.32
chr21:43821742-43835116		ENSG00000237989.1	ENSG00000237989.1	21	44782229	462	0.11614	0.11824	0.9822	0.32652771443407647	0.34265734265734266	0.881016950854307	up	0.9756
chr17:16823490-18384190		ENSG00000176994.7	ENSG00000176994.7	17	18218716	462	-0.02267	0.02314	-0.9798	0.3277135677319341	0.3226773226773227	0.881016950854307	down	2.3365
chr14:60606118-60611659		ENSG00000100614.13	ENSG00000100614.13	14	60712470	462	-0.03082	0.03146	-0.9797	0.32775669251119854	0.32667332667332666	0.881016950854307	down	5.0175
chr11:71571819-71576724		ENSG00000162129.7	ENSG00000162129.7	11	72145692	462	-0.11681	0.11925	-0.9795	0.3278417246682068	0.3386613386613387	0.881016950854307	down	3.522
chr16:16721273-18073542		ENSG00000133392.10	ENSG00000133392.10	16	15950890	462	-0.07902	0.08075	-0.9785	0.32836434399896536	0.29270729270729273	0.881016950854307	down	0.9354
chr7:5989046-6735643		ENSG00000228974.4	ENSG00000228974.4	7	5600374	462	-0.02822	0.02885	-0.9783	0.3284420241183985	0.3256743256743257	0.881016950854307	down	0.2125
chr5:177946129-178003952		ENSG00000169223.9	ENSG00000169223.9	5	176778853	462	0.08015	0.08208	0.9764	0.32938225146053185	0.2967032967032967	0.881016950854307	up	6.2773
chr1:149843518-149850293		ENSG00000143401.10	ENSG00000143401.10	1	150208504	462	0.05702	0.05841	0.9762	0.3294937901204597	0.34265734265734266	0.881016950854307	up	6.038
chr6:141866310-141898728		ENSG00000216548.1	ENSG00000216548.1	6	141244048	462	-0.05262	0.05398	-0.9748	0.33016917540934815	0.32867132867132864	0.881016950854307	down	0.4081
chr7:97445822-97459601		ENSG00000127922.5	ENSG00000127922.5	7	96339203	462	-0.01923	0.01974	-0.9741	0.33052884329247995	0.3336663336663337	0.881016950854307	down	7.0569
chr2:87987171-111255403		ENSG00000163121.5	ENSG00000163121.5	2	97173846	462	0.07509	0.07739	0.9703	0.3324178011182517	0.35264735264735264	0.881016950854307	up	2.7384
chr21:43821742-43835116		ENSG00000234289.3	ENSG00000234289.3	21	44985120	462	0.3026	0.31227	0.969	0.33305846893599034	0.2837162837162837	0.881016950854307	up	5.8748
chr2:87987171-111255403		ENSG00000071082.5	ENSG00000071082.5	2	101618177	462	0.04017	0.04146	0.9689	0.33312845515836503	0.34665334665334663	0.881016950854307	up	9.1241
chr7:97445822-97459601		ENSG00000006453.9	ENSG00000006453.9	7	98030380	462	-0.24011	0.24841	-0.9666	0.33427407364839584	0.32367632367632365	0.881016950854307	down	3.9356
chr11:18249084-18265819		ENSG00000173432.6	ENSG00000173432.6	11	18287721	462	0.04142	0.04286	0.9665	0.33431666334497595	0.33266733266733267	0.881016950854307	up	0.2218
chr11:71571819-71576724		ENSG00000187811.3	ENSG00000187811.3	11	71318487	462	0.02824	0.02924	0.9658	0.33465174655379953	0.3246753246753247	0.881016950854307	up	0.3549
chr3:195749463-195980207		ENSG00000119231.6	ENSG00000119231.6	3	196594727	462	-0.02075	0.02152	-0.9646	0.33527834493716185	0.34165834165834164	0.881016950854307	down	3.7686
chr17:45585159-46292045		ENSG00000186185.7	ENSG00000186185.7	17	43025082	462	0.01581	0.01641	0.9633	0.3358966080801558	0.35064935064935066	0.881016950854307	up	2.6852
chr16:75206214-75222748		ENSG00000205084.4	ENSG00000205084.4	16	75590176	462	0.04653	0.04864	0.9565	0.3393216862280155	0.32867132867132864	0.8845750871317287	up	2.0227
chr2:87987171-111255403		ENSG00000115539.9	ENSG00000115539.9	2	101179152	462	0.02186	0.02295	0.9526	0.34132042371220295	0.3386613386613387	0.8845750871317287	up	3.261
chr1:25324280-25369060		ENSG00000157978.6	ENSG00000157978.6	1	25870071	462	-0.03424	0.03596	-0.9521	0.34157090322051314	0.34065934065934067	0.8845750871317287	down	2.7988
chr1:248128773-248428856		ENSG00000171161.7	ENSG00000171161.7	1	249132409	421	0.08415	0.08839	0.952	0.34165574771379503	0.3256743256743257	0.8845750871317287	up	4.4047
chr16:28471892-28637651		ENSG00000168488.13	ENSG00000168488.13	16	28834356	462	0.01814	0.01911	0.9495	0.34289124174520424	0.35764235764235763	0.8845750871317287	up	5.8947
chr2:87987171-111255403		ENSG00000144214.5	ENSG00000144214.5	2	99921205	462	-0.05804	0.06122	-0.9481	0.34359390666539674	0.34665334665334663	0.8845750871317287	down	0.9756
chr7:65219157-65531823		ENSG00000224172.1	ENSG00000224172.1	7	64197121	462	-0.01232	0.013	-0.9478	0.3437371853843079	0.35064935064935066	0.8845750871317287	down	1.0689
chr11:18249084-18265819		ENSG00000134339.4	ENSG00000134339.4	11	18270190	462	0.0802	0.0847	0.9469	0.3442158528351228	0.34565434565434566	0.8845750871317287	up	0.4945
chr21:13987773-14056796		ENSG00000232797.1	ENSG00000232797.1	21	15164956	462	-0.01934	0.02048	-0.9441	0.3456352459692083	0.36063936063936064	0.8845750871317287	down	0.6528
chr6:167209001-167357782		ENSG00000130396.15	ENSG00000130396.15	6	168227602	462	-0.14327	0.15178	-0.9439	0.3457283698551585	0.34465534465534464	0.8845750871317287	down	4.2068
chr2:87987171-111255403		ENSG00000135968.13	ENSG00000135968.13	2	109065017	462	-0.0489	0.05184	-0.9433	0.3460306494536278	0.34965034965034963	0.8845750871317287	down	3.6259
chr3:195749463-195980207		ENSG00000225770.1	ENSG00000225770.1	3	196263403	462	-0.01817	0.01927	-0.943	0.346186017829218	0.3256743256743257	0.8845750871317287	down	7.1139
chr16:28471892-28637651		ENSG00000254634.2	ENSG00000254634.2	16	29552957	462	-0.07467	0.07924	-0.9423	0.3465419363965173	0.34565434565434566	0.8845750871317287	down	3.9937
chr17:3082008-3221835		ENSG00000141258.7	ENSG00000141258.7	17	2240792	462	0.36145	0.38467	0.9397	0.3479025676813288	0.36863136863136864	0.8859890731614385	up	3.2377
chr21:43821742-43835116		ENSG00000141959.11	ENSG00000141959.11	21	45719934	462	-0.06432	0.06875	-0.9356	0.35000715129129145	0.34565434565434566	0.8859890731614385	down	5.9294
chr2:87987171-111255403		ENSG00000204637.3	ENSG00000204637.3	2	101125739	462	-0.05232	0.05599	-0.9345	0.35055311979313364	0.33666333666333664	0.8859890731614385	down	2.0545
chr21:43821742-43835116		ENSG00000160223.12	ENSG00000160223.12	21	45660849	462	0.07056	0.07561	0.9333	0.35115784324880617	0.34065934065934067	0.8859890731614385	up	3.7796
chr3:195749463-195980207		ENSG00000185798.6	ENSG00000185798.6	3	196295545	462	0.02066	0.02216	0.9321	0.3518046797258185	0.3756243756243756	0.8859890731614385	up	2.8257
chr17:16823490-18384190		ENSG00000259850.1	ENSG00000259850.1	17	17091982	462	-0.02339	0.02516	-0.9298	0.35298025705007036	0.3676323676323676	0.8859890731614385	down	2.4367
chr2:87987171-111255403		ENSG00000169756.12	ENSG00000169756.12	2	109150857	462	0.08499	0.09145	0.9293	0.35323940571730567	0.3826173826173826	0.8859890731614385	up	4.4855
chr9:87942696-88110274		ENSG00000231007.4	ENSG00000231007.4	9	89626567	462	-0.05372	0.05784	-0.9288	0.35347899499439794	0.3696303696303696	0.8859890731614385	down	4.3369
chr2:87987171-111255403		ENSG00000115616.2	ENSG00000115616.2	2	103236166	462	-0.03349	0.03607	-0.9287	0.3535368353325934	0.3706293706293706	0.8859890731614385	down	0.2435
chr7:5989046-6735643		ENSG00000157999.5	ENSG00000157999.5	7	6071007	462	-0.01442	0.01559	-0.9253	0.3552932826907037	0.32667332667332666	0.8885920888304872	down	0.2278
chr2:87987171-111255403		ENSG00000172071.6	ENSG00000172071.6	2	88927094	462	0.03883	0.0422	0.92	0.35808790529532036	0.34765234765234765	0.8911167169973184	up	4.5179
chr7:65219157-65531823		ENSG00000182722.5	ENSG00000182722.5	7	64313732	462	-0.01325	0.01441	-0.9196	0.35829203611900085	0.3596403596403596	0.8911167169973184	down	1.3662
chr7:65219157-65531823		ENSG00000223476.1	ENSG00000223476.1	7	64393651	462	0.01033	0.01126	0.9169	0.35971308498005367	0.38461538461538464	0.8911167169973184	up	0.2156
chr21:13987773-14056796		ENSG00000226751.1	ENSG00000226751.1	21	16134031	462	-0.02598	0.02834	-0.9166	0.359867410598496	0.35364635364635366	0.8911167169973184	down	0.6552
chr2:87987171-111255403		ENSG00000158411.6	ENSG00000158411.6	2	99797521	462	-0.03351	0.03658	-0.9161	0.36008804331547895	0.34565434565434566	0.8911167169973184	down	4.9075
chr12:46896694-46915975		ENSG00000079337.10	ENSG00000079337.10	12	48164823	462	0.02371	0.02591	0.9151	0.3606215470239552	0.35764235764235763	0.8911167169973184	up	0.4935
chr1:25324280-25369060		ENSG00000001461.11	ENSG00000001461.11	1	24742284	462	0.03611	0.0396	0.9119	0.36229656204415717	0.3646353646353646	0.8917841731058095	up	3.0816
chr1:149843518-149850293		ENSG00000143387.8	ENSG00000143387.8	1	150780799	462	0.08599	0.09437	0.9112	0.36266848569843146	0.38161838161838163	0.8917841731058095	up	0.9093
chr8:7301024-12598379		ENSG00000171711.2	ENSG00000171711.2	8	7752151	462	-0.02442	0.02685	-0.9097	0.3634668947818067	0.34765234765234765	0.8917841731058095	down	0.4707
chr3:75454477-75455715		ENSG00000227124.4	ENSG00000227124.4	3	75834734	462	0.0252	0.02777	0.9075	0.3646089633792385	0.3866133866133866	0.8917841731058095	up	2.3348
chr17:16823490-18384190		ENSG00000197665.4	ENSG00000197665.4	17	19062424	462	0.06174	0.06818	0.9056	0.3656533134668632	0.38461538461538464	0.8917841731058095	up	1.6208
chr5:177946129-178003952		ENSG00000246596.2	ENSG00000246596.2	5	177099210	462	0.07011	0.0775	0.9047	0.3661402504131031	0.38161838161838163	0.8917841731058095	up	1.7908
chr5:179643529-179651253		ENSG00000225051.3	ENSG00000225051.3	5	179106033	462	0.01923	0.02129	0.9035	0.36677543154831604	0.36863136863136864	0.8917841731058095	up	0.9267
chr6:167209001-167357782		ENSG00000235008.1	ENSG00000235008.1	6	167116327	462	0.10078	0.11165	0.9026	0.36722698195793735	0.3626373626373626	0.8917841731058095	up	1.4445
chr1:149843518-149850293		ENSG00000203815.2	ENSG00000203815.2	1	149675978	462	-0.08004	0.08903	-0.8991	0.369085640336744	0.36563436563436563	0.8917841731058095	down	1.0087
chr17:3082008-3221835		ENSG00000262758.1	ENSG00000262758.1	17	3712148	462	0.11576	0.12887	0.8983	0.36949502294133685	0.36663336663336665	0.8917841731058095	up	1.9443
chr9:87942696-88110274		ENSG00000219928.2	ENSG00000219928.2	9	90140217	462	0.13239	0.14764	0.8967	0.3703527389219229	0.36363636363636365	0.8917841731058095	up	4.8315
chr5:179643529-179651253		ENSG00000161055.3	ENSG00000161055.3	5	180018540	462	0.01306	0.01457	0.8965	0.37045806029712725	0.3676323676323676	0.8917841731058095	up	0.1829
chr17:3082008-3221835		ENSG00000239884.1	ENSG00000239884.1	17	2584250	462	0.25756	0.28779	0.895	0.3712849818882744	0.35064935064935066	0.8917841731058095	up	0.5203
chr16:16721273-18073542		ENSG00000103226.13	ENSG00000103226.13	16	16326352	462	-0.1484	0.16605	-0.8937	0.371955499413215	0.37362637362637363	0.8917841731058095	down	5.6226
chr17:3082008-3221835		ENSG00000004660.10	ENSG00000004660.10	17	3798185	462	0.17687	0.19802	0.8932	0.37224812381283773	0.36063936063936064	0.8917841731058095	up	0.9163
chr2:87987171-111255403		ENSG00000172086.7	ENSG00000172086.7	2	88355248	462	0.02579	0.02896	0.8906	0.37361051623507335	0.3916083916083916	0.8917841731058095	up	3.9708
chr2:91832040-92012663		ENSG00000261600.1	ENSG00000261600.1	2	91768393	462	0.04965	0.05598	0.8868	0.37564544925445864	0.37962037962037964	0.8917841731058095	up	0.8558
chr7:65219157-65531823		ENSG00000169919.11	ENSG00000169919.11	7	65447301	462	-0.02945	0.03322	-0.8867	0.37571531845187905	0.37662337662337664	0.8917841731058095	down	5.6394
chr9:85797070-85801040		ENSG00000234424.1	ENSG00000234424.1	9	88368221	462	0.04986	0.05628	0.8859	0.3761546358732707	0.4025974025974026	0.8917841731058095	up	0.3954
chr21:43821742-43835116		ENSG00000213440.2	ENSG00000213440.2	21	45466922	462	0.05427	0.0614	0.8839	0.37724014562323	0.3926073926073926	0.8917841731058095	up	0.3675
chr17:16823490-18384190		ENSG00000262074.1	ENSG00000262074.1	17	18967449	462	-0.06189	0.07006	-0.8834	0.3774714595065672	0.36363636363636365	0.8917841731058095	down	1.8702
chr17:3082008-3221835		ENSG00000132361.9	ENSG00000132361.9	17	2615957	462	0.24956	0.28393	0.879	0.37989184467145864	0.33166833166833165	0.8917841731058095	up	4.3957
chr5:177946129-178003952		ENSG00000145916.14	ENSG00000145916.14	5	177557997	462	-0.05593	0.06368	-0.8783	0.38028171803889593	0.38961038961038963	0.8917841731058095	down	4.2131
chr16:75206214-75222748		ENSG00000034713.3	ENSG00000034713.3	16	75600249	462	-0.01077	0.01228	-0.8772	0.3808274698166611	0.4065934065934066	0.8917841731058095	down	6.146
chr17:16823490-18384190		ENSG00000263124.1	ENSG00000263124.1	17	18998230	462	0.04929	0.05664	0.8703	0.38463204702366066	0.4005994005994006	0.8917841731058095	up	1.0293
chr13:52310302-52320954		ENSG00000165416.9	ENSG00000165416.9	13	53226844	462	0.091	0.10476	0.8686	0.38553028591743876	0.35564435564435565	0.8917841731058095	up	4.708
chr2:87987171-111255403		ENSG00000233158.1	ENSG00000233158.1	2	95578177	462	-0.03702	0.04264	-0.868	0.38585088564808573	0.37462537462537465	0.8917841731058095	down	0.6258
chr7:5989046-6735643		ENSG00000106392.5	ENSG00000106392.5	7	7196565	462	-0.03709	0.04277	-0.8673	0.3862276405317081	0.37662337662337664	0.8917841731058095	down	3.7584
chr21:43821742-43835116		ENSG00000236519.1	ENSG00000236519.1	21	46222492	462	-0.02785	0.03213	-0.8669	0.3864434104857499	0.38161838161838163	0.8917841731058095	down	0.2593
chr2:87987171-111255403		ENSG00000242534.2	ENSG00000242534.2	2	89998789	462	-0.32741	0.37777	-0.8667	0.3865782461350103	0.3926073926073926	0.8917841731058095	down	4.8855
chr17:16823490-18384190		ENSG00000239203.1	ENSG00000239203.1	17	16330788	462	-0.01845	0.0213	-0.866	0.3869315551886023	0.36363636363636365	0.8917841731058095	down	0.3465
chr17:16823490-18384190		ENSG00000230969.2	ENSG00000230969.2	17	16891643	462	-0.01981	0.02288	-0.866	0.38694880607663434	0.38461538461538464	0.8917841731058095	down	0.2063
chr2:87987171-111255403		ENSG00000238029.1	ENSG00000238029.1	2	101041810	462	-0.02202	0.02545	-0.8649	0.38754433403237815	0.3626373626373626	0.8917841731058095	down	0.6342
chr5:112179911-112236600		ENSG00000129595.7	ENSG00000129595.7	5	111755013	462	0.12518	0.14489	0.8639	0.38808182966161014	0.3966033966033966	0.8917841731058095	up	0.9281
chr1:149843518-149850293		ENSG00000117362.8	ENSG00000117362.8	1	150241980	462	0.03454	0.03999	0.8637	0.3882096078740403	0.3696303696303696	0.8917841731058095	up	5.9267
chr2:87987171-111255403		ENSG00000232531.2	ENSG00000232531.2	2	91937021	462	-0.02067	0.02399	-0.8615	0.38941219667502375	0.41858141858141856	0.8917841731058095	down	3.6913
chr8:7301024-12598379		ENSG00000255046.1	ENSG00000255046.1	8	11660077	462	-0.01159	0.01354	-0.8558	0.3925847886721006	0.3956043956043956	0.8917841731058095	down	0.387
chr13:52310302-52320954		ENSG00000253710.1	ENSG00000253710.1	13	52586534	462	-0.1379	0.16131	-0.8549	0.3930736632358896	0.3676323676323676	0.8917841731058095	down	2.4165
chr3:195749463-195980207		ENSG00000163959.5	ENSG00000163959.5	3	195938358	462	-0.01514	0.01773	-0.8537	0.39370500379526063	0.37962037962037964	0.8917841731058095	down	1.096
chr1:248128773-248428856		ENSG00000162711.12	ENSG00000162711.12	1	247579458	421	-0.06016	0.0705	-0.8534	0.39396124839730656	0.3066933066933067	0.8917841731058095	down	0.167
chr14:60606118-60611659		ENSG00000258445.1	ENSG00000258445.1	14	61246697	462	-0.06273	0.07362	-0.852	0.3946554852727648	0.4045954045954046	0.8917841731058095	down	1.8771
chr17:3082008-3221835		ENSG00000108405.3	ENSG00000108405.3	17	3819794	462	0.40145	0.4732	0.8484	0.3966857190414057	0.3386613386613387	0.8917841731058095	up	1.7047
chr13:48199250-48206639		ENSG00000260388.1	ENSG00000260388.1	13	48506757	462	0.05372	0.06342	0.847	0.3974371135491645	0.4035964035964036	0.8917841731058095	up	0.1568
chr12:46896694-46915975		ENSG00000257433.1	ENSG00000257433.1	12	48099868	462	0.03538	0.04177	0.847	0.3974436926303001	0.4075924075924076	0.8917841731058095	up	0.5509
chr2:87987171-111255403		ENSG00000211599.2	ENSG00000211599.2	2	89196748	462	-0.19469	0.23008	-0.8462	0.3979103910883706	0.4095904095904096	0.8917841731058095	down	1.889
chr7:65219157-65531823		ENSG00000197008.5	ENSG00000197008.5	7	64254766	462	-0.01569	0.01856	-0.8456	0.3982308277778638	0.3756243756243756	0.8917841731058095	down	2.7197
chr15:30618103-32153204		ENSG00000259448.1	ENSG00000259448.1	15	31508223	462	0.04368	0.05179	0.8435	0.39942976024822596	0.3946053946053946	0.8917841731058095	up	0.8355
chr20:47841016-47888238		ENSG00000124151.11	ENSG00000124151.11	20	46130601	462	-0.03674	0.04357	-0.8433	0.3995053165679638	0.4165834165834166	0.8917841731058095	down	4.9571
chr8:7301024-12598379		ENSG00000173281.4	ENSG00000173281.4	8	9009084	462	-0.01541	0.01828	-0.8428	0.39981663708167337	0.4145854145854146	0.8917841731058095	down	1.7253
chr16:28471892-28637651		ENSG00000198156.6	ENSG00000198156.6	16	28374829	462	0.01289	0.01533	0.8406	0.4010108152324469	0.42357642357642356	0.8917841731058095	up	0.8495
chr2:87987171-111255403		ENSG00000244575.1	ENSG00000244575.1	2	89513413	462	-0.3295	0.3921	-0.8404	0.401162434217251	0.3966033966033966	0.8917841731058095	down	3.7566
chr5:177946129-178003952		ENSG00000131188.6	ENSG00000131188.6	5	176873446	462	0.11076	0.13204	0.8388	0.40203406741989306	0.3886113886113886	0.8917841731058095	up	2.5596
chr14:60606118-60611659		ENSG00000139974.11	ENSG00000139974.11	14	61447832	462	-0.04806	0.0574	-0.8373	0.4028899770253626	0.3996003996003996	0.8917841731058095	down	1.0016
chr13:52310302-52320954		ENSG00000253309.2	ENSG00000253309.2	13	51909909	462	-0.06875	0.08216	-0.8368	0.40316635117663435	0.35864135864135865	0.8917841731058095	down	0.891
chr16:16721273-18073542		ENSG00000185164.10	ENSG00000185164.10	16	18573533	462	0.08386	0.10025	0.8366	0.403285066688064	0.3986013986013986	0.8917841731058095	up	5.1898
chr5:112179911-112236600		ENSG00000172795.11	ENSG00000172795.11	5	112312399	462	0.10953	0.13109	0.8355	0.40388327790387313	0.3966033966033966	0.8917841731058095	up	4.4028
chr20:24397726-24406144		ENSG00000149435.8	ENSG00000149435.8	20	23969416	462	0.02026	0.02428	0.8343	0.4045395733245815	0.3936063936063936	0.8917841731058095	up	1.086
chr8:7301024-12598379		ENSG00000253981.1	ENSG00000253981.1	8	8102189	462	-0.01864	0.02236	-0.8334	0.40504214313513404	0.3956043956043956	0.8917841731058095	down	1.0015
chr17:16823490-18384190		ENSG00000262167.1	ENSG00000262167.1	17	19047880	462	0.05412	0.06518	0.8303	0.406789899161746	0.4195804195804196	0.8917841731058095	up	1.5366
chr16:28471892-28637651		ENSG00000178188.10	ENSG00000178188.10	16	28857921	462	-0.01375	0.01657	-0.8298	0.40711832370148837	0.4075924075924076	0.8917841731058095	down	3.3327
chr2:87987171-111255403		ENSG00000223973.1	ENSG00000223973.1	2	112141329	462	0.01865	0.02252	0.8282	0.4079994677639425	0.3966033966033966	0.8917841731058095	up	1.0718
chr6:141866310-141898728		ENSG00000009844.9	ENSG00000009844.9	6	142468367	462	-0.05471	0.06608	-0.828	0.40810221166106153	0.4175824175824176	0.8917841731058095	down	4.9615
chr2:45065588-45081777		ENSG00000231848.1	ENSG00000231848.1	2	45223552	462	-0.0311	0.03758	-0.8275	0.4083717861931573	0.3876123876123876	0.8917841731058095	down	1.2957
chr8:7301024-12598379		ENSG00000255273.1	ENSG00000255273.1	8	6940493	462	0.01248	0.0151	0.827	0.40869088605721027	0.4175824175824176	0.8917841731058095	up	0.3915
chr17:16823490-18384190		ENSG00000249459.3	ENSG00000249459.3	17	18585575	462	0.04954	0.05999	0.8259	0.4092904766762321	0.4195804195804196	0.8917841731058095	up	2.5224
chr21:43821742-43835116		ENSG00000226543.2	ENSG00000226543.2	21	45276223	462	-0.05812	0.07052	-0.8241	0.41031864953032715	0.3856143856143856	0.8917841731058095	down	0.237
chr1:25324280-25369060		ENSG00000117632.16	ENSG00000117632.16	1	26233482	462	-0.01084	0.01317	-0.8233	0.4107752996616786	0.4145854145854146	0.8917841731058095	down	7.8629
chr7:54234014-54308393		ENSG00000132432.9	ENSG00000132432.9	7	54827667	462	0.01214	0.01476	0.8225	0.41125477164061347	0.4255744255744256	0.8917841731058095	up	6.7841
chr16:14954790-15100859		ENSG00000103512.9	ENSG00000103512.9	16	14927538	462	-0.01755	0.02136	-0.8217	0.411715633090087	0.3646353646353646	0.8917841731058095	down	5.1929
chr13:52310302-52320954		ENSG00000253797.1	ENSG00000253797.1	13	52598827	462	0.06872	0.08365	0.8216	0.4117638588363123	0.4175824175824176	0.8917841731058095	up	2.4476
chr2:87987171-111255403		ENSG00000235235.4	ENSG00000235235.4	2	92005797	462	-0.02134	0.02599	-0.8211	0.41203598305050326	0.41058941058941056	0.8917841731058095	down	0.158
chr7:97445822-97459601		ENSG00000164713.5	ENSG00000164713.5	7	97881691	462	0.01561	0.01916	0.8148	0.415634145259164	0.42157842157842157	0.8918456463449932	up	4.7089
chr17:3082008-3221835		ENSG00000083457.6	ENSG00000083457.6	17	3704537	462	0.26064	0.32034	0.8136	0.4162962799972884	0.37462537462537465	0.8918456463449932	up	3.2381
chr3:195749463-195980207		ENSG00000145113.16	ENSG00000145113.16	3	195539148	462	-0.01159	0.01424	-0.8135	0.41634212754928185	0.43156843156843155	0.8918456463449932	down	0.232
chr6:167209001-167357782		ENSG00000166984.7	ENSG00000166984.7	6	167559902	462	-0.05125	0.06306	-0.8127	0.4168086688265801	0.4175824175824176	0.8918456463449932	down	0.2073
chr3:195749463-195980207		ENSG00000243339.1	ENSG00000243339.1	3	196126793	462	0.01315	0.01619	0.812	0.4172138308785335	0.38961038961038963	0.8918456463449932	up	0.3473
chr17:45585159-46292045		ENSG00000131484.2	ENSG00000131484.2	17	43580626	462	0.02515	0.03102	0.8108	0.41790122050353956	0.4025974025974026	0.8918456463449932	up	1.9417
chr21:43821742-43835116		ENSG00000232698.1	ENSG00000232698.1	21	45627282	462	0.08507	0.10496	0.8105	0.41810389869264963	0.4115884115884116	0.8918456463449932	up	1.6245
chr8:7301024-12598379		ENSG00000253550.1	ENSG00000253550.1	8	6331809	462	0.0091	0.01123	0.8104	0.4181326944330613	0.4305694305694306	0.8918456463449932	up	0.2863
chr1:25324280-25369060		ENSG00000117602.6	ENSG00000117602.6	1	24829387	462	0.01764	0.02181	0.8088	0.4190658516842228	0.44955044955044954	0.8918456463449932	up	0.5399
chr20:24397726-24406144		ENSG00000100994.7	ENSG00000100994.7	20	25228705	462	-0.01046	0.01295	-0.8082	0.41941776505448286	0.4065934065934066	0.8918456463449932	down	3.514
chr17:3082008-3221835		ENSG00000108381.6	ENSG00000108381.6	17	3375668	462	-0.20169	0.25043	-0.8054	0.42102101790507984	0.33966033966033965	0.8918456463449932	down	0.3018
chr16:16721273-18073542		ENSG00000214940.4	ENSG00000214940.4	16	18441131	462	0.15113	0.18779	0.8048	0.4213840588559711	0.3886113886113886	0.8918456463449932	up	4.1538
chr2:45065588-45081777		ENSG00000138032.16	ENSG00000138032.16	2	44395108	462	-0.01733	0.02157	-0.8037	0.421997217193204	0.43956043956043955	0.8918456463449932	down	4.5567
chr2:87987171-111255403		ENSG00000213283.2	ENSG00000213283.2	2	96191093	462	0.02767	0.03444	0.8034	0.4221498778337367	0.3936063936063936	0.8918456463449932	up	0.995
chr17:45585159-46292045		ENSG00000168517.5	ENSG00000168517.5	17	43238271	462	0.01327	0.01656	0.801	0.4235423043365596	0.4255744255744256	0.8925573417648287	up	2.115
chr16:16721273-18073542		ENSG00000254681.2	ENSG00000254681.2	16	18495797	462	-0.1872	0.23416	-0.7995	0.42443618136460476	0.3966033966033966	0.8925573417648287	down	3.1094
chr7:65219157-65531823		ENSG00000231234.1	ENSG00000231234.1	7	65888880	462	0.01877	0.02349	0.7991	0.4246496561385171	0.4515484515484515	0.8925573417648287	up	4.8694
chr2:87987171-111255403		ENSG00000185304.11	ENSG00000185304.11	2	88285309	462	0.03192	0.04001	0.7978	0.425417268668518	0.4255744255744256	0.8926552179858055	up	3.7069
chr15:30618103-32153204		ENSG00000259179.1	ENSG00000259179.1	15	31712331	462	0.03288	0.04144	0.7934	0.4279450258371256	0.4195804195804196	0.89643983415628	up	1.128
chr13:52310302-52320954		ENSG00000232872.2	ENSG00000232872.2	13	52484757	462	0.03096	0.0391	0.7919	0.4288179081476597	0.4225774225774226	0.8967509633223019	up	0.1859
chr5:112179911-112236600		ENSG00000134986.9	ENSG00000134986.9	5	111333161	462	0.07728	0.09793	0.7891	0.4304588219016433	0.3956043956043956	0.8981604906281981	up	5.0868
chr17:3082008-3221835		ENSG00000040531.10	ENSG00000040531.10	17	3539762	462	-0.45993	0.58362	-0.7881	0.4310720365083791	0.45254745254745254	0.8981604906281981	down	2.4496
chr2:87987171-111255403		ENSG00000223816.3	ENSG00000223816.3	2	92223026	462	-0.02008	0.02554	-0.7862	0.4321955238235485	0.43656343656343655	0.8981604906281981	down	0.1571
chr17:16823490-18384190		ENSG00000141026.2	ENSG00000141026.2	17	17380300	462	-0.01384	0.01762	-0.7854	0.43263827118391196	0.41858141858141856	0.8981604906281981	down	2.9845
chr21:43821742-43835116		ENSG00000160207.4	ENSG00000160207.4	21	45079374	462	0.02947	0.03759	0.7839	0.43350314817153046	0.3956043956043956	0.8981604906281981	up	0.1873
chr2:87987171-111255403		ENSG00000237510.2	ENSG00000237510.2	2	96455402	462	0.11062	0.14122	0.7833	0.4338448896572395	0.43956043956043955	0.8981604906281981	up	0.9932
chr9:87942696-88110274		ENSG00000106723.11	ENSG00000106723.11	9	91003334	462	0.04668	0.0599	0.7794	0.43618141865253107	0.45254745254745254	0.9014598918809558	up	2.8393
chr5:179643529-179651253		ENSG00000178338.6	ENSG00000178338.6	5	178286954	462	0.01292	0.01662	0.7773	0.4373942345408673	0.4355644355644356	0.9014598918809558	up	1.9879
chr1:25324280-25369060		ENSG00000224183.1	ENSG00000224183.1	1	25621134	462	0.01171	0.01509	0.776	0.43816574391869284	0.4695304695304695	0.9014598918809558	up	5.3543
chr13:52310302-52320954		ENSG00000236044.1	ENSG00000236044.1	13	52540878	462	0.12086	0.15652	0.7721	0.44044041711833776	0.4085914085914086	0.9014598918809558	up	4.6151
chr2:87987171-111255403		ENSG00000144028.9	ENSG00000144028.9	2	96971297	462	-0.04654	0.06059	-0.7681	0.4428506884822053	0.4485514485514486	0.9014598918809558	down	7.3545
chr2:87987171-111255403		ENSG00000153165.12	ENSG00000153165.12	2	107084832	462	0.0296	0.03857	0.7675	0.44322053068349604	0.44655344655344653	0.9014598918809558	up	3.1758
chr1:149843518-149850293		ENSG00000118292.4	ENSG00000118292.4	1	150240600	462	-0.16476	0.21472	-0.7673	0.4432907752660708	0.46053946053946054	0.9014598918809558	down	1.6067
chr3:195749463-195980207		ENSG00000174004.5	ENSG00000174004.5	3	196366557	462	0.03976	0.0519	0.7661	0.444045014527941	0.4075924075924076	0.9014598918809558	up	3.0262
chr7:5989046-6735643		ENSG00000075624.8	ENSG00000075624.8	7	5603415	462	-0.02288	0.0299	-0.7652	0.4445791923427634	0.4695304695304695	0.9014598918809558	down	13.0495
chr13:52310302-52320954		ENSG00000102786.9	ENSG00000102786.9	13	52028400	462	0.17606	0.23024	0.7647	0.4448797616322265	0.4405594405594406	0.9014598918809558	up	4.4107
chr2:87987171-111255403		ENSG00000163067.10	ENSG00000163067.10	2	95831177	462	-0.02063	0.027	-0.7643	0.44507603834634113	0.4595404595404595	0.9014598918809558	down	1.2816
chr8:7301024-12598379		ENSG00000171056.6	ENSG00000171056.6	8	10697357	462	0.00928	0.01216	0.7634	0.44564551068092156	0.45254745254745254	0.9014598918809558	up	0.1656
chr5:177946129-178003952		ENSG00000248996.1	ENSG00000248996.1	5	176921996	462	-0.07152	0.09372	-0.7632	0.4457477064738802	0.4205794205794206	0.9014598918809558	down	1.9447
chr1:149843518-149850293		ENSG00000143374.8	ENSG00000143374.8	1	150459887	462	-0.06485	0.08505	-0.7625	0.4461643568873203	0.43356643356643354	0.9014598918809558	down	4.42
chr17:16823490-18384190		ENSG00000171928.8	ENSG00000171928.8	17	18684308	462	-0.01922	0.02522	-0.7622	0.4463609965452552	0.46853146853146854	0.9014598918809558	down	3.7786
chr5:112179911-112236600		ENSG00000129625.8	ENSG00000129625.8	5	112258236	462	-0.06139	0.08089	-0.7589	0.4483164160745201	0.44255744255744256	0.9034614666105111	down	5.2623
chr2:87987171-111255403		ENSG00000231851.1	ENSG00000231851.1	2	105719402	462	0.03377	0.04459	0.7573	0.44927690022713196	0.4175824175824176	0.9034614666105111	up	1.6199
chr2:87987171-111255403		ENSG00000135940.2	ENSG00000135940.2	2	98262503	462	-0.02221	0.02937	-0.7563	0.44984550701333714	0.4245754245754246	0.9034614666105111	down	6.2926
chr2:87987171-111255403		ENSG00000144021.2	ENSG00000144021.2	2	96931870	462	0.018	0.02386	0.7546	0.45091570255364494	0.4355644355644356	0.9034614666105111	up	4.5036
chr11:18249084-18265819		ENSG00000256464.1	ENSG00000256464.1	11	18512502	462	-0.04217	0.056	-0.753	0.45182583330147535	0.44155844155844154	0.9034614666105111	down	0.569
chr13:48199250-48206639		ENSG00000139679.9	ENSG00000139679.9	13	49018840	462	0.73796	0.9811	0.7522	0.4523461547454578	0.39760239760239763	0.9034614666105111	up	2.939
chr2:45065588-45081777		ENSG00000068784.8	ENSG00000068784.8	2	45839304	462	0.01725	0.02294	0.752	0.4524605083186728	0.45454545454545453	0.9034614666105111	up	3.0629
chr5:177946129-178003952		ENSG00000170074.14	ENSG00000170074.14	5	177210399	462	-0.2311	0.30861	-0.7488	0.45434369218583365	0.4435564435564436	0.9036262897677018	down	1.0829
chr5:177946129-178003952		ENSG00000169220.12	ENSG00000169220.12	5	176784838	462	0.10132	0.1355	0.7478	0.45499552383566005	0.4245754245754246	0.9036262897677018	up	5.0614
chr13:48199250-48206639		ENSG00000177197.7	ENSG00000177197.7	13	48902700	462	-0.13054	0.17457	-0.7478	0.4549957508488534	0.4945054945054945	0.9036262897677018	down	4.5597
chr2:87987171-111255403		ENSG00000230006.3	ENSG00000230006.3	2	89065324	462	0.08371	0.11207	0.747	0.45546268563412434	0.46853146853146854	0.9036262897677018	up	1.5924
chr5:177946129-178003952		ENSG00000027847.8	ENSG00000027847.8	5	177027101	462	0.04715	0.06322	0.7458	0.4562041276728443	0.44455544455544455	0.9036491360943699	up	3.3165
chr3:195749463-195980207		ENSG00000230266.1	ENSG00000230266.1	3	194868600	462	-0.02244	0.03039	-0.7384	0.460630620494986	0.44755244755244755	0.9073815071796991	down	2.2422
chr2:87987171-111255403		ENSG00000240382.1	ENSG00000240382.1	2	89417335	462	-0.24224	0.32899	-0.7363	0.46192527138022	0.46353646353646355	0.9073815071796991	down	3.8878
chr2:87987171-111255403		ENSG00000153094.15	ENSG00000153094.15	2	111876955	462	0.0659	0.08965	0.7351	0.46265725119848483	0.44455544455544455	0.9073815071796991	up	3.1932
chr2:87987171-111255403		ENSG00000242371.1	ENSG00000242371.1	2	89619904	462	0.26026	0.355	0.7331	0.4638803727910438	0.5004995004995005	0.9073815071796991	up	5.586
chr2:87987171-111255403		ENSG00000233370.1	ENSG00000233370.1	2	110941631	462	-0.00853	0.01163	-0.733	0.4639516449010929	0.4515484515484515	0.9073815071796991	down	0.1406
chr17:16823490-18384190		ENSG00000249281.1	ENSG00000249281.1	17	16285881	462	0.11299	0.15474	0.7302	0.46565204588795184	0.47352647352647353	0.9073815071796991	up	1.0722
chr2:87987171-111255403		ENSG00000153201.10	ENSG00000153201.10	2	109335937	462	0.02022	0.02775	0.7287	0.46654648936236864	0.4865134865134865	0.9073815071796991	up	3.9567
chr8:7301024-12598379		ENSG00000254936.2	ENSG00000254936.2	8	10983574	462	-0.02135	0.02933	-0.7279	0.46708314807760737	0.4485514485514486	0.9073815071796991	down	0.3712
chr11:71571819-71576724		ENSG00000254997.2	ENSG00000254997.2	11	71259466	462	-0.02285	0.0314	-0.7275	0.467271759781125	0.47352647352647353	0.9073815071796991	down	0.1376
chr17:16823490-18384190		ENSG00000226359.1	ENSG00000226359.1	17	17145324	462	-0.01061	0.0146	-0.7266	0.4678566736398901	0.47152847152847155	0.9073815071796991	down	0.1784
chr3:75454477-75455715		ENSG00000243674.1	ENSG00000243674.1	3	75397938	462	-0.01078	0.01484	-0.7265	0.46789161057906653	0.4835164835164835	0.9073815071796991	down	1.1097
chr2:87987171-111255403		ENSG00000211598.2	ENSG00000211598.2	2	89184913	462	0.34074	0.46916	0.7263	0.46804497677140583	0.46053946053946054	0.9073815071796991	up	5.5393
chr16:75206214-75222748		ENSG00000262583.1	ENSG00000262583.1	16	75550178	462	0.00991	0.01365	0.726	0.4682344052552324	0.4745254745254745	0.9073815071796991	up	0.5229
chr2:87987171-111255403		ENSG00000251546.1	ENSG00000251546.1	2	89901292	462	0.25969	0.35869	0.724	0.4694484264690907	0.45354645354645357	0.9073815071796991	up	5.6526
chr8:7301024-12598379		ENSG00000205873.2	ENSG00000205873.2	8	12294626	462	0.00754	0.01044	0.7223	0.47050073955531674	0.4695304695304695	0.9073815071796991	up	0.4353
chr12:46896694-46915975		ENSG00000061273.12	ENSG00000061273.12	12	48226915	462	-0.08092	0.11241	-0.7198	0.4720228136062819	0.45854145854145856	0.9073815071796991	down	3.3937
chr13:48199250-48206639		ENSG00000231473.2	ENSG00000231473.2	13	48877797	462	-0.07464	0.10381	-0.7191	0.4724874174068271	0.4255744255744256	0.9073815071796991	down	0.139
chr17:3082008-3221835		ENSG00000167720.7	ENSG00000167720.7	17	2206677	462	-0.16014	0.2228	-0.7188	0.47267142009968166	0.4225774225774226	0.9073815071796991	down	3.6094
chr2:87987171-111255403		ENSG00000115594.7	ENSG00000115594.7	2	102681004	462	0.07131	0.09949	0.7167	0.4739349947990653	0.4695304695304695	0.9073815071796991	up	1.7699
chr17:16823490-18384190		ENSG00000108557.12	ENSG00000108557.12	17	17584787	462	0.02313	0.03237	0.7144	0.4753514783741256	0.46853146853146854	0.9073815071796991	up	2.5768
chr16:28471892-28637651		ENSG00000196502.7	ENSG00000196502.7	16	28634946	462	0.02058	0.02884	0.7136	0.4758674468086167	0.48951048951048953	0.9073815071796991	up	1.6072
chr2:87987171-111255403		ENSG00000227270.1	ENSG00000227270.1	2	108520420	462	-0.04671	0.06547	-0.7135	0.47588274415684445	0.4775224775224775	0.9073815071796991	down	1.1075
chr21:43821742-43835116		ENSG00000160233.5	ENSG00000160233.5	21	45875369	462	0.03978	0.05585	0.7124	0.4766110050566399	0.4675324675324675	0.9073815071796991	up	0.655
chr2:87987171-111255403		ENSG00000196862.7	ENSG00000196862.7	2	108443388	462	0.02523	0.03545	0.7116	0.477085499819535	0.4675324675324675	0.9073815071796991	up	3.1151
chr2:87987171-111255403		ENSG00000144218.12	ENSG00000144218.12	2	100759201	462	-0.05733	0.08058	-0.7115	0.47716907303783684	0.43756243756243757	0.9073815071796991	down	0.519
chr16:75206214-75222748		ENSG00000196436.6	ENSG00000196436.6	16	74411156	462	0.01919	0.027	0.7106	0.4777057181703041	0.4675324675324675	0.9073815071796991	up	0.7241
chr5:124425560-124546657		ENSG00000239909.1	ENSG00000239909.1	5	122990602	462	0.07391	0.10449	0.7073	0.4797256895604587	0.4695304695304695	0.9073815071796991	up	0.4975
chr7:5989046-6735643		ENSG00000136238.13	ENSG00000136238.13	7	6414154	462	0.01464	0.02073	0.7065	0.48025844498419923	0.4865134865134865	0.9073815071796991	up	5.24
chr17:16823490-18384190		ENSG00000262202.1	ENSG00000262202.1	17	19015949	462	0.04417	0.06256	0.7061	0.4805164040204674	0.4865134865134865	0.9073815071796991	up	1.4066
chr13:52310302-52320954		ENSG00000231856.1	ENSG00000231856.1	13	52378433	462	0.06245	0.08847	0.7059	0.48059244392147843	0.4775224775224775	0.9073815071796991	up	0.2622
chr17:16823490-18384190		ENSG00000230493.1	ENSG00000230493.1	17	19122456	462	0.04376	0.06201	0.7056	0.48080958700313625	0.45454545454545453	0.9073815071796991	up	1.3152
chr16:28471892-28637651		ENSG00000183336.7	ENSG00000183336.7	16	29466285	462	0.02423	0.03441	0.7042	0.4816851051821907	0.4945054945054945	0.9076501677557871	up	4.5237
chr7:65219157-65531823		ENSG00000235421.1	ENSG00000235421.1	7	65019657	462	-0.01132	0.01612	-0.7025	0.4827365471089923	0.4865134865134865	0.9082490050470098	down	1.9207
chr2:87987171-111255403		ENSG00000233999.2	ENSG00000233999.2	2	87565634	462	0.11848	0.16907	0.7008	0.4838246938352767	0.4935064935064935	0.9084891404647443	up	4.4085
chr21:43821742-43835116		ENSG00000160209.12	ENSG00000160209.12	21	45138975	462	-0.06887	0.0984	-0.6999	0.4843318519440478	0.48451548451548454	0.9084891404647443	down	6.7324
chr2:87987171-111255403		ENSG00000115641.13	ENSG00000115641.13	2	106054960	462	0.06676	0.09584	0.6965	0.4864633059144502	0.4675324675324675	0.9092425891261078	up	1.3686
chr5:179643529-179651253		ENSG00000127022.9	ENSG00000127022.9	5	179105629	462	0.01398	0.02009	0.6959	0.48685776291859095	0.45054945054945056	0.9092425891261078	up	7.9716
chr11:50154999-50324102		ENSG00000255500.1	ENSG00000255500.1	11	50227332	462	-0.00986	0.01418	-0.6953	0.4872212014229337	0.45254745254745254	0.9092425891261078	down	1.2147
chr16:75206214-75222748		ENSG00000168411.8	ENSG00000168411.8	16	74700779	462	0.02109	0.03042	0.6931	0.48858210604519675	0.48951048951048953	0.9092425891261078	up	4.6576
chr8:7301024-12598379		ENSG00000177257.2	ENSG00000177257.2	8	7274385	462	-0.01793	0.02597	-0.6905	0.49025938220823	0.4925074925074925	0.9092425891261078	down	0.4408
chr1:248128773-248428856		ENSG00000175137.9	ENSG00000175137.9	1	249120832	421	0.0331	0.04825	0.6861	0.49307183587116593	0.4875124875124875	0.9092425891261078	up	2.7784
chr14:60606118-60611659		ENSG00000179008.4	ENSG00000179008.4	14	60982261	462	-0.01014	0.01486	-0.6822	0.49548558131189574	0.4825174825174825	0.9092425891261078	down	0.3949
chr5:179643529-179651253		ENSG00000177932.6	ENSG00000177932.6	5	178487416	462	0.00635	0.00932	0.6817	0.4957847057651981	0.4935064935064935	0.9092425891261078	up	1.8594
chr3:195749463-195980207		ENSG00000173950.10	ENSG00000173950.10	3	194991896	462	-0.01661	0.0244	-0.6809	0.4963204865471629	0.4855144855144855	0.9092425891261078	down	2.6175
chr16:16721273-18073542		ENSG00000228071.4	ENSG00000228071.4	16	18026577	462	-0.03798	0.05579	-0.6808	0.4963301007224282	0.4725274725274725	0.9092425891261078	down	9.4993
chr2:87987171-111255403		ENSG00000204634.8	ENSG00000204634.8	2	101869328	462	0.04469	0.06584	0.6787	0.4976586847354004	0.5014985014985015	0.9092425891261078	up	0.8578
chr2:91832040-92012663		ENSG00000232531.2	ENSG00000232531.2	2	91937021	462	-0.02259	0.03341	-0.6761	0.49930995328928346	0.5034965034965035	0.9092425891261078	down	3.6913
chr15:30618103-32153204		ENSG00000259696.1	ENSG00000259696.1	15	31746342	462	-0.02089	0.03096	-0.6747	0.500188177171001	0.5084915084915085	0.9092425891261078	down	1.5269
chr21:13987773-14056796		ENSG00000155304.4	ENSG00000155304.4	21	15755805	462	-0.01321	0.01958	-0.6747	0.5002450104053779	0.4985014985014985	0.9092425891261078	down	3.9099
chr2:87987171-111255403		ENSG00000121152.5	ENSG00000121152.5	2	97001525	462	0.02795	0.04153	0.673	0.5012945209420765	0.5044955044955045	0.9092425891261078	up	4.6688
chr16:16721273-18073542		ENSG00000263198.1	ENSG00000263198.1	16	16388663	462	0.05531	0.08225	0.6725	0.5016237221818862	0.5084915084915085	0.9092425891261078	up	3.6699
chr5:179643529-179651253		ENSG00000250999.1	ENSG00000250999.1	5	179084763	462	-0.00948	0.01414	-0.6708	0.5027144849527447	0.5144855144855145	0.9092425891261078	down	0.3982
chr17:16823490-18384190		ENSG00000108474.7	ENSG00000108474.7	17	16120524	462	0.02008	0.02996	0.6701	0.5031611449155893	0.48951048951048953	0.9092425891261078	up	2.981
chr2:87987171-111255403		ENSG00000224061.1	ENSG00000224061.1	2	106870173	462	0.02325	0.03473	0.6693	0.5036748608485503	0.5274725274725275	0.9092425891261078	up	1.5676
chr5:177946129-178003952		ENSG00000146094.9	ENSG00000146094.9	5	176938275	462	0.0716	0.10716	0.6682	0.5043837277821956	0.5074925074925075	0.9092425891261078	up	5.5756
chr8:7301024-12598379		ENSG00000242607.1	ENSG00000242607.1	8	12428639	462	0.01076	0.01612	0.6675	0.504811227334116	0.5094905094905094	0.9092425891261078	up	0.546
chr8:7301024-12598379		ENSG00000136574.12	ENSG00000136574.12	8	11534468	462	-0.01225	0.01836	-0.6671	0.505048708640552	0.4965034965034965	0.9092425891261078	down	0.2876
chr1:248128773-248428856		ENSG00000185220.7	ENSG00000185220.7	1	249200395	421	0.04116	0.06174	0.6667	0.5053506235783969	0.4825174825174825	0.9092425891261078	up	1.4326
chr16:14954790-15100859		ENSG00000188599.12	ENSG00000188599.12	16	15225458	462	-0.02163	0.03246	-0.6664	0.5055062378552242	0.4965034965034965	0.9092425891261078	down	4.087
chr8:7301024-12598379		ENSG00000255052.2	ENSG00000255052.2	8	11973284	462	0.00592	0.0089	0.6652	0.5062754624286606	0.5064935064935064	0.9092425891261078	up	0.2109
chr1:25324280-25369060		ENSG00000169504.9	ENSG00000169504.9	1	25071848	462	-0.01362	0.02056	-0.6623	0.5080982862034069	0.4925074925074925	0.9092425891261078	down	4.5283
chr1:25324280-25369060		ENSG00000223474.2	ENSG00000223474.2	1	26147288	462	0.00467	0.00705	0.662	0.508284383075456	0.4915084915084915	0.9092425891261078	up	0.249
chr1:149843518-149850293		ENSG00000143384.7	ENSG00000143384.7	1	150552073	462	-0.04002	0.06059	-0.6605	0.5092752737912182	0.5014985014985015	0.9092425891261078	down	6.3931
chr2:87987171-111255403		ENSG00000163162.4	ENSG00000163162.4	2	101925163	462	0.02706	0.04097	0.6605	0.5092965543265274	0.5114885114885115	0.9092425891261078	up	4.1177
chr16:28471892-28637651		ENSG00000181625.12	ENSG00000181625.12	16	29465822	462	0.02255	0.03415	0.6603	0.5094036014582857	0.5174825174825175	0.9092425891261078	up	4.9303
chr21:13987773-14056796		ENSG00000185272.9	ENSG00000185272.9	21	15588451	462	-0.01486	0.02253	-0.6596	0.5098400387602898	0.5234765234765235	0.9092425891261078	down	0.2966
chr5:179643529-179651253		ENSG00000253520.1	ENSG00000253520.1	5	178954514	462	-0.01905	0.02889	-0.6592	0.510134053076316	0.5124875124875125	0.9092425891261078	down	0.846
chr21:43821742-43835116		ENSG00000160201.7	ENSG00000160201.7	21	44527697	462	-0.04899	0.07447	-0.6579	0.5109740784915754	0.5004995004995005	0.9092425891261078	down	5.908
chr16:14954790-15100859		ENSG00000261422.1	ENSG00000261422.1	16	15506577	462	-0.00712	0.01084	-0.657	0.5114993226114654	0.5494505494505495	0.9092425891261078	down	0.172
chr1:25324280-25369060		ENSG00000158006.8	ENSG00000158006.8	1	26324648	462	-0.03371	0.0515	-0.6546	0.5130489495939817	0.5214785214785215	0.9092425891261078	down	3.048
chr1:149843518-149850293		ENSG00000206737.1	ENSG00000206737.1	1	149224221	462	0.17735	0.27097	0.6545	0.5131279443694549	0.5254745254745254	0.9092425891261078	up	2.6465
chr5:177946129-178003952		ENSG00000169230.5	ENSG00000169230.5	5	176730775	462	0.04798	0.0736	0.6519	0.5148058445914836	0.5204795204795205	0.9092425891261078	up	6.1479
chr17:45585159-46292045		ENSG00000006062.8	ENSG00000006062.8	17	43394414	462	0.01002	0.01539	0.6512	0.5152723794261341	0.5274725274725275	0.9092425891261078	up	3.4189
chr17:45585159-46292045		ENSG00000167131.10	ENSG00000167131.10	17	42977084	462	-0.02546	0.03913	-0.6507	0.5155695310054341	0.5134865134865135	0.9092425891261078	down	1.2369
chr13:52310302-52320954		ENSG00000136114.10	ENSG00000136114.10	13	52980629	462	0.04842	0.07443	0.6506	0.5156637898522016	0.4955044955044955	0.9092425891261078	up	0.5032
chr13:52310302-52320954		ENSG00000136108.8	ENSG00000136108.8	13	53029495	462	0.10279	0.15801	0.6505	0.5156798944653274	0.48451548451548454	0.9092425891261078	up	4.3912
chr7:5989046-6735643		ENSG00000164654.11	ENSG00000164654.11	7	7606503	462	0.05309	0.08174	0.6495	0.5163668090504663	0.5194805194805194	0.9092425891261078	up	5.3528
chr7:65219157-65531823		ENSG00000249319.1	ENSG00000249319.1	7	65552756	462	-0.01476	0.02277	-0.6481	0.5172435831955676	0.5214785214785215	0.9092425891261078	down	0.3338
chr8:7301024-12598379		ENSG00000175806.10	ENSG00000175806.10	8	9911778	462	-0.01626	0.02513	-0.6468	0.5180818886615693	0.4925074925074925	0.9092425891261078	down	2.3009
chr14:60606118-60611659		ENSG00000020426.6	ENSG00000020426.6	14	61201460	462	-0.02929	0.04529	-0.6468	0.5181049458013887	0.5024975024975025	0.9092425891261078	down	5.5284
chr17:3082008-3221835		ENSG00000262333.1	ENSG00000262333.1	17	2210055	462	0.17624	0.27317	0.6452	0.5191405150220103	0.38461538461538464	0.9092425891261078	up	1.0907
chr2:87987171-111255403		ENSG00000163006.6	ENSG00000163006.6	2	109403213	462	-0.02436	0.03776	-0.645	0.5192524317545705	0.5214785214785215	0.9092425891261078	down	1.8316
chr17:3082008-3221835		ENSG00000197417.7	ENSG00000197417.7	17	3539616	462	0.27589	0.4291	0.643	0.5205849200304136	0.5734265734265734	0.9102883206181525	up	2.0632
chr21:43821742-43835116		ENSG00000160221.11	ENSG00000160221.11	21	45553487	462	-0.05234	0.08163	-0.6413	0.5216861643855971	0.5224775224775224	0.9107479033357597	down	6.0727
chr7:65219157-65531823		ENSG00000205596.4	ENSG00000205596.4	7	65536305	462	0.00784	0.01224	0.6403	0.5223190721877136	0.5084915084915085	0.9107479033357597	up	0.2643
chr7:5989046-6735643		ENSG00000106305.5	ENSG00000106305.5	7	6048876	462	-0.02047	0.03209	-0.6381	0.5237674703618416	0.5434565434565435	0.9107813844777475	down	4.7766
chr11:71571819-71576724		ENSG00000184154.8	ENSG00000184154.8	11	71791382	462	-0.04739	0.07431	-0.6378	0.5239530151540158	0.4945054945054945	0.9107813844777475	down	2.762
chr16:75206214-75222748		ENSG00000090863.7	ENSG00000090863.7	16	74641012	462	0.0083	0.01304	0.6369	0.5245453369407382	0.5194805194805194	0.9107813844777475	up	4.2835
chr16:75206214-75222748		ENSG00000260884.1	ENSG00000260884.1	16	74347235	462	0.00751	0.01181	0.6357	0.5252990749844829	0.5444555444555444	0.9108126818358401	up	0.2816
chr2:87987171-111255403		ENSG00000172005.6	ENSG00000172005.6	2	95691422	462	-0.08794	0.13873	-0.6339	0.526490012208345	0.5104895104895105	0.9115499605271525	down	3.4225
chr21:13987773-14056796		ENSG00000173231.6	ENSG00000173231.6	21	15148407	462	0.00864	0.01367	0.6325	0.527406472189792	0.5284715284715285	0.9115499605271525	up	1.7063
chr3:75454477-75455715		ENSG00000238278.3	ENSG00000238278.3	3	75464221	462	-0.00595	0.00942	-0.6317	0.5279332162342233	0.5104895104895105	0.9115499605271525	down	0.278
chr16:28471892-28637651		ENSG00000261067.1	ENSG00000261067.1	16	28986125	462	0.02775	0.04413	0.6288	0.5297993311294757	0.5144855144855145	0.9134980110561156	up	1.1074
chr11:18249084-18265819		ENSG00000188211.4	ENSG00000188211.4	11	17373273	462	0.02085	0.03336	0.6251	0.5322561374021654	0.5564435564435565	0.9149982794013051	up	0.2566
chr2:87987171-111255403		ENSG00000253998.2	ENSG00000253998.2	2	89534393	462	0.18624	0.29855	0.6238	0.533061164516278	0.5234765234765235	0.9149982794013051	up	2.9216
chr1:248128773-248428856		ENSG00000196539.2	ENSG00000196539.2	1	248636627	421	0.05291	0.08507	0.622	0.534309117824107	0.5304695304695305	0.9149982794013051	up	0.4098
chr17:16823490-18384190		ENSG00000072134.10	ENSG00000072134.10	17	19140690	462	0.02774	0.04461	0.6218	0.534397180352197	0.5504495504495505	0.9149982794013051	up	1.678
chr5:179643529-179651253		ENSG00000113300.7	ENSG00000113300.7	5	179921412	462	0.01593	0.02577	0.6183	0.5366623744990837	0.5454545454545454	0.9149982794013051	up	3.4833
chr2:87987171-111255403		ENSG00000183513.4	ENSG00000183513.4	2	99224978	462	0.01609	0.02603	0.6183	0.5367239047893615	0.5274725274725275	0.9149982794013051	up	4.2733
chr14:60606118-60611659		ENSG00000259169.1	ENSG00000259169.1	14	60866731	462	0.01078	0.01744	0.6182	0.5367785686208385	0.5464535464535465	0.9149982794013051	up	2.9133
chr13:48199250-48206639		ENSG00000139687.8	ENSG00000139687.8	13	48877883	462	0.20786	0.33677	0.6172	0.5374026926557701	0.5254745254745254	0.9149982794013051	up	4.974
chr2:87987171-111255403		ENSG00000172965.6	ENSG00000172965.6	2	112252677	462	-0.04179	0.06773	-0.617	0.5375236707736474	0.5264735264735265	0.9149982794013051	down	3.5044
chr2:87987171-111255403		ENSG00000174501.10	ENSG00000174501.10	2	96657541	462	-0.02224	0.03608	-0.6162	0.5380603775477788	0.5744255744255744	0.9149982794013051	down	2.0838
chr2:87987171-111255403		ENSG00000256671.3	ENSG00000256671.3	2	111230511	462	0.03797	0.06185	0.6139	0.5396096492681679	0.5384615384615384	0.9156318511234691	up	0.3107
chr12:46896694-46915975		ENSG00000179715.8	ENSG00000179715.8	12	47473386	462	-0.04262	0.06948	-0.6134	0.5399121577707048	0.5554445554445554	0.9156318511234691	down	2.5484
chr7:54234014-54308393		ENSG00000235454.1	ENSG00000235454.1	7	53929926	462	0.00664	0.01086	0.6113	0.5413273908058092	0.5554445554445554	0.916009428952609	up	2.9386
chr1:248128773-248428856		ENSG00000162714.7	ENSG00000162714.7	1	247495148	421	-0.15395	0.25298	-0.6086	0.5431627474002586	0.5504495504495505	0.916009428952609	down	3.3499
chr11:18249084-18265819		ENSG00000255470.1	ENSG00000255470.1	11	18211042	462	-0.04313	0.07089	-0.6084	0.5432579223143686	0.5164835164835165	0.916009428952609	down	1.4543
chr17:16823490-18384190		ENSG00000171916.11	ENSG00000171916.11	17	18380098	462	-0.02659	0.04388	-0.6061	0.5447620807443017	0.5574425574425574	0.916009428952609	down	3.9962
chr2:87987171-111255403		ENSG00000234231.2	ENSG00000234231.2	2	88000503	462	-0.0177	0.02927	-0.6046	0.5457343890490802	0.5954045954045954	0.916009428952609	down	4.1405
chr11:71571819-71576724		ENSG00000137522.13	ENSG00000137522.13	11	71639747	462	0.04895	0.08098	0.6044	0.5458788652767796	0.5534465534465535	0.916009428952609	up	4.0173
chr1:25324280-25369060		ENSG00000236782.1	ENSG00000236782.1	1	26498312	462	-0.0114	0.01887	-0.6043	0.5459830558191986	0.5214785214785215	0.916009428952609	down	3.2984
chr2:87987171-111255403		ENSG00000241755.1	ENSG00000241755.1	2	89310012	462	0.19587	0.32469	0.6033	0.5466415746964439	0.5734265734265734	0.916009428952609	up	3.9108
chr2:87987171-111255403		ENSG00000186281.8	ENSG00000186281.8	2	96705199	462	0.11246	0.18649	0.603	0.5467939967657335	0.5394605394605395	0.916009428952609	up	1.7215
chr12:75713180-75731794		ENSG00000257941.1	ENSG00000257941.1	12	76451318	462	-0.02586	0.04315	-0.5995	0.5491754052629034	0.5594405594405595	0.9187556104263168	down	1.0182
chr7:97445822-97459601		ENSG00000214389.2	ENSG00000214389.2	7	98015896	462	-0.00913	0.01531	-0.5962	0.5513170423150557	0.5354645354645354	0.9189806017243101	down	10.9709
chr8:7301024-12598379		ENSG00000182319.5	ENSG00000182319.5	8	8244008	462	0.01695	0.02848	0.595	0.5521637424364462	0.5444555444555444	0.9189806017243101	up	2.763
chr12:46896694-46915975		ENSG00000257496.1	ENSG00000257496.1	12	46780774	462	-0.00992	0.01674	-0.5927	0.5537140790873505	0.5404595404595405	0.9189806017243101	down	0.153
chr21:13987773-14056796		ENSG00000241115.1	ENSG00000241115.1	21	15457502	462	-0.03777	0.06398	-0.5904	0.5552493575091331	0.5624375624375625	0.9189806017243101	down	3.0214
chr16:16721273-18073542		ENSG00000262848.1	ENSG00000262848.1	16	16386099	462	-0.08736	0.14818	-0.5896	0.5557908525458953	0.35764235764235763	0.9189806017243101	down	0.4252
chr2:87987171-111255403		ENSG00000242580.1	ENSG00000242580.1	2	90248739	462	-0.09435	0.16073	-0.587	0.5574684634805132	0.5404595404595405	0.9189806017243101	down	0.9564
chr12:75713180-75731794		ENSG00000257872.1	ENSG00000257872.1	12	76531205	462	0.01051	0.01793	0.5859	0.5582268088004567	0.5394605394605395	0.9189806017243101	up	0.1694
chr5:177946129-178003952		ENSG00000113240.7	ENSG00000113240.7	5	178057616	462	-0.07098	0.12143	-0.5845	0.5591500764318993	0.5284715284715285	0.9189806017243101	down	2.8222
chr1:248128773-248428856		ENSG00000183310.2	ENSG00000183310.2	1	248738080	421	0.04674	0.08018	0.583	0.5602521651587777	0.5524475524475524	0.9189806017243101	up	0.384
chr2:87987171-111255403		ENSG00000237666.2	ENSG00000237666.2	2	107094125	462	0.01963	0.03383	0.5803	0.5619811911281724	0.5694305694305695	0.9189806017243101	up	2.3186
chr2:87987171-111255403		ENSG00000153093.13	ENSG00000153093.13	2	111490150	462	-0.06789	0.11705	-0.58	0.5622195188989292	0.5554445554445554	0.9189806017243101	down	2.1451
chr12:75713180-75731794		ENSG00000091039.11	ENSG00000091039.11	12	76953589	462	0.05796	0.10015	0.5788	0.5630266191297499	0.5464535464535465	0.9189806017243101	up	4.0775
chr21:43821742-43835116		ENSG00000160200.12	ENSG00000160200.12	21	44497053	462	-0.10578	0.18287	-0.5784	0.563267580620672	0.5774225774225774	0.9189806017243101	down	1.8248
chr17:3082008-3221835		ENSG00000196689.6	ENSG00000196689.6	17	3500392	462	0.39986	0.69186	0.578	0.5635879223944659	0.5584415584415584	0.9189806017243101	up	1.1101
chr16:16721273-18073542		ENSG00000205730.5	ENSG00000205730.5	16	19125254	462	0.0785	0.13584	0.5778	0.563658968211856	0.5214785214785215	0.9189806017243101	up	0.8349
chr2:87987171-111255403		ENSG00000144061.8	ENSG00000144061.8	2	110962643	462	0.0225	0.03901	0.5769	0.5643193282168808	0.5574425574425574	0.9189806017243101	up	0.6726
chr13:52310302-52320954		ENSG00000217576.4	ENSG00000217576.4	13	52908412	462	-0.04248	0.07368	-0.5765	0.5645473090819261	0.5454545454545454	0.9189806017243101	down	1.291
chr3:195749463-195980207		ENSG00000145107.10	ENSG00000145107.10	3	196065374	462	-0.03868	0.0671	-0.5765	0.5645920344510031	0.5624375624375625	0.9189806017243101	down	0.7841
chr2:87987171-111255403		ENSG00000231584.2	ENSG00000231584.2	2	96679478	462	-0.01746	0.03032	-0.5759	0.5649815338343912	0.5524475524475524	0.9189806017243101	down	4.0844
chr11:71571819-71576724		ENSG00000149357.5	ENSG00000149357.5	11	71814433	462	0.03852	0.06696	0.5753	0.5653563218892408	0.5644355644355644	0.9189806017243101	up	5.7074
chr2:87987171-111255403		ENSG00000233707.2	ENSG00000233707.2	2	110495100	462	0.03442	0.06006	0.5731	0.566883698867054	0.5824175824175825	0.9189806017243101	up	3.1208
chr5:177946129-178003952		ENSG00000165671.12	ENSG00000165671.12	5	176560026	462	-0.05934	0.10383	-0.5715	0.5679235226954306	0.5044955044955045	0.9189806017243101	down	3.4569
chr2:91832040-92012663		ENSG00000230572.1	ENSG00000230572.1	2	91902771	462	0.02603	0.04565	0.5704	0.5687143302615982	0.5794205794205795	0.9189806017243101	up	0.6276
chr7:97445822-97459601		ENSG00000238228.1	ENSG00000238228.1	7	97577310	462	-0.00773	0.01358	-0.5694	0.5693993910690917	0.5814185814185814	0.9189806017243101	down	0.3561
chr7:65219157-65531823		ENSG00000152926.8	ENSG00000152926.8	7	64467062	462	0.01786	0.03164	0.5645	0.5726803538982788	0.5934065934065934	0.9189806017243101	up	1.4841
chr17:16823490-18384190		ENSG00000108641.9	ENSG00000108641.9	17	19281495	462	-0.02632	0.04666	-0.5641	0.5729682148834266	0.5634365634365635	0.9189806017243101	down	2.2365
chr21:43821742-43835116		ENSG00000241728.1	ENSG00000241728.1	21	45750104	462	0.07782	0.13809	0.5636	0.5733396590437254	0.5794205794205795	0.9189806017243101	up	0.4654
chr13:48199250-48206639		ENSG00000235957.1	ENSG00000235957.1	13	49761806	462	0.10994	0.19522	0.5631	0.5736224869169905	0.5574425574425574	0.9189806017243101	up	6.9019
chr16:16721273-18073542		ENSG00000103222.13	ENSG00000103222.13	16	16043434	462	0.13143	0.2342	0.5612	0.5749508023441943	0.5734265734265734	0.9189806017243101	up	4.4017
chr2:87987171-111255403		ENSG00000225420.1	ENSG00000225420.1	2	88838238	462	0.01818	0.03255	0.5587	0.5766220347012128	0.5654345654345654	0.9189806017243101	up	3.2135
chr11:71571819-71576724		ENSG00000254682.1	ENSG00000254682.1	11	71159720	462	0.08368	0.15015	0.5573	0.5775838675109852	0.5734265734265734	0.9189806017243101	up	2.0383
chr1:149843518-149850293		ENSG00000203817.5	ENSG00000203817.5	1	149459549	462	0.05238	0.09417	0.5563	0.5782985599995379	0.5874125874125874	0.9189806017243101	up	4.5794
chr15:30618103-32153204		ENSG00000259647.1	ENSG00000259647.1	15	30338051	462	-0.02652	0.04775	-0.5554	0.5789084654553364	0.5744255744255744	0.9189806017243101	down	0.6723
chr1:25324280-25369060		ENSG00000133226.10	ENSG00000133226.10	1	24958207	462	0.01244	0.02242	0.555	0.5791566255364371	0.5974025974025974	0.9189806017243101	up	5.3022
chr2:87987171-111255403		ENSG00000211625.2	ENSG00000211625.2	2	90077680	462	-0.14628	0.2645	-0.553	0.5805079423332662	0.5714285714285714	0.9189806017243101	down	5.8413
chr5:177946129-178003952		ENSG00000198055.6	ENSG00000198055.6	5	176830205	462	-0.02917	0.05294	-0.551	0.5819418515871441	0.5994005994005994	0.9189806017243101	down	4.6002
chr20:24397726-24406144		ENSG00000101474.7	ENSG00000101474.7	20	24973615	462	-0.00688	0.01249	-0.5506	0.5822023165499154	0.5834165834165834	0.9189806017243101	down	4.159
chr17:45585159-46292045		ENSG00000224911.1	ENSG00000224911.1	17	42981914	462	-0.00958	0.01743	-0.5495	0.5829564924912657	0.5784215784215784	0.9189806017243101	down	0.3648
chr1:149843518-149850293		ENSG00000143420.12	ENSG00000143420.12	1	150602088	462	0.03368	0.06145	0.548	0.5839402006486214	0.5594405594405595	0.9189806017243101	up	6.664
chr2:87987171-111255403		ENSG00000204745.3	ENSG00000204745.3	2	87352513	462	0.0093	0.01702	0.5464	0.5850509301893831	0.5814185814185814	0.9189806017243101	up	3.7537
chr2:87987171-111255403		ENSG00000235522.1	ENSG00000235522.1	2	106473633	462	-0.0223	0.04083	-0.5462	0.5851986584095119	0.5824175824175825	0.9189806017243101	down	1.2644
chr16:75206214-75222748		ENSG00000103035.5	ENSG00000103035.5	16	74330673	462	0.00691	0.01268	0.5451	0.5859454942653891	0.5684315684315684	0.9189806017243101	up	5.8578
chr5:177946129-178003952		ENSG00000244234.1	ENSG00000244234.1	5	177614300	462	-0.02454	0.04502	-0.5451	0.5859550447922753	0.5904095904095904	0.9189806017243101	down	0.916
chr1:149843518-149850293		ENSG00000182217.6	ENSG00000182217.6	1	149832714	462	-0.09374	0.17211	-0.5447	0.5862499629050031	0.5864135864135864	0.9189806017243101	down	3.2825
chr11:18249084-18265819		ENSG00000151116.10	ENSG00000151116.10	11	18610294	462	-0.04271	0.07863	-0.5431	0.5873060286176989	0.5944055944055944	0.9189806017243101	down	3.0032
chr21:43821742-43835116		ENSG00000230061.1	ENSG00000230061.1	21	45845155	462	0.06138	0.1134	0.5412	0.5886302387449157	0.6243756243756243	0.9189806017243101	up	0.2387
chr13:48199250-48206639		ENSG00000102531.10	ENSG00000102531.10	13	49550048	462	-0.08031	0.14849	-0.5409	0.5888614019102821	0.5464535464535465	0.9189806017243101	down	3.7219
chr13:48199250-48206639		ENSG00000136156.7	ENSG00000136156.7	13	48807294	462	0.34117	0.6312	0.5405	0.5891151538989263	0.5724275724275725	0.9189806017243101	up	5.2171
chr2:87987171-111255403		ENSG00000115042.5	ENSG00000115042.5	2	96068469	462	-0.02963	0.05489	-0.5399	0.5895487219710523	0.5864135864135864	0.9189806017243101	down	4.7603
chr2:87987171-111255403		ENSG00000230572.1	ENSG00000230572.1	2	91902771	462	0.01751	0.03279	0.5341	0.5935181589491866	0.5754245754245755	0.9189806017243101	up	0.6276
chr2:87987171-111255403		ENSG00000231822.1	ENSG00000231822.1	2	99718481	462	0.01513	0.02845	0.5317	0.5952004264322343	0.6053946053946054	0.9189806017243101	up	4.7003
chr17:45585159-46292045		ENSG00000181513.9	ENSG00000181513.9	17	43209967	462	0.00789	0.01484	0.5314	0.5954118678692003	0.6023976023976024	0.9189806017243101	up	2.1988
chr7:65219157-65531823		ENSG00000234338.1	ENSG00000234338.1	7	64297260	462	-0.00728	0.01372	-0.5303	0.5961477391132123	0.5974025974025974	0.9189806017243101	down	0.1788
chr2:87987171-111255403		ENSG00000243238.1	ENSG00000243238.1	2	89545079	462	0.17934	0.33884	0.5293	0.5968844796950334	0.6183816183816184	0.9189806017243101	up	3.8497
chr5:179643529-179651253		ENSG00000161010.10	ENSG00000161010.10	5	179289173	462	0.0173	0.03269	0.5291	0.5970190169538501	0.5894105894105894	0.9189806017243101	up	5.5892
chr17:16823490-18384190		ENSG00000091542.7	ENSG00000091542.7	17	18086392	462	0.01189	0.02248	0.5288	0.5971983989246215	0.6233766233766234	0.9189806017243101	up	5.9185
chr21:43821742-43835116		ENSG00000229880.1	ENSG00000229880.1	21	46098003	462	-0.02216	0.04191	-0.5287	0.5973036437520581	0.6043956043956044	0.9189806017243101	down	0.8086
chr7:5989046-6735643		ENSG00000157954.9	ENSG00000157954.9	7	5229819	462	-0.02193	0.04149	-0.5286	0.5973485578132325	0.6193806193806194	0.9189806017243101	down	5.1489
chr17:45585159-46292045		ENSG00000259207.2	ENSG00000259207.2	17	45331208	462	0.03513	0.06666	0.5271	0.5983953626551214	0.6043956043956044	0.9189806017243101	up	2.1155
chr17:3082008-3221835		ENSG00000127804.6	ENSG00000127804.6	17	2415200	462	-0.21829	0.41419	-0.527	0.598437273270625	0.4885114885114885	0.9189806017243101	down	4.0441
chr8:7301024-12598379		ENSG00000173273.10	ENSG00000173273.10	8	9413424	462	-0.02481	0.04722	-0.5255	0.5995202880234042	0.6043956043956044	0.9189806017243101	down	3.0896
chr17:45585159-46292045		ENSG00000180329.8	ENSG00000180329.8	17	42767165	462	-0.00551	0.01049	-0.5249	0.5998899438315874	0.5944055944055944	0.9189806017243101	down	3.5666
chr2:87987171-111255403		ENSG00000183054.6	ENSG00000183054.6	2	111334762	462	0.04085	0.07805	0.5233	0.6010065697112256	0.6163836163836164	0.9189806017243101	up	4.0594
chr8:7301024-12598379		ENSG00000253958.1	ENSG00000253958.1	8	8559448	462	-0.00505	0.00965	-0.5229	0.6012837081363552	0.6283716283716284	0.9189806017243101	down	0.1945
chr2:87987171-111255403		ENSG00000236330.1	ENSG00000236330.1	2	111725411	462	-0.03366	0.06476	-0.5198	0.6034802653004452	0.6093906093906094	0.9189806017243101	down	4.7548
chr12:46896694-46915975		ENSG00000139218.12	ENSG00000139218.12	12	46385903	462	0.02511	0.04847	0.5181	0.6046275626182843	0.6123876123876124	0.9189806017243101	up	5.3703
chr2:87987171-111255403		ENSG00000170417.10	ENSG00000170417.10	2	103353367	462	0.0285	0.05527	0.5156	0.6063954296616292	0.5994005994005994	0.9189806017243101	up	1.3395
chr2:87987171-111255403		ENSG00000235644.1	ENSG00000235644.1	2	109329356	462	0.02182	0.04251	0.5134	0.6079145608145284	0.6233766233766234	0.9189806017243101	up	0.722
chr11:71571819-71576724		ENSG00000254469.1	ENSG00000254469.1	11	71639700	462	0.03928	0.07658	0.5129	0.60825384094702	0.6213786213786214	0.9189806017243101	up	1.034
chr1:149843518-149850293		ENSG00000240929.1	ENSG00000240929.1	1	149399179	462	-0.06092	0.11887	-0.5125	0.6085336340365162	0.6103896103896104	0.9189806017243101	down	0.8642
chr16:14954790-15100859		ENSG00000166780.6	ENSG00000166780.6	16	15528152	462	0.01694	0.03311	0.5116	0.6091864700039393	0.6273726273726273	0.9189806017243101	up	0.6916
chr3:195749463-195980207		ENSG00000180370.5	ENSG00000180370.5	3	196466728	462	0.00467	0.00915	0.5109	0.6096692972812857	0.6043956043956044	0.9189806017243101	up	4.2282
chr2:87987171-111255403		ENSG00000241962.3	ENSG00000241962.3	2	99757948	462	0.06342	0.12453	0.5093	0.6107948437910129	0.6293706293706294	0.9189806017243101	up	3.1834
chr3:195749463-195980207		ENSG00000072274.8	ENSG00000072274.8	3	195809060	462	-0.01747	0.03433	-0.5089	0.6110562390057398	0.6233766233766234	0.9189806017243101	down	7.9614
chr17:45585159-46292045		ENSG00000136448.6	ENSG00000136448.6	17	43138680	462	-0.00548	0.01079	-0.5079	0.6117717389391242	0.6243756243756243	0.9189806017243101	down	4.7099
chr2:87987171-111255403		ENSG00000237745.1	ENSG00000237745.1	2	108531404	462	0.03137	0.06208	0.5053	0.6136051455611157	0.6223776223776224	0.9189806017243101	up	4.7338
chr16:14954790-15100859		ENSG00000250251.2	ENSG00000250251.2	16	15248421	462	-0.02417	0.04784	-0.5052	0.6136790870574187	0.6013986013986014	0.9189806017243101	down	4.187
chr3:75454477-75455715		ENSG00000244674.1	ENSG00000244674.1	3	75592080	462	-0.00336	0.00664	-0.505	0.6138039426993774	0.6293706293706294	0.9189806017243101	down	0.1445
chr17:3082008-3221835		ENSG00000074755.9	ENSG00000074755.9	17	4046314	462	0.2346	0.46651	0.5029	0.6152876079965734	0.6043956043956044	0.9189806017243101	up	3.9088
chr2:91832040-92012663		ENSG00000219041.3	ENSG00000219041.3	2	91678896	462	0.05781	0.11542	0.5009	0.6167146049729658	0.6023976023976024	0.9189806017243101	up	0.4721
chr2:87987171-111255403		ENSG00000196912.8	ENSG00000196912.8	2	98206428	462	-0.02763	0.05526	-0.4999	0.6173812709121308	0.6303696303696303	0.9189806017243101	down	2.8097
chr17:45585159-46292045		ENSG00000204652.5	ENSG00000204652.5	17	43685909	462	0.03142	0.06288	0.4997	0.6175063184662798	0.6143856143856143	0.9189806017243101	up	8.2732
chr3:195749463-195980207		ENSG00000119227.3	ENSG00000119227.3	3	196695931	462	-0.01234	0.02473	-0.499	0.6179954097270529	0.5974025974025974	0.9189806017243101	down	1.5001
chr11:18249084-18265819		ENSG00000166796.7	ENSG00000166796.7	11	18433854	462	-0.05463	0.10963	-0.4983	0.6185260299556392	0.6303696303696303	0.9189806017243101	down	0.3094
chr16:28471892-28637651		ENSG00000177548.8	ENSG00000177548.8	16	28947847	462	-0.01677	0.0337	-0.4976	0.6189819907572535	0.6273726273726273	0.9189806017243101	down	3.6815
chr2:87987171-111255403		ENSG00000214354.2	ENSG00000214354.2	2	87866283	462	0.01273	0.02564	0.4967	0.6196396342443186	0.6133866133866134	0.9189806017243101	up	1.0377
chr17:16823490-18384190		ENSG00000177731.8	ENSG00000177731.8	17	18162056	462	0.02366	0.04764	0.4966	0.6197073079516802	0.6393606393606394	0.9189806017243101	up	5.639
chr16:28471892-28637651		ENSG00000260727.1	ENSG00000260727.1	16	29624961	462	-0.01362	0.02748	-0.4957	0.6203587829464923	0.6133866133866134	0.9189806017243101	down	2.7601
chr8:7301024-12598379		ENSG00000104626.10	ENSG00000104626.10	8	8859657	462	-0.01141	0.02307	-0.4945	0.6211966813549755	0.6473526473526473	0.9189806017243101	down	3.1327
chr5:179643529-179651253		ENSG00000253144.1	ENSG00000253144.1	5	178510195	462	0.00701	0.01423	0.4926	0.62252450103245	0.6483516483516484	0.9189806017243101	up	2.8662
chr5:177946129-178003952		ENSG00000218227.3	ENSG00000218227.3	5	177482605	462	-0.02463	0.05018	-0.4909	0.6237074362156135	0.6143856143856143	0.9189806017243101	down	10.0193
chr2:87987171-111255403		ENSG00000233404.2	ENSG00000233404.2	2	102508955	462	0.02076	0.04238	0.4899	0.6244324159644041	0.6503496503496503	0.9189806017243101	up	0.4801
chr1:149843518-149850293		ENSG00000183941.6	ENSG00000183941.6	1	149804232	462	-0.08396	0.17203	-0.488	0.6257604018983018	0.6083916083916084	0.9189806017243101	down	3.2832
chr16:14954790-15100859		ENSG00000183458.8	ENSG00000183458.8	16	15005408	462	-0.04552	0.09332	-0.4878	0.6259526572434102	0.6263736263736264	0.9189806017243101	down	3.0507
chr2:87987171-111255403		ENSG00000230606.3	ENSG00000230606.3	2	98091049	462	0.02905	0.05983	0.4855	0.6275726899189111	0.6493506493506493	0.9189806017243101	up	2.1707
chr7:5989046-6735643		ENSG00000164638.5	ENSG00000164638.5	7	5314000	462	-0.01535	0.03165	-0.4849	0.6279856179150353	0.6273726273726273	0.9189806017243101	down	0.4187
chr12:46896694-46915975		ENSG00000111371.10	ENSG00000111371.10	12	46663800	462	-0.01929	0.03981	-0.4846	0.6281957121114401	0.6143856143856143	0.9189806017243101	down	4.4712
chr2:87987171-111255403		ENSG00000224881.1	ENSG00000224881.1	2	87607890	462	0.00792	0.01636	0.4841	0.6285651098469344	0.6453546453546454	0.9189806017243101	up	0.18
chr3:195749463-195980207		ENSG00000230732.1	ENSG00000230732.1	3	196640757	462	-0.00436	0.009	-0.484	0.6286274865791053	0.6223776223776224	0.9189806017243101	down	0.1696
chr17:45585159-46292045		ENSG00000263142.1	ENSG00000263142.1	17	45055847	462	-0.02713	0.05617	-0.483	0.6293364488779211	0.6343656343656343	0.9189806017243101	down	1.3431
chr5:112179911-112236600		ENSG00000153037.7	ENSG00000153037.7	5	112196885	462	-0.06626	0.13722	-0.4829	0.6294176055625387	0.5114885114885115	0.9189806017243101	down	5.4812
chr11:71571819-71576724		ENSG00000172893.10	ENSG00000172893.10	11	71163914	462	0.0437	0.09056	0.4825	0.6296776179665952	0.6223776223776224	0.9189806017243101	up	5.2467
chr16:16721273-18073542		ENSG00000257381.1	ENSG00000257381.1	16	16394007	462	-0.03783	0.07857	-0.4814	0.630439230571771	0.6263736263736264	0.9189806017243101	down	0.5197
chr8:7301024-12598379		ENSG00000253649.1	ENSG00000253649.1	8	10405095	462	-0.01182	0.02455	-0.4813	0.6305613558166706	0.6223776223776224	0.9189806017243101	down	0.3569
chr3:195749463-195980207		ENSG00000114503.6	ENSG00000114503.6	3	196669468	462	0.00592	0.01231	0.4806	0.631016500162633	0.6313686313686314	0.9189806017243101	up	5.8686
chr17:3082008-3221835		ENSG00000074370.13	ENSG00000074370.13	17	3867736	462	0.17223	0.35854	0.4804	0.6312087599206667	0.5564435564435565	0.9189806017243101	up	5.4206
chr7:5989046-6735643		ENSG00000075618.11	ENSG00000075618.11	7	5632439	462	0.02545	0.05302	0.48	0.6314538693843623	0.6083916083916084	0.9189806017243101	up	6.9221
chr5:179643529-179651253		ENSG00000131459.8	ENSG00000131459.8	5	179780387	462	0.00529	0.01106	0.4784	0.6325940031400191	0.6533466533466533	0.9189806017243101	up	0.2093
chr2:87987171-111255403		ENSG00000071073.6	ENSG00000071073.6	2	99347589	462	-0.03158	0.0661	-0.4777	0.6330927602090318	0.6353646353646354	0.9189806017243101	down	0.8495
chr2:87987171-111255403		ENSG00000235896.2	ENSG00000235896.2	2	90273679	462	0.08343	0.17507	0.4765	0.6339355855919001	0.6423576423576424	0.9189806017243101	up	4.6225
chr2:87987171-111255403		ENSG00000227513.1	ENSG00000227513.1	2	106961022	462	0.00828	0.01743	0.4752	0.6348770325433705	0.6403596403596403	0.9189806017243101	up	0.2334
chr8:7301024-12598379		ENSG00000154328.9	ENSG00000154328.9	8	11627144	462	-0.01601	0.03371	-0.4748	0.6351909298013136	0.6483516483516484	0.9189806017243101	down	3.7958
chr21:13987773-14056796		ENSG00000237202.1	ENSG00000237202.1	21	14492565	462	0.00883	0.01863	0.4741	0.6356958527578818	0.6223776223776224	0.9189806017243101	up	0.3463
chr7:97445822-97459601		ENSG00000196636.7	ENSG00000196636.7	7	96745902	462	-0.0104	0.02196	-0.4736	0.636007010733654	0.6393606393606394	0.9189806017243101	down	4.0652
chr16:75206214-75222748		ENSG00000262904.1	ENSG00000262904.1	16	74701404	462	-0.00607	0.01285	-0.4726	0.6367210130096719	0.6373626373626373	0.9189806017243101	down	1.304
chr11:71571819-71576724		ENSG00000165458.8	ENSG00000165458.8	11	71934745	462	-0.03431	0.07264	-0.4724	0.6368986374455853	0.6183816183816184	0.9189806017243101	down	5.5784
chr7:65219157-65531823		ENSG00000223473.1	ENSG00000223473.1	7	65958553	462	-0.00636	0.01347	-0.4721	0.6370825502922098	0.6073926073926074	0.9189806017243101	down	0.6153
chr20:24397726-24406144		ENSG00000100997.12	ENSG00000100997.12	20	25371619	462	0.00587	0.01244	0.472	0.637154212512329	0.6333666333666333	0.9189806017243101	up	4.0052
chr17:45585159-46292045		ENSG00000108883.6	ENSG00000108883.6	17	42976993	462	-0.004	0.00848	-0.4713	0.6376448601625059	0.6003996003996004	0.9189806017243101	down	4.854
chr21:43821742-43835116		ENSG00000160213.5	ENSG00000160213.5	21	45196326	462	0.05665	0.12292	0.4608	0.6451365615507137	0.6203796203796204	0.9284910193811386	up	5.4579
chr1:25324280-25369060		ENSG00000130695.8	ENSG00000130695.8	1	26560691	462	0.00546	0.01189	0.4596	0.6460205444885156	0.6223776223776224	0.9284910193811386	up	3.2462
chr15:30618103-32153204		ENSG00000232653.3	ENSG00000232653.3	15	32885657	462	-0.01218	0.02664	-0.457	0.647867514820334	0.6713286713286714	0.9284910193811386	down	0.3401
chr7:5989046-6735643		ENSG00000219545.4	ENSG00000219545.4	7	7680342	462	0.03306	0.07244	0.4563	0.6483668804401883	0.6423576423576424	0.9284910193811386	up	3.5462
chr7:5989046-6735643		ENSG00000236609.3	ENSG00000236609.3	7	6655248	462	0.00628	0.01379	0.4554	0.6490137620215481	0.6283716283716284	0.9284910193811386	up	0.1388
chr17:45585159-46292045		ENSG00000233175.1	ENSG00000233175.1	17	43318564	462	0.01019	0.02244	0.454	0.650073996221021	0.6633366633366633	0.9284910193811386	up	0.6044
chr7:5989046-6735643		ENSG00000155026.10	ENSG00000155026.10	7	6010314	462	0.0234	0.05158	0.4536	0.650319306569816	0.6483516483516484	0.9284910193811386	up	2.1802
chr2:45065588-45081777		ENSG00000236502.1	ENSG00000236502.1	2	45169012	462	0.01274	0.0281	0.4535	0.6503882159197492	0.6573426573426573	0.9284910193811386	up	0.2357
chr16:28471892-28637651		ENSG00000178952.4	ENSG00000178952.4	16	28857729	462	0.00713	0.01575	0.4527	0.6509937034110084	0.6523476523476524	0.9284910193811386	up	6.8303
chr16:28471892-28637651		ENSG00000169203.11	ENSG00000169203.11	16	29517320	462	-0.01646	0.03645	-0.4516	0.651775182312045	0.6673326673326674	0.9285358753766534	down	5.0452
chr5:179643529-179651253		ENSG00000248367.1	ENSG00000248367.1	5	179720245	462	0.00431	0.00959	0.4498	0.6530993846607968	0.6653346653346653	0.9293529174828349	up	0.1765
chr17:3082008-3221835		ENSG00000070366.8	ENSG00000070366.8	17	2207065	462	0.17495	0.39295	0.4452	0.656387322591394	0.6133866133866134	0.9314924070914385	up	4.0498
chr2:87987171-111255403		ENSG00000084090.9	ENSG00000084090.9	2	96874563	462	0.02609	0.05863	0.445	0.6565256159421796	0.6213786213786214	0.9314924070914385	up	7.0494
chr21:43821742-43835116		ENSG00000184441.4	ENSG00000184441.4	21	45751117	462	0.01952	0.04392	0.4446	0.6568601545967899	0.6483516483516484	0.9314924070914385	up	1.302
chr5:112179911-112236600		ENSG00000134982.11	ENSG00000134982.11	5	112043195	462	-0.12288	0.27903	-0.4404	0.6598775050362747	0.6663336663336663	0.9323960606508988	down	2.3723
chr2:87987171-111255403		ENSG00000229689.1	ENSG00000229689.1	2	96194603	462	0.007	0.01594	0.439	0.6608671311145963	0.6783216783216783	0.9323960606508988	up	0.3907
chr17:3082008-3221835		ENSG00000167721.5	ENSG00000167721.5	17	2240801	462	0.05752	0.13116	0.4386	0.661193813393643	0.6203796203796204	0.9323960606508988	up	4.3725
chr7:5989046-6735643		ENSG00000086232.7	ENSG00000086232.7	7	6098861	462	-0.01125	0.02571	-0.4378	0.6617524208227074	0.6603396603396603	0.9323960606508988	down	6.7835
chr7:65219157-65531823		ENSG00000227986.1	ENSG00000227986.1	7	63815456	462	-0.00642	0.01466	-0.4376	0.6618773142150098	0.6683316683316683	0.9323960606508988	down	0.8307
chr6:167209001-167357782		ENSG00000230711.2	ENSG00000230711.2	6	168690030	462	-0.0117	0.02675	-0.4374	0.6620162660033441	0.6763236763236763	0.9323960606508988	down	0.3379
chr5:179643529-179651253		ENSG00000161021.6	ENSG00000161021.6	5	179159851	462	-0.0082	0.01883	-0.4358	0.6632216554668037	0.6423576423576424	0.9330322834862533	down	2.97
chr15:30618103-32153204		ENSG00000198690.5	ENSG00000198690.5	15	31196055	462	-0.02358	0.05439	-0.4336	0.6647902483280992	0.6153846153846154	0.9337713349723314	down	2.927
chr17:3082008-3221835		ENSG00000262304.1	ENSG00000262304.1	17	3539543	462	-0.26163	0.61044	-0.4286	0.6684267867090521	0.6683316683316683	0.9337713349723314	down	0.8933
chr13:52310302-52320954		ENSG00000102796.6	ENSG00000102796.6	13	52378293	462	0.06443	0.15073	0.4274	0.6692596658919135	0.6423576423576424	0.9337713349723314	up	2.1715
chr15:30618103-32153204		ENSG00000259358.1	ENSG00000259358.1	15	32060404	462	-0.01487	0.03492	-0.4258	0.670461159164997	0.6873126873126874	0.9337713349723314	down	0.9843
chr7:65219157-65531823		ENSG00000224669.1	ENSG00000224669.1	7	64043111	462	-0.0082	0.0194	-0.4229	0.6725979665810025	0.6663336663336663	0.9337713349723314	down	2.8031
chr2:87987171-111255403		ENSG00000153107.7	ENSG00000153107.7	2	112642267	462	-0.01037	0.02458	-0.4219	0.6733007592319471	0.6753246753246753	0.9337713349723314	down	4.4501
chr7:65219157-65531823		ENSG00000126522.10	ENSG00000126522.10	7	65540785	462	-0.01205	0.02867	-0.4203	0.6744870886861749	0.6433566433566433	0.9337713349723314	down	4.7102
chr7:65219157-65531823		ENSG00000234585.2	ENSG00000234585.2	7	64498732	462	-0.00565	0.01348	-0.4192	0.6752681265877574	0.6673326673326674	0.9337713349723314	down	2.3509
chr11:18249084-18265819		ENSG00000247595.2	ENSG00000247595.2	11	18621334	462	0.02319	0.05532	0.4191	0.6753144060018952	0.6553446553446554	0.9337713349723314	up	2.1491
chr16:14954790-15100859		ENSG00000133393.8	ENSG00000133393.8	16	15982482	462	0.01303	0.03109	0.4191	0.6753648152067587	0.6933066933066933	0.9337713349723314	up	5.0443
chr7:97445822-97459601		ENSG00000243554.1	ENSG00000243554.1	7	97601566	462	-0.00916	0.02188	-0.4188	0.6755783573400241	0.6813186813186813	0.9337713349723314	down	1.1317
chr2:87987171-111255403		ENSG00000211611.2	ENSG00000211611.2	2	89459850	462	0.09535	0.22777	0.4186	0.6756979324762105	0.6993006993006993	0.9337713349723314	up	1.8701
chr17:3082008-3221835		ENSG00000261903.1	ENSG00000261903.1	17	2295372	462	0.07454	0.17904	0.4163	0.6773554081462667	0.6403596403596403	0.9337713349723314	up	0.6346
chr2:87987171-111255403		ENSG00000228486.2	ENSG00000228486.2	2	98280680	462	0.01376	0.03347	0.4111	0.6812169072391816	0.6883116883116883	0.9337713349723314	up	0.6475
chr17:16823490-18384190		ENSG00000072310.10	ENSG00000072310.10	17	17740325	462	-0.02302	0.05607	-0.4106	0.6815871706824866	0.6703296703296703	0.9337713349723314	down	4.075
chr2:87987171-111255403		ENSG00000015568.7	ENSG00000015568.7	2	110550335	462	0.03506	0.08561	0.4095	0.6823868845938393	0.7302697302697303	0.9337713349723314	up	3.9606
chr7:5989046-6735643		ENSG00000169402.10	ENSG00000169402.10	7	6793740	462	-0.0207	0.05062	-0.409	0.6827408124594353	0.6903096903096904	0.9337713349723314	down	2.1941
chr16:35946683-35952382		ENSG00000256579.1	ENSG00000256579.1	16	34232106	462	-0.01658	0.04056	-0.4088	0.6828610360015824	0.6573426573426573	0.9337713349723314	down	0.1712
chr17:45585159-46292045		ENSG00000180336.11	ENSG00000180336.11	17	42733762	462	0.00395	0.00968	0.4085	0.6831007823334078	0.6953046953046953	0.9337713349723314	up	0.2298
chr1:248128773-248428856		ENSG00000214144.2	ENSG00000214144.2	1	247393242	421	-0.04243	0.10422	-0.4071	0.6841422644516844	0.6643356643356644	0.9337713349723314	down	3.4013
chr17:16823490-18384190		ENSG00000108448.13	ENSG00000108448.13	17	18601311	462	0.01617	0.0398	0.4064	0.6846802638279151	0.6653346653346653	0.9337713349723314	up	2.504
chr2:87987171-111255403		ENSG00000158158.7	ENSG00000158158.7	2	97426639	462	0.0144	0.03552	0.4055	0.6852807619024123	0.6873126873126874	0.9337713349723314	up	2.595
chr8:7301024-12598379		ENSG00000254093.3	ENSG00000254093.3	8	10697394	462	-0.00782	0.01931	-0.4051	0.6856032136266355	0.6683316683316683	0.9337713349723314	down	3.9028
chr16:16721273-18073542		ENSG00000103489.7	ENSG00000103489.7	16	17564738	462	-0.07283	0.1798	-0.405	0.6856393596314263	0.6933066933066933	0.9337713349723314	down	1.2184
chr17:16823490-18384190		ENSG00000154025.10	ENSG00000154025.10	17	18853658	462	0.01225	0.03044	0.4023	0.6876618766742653	0.6843156843156843	0.9337713349723314	up	3.1312
chr2:87987171-111255403		ENSG00000198885.5	ENSG00000198885.5	2	96991069	462	0.01266	0.03153	0.4017	0.688092271995291	0.6383616383616384	0.9337713349723314	up	2.9782
chr2:87987171-111255403		ENSG00000235734.2	ENSG00000235734.2	2	98443711	462	-0.01761	0.04403	-0.3999	0.6894273597924386	0.6873126873126874	0.9337713349723314	down	5.7457
chr21:43821742-43835116		ENSG00000232124.1	ENSG00000232124.1	21	45621173	462	-0.06693	0.16763	-0.3993	0.6898885582333578	0.6923076923076923	0.9337713349723314	down	0.759
chr21:13987773-14056796		ENSG00000228184.1	ENSG00000228184.1	21	14897920	462	-0.00262	0.00657	-0.3985	0.6904451165561033	0.6853146853146853	0.9337713349723314	down	0.2065
chr11:71571819-71576724		ENSG00000110200.4	ENSG00000110200.4	11	71823826	462	0.02956	0.0742	0.3983	0.6905797011371324	0.7012987012987013	0.9337713349723314	up	5.165
chr2:87987171-111255403		ENSG00000233205.1	ENSG00000233205.1	2	88272175	462	0.01086	0.02727	0.3982	0.6906912430665014	0.6833166833166833	0.9337713349723314	up	4.4232
chr21:13987773-14056796		ENSG00000155307.13	ENSG00000155307.13	21	15955723	462	-0.01897	0.04769	-0.3977	0.691005741457386	0.7062937062937062	0.9337713349723314	down	4.647
chr11:18249084-18265819		ENSG00000134333.7	ENSG00000134333.7	11	18415935	462	0.02017	0.05073	0.3975	0.6911828253834345	0.6893106893106893	0.9337713349723314	up	10.2073
chr15:30618103-32153204		ENSG00000198826.6	ENSG00000198826.6	15	32907345	462	0.01972	0.04972	0.3967	0.6918010595719982	0.7002997002997003	0.9337713349723314	up	4.3241
chr16:75206214-75222748		ENSG00000153774.4	ENSG00000153774.4	16	75467383	462	-0.01011	0.02549	-0.3966	0.6918330137384271	0.7162837162837162	0.9337713349723314	down	5.6249
chr8:7301024-12598379		ENSG00000147316.8	ENSG00000147316.8	8	6264113	462	-0.00718	0.01811	-0.3966	0.6918605738684959	0.6983016983016983	0.9337713349723314	down	3.2095
chr17:3082008-3221835		ENSG00000240898.1	ENSG00000240898.1	17	3568514	462	0.05607	0.14215	0.3944	0.6934449252982304	0.6813186813186813	0.9337713349723314	up	0.1904
chr17:16823490-18384190		ENSG00000214941.2	ENSG00000214941.2	17	15903031	462	-0.0162	0.04109	-0.3943	0.6935403400500971	0.6983016983016983	0.9337713349723314	down	2.282
chr17:3082008-3221835		ENSG00000007168.6	ENSG00000007168.6	17	2496504	462	0.14582	0.37057	0.3935	0.6941369782186079	0.5584415584415584	0.9337713349723314	up	5.2231
chr9:87942696-88110274		ENSG00000227638.1	ENSG00000227638.1	9	91026363	462	0.02051	0.05221	0.3928	0.6946298383361655	0.7032967032967034	0.9337713349723314	up	2.7534
chr20:24397726-24406144		ENSG00000125814.12	ENSG00000125814.12	20	23402125	462	0.00626	0.01595	0.3925	0.6948727023644833	0.6863136863136863	0.9337713349723314	up	2.5136
chr2:87987171-111255403		ENSG00000259863.1	ENSG00000259863.1	2	109745386	462	0.02081	0.05317	0.3914	0.6956620655378307	0.7022977022977023	0.9337713349723314	up	0.5486
chr21:43821742-43835116		ENSG00000142178.7	ENSG00000142178.7	21	44847008	462	-0.05366	0.13832	-0.388	0.6982263794682401	0.7122877122877123	0.9337713349723314	down	2.284
chr11:18249084-18265819		ENSG00000074319.6	ENSG00000074319.6	11	18548779	462	0.04287	0.1111	0.3859	0.6997750330814455	0.7112887112887113	0.9337713349723314	up	5.5239
chr17:3082008-3221835		ENSG00000205821.3	ENSG00000205821.3	17	2319379	462	-0.18037	0.46751	-0.3858	0.6998240106314372	0.5184815184815185	0.9337713349723314	down	0.5518
chr2:45065588-45081777		ENSG00000138083.3	ENSG00000138083.3	2	45168902	462	0.03345	0.08677	0.3855	0.7000243980550063	0.7172827172827173	0.9337713349723314	up	1.0667
chr1:248128773-248428856		ENSG00000259865.1	ENSG00000259865.1	1	247351828	421	0.04032	0.1046	0.3855	0.7000752575380932	0.6873126873126874	0.9337713349723314	up	2.9861
chr2:87987171-111255403		ENSG00000225523.2	ENSG00000225523.2	2	90060377	462	0.08342	0.21724	0.384	0.7011579476744809	0.7002997002997003	0.9337713349723314	up	1.8008
chr15:30618103-32153204		ENSG00000234664.1	ENSG00000234664.1	15	30022917	462	-0.01271	0.03317	-0.3831	0.7018457768886139	0.7112887112887113	0.9337713349723314	down	8.0029
chr2:87987171-111255403		ENSG00000235325.1	ENSG00000235325.1	2	108537704	462	0.01401	0.0366	0.3829	0.7019929824302703	0.7032967032967034	0.9337713349723314	up	0.9546
chr16:75206214-75222748		ENSG00000065427.10	ENSG00000065427.10	16	75682541	462	-0.0063	0.01651	-0.3812	0.7032000518667109	0.7112887112887113	0.9337713349723314	down	7.1043
chr3:75454477-75455715		ENSG00000243422.1	ENSG00000243422.1	3	75674304	462	-0.00516	0.01359	-0.3799	0.7041981065897803	0.6763236763236763	0.9337713349723314	down	0.2978
chr2:87987171-111255403		ENSG00000240040.1	ENSG00000240040.1	2	89161075	462	-0.03716	0.09795	-0.3794	0.7045527979926319	0.6923076923076923	0.9337713349723314	down	0.6886
chr2:87987171-111255403		ENSG00000115526.6	ENSG00000115526.6	2	101034118	462	0.0274	0.07238	0.3786	0.7051564046340119	0.7142857142857143	0.9337713349723314	up	2.6149
chr2:87987171-111255403		ENSG00000239951.1	ENSG00000239951.1	2	89442643	462	-0.12004	0.31772	-0.3778	0.7057540302061929	0.7112887112887113	0.9337713349723314	down	6.813
chr2:87987171-111255403		ENSG00000071054.10	ENSG00000071054.10	2	102313312	462	-0.03791	0.10042	-0.3775	0.705985435811068	0.6893106893106893	0.9337713349723314	down	1.6783
chr17:3082008-3221835		ENSG00000257950.2	ENSG00000257950.2	17	3599488	462	-0.08972	0.23903	-0.3753	0.7075911992444927	0.6423576423576424	0.9348963763763948	down	2.205
chr16:28471892-28637651		ENSG00000198106.6	ENSG00000198106.6	16	29262829	462	-0.02389	0.06432	-0.3714	0.7105440315480317	0.7172827172827173	0.9357851233095891	down	2.5433
chr16:16721273-18073542		ENSG00000257527.1	ENSG00000257527.1	16	18505708	462	-0.03088	0.0835	-0.3699	0.7116688208833093	0.6993006993006993	0.9357851233095891	down	0.4902
chr15:30618103-32153204		ENSG00000259845.1	ENSG00000259845.1	15	31107474	462	-0.00639	0.01732	-0.3688	0.7124416552277645	0.7062937062937062	0.9357851233095891	down	0.4872
chr17:16823490-18384190		ENSG00000177302.7	ENSG00000177302.7	17	18218288	462	0.01288	0.0352	0.3658	0.7146672194964141	0.7042957042957043	0.9357851233095891	up	3.7701
chr2:87987171-111255403		ENSG00000251039.2	ENSG00000251039.2	2	89890601	462	0.07553	0.20658	0.3656	0.714809645223459	0.7172827172827173	0.9357851233095891	up	1.4194
chr16:75206214-75222748		ENSG00000259972.1	ENSG00000259972.1	16	74369244	462	0.00861	0.02359	0.3649	0.7153279507819826	0.7012987012987013	0.9357851233095891	up	3.9777
chr2:87987171-111255403		ENSG00000231259.2	ENSG00000231259.2	2	87303536	462	0.01018	0.028	0.3637	0.7162846056803662	0.7082917082917083	0.9357851233095891	up	4.1168
chr1:149843518-149850293		ENSG00000223779.4	ENSG00000223779.4	1	149239531	462	-0.05098	0.14043	-0.3631	0.7167352129144473	0.7302697302697303	0.9357851233095891	down	1.1974
chr5:179643529-179651253		ENSG00000253869.1	ENSG00000253869.1	5	178349065	462	0.00545	0.01503	0.3629	0.7168252916064938	0.7252747252747253	0.9357851233095891	up	1.7128
chr6:167209001-167357782		ENSG00000233231.1	ENSG00000233231.1	6	166748056	462	-0.02079	0.05731	-0.3627	0.7170213819540885	0.7022977022977023	0.9357851233095891	down	0.6585
chr17:45585159-46292045		ENSG00000161714.6	ENSG00000161714.6	17	43210580	462	-0.00988	0.02732	-0.3617	0.7177245429846384	0.7042957042957043	0.9357851233095891	down	0.598
chr2:87987171-111255403		ENSG00000225496.1	ENSG00000225496.1	2	112698613	462	0.00906	0.02522	0.3592	0.7196097124290692	0.6993006993006993	0.9357851233095891	up	3.3611
chr2:87987171-111255403		ENSG00000244437.1	ENSG00000244437.1	2	89385283	462	-0.10647	0.29714	-0.3583	0.7202817845884618	0.7262737262737263	0.9357851233095891	down	6.1057
chr2:87987171-111255403		ENSG00000216867.2	ENSG00000216867.2	2	111391524	462	0.01985	0.05555	0.3573	0.7210486008377228	0.7202797202797203	0.9357851233095891	up	2.817
chr21:13987773-14056796		ENSG00000243440.1	ENSG00000243440.1	21	16031142	462	0.02584	0.07252	0.3564	0.7217402290507108	0.7332667332667333	0.9357851233095891	up	0.7955
chr2:87987171-111255403		ENSG00000071051.9	ENSG00000071051.9	2	106361354	462	-0.01489	0.04189	-0.3555	0.7223661280898642	0.7302697302697303	0.9357851233095891	down	4.1253
chr17:16823490-18384190		ENSG00000171962.9	ENSG00000171962.9	17	17876127	462	-0.00688	0.01939	-0.355	0.7227611286330677	0.7332667332667333	0.9357851233095891	down	0.3261
chr17:16823490-18384190		ENSG00000240505.2	ENSG00000240505.2	17	16875402	462	-0.01769	0.05013	-0.353	0.724281828281169	0.7032967032967034	0.9357851233095891	down	6.5812
chr21:43821742-43835116		ENSG00000237604.1	ENSG00000237604.1	21	45595372	462	-0.02897	0.08209	-0.3529	0.7243448156153334	0.7372627372627373	0.9357851233095891	down	0.8768
chr7:65219157-65531823		ENSG00000234444.3	ENSG00000234444.3	7	63767837	462	-0.00761	0.02161	-0.3524	0.7246830528628042	0.7212787212787213	0.9357851233095891	down	2.0925
chr16:16721273-18073542		ENSG00000227827.3	ENSG00000227827.3	16	16450081	462	0.03965	0.11266	0.352	0.7250182805682883	0.7092907092907093	0.9357851233095891	up	2.3409
chr2:87987171-111255403		ENSG00000135976.11	ENSG00000135976.11	2	97779233	462	-0.0168	0.04783	-0.3513	0.7255415134258922	0.7442557442557443	0.9357851233095891	down	2.6631
chr2:87987171-111255403		ENSG00000259848.1	ENSG00000259848.1	2	95613086	462	-0.00477	0.01359	-0.3506	0.7260437907880714	0.7122877122877123	0.9357851233095891	down	0.1688
chr21:43821742-43835116		ENSG00000160218.7	ENSG00000160218.7	21	45432200	462	0.04704	0.13519	0.348	0.7280194509361617	0.7182817182817183	0.9357851233095891	up	4.1368
chr2:87987171-111255403		ENSG00000239819.1	ENSG00000239819.1	2	90259593	462	0.08406	0.24173	0.3478	0.7281881784098833	0.7332667332667333	0.9357851233095891	up	2.542
chr17:16823490-18384190		ENSG00000141040.9	ENSG00000141040.9	17	16472520	462	0.01928	0.05563	0.3466	0.7290893478822443	0.7582417582417582	0.9357851233095891	up	1.6945
chr2:87987171-111255403		ENSG00000230747.1	ENSG00000230747.1	2	96987469	462	-0.01122	0.03242	-0.3461	0.7294186680062992	0.7312687312687313	0.9357851233095891	down	0.7596
chr7:54234014-54308393		ENSG00000218586.3	ENSG00000218586.3	7	55001392	462	0.00352	0.01017	0.3461	0.7294286300434196	0.7452547452547452	0.9357851233095891	up	0.6022
chr7:5989046-6735643		ENSG00000164535.8	ENSG00000164535.8	7	6523821	462	0.02669	0.0778	0.3431	0.7316674582539672	0.7442557442557443	0.9357966802803682	up	3.0641
chr1:149843518-149850293		ENSG00000226067.1	ENSG00000226067.1	1	149284645	462	-0.03085	0.09019	-0.3421	0.7324413563794411	0.7162837162837162	0.9357966802803682	down	0.8744
chr12:46896694-46915975		ENSG00000258352.1	ENSG00000258352.1	12	47532153	462	0.00768	0.02247	0.3419	0.7326235722650806	0.7162837162837162	0.9357966802803682	up	0.1868
chr5:177946129-178003952		ENSG00000175309.10	ENSG00000175309.10	5	177659792	462	-0.02931	0.08579	-0.3416	0.7328026315432833	0.7352647352647352	0.9357966802803682	down	4.1627
chr5:179643529-179651253		ENSG00000245317.2	ENSG00000245317.2	5	179286013	462	-0.00329	0.00965	-0.3411	0.7332171081356682	0.7052947052947053	0.9357966802803682	down	0.5617
chr17:16823490-18384190		ENSG00000176974.11	ENSG00000176974.11	17	18266832	462	-0.01532	0.04537	-0.3377	0.735736722370297	0.7402597402597403	0.9369136041933258	down	3.8206
chr21:43821742-43835116		ENSG00000160194.11	ENSG00000160194.11	21	44299754	462	-0.18299	0.54216	-0.3375	0.7358832011595688	0.7442557442557443	0.9369136041933258	down	4.0972
chr16:14954790-15100859		ENSG00000261819.1	ENSG00000261819.1	16	15084017	462	0.00386	0.01148	0.3361	0.7369735660978005	0.7282717282717283	0.9369136041933258	up	4.1903
chr5:179643529-179651253		ENSG00000113269.7	ENSG00000113269.7	5	179499118	462	-0.01406	0.04199	-0.3349	0.7378439587940159	0.7172827172827173	0.9369136041933258	down	0.7797
chr11:18249084-18265819		ENSG00000257043.1	ENSG00000257043.1	11	18686597	462	0.01421	0.04244	0.3349	0.7378762230117065	0.7372627372627373	0.9369136041933258	up	3.211
chr17:16823490-18384190		ENSG00000154016.8	ENSG00000154016.8	17	18950950	462	0.01705	0.05108	0.3338	0.7386745694557745	0.7202797202797203	0.9369663083875499	up	4.5556
chr1:149843518-149850293		ENSG00000159208.11	ENSG00000159208.11	1	150254953	462	-0.03486	0.10547	-0.3306	0.7411303222450484	0.7652347652347652	0.9372783135661268	down	1.1146
chr1:149843518-149850293		ENSG00000232527.3	ENSG00000232527.3	1	148928322	462	0.04272	0.12956	0.3298	0.7417388401369941	0.7512487512487512	0.9372783135661268	up	3.5681
chr1:25324280-25369060		ENSG00000229162.1	ENSG00000229162.1	1	25287836	462	0.00423	0.01285	0.3293	0.7421203329665389	0.7372627372627373	0.9372783135661268	up	0.2888
chr13:52310302-52320954		ENSG00000224892.1	ENSG00000224892.1	13	52034661	462	-0.10849	0.33157	-0.3272	0.7436583635418546	0.7442557442557443	0.9372783135661268	down	4.8799
chr16:75206214-75222748		ENSG00000260539.1	ENSG00000260539.1	16	74483790	462	0.0043	0.01315	0.327	0.7438110108679059	0.7642357642357642	0.9372783135661268	up	2.4579
chr11:71571819-71576724		ENSG00000172890.4	ENSG00000172890.4	11	71164155	462	-0.02662	0.08189	-0.325	0.7453043838732403	0.7462537462537463	0.9372783135661268	down	5.2459
chr5:177946129-178003952		ENSG00000113761.7	ENSG00000113761.7	5	176449697	462	0.01592	0.04942	0.3222	0.7474794504392234	0.7462537462537463	0.9372783135661268	up	3.1117
chr17:3082008-3221835		ENSG00000262456.1	ENSG00000262456.1	17	2288141	462	0.06126	0.19067	0.3213	0.7481288338182348	0.7562437562437563	0.9372783135661268	up	1.636
chr5:124425560-124546657		ENSG00000250194.1	ENSG00000250194.1	5	124410358	462	-0.02268	0.07108	-0.319	0.7498533687944823	0.7652347652347652	0.9372783135661268	down	0.5348
chr16:75206214-75222748		ENSG00000239763.2	ENSG00000239763.2	16	74347288	462	0.00442	0.01389	0.318	0.7506110918462576	0.7332667332667333	0.9372783135661268	up	0.2581
chr2:87987171-111255403		ENSG00000239855.1	ENSG00000239855.1	2	89266286	462	0.09108	0.2868	0.3176	0.750957008189033	0.7682317682317682	0.9372783135661268	up	4.116
chr16:14954790-15100859		ENSG00000262454.1	ENSG00000262454.1	16	14396145	462	0.01203	0.03811	0.3155	0.75250674638253	0.7502497502497503	0.9372783135661268	up	2.2396
chr1:149843518-149850293		ENSG00000250661.1	ENSG00000250661.1	1	150131600	462	-0.01504	0.04769	-0.3154	0.7526287181742797	0.7322677322677322	0.9372783135661268	down	0.1746
chr1:149843518-149850293		ENSG00000261716.1	ENSG00000261716.1	1	149820591	462	0.01667	0.05286	0.3154	0.7526318246921068	0.7452547452547452	0.9372783135661268	up	1.2033
chr5:177946129-178003952		ENSG00000169131.6	ENSG00000169131.6	5	178157703	462	-0.02397	0.07618	-0.3147	0.7531295738591284	0.7432567432567433	0.9372783135661268	down	1.9537
chr16:28471892-28637651		ENSG00000260367.1	ENSG00000260367.1	16	28990145	462	0.003	0.00956	0.3136	0.7539423522774629	0.7472527472527473	0.9372783135661268	up	0.2162
chr11:71571819-71576724		ENSG00000213365.3	ENSG00000213365.3	11	71991195	462	0.01801	0.05762	0.3126	0.754733652174521	0.7562437562437563	0.9372783135661268	up	0.5374
chr2:87987171-111255403		ENSG00000256977.2	ENSG00000256977.2	2	110656005	462	0.02685	0.08605	0.3121	0.7551477509304755	0.7622377622377622	0.9372783135661268	up	1.294
chr13:48199250-48206639		ENSG00000225131.1	ENSG00000225131.1	13	49345264	462	0.05638	0.18117	0.3112	0.7557956529076512	0.7382617382617382	0.9372783135661268	up	7.0193
chr9:85797070-85801040		ENSG00000083223.12	ENSG00000083223.12	9	88969369	462	-0.01569	0.05047	-0.311	0.7559839639950249	0.7322677322677322	0.9372783135661268	down	3.5169
chr15:30618103-32153204		ENSG00000215302.4	ENSG00000215302.4	15	30762982	462	-0.01542	0.05017	-0.3074	0.7587037917029569	0.7552447552447552	0.9372783135661268	down	1.1863
chr15:30618103-32153204		ENSG00000223509.3	ENSG00000223509.3	15	32829127	462	0.01676	0.05469	0.3065	0.7593509673479638	0.7612387612387612	0.9372783135661268	up	1.2982
chr5:177946129-178003952		ENSG00000131187.5	ENSG00000131187.5	5	176836577	462	0.04473	0.14599	0.3064	0.7594291834578392	0.7672327672327672	0.9372783135661268	up	2.0279
chr15:30618103-32153204		ENSG00000166912.11	ENSG00000166912.11	15	31283810	462	0.01733	0.05665	0.306	0.759772558084792	0.7472527472527473	0.9372783135661268	up	2.9018
chr2:87987171-111255403		ENSG00000172985.8	ENSG00000172985.8	2	109745804	462	-0.03327	0.10894	-0.3053	0.7602442681009876	0.7612387612387612	0.9372783135661268	down	1.7925
chr16:75206214-75222748		ENSG00000135702.10	ENSG00000135702.10	16	75569145	462	0.007	0.02293	0.3052	0.7603441181163372	0.7602397602397603	0.9372783135661268	up	0.1861
chr16:14954790-15100859		ENSG00000254852.3	ENSG00000254852.3	16	14841923	462	-0.00899	0.02946	-0.305	0.7605172265041733	0.7452547452547452	0.9372783135661268	down	4.4954
chr6:167209001-167357782		ENSG00000176381.4	ENSG00000176381.4	6	166721936	462	0.05022	0.16512	0.3041	0.7611652745961834	0.7662337662337663	0.9372783135661268	up	1.5917
chr11:71571819-71576724		ENSG00000254978.1	ENSG00000254978.1	11	71515691	462	0.05167	0.17013	0.3037	0.7614705379112531	0.7652347652347652	0.9372783135661268	up	1.0234
chr15:30618103-32153204		ENSG00000186399.7	ENSG00000186399.7	15	30706463	462	-0.00759	0.025	-0.3035	0.7616332661127008	0.7822177822177823	0.9372783135661268	down	0.3108
chr17:16823490-18384190		ENSG00000141034.4	ENSG00000141034.4	17	17942736	462	-0.0134	0.04482	-0.299	0.7650556039698538	0.7672327672327672	0.9399035659413175	down	2.4171
chr2:87987171-111255403		ENSG00000115514.6	ENSG00000115514.6	2	99957165	462	-0.00887	0.0297	-0.2985	0.7654332491673729	0.7492507492507493	0.9399035659413175	down	3.9446
chr21:43821742-43835116		ENSG00000160214.6	ENSG00000160214.6	21	45209394	462	0.02484	0.08344	0.2977	0.7660441825806052	0.7532467532467533	0.9399035659413175	up	4.6775
chr7:5989046-6735643		ENSG00000122674.8	ENSG00000122674.8	7	5938356	462	0.00717	0.02429	0.2953	0.7678932691216527	0.7742257742257742	0.9410411588186044	up	5.1708
chr11:71571819-71576724		ENSG00000162105.9	ENSG00000162105.9	11	70963623	462	0.04942	0.16833	0.2936	0.7692038909628733	0.7752247752247752	0.9410411588186044	up	0.8575
chr21:43821742-43835116		ENSG00000232010.1	ENSG00000232010.1	21	45670696	462	0.01785	0.06104	0.2924	0.7700799913943811	0.7842157842157842	0.9410411588186044	up	0.2298
chr14:60606118-60611659		ENSG00000258563.1	ENSG00000258563.1	14	60646100	462	-0.00396	0.01357	-0.2916	0.7706991606238899	0.7782217782217782	0.9410411588186044	down	0.375
chr8:7301024-12598379		ENSG00000254423.1	ENSG00000254423.1	8	12233055	462	-0.00328	0.01125	-0.2915	0.7707719992262236	0.7582417582417582	0.9410411588186044	down	0.146
chr5:179643529-179651253		ENSG00000161013.12	ENSG00000161013.12	5	179233952	462	0.00391	0.01372	0.2851	0.7756849113176645	0.8021978021978022	0.9453087368366242	up	5.057
chr2:87987171-111255403		ENSG00000196843.9	ENSG00000196843.9	2	97202480	462	0.00991	0.03504	0.2829	0.7774157455962628	0.7652347652347652	0.9453087368366242	up	5.1514
chr1:248128773-248428856		ENSG00000196418.6	ENSG00000196418.6	1	247335310	421	0.04983	0.1764	0.2825	0.7777254258888784	0.7742257742257742	0.9453087368366242	up	2.3165
chr7:54234014-54308393		ENSG00000232612.1	ENSG00000232612.1	7	54724051	462	0.0037	0.01308	0.2824	0.7777430946883365	0.7982017982017982	0.9453087368366242	up	0.229
chr2:87987171-111255403		ENSG00000211619.2	ENSG00000211619.2	2	89630186	462	0.05786	0.20658	0.2801	0.7795588529521571	0.7742257742257742	0.9453087368366242	up	1.4223
chr17:45585159-46292045		ENSG00000161692.12	ENSG00000161692.12	17	42785976	462	0.00676	0.02423	0.2791	0.7803025129446112	0.7952047952047953	0.9453087368366242	up	3.729
chr5:177946129-178003952		ENSG00000198939.3	ENSG00000198939.3	5	178322895	462	-0.01634	0.05879	-0.2779	0.7812454975655687	0.7922077922077922	0.9453087368366242	down	0.1965
chr1:25324280-25369060		ENSG00000127423.6	ENSG00000127423.6	1	26185903	462	-0.00308	0.0112	-0.2751	0.7833719145288868	0.7722277722277723	0.9453087368366242	down	2.5606
chr13:48199250-48206639		ENSG00000136159.2	ENSG00000136159.2	13	48611703	462	0.05116	0.18668	0.2741	0.7841702884366489	0.7822177822177823	0.9453087368366242	up	3.2138
chr20:47841016-47888238		ENSG00000235621.3	ENSG00000235621.3	20	46983957	462	-0.02534	0.09286	-0.2729	0.7850449017932831	0.8031968031968032	0.9453087368366242	down	1.5114
chr16:75206214-75222748		ENSG00000168404.8	ENSG00000168404.8	16	74734858	462	-0.00881	0.0324	-0.2721	0.7857043851210773	0.7812187812187812	0.9453087368366242	down	3.2656
chr7:62290674-62363143		ENSG00000240651.1	ENSG00000240651.1	7	62708699	462	-0.00579	0.02136	-0.271	0.7865011074628786	0.8081918081918081	0.9453087368366242	down	0.3882
chr11:18249084-18265819		ENSG00000260196.1	ENSG00000260196.1	11	17402196	462	0.00764	0.0282	0.2709	0.7866303592744459	0.8101898101898102	0.9453087368366242	up	0.2058
chr2:87987171-111255403		ENSG00000185414.14	ENSG00000185414.14	2	99771461	462	0.02463	0.09097	0.2707	0.7867168604234447	0.8051948051948052	0.9453087368366242	up	3.767
chr8:7301024-12598379		ENSG00000171044.5	ENSG00000171044.5	8	11058875	462	-0.0045	0.01664	-0.2704	0.7869757158405317	0.8101898101898102	0.9453087368366242	down	1.3073
chr3:75454477-75455715		ENSG00000243794.1	ENSG00000243794.1	3	75570954	462	0.00595	0.02199	0.2704	0.7869891296789975	0.7952047952047953	0.9453087368366242	up	0.5422
chr2:87987171-111255403		ENSG00000115073.5	ENSG00000115073.5	2	98280570	462	-0.00615	0.0228	-0.2697	0.7874937477730826	0.7842157842157842	0.9453087368366242	down	4.801
chr2:87987171-111255403		ENSG00000040933.10	ENSG00000040933.10	2	99061317	462	-0.03565	0.13359	-0.2668	0.7897143848279179	0.8151848151848152	0.9453087368366242	down	3.6071
chr13:48199250-48206639		ENSG00000234145.1	ENSG00000234145.1	13	48337595	462	0.04882	0.18319	0.2665	0.7899654029867741	0.7712287712287712	0.9453087368366242	up	5.1358
chr16:28471892-28637651		ENSG00000196296.8	ENSG00000196296.8	16	28889726	462	-0.00447	0.01686	-0.265	0.791164016346738	0.8141858141858141	0.9453087368366242	down	0.7588
chr1:149843518-149850293		ENSG00000242352.2	ENSG00000242352.2	1	149261186	462	-0.01611	0.06084	-0.2647	0.7913602644195676	0.7922077922077922	0.9453087368366242	down	2.1888
chr17:16823490-18384190		ENSG00000154803.7	ENSG00000154803.7	17	17140502	462	0.00748	0.02834	0.2641	0.7918306091973452	0.8051948051948052	0.9453087368366242	up	3.1759
chr5:124425560-124546657		ENSG00000168916.10	ENSG00000168916.10	5	124084500	462	-0.04808	0.18283	-0.263	0.7926721278523378	0.7902097902097902	0.9453087368366242	down	2.2229
chr16:28471892-28637651		ENSG00000260514.1	ENSG00000260514.1	16	29635838	462	-0.00318	0.01223	-0.26	0.7949610668936221	0.7952047952047953	0.9453087368366242	down	0.1943
chr17:16823490-18384190		ENSG00000188522.8	ENSG00000188522.8	17	18908117	462	0.00634	0.02442	0.2595	0.7953554998715644	0.7982017982017982	0.9453087368366242	up	2.4102
chr6:167209001-167357782		ENSG00000213066.5	ENSG00000213066.5	6	167412670	462	-0.02773	0.10686	-0.2595	0.7953742074780047	0.8091908091908092	0.9453087368366242	down	3.4604
chr6:167209001-167357782		ENSG00000060762.13	ENSG00000060762.13	6	166796486	462	-0.02385	0.09261	-0.2576	0.7968542005875814	0.7912087912087912	0.9453087368366242	down	4.7741
chr5:177946129-178003952		ENSG00000252464.1	ENSG00000252464.1	5	178046999	462	0.01795	0.0698	0.2571	0.7972135695959918	0.8031968031968032	0.9453087368366242	up	0.216
chr16:28471892-28637651		ENSG00000213648.6	ENSG00000213648.6	16	29467127	462	-0.01074	0.0418	-0.2569	0.7973657153818214	0.7992007992007992	0.9453087368366242	down	3.6697
chr2:87987171-111255403		ENSG00000135951.10	ENSG00000135951.10	2	99771427	462	0.01428	0.0556	0.2569	0.7973705722905784	0.7942057942057942	0.9453087368366242	up	1.4324
chr16:35946683-35952382		ENSG00000261461.1	ENSG00000261461.1	16	34404612	462	-0.01006	0.03927	-0.2562	0.7979383117885883	0.7852147852147852	0.9453087368366242	down	5.5372
chr8:7301024-12598379		ENSG00000249898.3	ENSG00000249898.3	8	6565730	462	-0.00499	0.01967	-0.2539	0.7996851518027904	0.8091908091908092	0.9457520277502742	down	0.7652
chr17:3082008-3221835		ENSG00000167740.3	ENSG00000167740.3	17	4046462	462	-0.08078	0.31891	-0.2533	0.800150770900634	0.7402597402597403	0.9457520277502742	down	2.7383
chr2:87987171-111255403		ENSG00000240864.1	ENSG00000240864.1	2	89399854	462	-0.08736	0.34568	-0.2527	0.8006043013588751	0.8101898101898102	0.9457520277502742	down	3.7906
chr17:16823490-18384190		ENSG00000187688.8	ENSG00000187688.8	17	16318888	462	0.00765	0.03058	0.2502	0.8025575692950035	0.7752247752247752	0.9471556442204141	up	4.8964
chr7:97445822-97459601		ENSG00000070669.12	ENSG00000070669.12	7	97501854	462	-0.0102	0.04127	-0.2473	0.8048031355857641	0.7952047952047953	0.9489012208144534	down	5.8396
chr7:5989046-6735643		ENSG00000232581.1	ENSG00000232581.1	7	6628605	462	0.00952	0.03884	0.2451	0.8064897413046759	0.8111888111888111	0.949326537255882	up	2.5945
chr3:195749463-195980207		ENSG00000114331.8	ENSG00000114331.8	3	195163807	462	0.00445	0.01818	0.2448	0.8067526655021132	0.8041958041958042	0.949326537255882	up	3.9791
chr7:65219157-65531823		ENSG00000146757.9	ENSG00000146757.9	7	64838712	462	0.00431	0.01767	0.2436	0.8076318614096331	0.7972027972027972	0.949326537255882	up	2.7333
chr16:14954790-15100859		ENSG00000215003.4	ENSG00000215003.4	16	16026151	462	0.00709	0.02921	0.2429	0.8082311553050885	0.7912087912087912	0.949326537255882	up	3.0971
chr9:85797070-85801040		ENSG00000165121.10	ENSG00000165121.10	9	88430881	462	-0.00839	0.03478	-0.2413	0.8094500753966427	0.7902097902097902	0.9498570552995675	down	0.6591
chr7:5989046-6735643		ENSG00000164631.13	ENSG00000164631.13	7	6746620	462	0.00777	0.03238	0.2399	0.8105213448713953	0.8021978021978022	0.9502134705973365	up	3.3645
chr5:177946129-178003952		ENSG00000131183.6	ENSG00000131183.6	5	176806236	462	0.00866	0.03647	0.2375	0.8123920661572058	0.7832167832167832	0.9508363779606589	up	0.1716
chr2:87987171-111255403		ENSG00000239571.1	ENSG00000239571.1	2	89975669	462	0.08033	0.33969	0.2365	0.8131603867888387	0.7992007992007992	0.9508363779606589	up	3.7759
chr2:87987171-111255403		ENSG00000235480.1	ENSG00000235480.1	2	97198043	462	-0.00712	0.03014	-0.2362	0.8133568047337139	0.8371628371628371	0.9508363779606589	down	0.334
chr3:195749463-195980207		ENSG00000213123.4	ENSG00000213123.4	3	196045170	462	-0.00926	0.03999	-0.2315	0.8170179389762053	0.8231768231768232	0.9520764633779979	down	3.2217
chr7:97445822-97459601		ENSG00000231812.1	ENSG00000231812.1	7	97515180	462	0.0049	0.02119	0.2312	0.8172806908603669	0.8131868131868132	0.9520764633779979	up	0.3008
chr16:28471892-28637651		ENSG00000077235.12	ENSG00000077235.12	16	27561251	462	0.00839	0.03647	0.2299	0.8182395984791739	0.8121878121878122	0.9520764633779979	up	4.7819
chr17:16823490-18384190		ENSG00000181350.7	ENSG00000181350.7	17	16395467	462	0.00942	0.04101	0.2298	0.8183367228547853	0.8241758241758241	0.9520764633779979	up	5.6691
chr2:87987171-111255403		ENSG00000175701.6	ENSG00000175701.6	2	111002997	462	-0.01871	0.08146	-0.2297	0.8184460365105535	0.8231768231768232	0.9520764633779979	down	3.9008
chr8:7301024-12598379		ENSG00000227203.2	ENSG00000227203.2	8	11647514	462	-0.00556	0.02432	-0.2285	0.819349346670669	0.7982017982017982	0.9520764633779979	down	5.6145
chr3:195749463-195980207		ENSG00000236844.1	ENSG00000236844.1	3	195281428	462	0.00437	0.01916	0.2278	0.8198788387085318	0.8391608391608392	0.9520764633779979	up	1.8943
chr2:87987171-111255403		ENSG00000257207.2	ENSG00000257207.2	2	111230652	462	-0.00733	0.03232	-0.2269	0.8205699405689206	0.8091908091908092	0.9520764633779979	down	1.9487
chr16:14954790-15100859		ENSG00000157045.4	ENSG00000157045.4	16	15149921	462	-0.00559	0.02513	-0.2223	0.8241574248637809	0.8461538461538461	0.9547608352902568	down	4.6605
chr16:14954790-15100859		ENSG00000262470.1	ENSG00000262470.1	16	14294214	462	0.00803	0.03619	0.222	0.8244259555131539	0.8531468531468531	0.9547608352902568	up	1.4551
chr17:16823490-18384190		ENSG00000170425.2	ENSG00000170425.2	17	15848231	462	-0.00965	0.04382	-0.2202	0.8258320899972852	0.8291708291708292	0.9554954461837748	down	0.436
chr11:18249084-18265819		ENSG00000129167.5	ENSG00000129167.5	11	18063973	462	-0.01451	0.06667	-0.2177	0.8277931797625392	0.8091908091908092	0.955670442885911	down	0.3377
chr2:45065588-45081777		ENSG00000259439.1	ENSG00000259439.1	2	45166338	462	-0.00608	0.02803	-0.217	0.8282986071203152	0.8431568431568431	0.955670442885911	down	0.2123
chr17:16823490-18384190		ENSG00000131899.6	ENSG00000131899.6	17	18128901	462	-0.00551	0.0254	-0.2169	0.828372458231309	0.8291708291708292	0.955670442885911	down	0.9891
chr2:91832040-92012663		ENSG00000143429.4	ENSG00000143429.4	2	91847975	462	-0.02616	0.12114	-0.2159	0.8291361886025674	0.8281718281718282	0.955670442885911	down	2.9802
chr17:45585159-46292045		ENSG00000214447.3	ENSG00000214447.3	17	42977135	462	-0.00269	0.01252	-0.215	0.8298430743960858	0.8161838161838162	0.955670442885911	down	0.2119
chr12:46896694-46915975		ENSG00000247774.2	ENSG00000247774.2	12	47610239	462	-0.01568	0.07351	-0.2133	0.8312219413483598	0.8281718281718282	0.9558376750619069	down	3.3757
chr2:87987171-111255403		ENSG00000241244.1	ENSG00000241244.1	2	90139078	462	-0.06885	0.32345	-0.2129	0.8315324523761499	0.8271728271728271	0.9558376750619069	down	3.5864
chr1:149843518-149850293		ENSG00000184260.4	ENSG00000184260.4	1	149858525	462	-0.05943	0.28433	-0.209	0.8345174603143373	0.8401598401598401	0.9583790499713817	down	3.1946
chr5:177946129-178003952		ENSG00000247679.2	ENSG00000247679.2	5	177038254	462	-0.0095	0.04667	-0.2036	0.8387660301538352	0.8391608391608392	0.9601890960937158	down	0.7698
chr2:87987171-111255403		ENSG00000243264.1	ENSG00000243264.1	2	89986322	462	-0.05918	0.2929	-0.2021	0.8399660310286556	0.8361638361638362	0.9601890960937158	down	2.7144
chr7:65219157-65531823		ENSG00000169902.8	ENSG00000169902.8	7	65670186	462	0.00434	0.02169	0.1999	0.8416303569359762	0.8501498501498501	0.9601890960937158	up	1.9029
chr12:75713180-75731794		ENSG00000258304.1	ENSG00000258304.1	12	76509491	462	-0.00711	0.03559	-0.1999	0.8416411430636415	0.8321678321678322	0.9601890960937158	down	0.2976
chr2:87987171-111255403		ENSG00000228325.2	ENSG00000228325.2	2	90538363	462	0.03445	0.17255	0.1997	0.8418196107946313	0.8421578421578422	0.9601890960937158	up	4.5516
chr11:71571819-71576724		ENSG00000251143.1	ENSG00000251143.1	11	71725337	462	-0.00932	0.04718	-0.1976	0.8434850042289035	0.8441558441558441	0.9601890960937158	down	3.7488
chr17:16823490-18384190		ENSG00000230865.1	ENSG00000230865.1	17	17359741	462	-0.00569	0.0288	-0.1974	0.8435825641592622	0.8551448551448552	0.9601890960937158	down	0.6244
chr17:3082008-3221835		ENSG00000177602.4	ENSG00000177602.4	17	3627211	462	0.03795	0.19279	0.1968	0.8440391707347011	0.8351648351648352	0.9601890960937158	up	2.549
chr1:149843518-149850293		ENSG00000184270.3	ENSG00000184270.3	1	149859466	462	-0.01077	0.05531	-0.1947	0.8457199299176837	0.8411588411588412	0.9601890960937158	down	0.1487
chr11:71571819-71576724		ENSG00000137497.12	ENSG00000137497.12	11	71791739	462	0.01164	0.05987	0.1945	0.8459079244770873	0.8441558441558441	0.9601890960937158	up	5.6799
chr5:177946129-178003952		ENSG00000145912.4	ENSG00000145912.4	5	177580968	462	-0.00955	0.0491	-0.1945	0.8459106511220222	0.8581418581418582	0.9601890960937158	down	5.6891
chr15:30618103-32153204		ENSG00000259749.1	ENSG00000259749.1	15	30297408	462	-0.00705	0.03651	-0.1932	0.8469270105303194	0.8431568431568431	0.9601890960937158	down	1.0851
chr7:65219157-65531823		ENSG00000230189.2	ENSG00000230189.2	7	65955046	462	0.00901	0.0468	0.1924	0.8474962633264941	0.8551448551448552	0.9601890960937158	up	2.7244
chr11:18249084-18265819		ENSG00000177054.9	ENSG00000177054.9	11	19138646	462	0.01356	0.0705	0.1923	0.8476064498086368	0.8621378621378621	0.9601890960937158	up	3.223
chr2:87987171-111255403		ENSG00000135972.4	ENSG00000135972.4	2	105654441	462	0.00429	0.02235	0.1921	0.8477275299114956	0.8421578421578422	0.9601890960937158	up	4.4398
chr12:46896694-46915975		ENSG00000211584.8	ENSG00000211584.8	12	48147699	462	0.01073	0.05656	0.1897	0.8496065065106804	0.8421578421578422	0.9613771582889197	up	1.7992
chr17:16823490-18384190		ENSG00000189152.5	ENSG00000189152.5	17	19030782	462	0.00774	0.04102	0.1888	0.850329554383172	0.8561438561438561	0.9613771582889197	up	2.8379
chr6:167209001-167357782		ENSG00000249141.1	ENSG00000249141.1	6	167369612	462	0.03439	0.18333	0.1876	0.8512723501522691	0.8601398601398601	0.961564935664698	up	0.9912
chr16:16721273-18073542		ENSG00000183889.8	ENSG00000183889.8	16	16411301	462	0.03551	0.1926	0.1844	0.8538004071604842	0.8611388611388612	0.9635413893023514	up	4.6536
chr15:30618103-32153204		ENSG00000259772.1	ENSG00000259772.1	15	31523041	462	-0.01656	0.09165	-0.1807	0.8567131196750035	0.8601398601398601	0.9639932392205011	down	4.4322
chr21:43821742-43835116		ENSG00000225331.1	ENSG00000225331.1	21	45579959	462	0.01613	0.08932	0.1806	0.8567659545664897	0.8691308691308691	0.9639932392205011	up	0.9356
chr16:75206214-75222748		ENSG00000166848.4	ENSG00000166848.4	16	75681684	462	-0.00156	0.00866	-0.1803	0.8569770459359494	0.8531468531468531	0.9639932392205011	down	5.5258
chr16:16721273-18073542		ENSG00000214967.4	ENSG00000214967.4	16	16472912	462	-0.01761	0.09787	-0.1799	0.8573154736524812	0.8441558441558441	0.9639932392205011	down	4.5684
chr1:25324280-25369060		ENSG00000117643.9	ENSG00000117643.9	1	25943959	462	-0.00382	0.02146	-0.178	0.8587762861671322	0.8491508491508492	0.9647595664926585	down	0.4683
chr21:13987773-14056796		ENSG00000235609.1	ENSG00000235609.1	21	16254296	462	0.0031	0.01769	0.1753	0.8608936274245081	0.8501498501498501	0.9661348839941336	up	0.3033
chr1:25324280-25369060		ENSG00000001460.12	ENSG00000001460.12	1	24743424	462	0.00413	0.02387	0.1732	0.8625970514094482	0.8861138861138861	0.9661348839941336	up	1.0061
chr2:87987171-111255403		ENSG00000213295.3	ENSG00000213295.3	2	106863825	462	-0.01123	0.06509	-0.1726	0.8630667437473005	0.8711288711288712	0.9661348839941336	down	1.7734
chr5:112179911-112236600		ENSG00000214784.4	ENSG00000214784.4	5	110528740	462	0.01	0.05804	0.1723	0.8632426350871271	0.8491508491508492	0.9661348839941336	up	9.4505
chr7:97445822-97459601		ENSG00000232097.1	ENSG00000232097.1	7	97568106	462	0.00261	0.01528	0.1711	0.8642085490198415	0.8821178821178821	0.9661348839941336	up	0.2102
chr14:85872200-85889269		ENSG00000258733.1	ENSG00000258733.1	14	86401054	462	0.00253	0.01492	0.1696	0.8654036117720812	0.8651348651348651	0.9661348839941336	up	0.4285
chr13:52310302-52320954		ENSG00000139668.5	ENSG00000139668.5	13	52158644	462	-0.02454	0.14478	-0.1695	0.865463316922047	0.8541458541458542	0.9661348839941336	down	2.0048
chr17:3082008-3221835		ENSG00000262402.1	ENSG00000262402.1	17	2031198	462	0.03071	0.18341	0.1674	0.8671011305750064	0.8841158841158842	0.967010629296337	up	0.4864
chr2:87987171-111255403		ENSG00000231486.3	ENSG00000231486.3	2	89165653	462	0.04537	0.27561	0.1646	0.8693110690894643	0.8711288711288712	0.967010629296337	up	5.1815
chr1:149843518-149850293		ENSG00000229801.1	ENSG00000229801.1	1	149591762	462	-0.00714	0.04356	-0.1638	0.8699299769376108	0.8671328671328671	0.967010629296337	down	0.1473
chr16:16721273-18073542		ENSG00000263335.1	ENSG00000263335.1	16	15820531	462	0.04719	0.28835	0.1637	0.8700806377969114	0.8651348651348651	0.967010629296337	up	1.0792
chr2:87987171-111255403		ENSG00000211592.2	ENSG00000211592.2	2	89157196	462	0.04982	0.31023	0.1606	0.8724962025502339	0.8881118881118881	0.967010629296337	up	10.9346
chr17:16823490-18384190		ENSG00000231458.1	ENSG00000231458.1	17	16586751	462	-0.00416	0.02603	-0.1596	0.8732397148155036	0.8641358641358642	0.967010629296337	down	1.9865
chr5:177946129-178003952		ENSG00000249684.1	ENSG00000249684.1	5	177377336	462	0.01945	0.12274	0.1585	0.8741626478333843	0.8831168831168831	0.967010629296337	up	0.3483
chr17:3082008-3221835		ENSG00000070444.8	ENSG00000070444.8	17	2304412	462	0.03816	0.24169	0.1579	0.8746125413622297	0.8451548451548452	0.967010629296337	up	2.058
chr2:87987171-111255403		ENSG00000214199.3	ENSG00000214199.3	2	107315132	462	0.0035	0.02232	0.1568	0.8754378321090756	0.8851148851148851	0.967010629296337	up	11.9143
chr2:87987171-111255403		ENSG00000153214.5	ENSG00000153214.5	2	112812800	462	-0.00959	0.06134	-0.1563	0.8758481062091389	0.8601398601398601	0.967010629296337	down	3.2287
chr1:149843518-149850293		ENSG00000203812.2	ENSG00000203812.2	1	149822643	462	0.04976	0.32071	0.1551	0.8767790756679956	0.8621378621378621	0.967010629296337	up	4.5246
chr3:195749463-195980207		ENSG00000229325.1	ENSG00000229325.1	3	195003470	462	0.00131	0.0085	0.1547	0.8771354769341488	0.8761238761238761	0.967010629296337	up	0.2154
chr13:53902573-54093373		ENSG00000136149.6	ENSG00000136149.6	13	55015450	462	0.00777	0.05065	0.1534	0.8781344789358819	0.8731268731268731	0.967010629296337	up	10.7184
chr2:87987171-111255403		ENSG00000144199.6	ENSG00000144199.6	2	97760619	462	0.00464	0.03037	0.1527	0.878732855493114	0.8741258741258742	0.967010629296337	up	4.5676
chr16:14954790-15100859		ENSG00000260872.1	ENSG00000260872.1	16	15114345	462	-0.00124	0.00815	-0.152	0.8792591127600591	0.8791208791208791	0.967010629296337	down	0.2552
chr3:75454477-75455715		ENSG00000240809.1	ENSG00000240809.1	3	76483169	462	0.00176	0.0116	0.1513	0.8797739993798827	0.8771228771228772	0.967010629296337	up	4.752
chr21:43821742-43835116		ENSG00000215458.4	ENSG00000215458.4	21	45232448	462	0.01431	0.09465	0.1511	0.8799262891759041	0.8781218781218781	0.967010629296337	up	0.3662
chr17:16823490-18384190		ENSG00000226478.2	ENSG00000226478.2	17	16650075	462	0.00721	0.04808	0.1499	0.8808806438638348	0.8851148851148851	0.967010629296337	up	3.7044
chr7:97445822-97459601		ENSG00000164715.5	ENSG00000164715.5	7	97736197	462	0.00215	0.0144	0.1493	0.8813568106281312	0.8931068931068931	0.967010629296337	up	1.4494
chr3:195749463-195980207		ENSG00000174013.7	ENSG00000174013.7	3	196295482	462	0.0015	0.01011	0.1487	0.8818699519188726	0.8791208791208791	0.967010629296337	up	3.1192
chr3:195749463-195980207		ENSG00000163964.9	ENSG00000163964.9	3	196366646	462	-0.00913	0.06185	-0.1476	0.8827560729235527	0.8741258741258742	0.9671256798932375	down	5.4237
chr2:87987171-111255403		ENSG00000243290.1	ENSG00000243290.1	2	89340242	462	0.04713	0.32872	0.1434	0.8860698754201779	0.8891108891108891	0.9693170219504542	up	4.2076
chr17:16823490-18384190		ENSG00000262319.1	ENSG00000262319.1	17	19047002	462	0.0069	0.04852	0.1423	0.8869098642486423	0.8721278721278721	0.9693170219504542	up	1.3942
chr1:25324280-25369060		ENSG00000182749.5	ENSG00000182749.5	1	26197744	462	-0.00196	0.01379	-0.142	0.887150816760936	0.8911088911088911	0.9693170219504542	down	2.1608
chr5:177946129-178003952		ENSG00000184840.7	ENSG00000184840.7	5	177019159	462	0.00699	0.04957	0.1411	0.8878881283455695	0.8631368631368631	0.9693170219504542	up	6.7263
chr7:5989046-6735643		ENSG00000106346.7	ENSG00000106346.7	7	6144515	462	0.00359	0.02641	0.136	0.8919104244396567	0.8931068931068931	0.9723432198013914	up	2.1035
chr2:87987171-111255403		ENSG00000153208.11	ENSG00000153208.11	2	112656056	462	-0.01103	0.08133	-0.1356	0.8922309351327791	0.8831168831168831	0.9723432198013914	down	0.7839
chr16:28471892-28637651		ENSG00000261740.1	ENSG00000261740.1	16	29465972	462	0.00603	0.046	0.1311	0.8957477614220126	0.8891108891108891	0.9724127758499728	up	3.8355
chr1:25324280-25369060		ENSG00000117614.5	ENSG00000117614.5	1	25558993	462	0.00183	0.01396	0.1308	0.8959567543934377	0.8901098901098901	0.9724127758499728	up	4.6981
chr16:14954790-15100859		ENSG00000183793.9	ENSG00000183793.9	16	15474904	462	-0.00223	0.01707	-0.1308	0.896001557672838	0.9070929070929071	0.9724127758499728	down	4.2558
chr16:28471892-28637651		ENSG00000254206.1	ENSG00000254206.1	16	29415350	462	-0.00241	0.01845	-0.1306	0.896136086393561	0.9140859140859141	0.9724127758499728	down	3.3536
chr1:25324280-25369060		ENSG00000228172.1	ENSG00000228172.1	1	26146263	462	-0.00195	0.0151	-0.1295	0.8970415932517226	0.8941058941058941	0.9724127758499728	down	0.1794
chr13:48199250-48206639		ENSG00000136143.7	ENSG00000136143.7	13	48612125	462	0.02779	0.2169	0.1281	0.8980953294620124	0.8851148851148851	0.9724127758499728	up	4.1409
chr17:45585159-46292045		ENSG00000259753.1	ENSG00000259753.1	17	45331263	462	-0.00632	0.05015	-0.126	0.8997857029237204	0.8881118881118881	0.9724127758499728	down	0.4373
chr17:16823490-18384190		ENSG00000205309.7	ENSG00000205309.7	17	17206649	462	-0.00451	0.03579	-0.1259	0.8998454376858629	0.8951048951048951	0.9724127758499728	down	1.7055
chr1:149843518-149850293		ENSG00000187145.10	ENSG00000187145.10	1	150266289	462	0.00719	0.05725	0.1255	0.9001641791888525	0.8891108891108891	0.9724127758499728	up	4.9699
chr17:16823490-18384190		ENSG00000108591.4	ENSG00000108591.4	17	17991239	462	-0.00469	0.03762	-0.1246	0.9008909359287189	0.9050949050949051	0.9724127758499728	down	4.0271
chr13:48199250-48206639		ENSG00000229111.1	ENSG00000229111.1	13	48651273	462	-0.02199	0.17658	-0.1246	0.9009349385298212	0.8911088911088911	0.9724127758499728	down	2.5331
chr3:75454477-75455715		ENSG00000213300.4	ENSG00000213300.4	3	75263782	462	-0.00115	0.00952	-0.1208	0.9039187921756742	0.9090909090909091	0.9747835058479831	down	7.8507
chr1:248128773-248428856		ENSG00000224521.1	ENSG00000224521.1	1	248712057	421	0.01919	0.16638	0.1153	0.9082371028780503	0.9140859140859141	0.9778679147377098	up	1.7278
chr13:52310302-52320954		ENSG00000250299.1	ENSG00000250299.1	13	53191693	462	-0.15486	1.34458	-0.1152	0.9083587253217822	0.9180819180819181	0.9778679147377098	down	3.2228
chr16:16721273-18073542		ENSG00000170540.9	ENSG00000170540.9	16	18813000	462	0.02392	0.20978	0.114	0.9092837740510594	0.929070929070929	0.9780133034537025	up	4.3362
chr17:3082008-3221835		ENSG00000213977.3	ENSG00000213977.3	17	3571976	462	-0.04701	0.41873	-0.1123	0.9106605207612657	0.903096903096903	0.9782978039111438	down	2.8532
chr8:7301024-12598379		ENSG00000164733.14	ENSG00000164733.14	8	11726957	462	-0.00449	0.04076	-0.1101	0.912359442651427	0.9230769230769231	0.9782978039111438	down	4.5979
chr16:28471892-28637651		ENSG00000261329.1	ENSG00000261329.1	16	27730104	462	0.00104	0.00963	0.1081	0.9139640258202409	0.9150849150849151	0.9782978039111438	up	0.2222
chr8:7301024-12598379		ENSG00000253426.1	ENSG00000253426.1	8	9009252	462	0.00112	0.01048	0.107	0.9147998554583749	0.9110889110889111	0.9782978039111438	up	0.2122
chr1:149843518-149850293		ENSG00000183558.5	ENSG00000183558.5	1	149814478	462	0.03118	0.29272	0.1065	0.9152265101972555	0.9070929070929071	0.9782978039111438	up	3.8124
chr21:13987773-14056796		ENSG00000229047.1	ENSG00000229047.1	21	16333630	462	-0.00455	0.04311	-0.1055	0.9160629678888297	0.9250749250749251	0.9782978039111438	down	1.6904
chr17:16823490-18384190		ENSG00000177427.7	ENSG00000177427.7	17	18163869	462	-0.00194	0.01838	-0.1054	0.9160718246164875	0.9240759240759241	0.9782978039111438	down	1.6521
chr8:7301024-12598379		ENSG00000250752.2	ENSG00000250752.2	8	6756990	462	-0.00097	0.00925	-0.1048	0.9165460538146207	0.9080919080919081	0.9782978039111438	down	0.1789
chr1:149843518-149850293		ENSG00000237168.1	ENSG00000237168.1	1	149664577	462	-0.00691	0.06604	-0.1047	0.9166603009183577	0.9250749250749251	0.9782978039111438	down	0.2936
chr8:7301024-12598379		ENSG00000254340.1	ENSG00000254340.1	8	8998934	462	0.0012	0.01195	0.1009	0.9197096912299497	0.9230769230769231	0.9803615851245185	up	0.352
chr20:47841016-47888238		ENSG00000224565.1	ENSG00000224565.1	20	46041071	462	0.00869	0.08685	0.1001	0.9203386809762671	0.922077922077922	0.9803615851245185	up	1.4231
chr5:177946129-178003952		ENSG00000146067.11	ENSG00000146067.11	5	176981542	462	-0.02048	0.20635	-0.0993	0.9209697281904806	0.9240759240759241	0.9803615851245185	down	4.0051
chr16:16721273-18073542		ENSG00000167186.6	ENSG00000167186.6	16	19078921	462	0.01656	0.17087	0.0969	0.9228314610356864	0.9070929070929071	0.980429870367483	up	3.065
chr2:45065588-45081777		ENSG00000219391.1	ENSG00000219391.1	2	44293293	462	0.00381	0.03966	0.096	0.9236023721403511	0.9300699300699301	0.980429870367483	up	5.0552
chr17:16823490-18384190		ENSG00000175061.9	ENSG00000175061.9	17	16342289	462	-0.00283	0.02955	-0.0958	0.9237102091003377	0.9210789210789211	0.980429870367483	down	8.8926
chr7:5989046-6735643		ENSG00000106399.7	ENSG00000106399.7	7	7758238	462	0.00536	0.05672	0.0944	0.9248188482601127	0.9330669330669331	0.980429870367483	up	5.1128
chr12:75713180-75731794		ENSG00000257497.1	ENSG00000257497.1	12	75883600	462	-0.00524	0.05562	-0.0942	0.9249936095227949	0.932067932067932	0.980429870367483	down	0.8462
chr7:5989046-6735643		ENSG00000226150.1	ENSG00000226150.1	7	6836573	462	-0.00557	0.06215	-0.0896	0.9286538758764126	0.952047952047952	0.9820469348403468	down	0.3173
chr11:18249084-18265819		ENSG00000129158.5	ENSG00000129158.5	11	18034709	462	-0.00585	0.06541	-0.0894	0.9288276184992975	0.9300699300699301	0.9820469348403468	down	3.4997
chr17:16823490-18384190		ENSG00000262992.1	ENSG00000262992.1	17	18932637	462	0.00436	0.04886	0.0893	0.9288989989483409	0.9310689310689311	0.9820469348403468	up	1.5327
chr1:149843518-149850293		ENSG00000223945.1	ENSG00000223945.1	1	150025846	462	0.00283	0.03371	0.084	0.9330728805546045	0.9470529470529471	0.9842820288927917	up	0.1749
chr2:87987171-111255403		ENSG00000144182.12	ENSG00000144182.12	2	99771418	462	0.00926	0.11051	0.0838	0.9332595240887607	0.9440559440559441	0.9842820288927917	up	2.7518
chr17:45585159-46292045		ENSG00000004897.6	ENSG00000004897.6	17	45266788	462	0.00704	0.08414	0.0836	0.93339830526667	0.9330669330669331	0.9842820288927917	up	5.588
chr5:177946129-178003952		ENSG00000113758.9	ENSG00000113758.9	5	176901402	462	0.01791	0.2323	0.0771	0.9385841389920481	0.9410589410589411	0.9880616661231835	up	3.304
chr16:14954790-15100859		ENSG00000140694.12	ENSG00000140694.12	16	14726585	462	0.00157	0.0206	0.076	0.9394279880983557	0.938061938061938	0.9880616661231835	up	4.7569
chr11:71571819-71576724		ENSG00000228915.3	ENSG00000228915.3	11	71604456	462	0.00228	0.03049	0.0748	0.9403822060890924	0.945054945054945	0.9880616661231835	up	0.1677
chr2:87987171-111255403		ENSG00000240834.1	ENSG00000240834.1	2	90198535	462	0.02253	0.30783	0.0732	0.9416894438711603	0.954045954045954	0.9880616661231835	up	3.7622
chr12:46896694-46915975		ENSG00000134294.9	ENSG00000134294.9	12	46766650	462	-0.00313	0.04329	-0.0723	0.9424218017717603	0.9460539460539461	0.9880616661231835	down	6.1954
chr2:87987171-111255403		ENSG00000236431.1	ENSG00000236431.1	2	96202243	462	-0.00201	0.02795	-0.072	0.942673710893895	0.951048951048951	0.9880616661231835	down	0.2819
chr1:25324280-25369060		ENSG00000238084.2	ENSG00000238084.2	1	25725203	462	0.00106	0.01482	0.0713	0.9432225666245123	0.929070929070929	0.9880616661231835	up	6.0368
chr2:87987171-111255403		ENSG00000227259.1	ENSG00000227259.1	2	101207590	462	-0.00348	0.04995	-0.0696	0.9445240016072244	0.936063936063936	0.9880616661231835	down	0.5628
chr2:87987171-111255403		ENSG00000224041.2	ENSG00000224041.2	2	90153696	462	-0.01914	0.28014	-0.0683	0.9455590169186082	0.9500499500499501	0.9880616661231835	down	6.3558
chr2:87987171-111255403		ENSG00000186522.9	ENSG00000186522.9	2	110371783	462	-0.01876	0.27496	-0.0682	0.9456407151073859	0.958041958041958	0.9880616661231835	down	2.8359
chr8:7301024-12598379		ENSG00000246477.2	ENSG00000246477.2	8	11182938	462	-0.00024	0.00349	-0.0676	0.9461683896987018	0.9430569430569431	0.9880616661231835	down	0.1989
chr11:50154999-50324102		ENSG00000226268.2	ENSG00000226268.2	11	49455990	462	0.00105	0.01578	0.0663	0.9471373381414298	0.9470529470529471	0.9880616661231835	up	3.5372
chr21:13987773-14056796		ENSG00000229231.1	ENSG00000229231.1	21	15134659	462	0.00069	0.01077	0.0639	0.9490545962763733	0.9460539460539461	0.9880616661231835	up	0.6858
chr2:87987171-111255403		ENSG00000233757.2	ENSG00000233757.2	2	95873283	462	-0.0015	0.02354	-0.0637	0.9492590490713972	0.9560439560439561	0.9880616661231835	down	0.4767
chr16:75206214-75222748		ENSG00000213318.4	ENSG00000213318.4	16	75227145	462	-0.00069	0.01089	-0.0631	0.9496979729761669	0.9370629370629371	0.9880616661231835	down	0.4215
chr2:87987171-111255403		ENSG00000236307.1	ENSG00000236307.1	2	112645491	462	-0.00192	0.03049	-0.0629	0.9499076464410607	0.9530469530469531	0.9880616661231835	down	0.3864
chr16:16721273-18073542		ENSG00000133393.8	ENSG00000133393.8	16	15982482	462	0.00978	0.15805	0.0619	0.9506971972768389	0.9460539460539461	0.9880616661231835	up	5.0443
chr2:87987171-111255403		ENSG00000188886.3	ENSG00000188886.3	2	96804175	462	0.00185	0.03065	0.0605	0.9518201113702257	0.945054945054945	0.9880616661231835	up	0.3543
chr1:248128773-248428856		ENSG00000229255.1	ENSG00000229255.1	1	248648785	421	0.00848	0.14241	0.0596	0.9525353052023758	0.9530469530469531	0.9880616661231835	up	1.2016
chr2:87987171-111255403		ENSG00000158417.5	ENSG00000158417.5	2	99953816	462	-0.00215	0.03716	-0.0579	0.9538788937493446	0.9430569430569431	0.9880616661231835	down	5.201
chr16:35946683-35952382		ENSG00000260809.1	ENSG00000260809.1	16	34324872	462	0.00224	0.03906	0.0574	0.9542795720818369	0.965034965034965	0.9880616661231835	up	1.8865
chr16:28471892-28637651		ENSG00000176476.4	ENSG00000176476.4	16	28565236	462	-0.00097	0.01736	-0.0558	0.9555311217261245	0.955044955044955	0.9880616661231835	down	2.9125
chr16:16721273-18073542		ENSG00000215003.4	ENSG00000215003.4	16	16026151	462	0.00814	0.14846	0.0548	0.956290027535916	0.951048951048951	0.9880616661231835	up	3.0971
chr7:65219157-65531823		ENSG00000173041.7	ENSG00000173041.7	7	64023484	462	0.00082	0.01491	0.0548	0.9563126464595796	0.9460539460539461	0.9880616661231835	up	2.39
chr12:75713180-75731794		ENSG00000180481.6	ENSG00000180481.6	12	75784850	462	0.00129	0.02461	0.0526	0.9580835895083123	0.952047952047952	0.9880616661231835	up	0.1404
chr2:87987171-111255403		ENSG00000225933.1	ENSG00000225933.1	2	87954409	462	0.00113	0.0216	0.0525	0.958136392393229	0.967032967032967	0.9880616661231835	up	0.1551
chr5:177946129-178003952		ENSG00000178338.6	ENSG00000178338.6	5	178286954	462	-0.00426	0.08374	-0.0509	0.9594573132023517	0.9760239760239761	0.9880616661231835	down	1.9879
chr20:47841016-47888238		ENSG00000196562.8	ENSG00000196562.8	20	46415360	462	0.00763	0.15212	0.0502	0.9600018724787501	0.9590409590409591	0.9880616661231835	up	1.9455
chr2:87987171-111255403		ENSG00000168763.10	ENSG00000168763.10	2	97481982	462	0.00576	0.11509	0.05	0.9601277741083925	0.968031968031968	0.9880616661231835	up	2.9742
chr20:24397726-24406144		ENSG00000154930.9	ENSG00000154930.9	20	25039616	462	-0.00091	0.019	-0.0479	0.9618411630720178	0.964035964035964	0.9889589876540351	down	3.7889
chr17:16823490-18384190		ENSG00000227077.2	ENSG00000227077.2	17	18476045	462	0.0014	0.03218	0.0436	0.9652459103124138	0.957042957042957	0.9889589876540351	up	9.8653
chr16:75206214-75222748		ENSG00000166822.8	ENSG00000166822.8	16	75499395	462	-0.00201	0.04638	-0.0434	0.96538136599422	0.973026973026973	0.9889589876540351	down	3.065
chr1:149843518-149850293		ENSG00000163113.8	ENSG00000163113.8	1	149982686	462	-0.00317	0.0745	-0.0426	0.9660299358933251	0.964035964035964	0.9889589876540351	down	2.4149
chr16:14954790-15100859		ENSG00000133392.10	ENSG00000133392.10	16	15950890	462	-0.00066	0.01591	-0.0416	0.966830812128999	0.97002997002997	0.9889589876540351	down	0.9354
chr2:87987171-111255403		ENSG00000236969.1	ENSG00000236969.1	2	91963970	462	0.00218	0.05254	0.0415	0.9669122304944304	0.965034965034965	0.9889589876540351	up	0.773
chr2:87987171-111255403		ENSG00000075568.12	ENSG00000075568.12	2	98612388	462	0.0013	0.03163	0.0412	0.9671570530086835	0.9690309690309691	0.9889589876540351	up	3.6078
chr5:177946129-178003952		ENSG00000160867.9	ENSG00000160867.9	5	176513887	462	-0.00858	0.21132	-0.0406	0.9676295595918273	0.961038961038961	0.9889589876540351	down	1.5917
chr5:177946129-178003952		ENSG00000183258.7	ENSG00000183258.7	5	176944470	462	-0.00468	0.11722	-0.0399	0.9681892512412686	0.967032967032967	0.9889589876540351	down	5.7208
chr9:85797070-85801040		ENSG00000135040.11	ENSG00000135040.11	9	88556061	462	-0.00109	0.03211	-0.0339	0.9729973723717902	0.967032967032967	0.9923903317507703	down	3.2369
chr16:16721273-18073542		ENSG00000157106.12	ENSG00000157106.12	16	18937776	462	0.00535	0.15891	0.0337	0.9731517469672335	0.98001998001998	0.9923903317507703	up	4.5212
chr6:167209001-167357782		ENSG00000071242.7	ENSG00000071242.7	6	167319939	462	0.00409	0.12792	0.032	0.9745196461636302	0.9630369630369631	0.9929673431691969	up	1.8271
chr5:177946129-178003952		ENSG00000197451.6	ENSG00000197451.6	5	177631508	462	0.00167	0.05431	0.0307	0.9755410364308225	0.971028971028971	0.993190627550459	up	6.9719
chr1:149843518-149850293		ENSG00000014914.14	ENSG00000014914.14	1	149908791	462	-0.00271	0.10361	-0.0262	0.9791445644781559	0.9790209790209791	0.9960402389679187	down	0.5935
chr2:87987171-111255403		ENSG00000211632.2	ENSG00000211632.2	2	90211643	462	0.00596	0.25094	0.0238	0.9810604196971195	0.974025974025974	0.9961291028918983	up	5.9402
chr1:25324280-25369060		ENSG00000158062.13	ENSG00000158062.13	1	26644854	462	-0.00064	0.02838	-0.0227	0.9818877997553356	0.983016983016983	0.9961291028918983	down	3.3459
chr2:45065588-45081777		ENSG00000138079.8	ENSG00000138079.8	2	44502599	462	0.00072	0.03255	0.0221	0.9823928323076769	0.986013986013986	0.9961291028918983	up	2.4713
chr16:75206214-75222748		ENSG00000261717.1	ENSG00000261717.1	16	75498604	462	-0.00182	0.0826	-0.022	0.9824504318505717	0.984015984015984	0.9961291028918983	down	1.4693
chr17:3082008-3221835		ENSG00000074356.11	ENSG00000074356.11	17	3749545	462	-0.01074	0.51489	-0.0209	0.9833721080004911	0.9560439560439561	0.9961468341117995	down	3.5188
chr2:91832040-92012663		ENSG00000235235.4	ENSG00000235235.4	2	92005797	462	-0.00072	0.0362	-0.02	0.9840772036500249	0.9820179820179821	0.9961468341117995	down	0.158
chr11:18249084-18265819		ENSG00000151117.3	ENSG00000151117.3	11	18714669	462	0.0005	0.02685	0.0186	0.9851920934294925	0.993006993006993	0.9964606304458429	up	0.1498
chr17:16823490-18384190		ENSG00000228157.1	ENSG00000228157.1	17	18996287	462	0.00096	0.05961	0.0162	0.9871170655351973	0.988011988011988	0.996848226841161	up	1.3148
chr15:30618103-32153204		ENSG00000260693.1	ENSG00000260693.1	15	30832296	462	0.00033	0.0208	0.0161	0.9871857238346232	0.9820179820179821	0.996848226841161	up	0.1407
chr7:97445822-97459601		ENSG00000205356.5	ENSG00000205356.5	7	97881563	462	0.00086	0.06139	0.014	0.9888704481382208	0.994005994005994	0.9975909794844262	up	2.7522
chr2:45065588-45081777		ENSG00000226972.1	ENSG00000226972.1	2	44497760	462	-0.00054	0.04129	-0.0131	0.9895328940281708	0.9920079920079921	0.9975909794844262	down	3.6793
chr2:87987171-111255403		ENSG00000222041.5	ENSG00000222041.5	2	87754887	462	-0.00085	0.07063	-0.0121	0.9903718810662192	0.989010989010989	0.99762440094384	down	3.516
chr11:50154999-50324102		ENSG00000214883.3	ENSG00000214883.3	11	50368215	462	0.00012	0.01499	0.0078	0.9938185768442819	0.996003996003996	0.9994070845501254	up	0.5917
chr2:91832040-92012663		ENSG00000223816.3	ENSG00000223816.3	2	92223026	462	0.00018	0.03559	0.005	0.9960468732405804	0.99000999000999	0.9994070845501254	up	0.1571
chr17:45585159-46292045		ENSG00000184922.7	ENSG00000184922.7	17	43299292	462	7e-05	0.01542	0.0044	0.9964690218585179	1.0	0.9994070845501254	up	4.4912
chr2:87987171-111255403		ENSG00000158435.3	ENSG00000158435.3	2	101869264	462	-9e-05	0.02327	-0.004	0.9967904294510023	0.997002997002997	0.9994070845501254	down	5.1728
chr16:16721273-18073542		ENSG00000261759.1	ENSG00000261759.1	16	19132951	462	-0.0005	0.14038	-0.0036	0.9971547536778327	0.996003996003996	0.9994070845501254	down	1.3857
chr11:18249084-18265819		ENSG00000179057.9	ENSG00000179057.9	11	18747777	462	0.0001	0.02904	0.0034	0.9972581468915827	0.997002997002997	0.9994070845501254	up	0.1786
chr15:30618103-32153204		ENSG00000169926.5	ENSG00000169926.5	15	31619058	462	0.00013	0.04535	0.0028	0.997792533525004	0.994005994005994	0.9994070845501254	up	5.0319
chr17:16823490-18384190		ENSG00000250111.2	ENSG00000250111.2	17	18739017	462	-5e-05	0.0613	-0.0009	0.9993069588622888	1.0	0.999732998117011	down	0.7734
chr5:177946129-178003952		ENSG00000253869.1	ENSG00000253869.1	5	178349065	462	-3e-05	0.07568	-0.0003	0.9997329981170111	1.0	0.999732998117011	down	1.7128
