Phenotype	Q_GLOBAL	P_Value_x	P_Value_y	N_Total	N_Cases	N_Controls	Beta	OR	P_Valid	P_Source_x	OR_CI95	CI_Method	CI_Sided	CI_Valid	CI_LO_OR	CI_HI_OR	Used_Ridge	Final_Is_MLE	Used_Firth	Inference_Type	N_Total_Used	N_Cases_Used	N_Controls_Used	Model_Notes	Inversion	P_LRT_Overall	P_Overall_Valid	P_Source_y	P_Method	Sig_Global	CI_Valid_DISPLAY	CI_Method_DISPLAY	OR_CI95_DISPLAY	CI_LO_OR_DISPLAY	CI_HI_OR_DISPLAY
Melanocytic_nevi	9.81815e-08	8.95E-11	8.95E-11	286294	29527	256767	-0.0738314751	0.9288282113	TRUE	lrt_mle	0.908,0.950	wald_mle	two	TRUE	0.9082294208	0.9498941858	FALSE	TRUE	FALSE	mle	286294	29527	256767	ridge_seeded_refit;ridge_seeded_refit;inference=mle;ci=wald_mle	chr17-45585160-INV-706887	8.95E-11	TRUE	lrt_mle	lrt_mle	True	TRUE	wald_mle	0.908,0.950	0.9082294208	0.9498941858
Benign_neoplasm_of_the_skin	6.417450000000001e-06	1.17E-08	1.17E-08	303482	46715	256767	-0.05445411079	0.947001965	TRUE	lrt_mle	0.929,0.965	wald_mle	two	TRUE	0.9293980703	0.9649392983	FALSE	TRUE	FALSE	mle	303482	46715	256767	ridge_seeded_refit;ridge_seeded_refit;inference=mle;ci=wald_mle	chr17-45585160-INV-706887	1.17E-08	TRUE	lrt_mle	lrt_mle	True	TRUE	wald_mle	0.929,0.965	0.9293980703	0.9649392983
Rosacea	0.00037297999999999997	1.02E-06	1.02E-06	240372	9911	230461	-0.09142730705	0.9126276553	TRUE	lrt_mle	0.880,0.947	wald_mle	two	TRUE	0.8795329598	0.9469676241	FALSE	TRUE	FALSE	mle	240372	9911	230461	ridge_seeded_refit;ridge_seeded_refit;inference=mle;ci=wald_mle	chr17-45585160-INV-706887	1.02E-06	TRUE	lrt_mle	lrt_mle	True	TRUE	wald_mle	0.880,0.947	0.8795329598	0.9469676241
Morbid_obesity	0.0010010125	3.65E-06	3.65E-06	227741	35250	192491	0.05286645223	1.054288838	TRUE	lrt_mle	1.031,1.078	wald_mle	two	TRUE	1.03103028	1.078072075	FALSE	TRUE	FALSE	mle	227741	35250	192491	ridge_seeded_refit;ridge_seeded_refit;inference=mle;ci=wald_mle	chr17-45585160-INV-706887	3.65E-06	TRUE	lrt_mle	lrt_mle	True	TRUE	wald_mle	1.031,1.078	1.03103028	1.078072075
Scar_conditions_and_fibrosis_of_skin	0.0058579800000000005	2.67E-05	2.67E-05	241583	11122	230461	-0.07607563318	0.9267461111	TRUE	lrt_mle	0.894,0.960	wald_mle	two	TRUE	0.8942187754	0.9604566334	FALSE	TRUE	FALSE	mle	241583	11122	230461	ridge_seeded_refit;ridge_seeded_refit;inference=mle;ci=wald_mle	chr17-45585160-INV-706887	2.67E-05	TRUE	lrt_mle	lrt_mle	True	TRUE	wald_mle	0.894,0.960	0.8942187754	0.9604566334
Lump_or_mass_in_breast_or_nonspecific_abnormal_breast_exam	0.007825266666666665	4.28E-05	4.28E-05	299702	42935	256767	-0.04489043729	0.9561022292	TRUE	lrt_mle	0.936,0.977	wald_mle	two	TRUE	0.9357228911	0.976925414	FALSE	TRUE	FALSE	mle	299702	42935	256767	ridge_seeded_refit;ridge_seeded_refit;inference=mle;ci=wald_mle	chr17-45585160-INV-706887	4.28E-05	TRUE	lrt_mle	lrt_mle	True	TRUE	wald_mle	0.936,0.977	0.9357228911	0.976925414
Abnormal_mammogram	0.0089954	6.87E-05	6.87E-05	274932	18165	256767	-0.06306201956	0.9388852426	TRUE	lrt_mle	0.910,0.969	wald_mle	two	TRUE	0.9100674516	0.968615565	FALSE	TRUE	FALSE	mle	166372	18100	148272	sex_restricted_to_0;sex_majority_restricted_to_0;ridge_seeded_refit;ridge_seeded_refit;inference=mle;ci=wald_mle	chr17-45585160-INV-706887	6.87E-05	TRUE	lrt_mle	lrt_mle	True	TRUE	wald_mle	0.910,0.969	0.9100674516	0.968615565
Skin_changes_due_to_solar_radiation	0.0089954	7.01E-05	7.01E-05	258418	27957	230461	-0.04765051986	0.9534669466	TRUE	lrt_mle	0.931,0.976	wald_mle	two	TRUE	0.9312744605	0.9761882848	FALSE	TRUE	FALSE	mle	258418	27957	230461	ridge_seeded_refit;ridge_seeded_refit;inference=mle;ci=wald_mle	chr17-45585160-INV-706887	7.01E-05	TRUE	lrt_mle	lrt_mle	True	TRUE	wald_mle	0.931,0.976	0.9312744605	0.9761882848
Benign_sarcoma_related_cancers	0.0089954	7.38E-05	7.38E-05	290109	33342	256767	-0.04428204082	0.9566840955	TRUE	lrt_mle	0.936,0.978	wald_mle	two	TRUE	0.9359084865	0.9779208883	FALSE	TRUE	FALSE	mle	290109	33342	256767	ridge_seeded_refit;ridge_seeded_refit;inference=mle;ci=wald_mle	chr17-45585160-INV-706887	7.38E-05	TRUE	lrt_mle	lrt_mle	True	TRUE	wald_mle	0.936,0.978	0.9359084865	0.9779208883
Diseases_of_vocal_cords_and_larynx_not_elsewhere_classified	0.00996076	9.08E-05	9.08E-05	217079	7447	209632	-0.08868433358	0.9151344052	TRUE	lrt_mle	0.875,0.957	wald_mle	two	TRUE	0.8750785617	0.9570237647	FALSE	TRUE	FALSE	mle	217079	7447	209632	ridge_seeded_refit;ridge_seeded_refit;inference=mle;ci=wald_mle	chr17-45585160-INV-706887	9.08E-05	TRUE	lrt_mle	lrt_mle	True	TRUE	wald_mle	0.875,0.957	0.8750785617	0.9570237647
Hypertrophic_conditions_of_skin	0.009972727272727274	1.00E-04	1.00E-04	251055	20594	230461	-0.05353812387	0.9478698038	TRUE	lrt_mle	0.923,0.974	wald_mle	two	TRUE	0.9225462553	0.9738884744	FALSE	TRUE	FALSE	mle	251055	20594	230461	ridge_seeded_refit;ridge_seeded_refit;inference=mle;ci=wald_mle	chr17-45585160-INV-706887	1.00E-04	TRUE	lrt_mle	lrt_mle	True	TRUE	wald_mle	0.923,0.974	0.9225462553	0.9738884744
Nonspecific_reaction_to_test_for_tuberculosis	0.010281866416966665	0.0001124725588	0.0001124725588	188492	5919	182573	-0.1143853395	0.8919141999	TRUE	lrt_mle	0.841,0.946	wald_mle	two	TRUE	0.8410668822	0.9458355297	FALSE	TRUE	FALSE	mle	188492	5919	182573	ridge_seeded_refit;ridge_seeded_refit;inference=mle;ci=wald_mle	chr17-45585160-INV-706887	0.0001124725588	TRUE	lrt_mle	lrt_mle	True	TRUE	wald_mle	0.841,0.946	0.8410668822	0.9458355297
Aphagia_and_dysphagia	0.011100693685607694	0.0001315487857	0.0001315487857	222995	26396	196599	-0.04875699005	0.9524125473	TRUE	lrt_mle	0.929,0.977	wald_mle	two	TRUE	0.9288283014	0.9765956301	FALSE	TRUE	FALSE	mle	222995	26396	196599	ridge_seeded_refit;ridge_seeded_refit;inference=mle;ci=wald_mle	chr17-45585160-INV-706887	0.0001315487857	TRUE	lrt_mle	lrt_mle	True	TRUE	wald_mle	0.929,0.977	0.9288283014	0.9765956301
Sebaceous_cyst_Epidermal_cyst	0.01679644612842353	0.0002199519457	0.0002199519457	248808	18347	230461	-0.05357148024	0.9478381869	TRUE	lrt_mle	0.921,0.975	wald_mle	two	TRUE	0.9211767574	0.9752712727	FALSE	TRUE	FALSE	mle	248808	18347	230461	ridge_seeded_refit;ridge_seeded_refit;inference=mle;ci=wald_mle	chr17-45585160-INV-706887	0.0002199519457	TRUE	lrt_mle	lrt_mle	True	TRUE	wald_mle	0.921,0.975	0.9211767574	0.9752712727
Skin_changes_due_to_chronic_exposure_to_nonionizing_radiation	0.01679644612842353	0.0002360765853	0.0002360765853	256692	26231	230461	-0.0454065578	0.9556088926	TRUE	lrt_mle	0.933,0.979	wald_mle	two	TRUE	0.9327027862	0.9790775466	FALSE	TRUE	FALSE	mle	256692	26231	230461	ridge_seeded_refit;ridge_seeded_refit;inference=mle;ci=wald_mle	chr17-45585160-INV-706887	0.0002360765853	TRUE	lrt_mle	lrt_mle	True	TRUE	wald_mle	0.933,0.979	0.9327027862	0.9790775466
Diverticular_disease_Bowel_diverticulosis	0.01679644612842353	0.000256578128	0.000256578128	234831	38232	196599	-0.04131289337	0.9595288528	TRUE	lrt_mle	0.938,0.981	wald_mle	two	TRUE	0.9384693326	0.9810609546	FALSE	TRUE	FALSE	mle	234831	38232	196599	ridge_seeded_refit;ridge_seeded_refit;inference=mle;ci=wald_mle	chr17-45585160-INV-706887	0.000256578128	TRUE	lrt_mle	lrt_mle	True	TRUE	wald_mle	0.938,0.981	0.9384693326	0.9810609546
Cancer_solid_tumor_excluding_BCC	0.01679644612842353	0.0002602913256	0.0002602913256	295795	39028	256767	-0.03932078194	0.9614422464	TRUE	lrt_mle	0.941,0.982	wald_mle	two	TRUE	0.9413224556	0.9819920768	FALSE	TRUE	FALSE	mle	295795	39028	256767	ridge_seeded_refit;ridge_seeded_refit;inference=mle;ci=wald_mle	chr17-45585160-INV-706887	0.0002602913256	TRUE	lrt_mle	lrt_mle	True	TRUE	wald_mle	0.941,0.982	0.9413224556	0.9819920768
Diverticula_of_colon	0.01740310143017895	0.0002958577537	0.0002958577537	232095	35496	196599	-0.04212641485	0.9587485729	TRUE	lrt_mle	0.937,0.981	wald_mle	two	TRUE	0.937079164	0.9809190742	FALSE	TRUE	FALSE	mle	232095	35496	196599	ridge_seeded_refit;ridge_seeded_refit;inference=mle;ci=wald_mle	chr17-45585160-INV-706887	0.0002958577537	TRUE	lrt_mle	lrt_mle	True	TRUE	wald_mle	0.937,0.981	0.937079164	0.9809190742
Pain_in_shoulder	0.01740310143017895	0.0003014210822	0.0003014210822	249527	61678	187849	-0.03383813702	0.9667279694	TRUE	lrt_mle	0.949,0.985	wald_mle	two	TRUE	0.949126808	0.9846555371	FALSE	TRUE	FALSE	mle	249527	61678	187849	ridge_seeded_refit;ridge_seeded_refit;inference=mle;ci=wald_mle	chr17-45585160-INV-706887	0.0003014210822	TRUE	lrt_mle	lrt_mle	True	TRUE	wald_mle	0.949,0.985	0.949126808	0.9846555371
Mild_cognitive_impairment	0.020339850336525002	0.0003708268065	0.0003708268065	218786	4601	214185	-0.1020358482	0.9029971803	TRUE	lrt_mle	0.853,0.956	wald_mle	two	TRUE	0.8532389903	0.95565711	FALSE	TRUE	FALSE	mle	218786	4601	214185	ridge_seeded_refit;ridge_seeded_refit;inference=mle;ci=wald_mle	chr17-45585160-INV-706887	0.0003708268065	TRUE	lrt_mle	lrt_mle	True	TRUE	wald_mle	0.853,0.956	0.8532389903	0.95565711
Other_follicular_disorders	0.0211228153689625	0.0004305099076	0.0004305099076	273840	43379	230461	-0.03516146175	0.9654495205	TRUE	lrt_mle	0.947,0.985	wald_mle	two	TRUE	0.9466948256	0.9845757592	FALSE	TRUE	FALSE	mle	273840	43379	230461	ridge_seeded_refit;ridge_seeded_refit;inference=mle;ci=wald_mle	chr17-45585160-INV-706887	0.0004305099076	TRUE	lrt_mle	lrt_mle	True	TRUE	wald_mle	0.947,0.985	0.9466948256	0.9845757592
Cutaneous_cyst	0.0211228153689625	0.0004347156362	0.0004347156362	249266	18805	230461	-0.05037249004	0.950875167	TRUE	lrt_mle	0.924,0.978	wald_mle	two	TRUE	0.9244633899	0.9780415245	FALSE	TRUE	FALSE	mle	249266	18805	230461	ridge_seeded_refit;ridge_seeded_refit;inference=mle;ci=wald_mle	chr17-45585160-INV-706887	0.0004347156362	TRUE	lrt_mle	lrt_mle	True	TRUE	wald_mle	0.924,0.978	0.9244633899	0.9780415245
Other_diseases_of_stomach_and_duodenum	0.0211228153689625	0.0004489090112	0.0004489090112	213944	17345	196599	-0.05403096578	0.947402769	TRUE	lrt_mle	0.919,0.977	wald_mle	two	TRUE	0.9191246957	0.9765508542	FALSE	TRUE	FALSE	mle	213944	17345	196599	ridge_seeded_refit;ridge_seeded_refit;inference=mle;ci=wald_mle	chr17-45585160-INV-706887	0.0004489090112	TRUE	lrt_mle	lrt_mle	True	TRUE	wald_mle	0.919,0.977	0.9191246957	0.9765508542
Malignant_neoplasm_of_the_breast	0.0211228153689625	0.0004621217583	0.0004621217583	266846	10079	256767	-0.06977963798	0.9325993067	TRUE	lrt_mle	0.897,0.970	wald_mle	two	TRUE	0.8966983804	0.9699375909	FALSE	TRUE	FALSE	mle	266846	10079	256767	ridge_seeded_refit;ridge_seeded_refit;inference=mle;ci=wald_mle	chr17-45585160-INV-706887	0.0004621217583	TRUE	lrt_mle	lrt_mle	True	TRUE	wald_mle	0.897,0.970	0.8966983804	0.9699375909
Obesity	0.02353889887040385	0.0005550206359	0.0005550206359	272677	80186	192491	0.0287915519	1.029210035	TRUE	lrt_mle	1.013,1.046	wald_mle	two	TRUE	1.012541214	1.046153264	FALSE	TRUE	FALSE	mle	272677	80186	192491	ridge_seeded_refit;ridge_seeded_refit;inference=mle;ci=wald_mle	chr17-45585160-INV-706887	0.0005550206359	TRUE	lrt_mle	lrt_mle	True	TRUE	wald_mle	1.013,1.046	1.012541214	1.046153264
Overweight_and_obesity	0.02353889887040385	0.0005578955065	0.0005578955065	273139	80648	192491	0.02872039133	1.029136799	TRUE	lrt_mle	1.013,1.046	wald_mle	two	TRUE	1.0125032	1.046043657	FALSE	TRUE	FALSE	mle	273139	80648	192491	ridge_seeded_refit;ridge_seeded_refit;inference=mle;ci=wald_mle	chr17-45585160-INV-706887	0.0005578955065	TRUE	lrt_mle	lrt_mle	True	TRUE	wald_mle	1.013,1.046	1.0125032	1.046043657
Malignant_neoplasm_of_the_breast_female	0.02592587155611852	0.0006381025816	0.0006381025816	266006	9239	256767	-0.07111905919	0.9313509996	TRUE	lrt_mle	0.894,0.970	wald_mle	two	TRUE	0.8939062686	0.9703642485	FALSE	TRUE	FALSE	mle	157442	9170	148272	sex_restricted_to_0;sex_majority_restricted_to_0;ridge_seeded_refit;ridge_seeded_refit;inference=mle;ci=wald_mle	chr17-45585160-INV-706887	0.0006381025816	TRUE	lrt_mle	lrt_mle	True	TRUE	wald_mle	0.894,0.970	0.8939062686	0.9703642485
Benign_mammary_dysplasias	0.02976204238255	0.0007596510362	0.0007596510362	236503	15388	221115	-0.05587283694	0.9456593812	TRUE	lrt_mle	0.915,0.977	wald_mle	two	TRUE	0.9152817882	0.9770451862	FALSE	TRUE	FALSE	mle	140555	15297	125258	sex_restricted_to_0;sex_majority_restricted_to_0;ridge_seeded_refit;ridge_seeded_refit;inference=mle;ci=wald_mle	chr17-45585160-INV-706887	0.0007596510362	TRUE	lrt_mle	lrt_mle	True	TRUE	wald_mle	0.915,0.977	0.9152817882	0.9770451862
Alcohol_use_disorders	0.030482159685893104	0.0008058182597	0.0008058182597	260141	21056	239085	-0.04912117855	0.9520657528	TRUE	lrt_mle	0.925,0.980	wald_mle	two	TRUE	0.9249940578	0.979929752	FALSE	TRUE	FALSE	mle	260141	21056	239085	ridge_seeded_refit;ridge_seeded_refit;inference=mle;ci=wald_mle	chr17-45585160-INV-706887	0.0008058182597	TRUE	lrt_mle	lrt_mle	True	TRUE	wald_mle	0.925,0.980	0.9249940578	0.979929752
Diastolic_heart_failure	0.0323233598331	0.000883956969	0.000883956969	220412	10580	209832	0.06656028822	1.0688254	TRUE	lrt_mle	1.028,1.111	wald_mle	two	TRUE	1.027889764	1.111391294	FALSE	TRUE	FALSE	mle	220412	10580	209832	ridge_seeded_refit;ridge_seeded_refit;inference=mle;ci=wald_mle	chr17-45585160-INV-706887	0.000883956969	TRUE	lrt_mle	lrt_mle	True	TRUE	wald_mle	1.028,1.111	1.027889764	1.111391294
Diffuse_diseases_of_connective_tissue	0.03884272727983871	0.001097652275	0.001097652275	199137	11288	187849	-0.06207545057	0.9398119748	TRUE	lrt_mle	0.905,0.976	wald_mle	two	TRUE	0.9052561451	0.9756868845	FALSE	TRUE	FALSE	mle	199137	11288	187849	ridge_seeded_refit;ridge_seeded_refit;inference=mle;ci=wald_mle	chr17-45585160-INV-706887	0.001097652275	TRUE	lrt_mle	lrt_mle	True	TRUE	wald_mle	0.905,0.976	0.9052561451	0.9756868845
Vitreous_degeneration	0.04103577625271875	0.001197032671	0.001197032671	271989	14301	257688	-0.05407743182	0.947358748	TRUE	lrt_mle	0.917,0.979	wald_mle	two	TRUE	0.9167501835	0.9789892748	FALSE	TRUE	FALSE	mle	271989	14301	257688	ridge_seeded_refit;ridge_seeded_refit;inference=mle;ci=wald_mle	chr17-45585160-INV-706887	0.001197032671	TRUE	lrt_mle	lrt_mle	True	TRUE	wald_mle	0.917,0.979	0.9167501835	0.9789892748
Other_skin_and_subcutaneous_disorders	0.05261313997730303	0.001582710683	0.001582710683	270391	39930	230461	-0.03281687625	0.9677157551	TRUE	lrt_mle	0.948,0.988	wald_mle	two	TRUE	0.9481753853	0.9876588205	FALSE	TRUE	FALSE	mle	270391	39930	230461	ridge_seeded_refit;ridge_seeded_refit;inference=mle;ci=wald_mle	chr17-45585160-INV-706887	0.001582710683	TRUE	lrt_mle	lrt_mle	False	TRUE	wald_mle	0.948,0.988	0.9481753853	0.9876588205
Heartburn	0.05297717375555882	0.001641954337	0.001641954337	207382	10783	196599	-0.05986556655	0.9418911468	TRUE	lrt_mle	0.907,0.978	wald_mle	two	TRUE	0.9072625982	0.9778414035	FALSE	TRUE	FALSE	mle	207382	10783	196599	ridge_seeded_refit;ridge_seeded_refit;inference=mle;ci=wald_mle	chr17-45585160-INV-706887	0.001641954337	TRUE	lrt_mle	lrt_mle	False	TRUE	wald_mle	0.907,0.978	0.9072625982	0.9778414035
Nonspecific_abnormal_findings_on_radiological_and_other_examination_of_musculoskeletal_system	0.05526537716942857	0.00176325269	0.00176325269	194930	7081	187849	-0.0740911872	0.9285870147	TRUE	lrt_mle	0.886,0.973	wald_mle	two	TRUE	0.8861931374	0.9730089385	FALSE	TRUE	FALSE	mle	194930	7081	187849	ridge_seeded_refit;ridge_seeded_refit;inference=mle;ci=wald_mle	chr17-45585160-INV-706887	0.00176325269	TRUE	lrt_mle	lrt_mle	False	TRUE	wald_mle	0.886,0.973	0.8861931374	0.9730089385
Goiter	0.05822134324394444	0.001910636606	0.001910636606	214573	22082	192491	-0.04392093599	0.9570296211	TRUE	lrt_mle	0.931,0.984	wald_mle	two	TRUE	0.9307765314	0.9840231943	FALSE	TRUE	FALSE	mle	214573	22082	192491	ridge_seeded_refit;ridge_seeded_refit;inference=mle;ci=wald_mle	chr17-45585160-INV-706887	0.001910636606	TRUE	lrt_mle	lrt_mle	False	TRUE	wald_mle	0.931,0.984	0.9307765314	0.9840231943
Pain_in_joint	0.061536250104000004	0.002075516184	0.002075516184	316020	128171	187849	-0.02246358275	0.9777868449	TRUE	lrt_mle	0.964,0.992	wald_mle	two	TRUE	0.9639015144	0.9918721982	FALSE	TRUE	FALSE	mle	316020	128171	187849	ridge_seeded_refit;ridge_seeded_refit;inference=mle;ci=wald_mle	chr17-45585160-INV-706887	0.002075516184	TRUE	lrt_mle	lrt_mle	False	TRUE	wald_mle	0.964,0.992	0.9639015144	0.9918721982
Other_abnormal_immunological_findings_in_serum	0.06317538193672499	0.002199517767	0.002199517767	190091	7518	182573	-0.07718407239	0.9257194385	TRUE	lrt_mle	0.881,0.973	wald_mle	two	TRUE	0.8807806069	0.972951121	FALSE	TRUE	FALSE	mle	190091	7518	182573	ridge_seeded_refit;ridge_seeded_refit;inference=mle;ci=wald_mle	chr17-45585160-INV-706887	0.002199517767	TRUE	lrt_mle	lrt_mle	False	TRUE	wald_mle	0.881,0.973	0.8807806069	0.972951121
Mammographic_microcalcification	0.06317538193672499	0.002262936674	0.002262936674	260305	3538	256767	-0.1013322564	0.9036327452	TRUE	lrt_mle	0.846,0.965	wald_mle	two	TRUE	0.8462266577	0.9649331308	FALSE	TRUE	FALSE	mle	151807	3535	148272	sex_restricted_to_0;sex_majority_restricted_to_0;ridge_seeded_refit;ridge_seeded_refit;inference=mle;ci=wald_mle	chr17-45585160-INV-706887	0.002262936674	TRUE	lrt_mle	lrt_mle	False	TRUE	wald_mle	0.846,0.965	0.8462266577	0.9649331308
Multinodular_goiter	0.06317538193672499	0.002303569077	0.002303569077	202482	9991	192491	-0.06165100563	0.9402109579	TRUE	lrt_mle	0.903,0.978	wald_mle	two	TRUE	0.9034948557	0.9784191241	FALSE	TRUE	FALSE	mle	202482	9991	192491	ridge_seeded_refit;ridge_seeded_refit;inference=mle;ci=wald_mle	chr17-45585160-INV-706887	0.002303569077	TRUE	lrt_mle	lrt_mle	False	TRUE	wald_mle	0.903,0.978	0.9034948557	0.9784191241
Acute_skin_changes_due_to_ultraviolet_radiation	0.06738199470112195	0.002518379018	0.002518379018	235717	5256	230461	-0.07592787846	0.9268830524	TRUE	lrt_mle	0.882,0.974	wald_mle	two	TRUE	0.8820406005	0.9740052695	FALSE	TRUE	FALSE	mle	235717	5256	230461	ridge_seeded_refit;ridge_seeded_refit;inference=mle;ci=wald_mle	chr17-45585160-INV-706887	0.002518379018	TRUE	lrt_mle	lrt_mle	False	TRUE	wald_mle	0.882,0.974	0.8820406005	0.9740052695
Lesions_of_mouth	0.06878556615114582	0.002745138697	0.002745138697	207937	11338	196599	-0.0552409327	0.9462571362	TRUE	lrt_mle	0.913,0.981	wald_mle	two	TRUE	0.9125052942	0.9812573949	FALSE	TRUE	FALSE	mle	207937	11338	196599	ridge_seeded_refit;ridge_seeded_refit;inference=mle;ci=wald_mle	chr17-45585160-INV-706887	0.002745138697	TRUE	lrt_mle	lrt_mle	False	TRUE	wald_mle	0.913,0.981	0.9125052942	0.9812573949
Alcohol_abuse_and_dependence	0.06878556615114582	0.002772852267	0.002772852267	258076	18991	239085	-0.04604110005	0.9550027107	TRUE	lrt_mle	0.927,0.984	wald_mle	two	TRUE	0.9265226832	0.9843581749	FALSE	TRUE	FALSE	mle	258076	18991	239085	ridge_seeded_refit;ridge_seeded_refit;inference=mle;ci=wald_mle	chr17-45585160-INV-706887	0.002772852267	TRUE	lrt_mle	lrt_mle	False	TRUE	wald_mle	0.927,0.984	0.9265226832	0.9843581749
Disorders_of_lipoprotein_metabolism_and_other_lipidemias	0.06878556615114582	0.002792839252	0.002792839252	199787	7296	192491	-0.06701604376	0.9351801974	TRUE	lrt_mle	0.895,0.977	wald_mle	two	TRUE	0.8947709049	0.9774144386	FALSE	TRUE	FALSE	mle	199787	7296	192491	ridge_seeded_refit;ridge_seeded_refit;inference=mle;ci=wald_mle	chr17-45585160-INV-706887	0.002792839252	TRUE	lrt_mle	lrt_mle	False	TRUE	wald_mle	0.895,0.977	0.8947709049	0.9774144386
Cervicalgia	0.06878556615114582	0.002823793034	0.002823793034	238872	51023	187849	-0.02960530028	0.9708286437	TRUE	lrt_mle	0.952,0.990	wald_mle	two	TRUE	0.9521210031	0.9899038593	FALSE	TRUE	FALSE	mle	238872	51023	187849	ridge_seeded_refit;ridge_seeded_refit;inference=mle;ci=wald_mle	chr17-45585160-INV-706887	0.002823793034	TRUE	lrt_mle	lrt_mle	False	TRUE	wald_mle	0.952,0.990	0.9521210031	0.9899038593
Voice_disturbance	0.06878556615114582	0.002914344514	0.002914344514	220367	10735	209632	-0.05634216943	0.9452156567	TRUE	lrt_mle	0.911,0.981	wald_mle	two	TRUE	0.910636444	0.9811079311	FALSE	TRUE	FALSE	mle	220367	10735	209632	ridge_seeded_refit;ridge_seeded_refit;inference=mle;ci=wald_mle	chr17-45585160-INV-706887	0.002914344514	TRUE	lrt_mle	lrt_mle	False	TRUE	wald_mle	0.911,0.981	0.910636444	0.9811079311
Hepatitis	0.06878556615114582	0.002984589177	0.002984589177	209298	12699	196599	-0.05474189426	0.9467294727	TRUE	lrt_mle	0.913,0.982	wald_mle	two	TRUE	0.9129774241	0.9817293078	FALSE	TRUE	FALSE	mle	209298	12699	196599	ridge_seeded_refit;ridge_seeded_refit;inference=mle;ci=wald_mle	chr17-45585160-INV-706887	0.002984589177	TRUE	lrt_mle	lrt_mle	False	TRUE	wald_mle	0.913,0.982	0.9129774241	0.9817293078
Pain_in_knee	0.06878556615114582	0.003009760415	0.003009760415	258852	71003	187849	-0.02647007912	0.9738771827	TRUE	lrt_mle	0.957,0.991	wald_mle	two	TRUE	0.9569795404	0.9910731911	FALSE	TRUE	FALSE	mle	258852	71003	187849	ridge_seeded_refit;ridge_seeded_refit;inference=mle;ci=wald_mle	chr17-45585160-INV-706887	0.003009760415	TRUE	lrt_mle	lrt_mle	False	TRUE	wald_mle	0.957,0.991	0.9569795404	0.9910731911
Mental_disorder_not_otherwise_specified	0.07205503340726531	0.003218501948	0.003218501948	250631	11546	239085	-0.05419522736	0.9472471599	TRUE	lrt_mle	0.914,0.982	wald_mle	two	TRUE	0.9135447461	0.9821929202	FALSE	TRUE	FALSE	mle	250631	11546	239085	ridge_seeded_refit;ridge_seeded_refit;inference=mle;ci=wald_mle	chr17-45585160-INV-706887	0.003218501948	TRUE	lrt_mle	lrt_mle	False	TRUE	wald_mle	0.914,0.982	0.9135447461	0.9821929202
Myopia	0.0749244688959	0.003414971235	0.003414971235	279691	22003	257688	-0.03932282637	0.9614402808	TRUE	lrt_mle	0.936,0.987	wald_mle	two	TRUE	0.936385244	0.9871657198	FALSE	TRUE	FALSE	mle	279691	22003	257688	ridge_seeded_refit;ridge_seeded_refit;inference=mle;ci=wald_mle	chr17-45585160-INV-706887	0.003414971235	TRUE	lrt_mle	lrt_mle	False	TRUE	wald_mle	0.936,0.987	0.936385244	0.9871657198
Cystic_mastopathy	0.07640752886354901	0.003552218753	0.003552218753	234129	13014	221115	-0.05181818791	0.949501482	TRUE	lrt_mle	0.917,0.983	wald_mle	two	TRUE	0.9168729478	0.9832911599	FALSE	TRUE	FALSE	mle	138210	12952	125258	sex_restricted_to_0;sex_majority_restricted_to_0;ridge_seeded_refit;ridge_seeded_refit;inference=mle;ci=wald_mle	chr17-45585160-INV-706887	0.003552218753	TRUE	lrt_mle	lrt_mle	False	TRUE	wald_mle	0.917,0.983	0.9168729478	0.9832911599
Gastro_esophageal_reflux_disease_GERD	0.0776396500433077	0.003680275116	0.003680275116	280436	83837	196599	-0.0236909435	0.9765874838	TRUE	lrt_mle	0.961,0.992	wald_mle	two	TRUE	0.9610867487	0.9923382201	FALSE	TRUE	FALSE	mle	280436	83837	196599	ridge_seeded_refit;ridge_seeded_refit;inference=mle;ci=wald_mle	chr17-45585160-INV-706887	0.003680275116	TRUE	lrt_mle	lrt_mle	False	TRUE	wald_mle	0.961,0.992	0.9610867487	0.9923382201
Benign_neoplasm_of_the_breast	0.081178081178	0.003967331401	0.003967331401	261040	4273	256767	-0.08859579746	0.9152154312	TRUE	lrt_mle	0.861,0.973	wald_mle	two	TRUE	0.861257075	0.9725543161	FALSE	TRUE	FALSE	mle	152509	4237	148272	sex_restricted_to_0;sex_majority_restricted_to_0;ridge_seeded_refit;ridge_seeded_refit;inference=mle;ci=wald_mle	chr17-45585160-INV-706887	0.003967331401	TRUE	lrt_mle	lrt_mle	False	TRUE	wald_mle	0.861,0.973	0.861257075	0.9725543161
Lymphocytosis_symptomatic	0.081178081178	0.003996003996	0.003996003996	266063	1112	264951	-0.150301865	0.860448198	TRUE	score_boot_mle		profile_penalized	two	FALSE			TRUE	FALSE	TRUE	firth	266063	1112	264951	firth_refit;firth_refit;inference=firth;ci=profile_penalized	chr17-45585160-INV-706887		TRUE	score_boot_mle	score_boot_mle	False	FALSE				
Symptoms_related_to_joints	0.08693397770883635	0.004358585938	0.004358585938	318965	131116	187849	-0.02065261115	0.9795591934	TRUE	lrt_mle	0.966,0.994	wald_mle	two	TRUE	0.9657462027	0.9935697502	FALSE	TRUE	FALSE	mle	318965	131116	187849	ridge_seeded_refit;ridge_seeded_refit;inference=mle;ci=wald_mle	chr17-45585160-INV-706887	0.004358585938	TRUE	lrt_mle	lrt_mle	False	TRUE	wald_mle	0.966,0.994	0.9657462027	0.9935697502
Deforming_dorsopathies	0.0870132079255	0.004441877524	0.004441877524	210038	22189	187849	-0.03977743067	0.9610033052	TRUE	lrt_mle	0.935,0.988	wald_mle	two	TRUE	0.9349608598	0.9877711381	FALSE	TRUE	FALSE	mle	210038	22189	187849	ridge_seeded_refit;ridge_seeded_refit;inference=mle;ci=wald_mle	chr17-45585160-INV-706887	0.004441877524	TRUE	lrt_mle	lrt_mle	False	TRUE	wald_mle	0.935,0.988	0.9349608598	0.9877711381
Low_back_pain	0.09981962652412281	0.005186616875	0.005186616875	265404	77555	187849	-0.02397947436	0.9763057488	TRUE	lrt_mle	0.960,0.993	wald_mle	two	TRUE	0.9600143983	0.992873562	FALSE	TRUE	FALSE	mle	265404	77555	187849	ridge_seeded_refit;ridge_seeded_refit;inference=mle;ci=wald_mle	chr17-45585160-INV-706887	0.005186616875	TRUE	lrt_mle	lrt_mle	False	TRUE	wald_mle	0.960,0.993	0.9600143983	0.992873562
Hypothyroidism	0.11251476524066667	0.00598748035	0.00598748035	231704	39213	192491	0.02997577075	1.030429567	TRUE	lrt_mle	1.009,1.053	wald_mle	two	TRUE	1.008665064	1.052663694	FALSE	TRUE	FALSE	mle	231704	39213	192491	ridge_seeded_refit;ridge_seeded_refit;inference=mle;ci=wald_mle	chr17-45585160-INV-706887	0.00598748035	TRUE	lrt_mle	lrt_mle	False	TRUE	wald_mle	1.009,1.053	1.008665064	1.052663694
Hemorrhoids	0.11251476524066667	0.006100834102	0.006100834102	254578	44746	209832	-0.02855122884	0.971852506	TRUE	lrt_mle	0.952,0.992	wald_mle	two	TRUE	0.9521948822	0.9919159524	FALSE	TRUE	FALSE	mle	254578	44746	209832	ridge_seeded_refit;ridge_seeded_refit;inference=mle;ci=wald_mle	chr17-45585160-INV-706887	0.006100834102	TRUE	lrt_mle	lrt_mle	False	TRUE	wald_mle	0.952,0.992	0.9521948822	0.9919159524
Clostridium_difficile	0.11251476524066667	0.00615395252	0.00615395252	251173	3072	248101	0.09248086297	1.09689215	TRUE	lrt_mle	1.027,1.171	wald_mle	two	TRUE	1.027221167	1.171288548	FALSE	TRUE	FALSE	mle	251173	3072	248101	ridge_seeded_refit;ridge_seeded_refit;inference=mle;ci=wald_mle	chr17-45585160-INV-706887	0.00615395252	TRUE	lrt_mle	lrt_mle	False	TRUE	wald_mle	1.027,1.171	1.027221167	1.171288548
Constipation	0.12020052500262295	0.00668389428	0.00668389428	243460	46861	196599	-0.02762326319	0.9727547703	TRUE	lrt_mle	0.954,0.992	lrt_quadratic	two	True	0.9535292626016011	0.9923679117865402	FALSE	TRUE	FALSE	mle	243460	46861	196599	ridge_seeded_refit;ridge_seeded_refit;inference=mle;ci=lrt_quadratic	chr17-45585160-INV-706887	0.00668389428	TRUE	lrt_mle	lrt_mle	False	True	lrt_quadratic	0.954,0.992	0.9535292626016011	0.9923679117865402
Alkalosis	0.12209886717379365	0.006984433826	0.006984433826	194684	2193	192491	0.1120312878	1.118547857	TRUE	lrt_mle	1.032,1.212	wald_mle	two	TRUE	1.031947169	1.212416048	FALSE	TRUE	FALSE	mle	194684	2193	192491	ridge_seeded_refit;ridge_seeded_refit;inference=mle;ci=wald_mle	chr17-45585160-INV-706887	0.006984433826	TRUE	lrt_mle	lrt_mle	False	TRUE	wald_mle	1.032,1.212	1.031947169	1.212416048
Leiomyoma_of_uterus	0.12209886717379365	0.007012058917	0.007012058917	271978	15211	256767	-0.0475398025	0.9535725178	TRUE	lrt_mle	0.921,0.987	lrt_quadratic	two	True	0.9211823500390139	0.9871015729714362	FALSE	TRUE	FALSE	mle	163479	15207	148272	sex_restricted_to_0;sex_majority_restricted_to_0;ridge_seeded_refit;ridge_seeded_refit;inference=mle;ci=lrt_quadratic	chr17-45585160-INV-706887	0.007012058917	TRUE	lrt_mle	lrt_mle	False	True	lrt_quadratic	0.921,0.987	0.9211823500390139	0.9871015729714362
Back_pain	0.12392018133276562	0.007229618601	0.007229618601	309605	121756	187849	-0.01983395716	0.9803614418	TRUE	lrt_mle	0.966,0.995	lrt_quadratic	two	True	0.9662754896857888	0.9946527329005503	FALSE	TRUE	FALSE	mle	309605	121756	187849	ridge_seeded_refit;ridge_seeded_refit;inference=mle;ci=lrt_quadratic	chr17-45585160-INV-706887	0.007229618601	TRUE	lrt_mle	lrt_mle	False	True	lrt_quadratic	0.966,0.995	0.9662754896857888	0.9946527329005503
Clostridium	0.13227264965486152	0.007837486078	0.007837486078	251400	3299	248101	0.08709269192	1.090997802	TRUE	lrt_mle	1.024,1.163	wald_mle	two	TRUE	1.023669653	1.162754214	FALSE	TRUE	FALSE	mle	251400	3299	248101	ridge_seeded_refit;ridge_seeded_refit;inference=mle;ci=wald_mle	chr17-45585160-INV-706887	0.007837486078	TRUE	lrt_mle	lrt_mle	False	TRUE	wald_mle	1.024,1.163	1.023669653	1.162754214
Hypoxemia	0.14155343422476122	0.008592170553	0.008592170553	221768	12136	209632	0.04702714721	1.048150463	TRUE	lrt_mle	1.012,1.085	wald_mle	two	TRUE	1.012153529	1.085427617	FALSE	TRUE	FALSE	mle	221768	12136	209632	ridge_seeded_refit;ridge_seeded_refit;inference=mle;ci=wald_mle	chr17-45585160-INV-706887	0.008592170553	TRUE	lrt_mle	lrt_mle	False	TRUE	wald_mle	1.012,1.085	1.012153529	1.085427617
Vitamin_D_deficiency	0.14155343422476122	0.008645469547	0.008645469547	246536	54045	192491	-0.02563809906	0.9746877662	TRUE	lrt_mle	0.956,0.994	lrt_quadratic	two	True	0.9562123279257669	0.9935201773164757	FALSE	TRUE	FALSE	mle	246536	54045	192491	ridge_seeded_refit;ridge_seeded_refit;inference=mle;ci=lrt_quadratic	chr17-45585160-INV-706887	0.008645469547	TRUE	lrt_mle	lrt_mle	False	True	lrt_quadratic	0.956,0.994	0.9562123279257669	0.9935201773164757
Hyperemesis_gravidarum	0.14504613034010294	0.008991008991	0.008991008991	360527	1648	358879	-0.1338498756	0.8747213718	TRUE	score_boot_mle		profile_penalized	two	FALSE			TRUE	FALSE	TRUE	firth	208727	1646	207081	sex_restricted_to_0;sex_majority_restricted_to_0;firth_refit;firth_refit;inference=firth;ci=profile_penalized	chr17-45585160-INV-706887		TRUE	score_boot_mle	score_boot_mle	False	FALSE				
Flatulence_eructation_and_gas_pain	0.1528493984017183	0.009675323736	0.009675323736	215605	19006	196599	-0.03780549668	0.96290021	TRUE	lrt_mle	0.936,0.991	lrt_quadratic	two	True	0.9357141403117105	0.9908761387786579	FALSE	TRUE	FALSE	mle	215605	19006	196599	ridge_seeded_refit;ridge_seeded_refit;inference=mle;ci=lrt_quadratic	chr17-45585160-INV-706887	0.009675323736	TRUE	lrt_mle	lrt_mle	False	True	lrt_quadratic	0.936,0.991	0.9357141403117105	0.9908761387786579
Asphyxia_and_hypoxemia	0.1528493984017183	0.009864109163	0.009864109163	222111	12479	209632	0.04553089334	1.046583337	TRUE	lrt_mle	1.011,1.083	lrt_quadratic	two	True	1.0110097995436942	1.0834085692137327	FALSE	TRUE	FALSE	mle	222111	12479	209632	ridge_seeded_refit;ridge_seeded_refit;inference=mle;ci=lrt_quadratic	chr17-45585160-INV-706887	0.009864109163	TRUE	lrt_mle	lrt_mle	False	True	lrt_quadratic	1.011,1.083	1.0110097995436942	1.0834085692137327
Epilepsy_recurrent_seizures_convulsions	0.1528493984017183	0.009892714026	0.009892714026	228072	13887	214185	0.04324367571	1.044192308	TRUE	lrt_mle	1.010,1.079	lrt_quadratic	two	True	1.0104409832160037	1.0790710140618018	FALSE	TRUE	FALSE	mle	228072	13887	214185	ridge_seeded_refit;ridge_seeded_refit;inference=mle;ci=lrt_quadratic	chr17-45585160-INV-706887	0.009892714026	TRUE	lrt_mle	lrt_mle	False	True	lrt_quadratic	1.010,1.079	1.0104409832160037	1.0790710140618018
Osteoarthritis_of_more_than_one_site	0.15561620432041665	0.01021364331	0.01021364331	200008	12159	187849	-0.0480176377	0.9531169761	TRUE	lrt_mle	0.919,0.989	lrt_quadratic	two	True	0.9188258746927332	0.9886878408884201	FALSE	TRUE	FALSE	mle	200008	12159	187849	ridge_seeded_refit;ridge_seeded_refit;inference=mle;ci=lrt_quadratic	chr17-45585160-INV-706887	0.01021364331	TRUE	lrt_mle	lrt_mle	False	True	lrt_quadratic	0.919,0.989	0.9188258746927332	0.9886878408884201
Hypothyroidism_not_specified_as_secondary	0.15570833808821918	0.01036163052	0.01036163052	228790	36299	192491	0.02881887068	1.029238152	TRUE	lrt_mle	1.007,1.052	lrt_quadratic	two	True	1.0068082081082592	1.0521677969959016	FALSE	TRUE	FALSE	mle	228790	36299	192491	ridge_seeded_refit;ridge_seeded_refit;inference=mle;ci=lrt_quadratic	chr17-45585160-INV-706887	0.01036163052	TRUE	lrt_mle	lrt_mle	False	True	lrt_quadratic	1.007,1.052	1.0068082081082592	1.0521677969959016
Squamous_cell_carcinoma_of_the_skin	0.16290466291932434	0.01098901099	0.01098901099	261542	4775	256767	-0.06872356672	0.9335847183	TRUE	score_boot_mle		profile_penalized	two	FALSE			TRUE	FALSE	TRUE	firth	261542	4775	256767	firth_refit;firth_refit;inference=firth;ci=profile_penalized	chr17-45585160-INV-706887		TRUE	score_boot_mle	score_boot_mle	False	FALSE				
Diverticulitis	0.167555773418	0.01145549955	0.01145549955	204333	7734	196599	-0.05553655964	0.9459774384	TRUE	lrt_mle	0.906,0.988	lrt_quadratic	two	True	0.9061178841005115	0.9875903894477223	FALSE	TRUE	FALSE	mle	204333	7734	196599	ridge_seeded_refit;ridge_seeded_refit;inference=mle;ci=lrt_quadratic	chr17-45585160-INV-706887	0.01145549955	TRUE	lrt_mle	lrt_mle	False	True	lrt_quadratic	0.906,0.988	0.9061178841005115	0.9875903894477223
Tinnitus	0.1683128035921519	0.01175943633	0.01175943633	278409	20721	257688	-0.03452481405	0.9660643674	TRUE	lrt_mle	0.940,0.992	lrt_quadratic	two	True	0.9404614645546475	0.9923642777215661	FALSE	TRUE	FALSE	mle	278409	20721	257688	ridge_seeded_refit;ridge_seeded_refit;inference=mle;ci=lrt_quadratic	chr17-45585160-INV-706887	0.01175943633	TRUE	lrt_mle	lrt_mle	False	True	lrt_quadratic	0.940,0.992	0.9404614645546475	0.9923642777215661
Ankylosing_spondylitis	0.1683128035921519	0.01198801199	0.01198801199	188873	1024	187849	-0.1410224234	0.8684698374	TRUE	score_boot_mle		profile_penalized	two	FALSE			TRUE	FALSE	TRUE	firth	188873	1024	187849	firth_refit;firth_refit;inference=firth;ci=profile_penalized	chr17-45585160-INV-706887		TRUE	score_boot_mle	score_boot_mle	False	FALSE				
Rotator_cuff_tear_or_rupture	0.1683128035921519	0.01208175639	0.01208175639	198781	10932	187849	-0.04783856816	0.9532876656	TRUE	lrt_mle	0.918,0.990	lrt_quadratic	two	True	0.9183307534373235	0.989575237524461	FALSE	TRUE	FALSE	mle	198781	10932	187849	ridge_seeded_refit;ridge_seeded_refit;inference=mle;ci=lrt_quadratic	chr17-45585160-INV-706887	0.01208175639	TRUE	lrt_mle	lrt_mle	False	True	lrt_quadratic	0.918,0.990	0.9183307534373235	0.989575237524461
Deep_vein_thrombosis_DVT	0.1683128035921519	0.01212097674	0.01212097674	219481	9649	209832	0.05020177958	1.051483243	TRUE	lrt_mle	1.011,1.094	lrt_quadratic	two	True	1.0110397669900784	1.0935445330905813	FALSE	TRUE	FALSE	mle	219481	9649	209832	ridge_seeded_refit;ridge_seeded_refit;inference=mle;ci=lrt_quadratic	chr17-45585160-INV-706887	0.01212097674	TRUE	lrt_mle	lrt_mle	False	True	lrt_quadratic	1.011,1.094	1.0110397669900784	1.0935445330905813
Tachycardia	0.16980975134450002	0.01238357348	0.01238357348	236912	27080	209832	-0.03162423643	0.96887058	TRUE	lrt_mle	0.945,0.993	lrt_quadratic	two	True	0.9451543248907864	0.993181934399464	FALSE	TRUE	FALSE	mle	236912	27080	209832	ridge_seeded_refit;ridge_seeded_refit;inference=mle;ci=lrt_quadratic	chr17-45585160-INV-706887	0.01238357348	TRUE	lrt_mle	lrt_mle	False	True	lrt_quadratic	0.945,0.993	0.9451543248907864	0.993181934399464
General_symptoms_and_other_findings	0.17215297681654324	0.01271138662	0.01271138662	237917	55344	182573	-0.02389708164	0.9763861927	TRUE	lrt_mle	0.958,0.995	lrt_quadratic	two	True	0.9582045121371339	0.9949128658104808	FALSE	TRUE	FALSE	mle	237917	55344	182573	ridge_seeded_refit;ridge_seeded_refit;inference=mle;ci=lrt_quadratic	chr17-45585160-INV-706887	0.01271138662	TRUE	lrt_mle	lrt_mle	False	True	lrt_quadratic	0.958,0.995	0.9582045121371339	0.9949128658104808
Chronic_fatigue_syndrome	0.17456622632670732	0.01304870607	0.01304870607	192700	10127	182573	-0.0472541425	0.9538449542	TRUE	lrt_mle	0.919,0.990	lrt_quadratic	two	True	0.9189139392552318	0.9901038148054128	FALSE	TRUE	FALSE	mle	192700	10127	182573	ridge_seeded_refit;ridge_seeded_refit;inference=mle;ci=lrt_quadratic	chr17-45585160-INV-706887	0.01304870607	TRUE	lrt_mle	lrt_mle	False	True	lrt_quadratic	0.919,0.990	0.9189139392552318	0.9901038148054128
Other_disorders_of_the_intestines	0.17497247986057474	0.01344069572	0.01344069572	211432	14833	196599	-0.04008911188	0.9607038252	TRUE	lrt_mle	0.931,0.992	lrt_quadratic	two	True	0.9306462738254762	0.9917321604765535	FALSE	TRUE	FALSE	mle	211432	14833	196599	ridge_seeded_refit;ridge_seeded_refit;inference=mle;ci=lrt_quadratic	chr17-45585160-INV-706887	0.01344069572	TRUE	lrt_mle	lrt_mle	False	True	lrt_quadratic	0.931,0.992	0.9306462738254762	0.9917321604765535
Diabetes_mellitus	0.17497247986057474	0.0134608021	0.0134608021	252487	59996	192491	0.02402029468	1.024311106	TRUE	lrt_mle	1.005,1.044	lrt_quadratic	two	True	1.0049827085249923	1.0440112376600883	FALSE	TRUE	FALSE	mle	252487	59996	192491	ridge_seeded_refit;ridge_seeded_refit;inference=mle;ci=lrt_quadratic	chr17-45585160-INV-706887	0.0134608021	TRUE	lrt_mle	lrt_mle	False	True	lrt_quadratic	1.005,1.044	1.0049827085249923	1.0440112376600883
Type_2_diabetes	0.17497247986057474	0.01375178765	0.01375178765	249573	57082	192491	0.02457763538	1.024882155	TRUE	lrt_mle	1.005,1.045	lrt_quadratic	two	True	1.0050377300964446	1.045118407457002	FALSE	TRUE	FALSE	mle	249573	57082	192491	ridge_seeded_refit;ridge_seeded_refit;inference=mle;ci=lrt_quadratic	chr17-45585160-INV-706887	0.01375178765	TRUE	lrt_mle	lrt_mle	False	True	lrt_quadratic	1.005,1.045	1.0050377300964446	1.045118407457002
Fluid_overload	0.17497247986057474	0.01379345302	0.01379345302	198806	6315	192491	0.06227477704	1.064254737	TRUE	lrt_mle	1.013,1.118	lrt_quadratic	two	True	1.0127918528107804	1.1183325998994929	FALSE	TRUE	FALSE	mle	198806	6315	192491	ridge_seeded_refit;ridge_seeded_refit;inference=mle;ci=lrt_quadratic	chr17-45585160-INV-706887	0.01379345302	TRUE	lrt_mle	lrt_mle	False	True	lrt_quadratic	1.013,1.118	1.0127918528107804	1.1183325998994929
Abnormal_cytological_findings_in_specimens_from_genital_organs	0.17497247986057474	0.01387657771	0.01387657771	199263	16690	182573	-0.04018872466	0.9606081316	TRUE	lrt_mle	0.930,0.992	lrt_quadratic	two	True	0.9303423322311092	0.9918585347884352	FALSE	TRUE	FALSE	mle	199263	16690	182573	ridge_seeded_refit;ridge_seeded_refit;inference=mle;ci=lrt_quadratic	chr17-45585160-INV-706887	0.01387657771	TRUE	lrt_mle	lrt_mle	False	True	lrt_quadratic	0.930,0.992	0.9303423322311092	0.9918585347884352
Chronic_hepatitis	0.17505512258438202	0.01410411417	0.01410411417	203507	6908	196599	-0.06141867357	0.9404294244	TRUE	lrt_mle	0.895,0.988	lrt_quadratic	two	True	0.8954215946913324	0.9876995456839015	FALSE	TRUE	FALSE	mle	203507	6908	196599	ridge_seeded_refit;ridge_seeded_refit;inference=mle;ci=lrt_quadratic	chr17-45585160-INV-706887	0.01410411417	TRUE	lrt_mle	lrt_mle	False	True	lrt_quadratic	0.895,0.988	0.8954215946913324	0.9876995456839015
Hypercalcemia	0.17505512258438202	0.01420228433	0.01420228433	200209	7718	192491	-0.05568871879	0.9458335103	TRUE	lrt_mle	0.905,0.989	lrt_quadratic	two	True	0.9046559129201871	0.9888854053512276	FALSE	TRUE	FALSE	mle	200209	7718	192491	ridge_seeded_refit;ridge_seeded_refit;inference=mle;ci=lrt_quadratic	chr17-45585160-INV-706887	0.01420228433	TRUE	lrt_mle	lrt_mle	False	True	lrt_quadratic	0.905,0.989	0.9046559129201871	0.9888854053512276
Abnormal_Papanicolaou_smear	0.17868001569597824	0.01495531121	0.01495531121	194489	11916	182573	-0.04636281243	0.9546955239	TRUE	lrt_mle	0.920,0.991	lrt_quadratic	two	True	0.9197030030049658	0.9910194274277835	FALSE	TRUE	FALSE	mle	194489	11916	182573	ridge_seeded_refit;ridge_seeded_refit;inference=mle;ci=lrt_quadratic	chr17-45585160-INV-706887	0.01495531121	TRUE	lrt_mle	lrt_mle	False	True	lrt_quadratic	0.920,0.991	0.9197030030049658	0.9910194274277835
Heart_failure	0.17868001569597824	0.0149812389	0.0149812389	232059	22227	209832	0.03540212523	1.036036241	TRUE	lrt_mle	1.007,1.066	lrt_quadratic	two	True	1.0069048209573226	1.0660104818885092	FALSE	TRUE	FALSE	mle	232059	22227	209832	ridge_seeded_refit;ridge_seeded_refit;inference=mle;ci=lrt_quadratic	chr17-45585160-INV-706887	0.0149812389	TRUE	lrt_mle	lrt_mle	False	True	lrt_quadratic	1.007,1.066	1.0069048209573226	1.0660104818885092
Estrogen_receptor_status	0.17868001569597824	0.01498501499	0.01498501499	258399	1632	256767	-0.1163259403	0.8901850288	TRUE	score_boot_mle		profile_penalized	two	FALSE			TRUE	FALSE	TRUE	firth	149895	1623	148272	sex_restricted_to_0;sex_majority_restricted_to_0;firth_refit;firth_refit;inference=firth;ci=profile_penalized	chr17-45585160-INV-706887		TRUE	score_boot_mle	score_boot_mle	False	FALSE				
Intestinal_infection_due_to_C._difficile	0.18073180005311826	0.01532183902	0.01532183902	199671	3072	196599	0.08209970997	1.085564046	TRUE	lrt_mle	1.016,1.160	lrt_quadratic	two	True	1.0158597752659346	1.1600511474544823	FALSE	TRUE	FALSE	mle	199671	3072	196599	ridge_seeded_refit;ridge_seeded_refit;inference=mle;ci=lrt_quadratic	chr17-45585160-INV-706887	0.01532183902	TRUE	lrt_mle	lrt_mle	False	True	lrt_quadratic	1.016,1.160	1.0158597752659346	1.1600511474544823
Skin_symptoms	0.1827813795689362	0.01566221484	0.01566221484	293627	63166	230461	-0.02117266113	0.9790499061	TRUE	lrt_mle	0.962,0.996	lrt_quadratic	two	True	0.9623819056291346	0.9960065884977373	FALSE	TRUE	FALSE	mle	293627	63166	230461	ridge_seeded_refit;ridge_seeded_refit;inference=mle;ci=lrt_quadratic	chr17-45585160-INV-706887	0.01566221484	TRUE	lrt_mle	lrt_mle	False	True	lrt_quadratic	0.962,0.996	0.9623819056291346	0.9960065884977373
Aneurysm_or_ectasia	0.18720319649520833	0.01634545507	0.01634545507	223211	13379	209832	0.04155268774	1.042428084	TRUE	lrt_mle	1.008,1.078	lrt_quadratic	two	True	1.0076635086725785	1.0783920426740692	FALSE	TRUE	FALSE	mle	223211	13379	209832	ridge_seeded_refit;ridge_seeded_refit;inference=mle;ci=lrt_quadratic	chr17-45585160-INV-706887	0.01634545507	TRUE	lrt_mle	lrt_mle	False	True	lrt_quadratic	1.008,1.078	1.0076635086725785	1.0783920426740692
Presbyopia	0.18720319649520833	0.01638241282	0.01638241282	283727	26039	257688	-0.0306508994	0.9698140767	TRUE	lrt_mle	0.946,0.994	lrt_quadratic	two	True	0.9458426470247322	0.9943930380510781	FALSE	TRUE	FALSE	mle	283727	26039	257688	ridge_seeded_refit;ridge_seeded_refit;inference=mle;ci=lrt_quadratic	chr17-45585160-INV-706887	0.01638241282	TRUE	lrt_mle	lrt_mle	False	True	lrt_quadratic	0.946,0.994	0.9458426470247322	0.9943930380510781
Chest_pain	0.18817320267111112	0.01666476319	0.01666476319	271894	89321	182573	-0.01953467518	0.9806548902	TRUE	lrt_mle	0.965,0.996	lrt_quadratic	two	True	0.9650961573289746	0.9964644521668622	FALSE	TRUE	FALSE	mle	271894	89321	182573	ridge_seeded_refit;ridge_seeded_refit;inference=mle;ci=lrt_quadratic	chr17-45585160-INV-706887	0.01666476319	TRUE	lrt_mle	lrt_mle	False	True	lrt_quadratic	0.965,0.996	0.9650961573289746	0.9964644521668622
Lupus	0.18817320267111112	0.01694338311	0.01694338311	191802	3953	187849	-0.07790945841	0.9250481781	TRUE	lrt_mle	0.868,0.986	lrt_quadratic	two	True	0.8677463446254977	0.9861339515609444	FALSE	TRUE	FALSE	mle	191802	3953	187849	ridge_seeded_refit;ridge_seeded_refit;inference=mle;ci=lrt_quadratic	chr17-45585160-INV-706887	0.01694338311	TRUE	lrt_mle	lrt_mle	False	True	lrt_quadratic	0.868,0.986	0.8677463446254977	0.9861339515609444
Dysplasia_of_cervix	0.18817320267111112	0.01698190252	0.01698190252	226924	5809	221115	-0.06268993657	0.9392346509	TRUE	lrt_mle	0.892,0.989	lrt_quadratic	two	True	0.8921130144552506	0.9888452640941714	FALSE	TRUE	FALSE	mle	131062	5804	125258	sex_restricted_to_0;sex_majority_restricted_to_0;ridge_seeded_refit;ridge_seeded_refit;inference=mle;ci=lrt_quadratic	chr17-45585160-INV-706887	0.01698190252	TRUE	lrt_mle	lrt_mle	False	True	lrt_quadratic	0.892,0.989	0.8921130144552506	0.9888452640941714
Other_diseases_of_spinal_cord	0.1896802853076	0.01729081908	0.01729081908	222600	8415	214185	-0.05107292707	0.950209372	TRUE	lrt_mle	0.911,0.991	lrt_quadratic	two	True	0.9110805176756915	0.9910187224488762	FALSE	TRUE	FALSE	mle	222600	8415	214185	ridge_seeded_refit;ridge_seeded_refit;inference=mle;ci=lrt_quadratic	chr17-45585160-INV-706887	0.01729081908	TRUE	lrt_mle	lrt_mle	False	True	lrt_quadratic	0.911,0.991	0.9110805176756915	0.9910187224488762
Chronic_tonsillitis_and_adenoiditis	0.1927979427875926	0.01798201798	0.01798201798	211145	1513	209632	-0.1168635011	0.8897066289	TRUE	score_boot_mle		profile_penalized	two	FALSE			TRUE	FALSE	TRUE	firth	211145	1513	209632	firth_refit;firth_refit;inference=firth;ci=profile_penalized	chr17-45585160-INV-706887		TRUE	score_boot_mle	score_boot_mle	False	FALSE				
Esophagitis	0.1927979427875926	0.01839581582	0.01839581582	216792	20193	196599	-0.03331692324	0.9672319727	TRUE	lrt_mle	0.941,0.994	lrt_quadratic	two	True	0.9408090165003197	0.9943970270708281	FALSE	TRUE	FALSE	mle	216792	20193	196599	ridge_seeded_refit;ridge_seeded_refit;inference=mle;ci=lrt_quadratic	chr17-45585160-INV-706887	0.01839581582	TRUE	lrt_mle	lrt_mle	False	True	lrt_quadratic	0.941,0.994	0.9408090165003197	0.9943970270708281
Myalgia	0.1927979427875926	0.01842521742	0.01842521742	227876	40027	187849	-0.02567436965	0.9746524144	TRUE	lrt_mle	0.954,0.996	lrt_quadratic	two	True	0.9540642532307791	0.9956848562101807	FALSE	TRUE	FALSE	mle	227876	40027	187849	ridge_seeded_refit;ridge_seeded_refit;inference=mle;ci=lrt_quadratic	chr17-45585160-INV-706887	0.01842521742	TRUE	lrt_mle	lrt_mle	False	True	lrt_quadratic	0.954,0.996	0.9540642532307791	0.9956848562101807
Prurigo	0.1927979427875926	0.01843165183	0.01843165183	232673	2212	230461	-0.09847088648	0.9062220755	TRUE	lrt_mle	0.835,0.984	lrt_quadratic	two	True	0.8349693483313809	0.9835552069615429	FALSE	TRUE	FALSE	mle	232673	2212	230461	ridge_seeded_refit;ridge_seeded_refit;inference=mle;ci=lrt_quadratic	chr17-45585160-INV-706887	0.01843165183	TRUE	lrt_mle	lrt_mle	False	True	lrt_quadratic	0.835,0.984	0.8349693483313809	0.9835552069615429
Allergies_related_to_other_diseasessymptoms	0.1927979427875926	0.01853857824	0.01853857824	240880	58307	182573	-0.02188552665	0.9783522239	TRUE	lrt_mle	0.961,0.996	lrt_quadratic	two	True	0.9606910977608726	0.9963380281514383	FALSE	TRUE	FALSE	mle	240880	58307	182573	ridge_seeded_refit;ridge_seeded_refit;inference=mle;ci=lrt_quadratic	chr17-45585160-INV-706887	0.01853857824	TRUE	lrt_mle	lrt_mle	False	True	lrt_quadratic	0.961,0.996	0.9606910977608726	0.9963380281514383
Rash_and_other_nonspecific_skin_eruption	0.1927979427875926	0.01888727456	0.01888727456	272474	42013	230461	-0.02408075306	0.9762068749	TRUE	lrt_mle	0.957,0.996	lrt_quadratic	two	True	0.9567778766807014	0.9960304118590672	FALSE	TRUE	FALSE	mle	272474	42013	230461	ridge_seeded_refit;ridge_seeded_refit;inference=mle;ci=lrt_quadratic	chr17-45585160-INV-706887	0.01888727456	TRUE	lrt_mle	lrt_mle	False	True	lrt_quadratic	0.957,0.996	0.9567778766807014	0.9960304118590672
Ulceration_of_the_lower_GI_tract	0.1927979427875926	0.01894835022	0.01894835022	198541	1942	196599	-0.1008107904	0.9041040819	TRUE	lrt_mle	0.831,0.984	lrt_quadratic	two	True	0.8310930550592296	0.9835290836412556	FALSE	TRUE	FALSE	mle	198541	1942	196599	ridge_seeded_refit;ridge_seeded_refit;inference=mle;ci=lrt_quadratic	chr17-45585160-INV-706887	0.01894835022	TRUE	lrt_mle	lrt_mle	False	True	lrt_quadratic	0.831,0.984	0.8310930550592296	0.9835290836412556
Estrogen_receptor_positive_status_ER+	0.1927979427875926	0.01898101898		258199	1432	256767	-0.1117402075	0.8942765537	TRUE	score_boot_mle		profile_penalized	two	FALSE			TRUE	FALSE	TRUE	firth	149696	1424	148272	sex_restricted_to_0;sex_majority_restricted_to_0;firth_refit;firth_refit;inference=firth;ci=profile_penalized	chr17-45585160-INV-706887		FALSE			False	FALSE				
Systemic_lupus_erythematosus_SLE	0.19448869822026785	0.01933177048	0.01933177048	191548	3699	187849	-0.07910450007	0.9239433673	TRUE	lrt_mle	0.865,0.987	lrt_quadratic	two	True	0.8646866655873924	0.9872609118030446	FALSE	TRUE	FALSE	mle	191548	3699	187849	ridge_seeded_refit;ridge_seeded_refit;inference=mle;ci=lrt_quadratic	chr17-45585160-INV-706887	0.01933177048	TRUE	lrt_mle	lrt_mle	False	True	lrt_quadratic	0.865,0.987	0.8646866655873924	0.9872609118030446
Other_hearing_abnormality	0.19448869822026785	0.01954696466	0.01954696466	280530	22842	257688	-0.0305878437	0.9698752309	TRUE	lrt_mle	0.945,0.995	lrt_quadratic	two	True	0.945289955901188	0.9950999242441818	FALSE	TRUE	FALSE	mle	280530	22842	257688	ridge_seeded_refit;ridge_seeded_refit;inference=mle;ci=lrt_quadratic	chr17-45585160-INV-706887	0.01954696466	TRUE	lrt_mle	lrt_mle	False	True	lrt_quadratic	0.945,0.995	0.945289955901188	0.9950999242441818
Atrial_fibrillation	0.19448869822026785	0.01978274368	0.01978274368	229437	19605	209832	0.03507550806	1.035697909	TRUE	lrt_mle	1.006,1.067	lrt_quadratic	two	True	1.0055916579661206	1.0667055071621456	FALSE	TRUE	FALSE	mle	229437	19605	209832	ridge_seeded_refit;ridge_seeded_refit;inference=mle;ci=lrt_quadratic	chr17-45585160-INV-706887	0.01978274368	TRUE	lrt_mle	lrt_mle	False	True	lrt_quadratic	1.006,1.067	1.0055916579661206	1.0667055071621456
Localized_adiposity	0.19448869822026785	0.01985664011	0.01985664011	194634	2143	192491	0.09607638392	1.100843147	TRUE	lrt_mle	1.015,1.194	lrt_quadratic	two	True	1.0153416315607682	1.1935447121669123	FALSE	TRUE	FALSE	mle	194634	2143	192491	ridge_seeded_refit;ridge_seeded_refit;inference=mle;ci=lrt_quadratic	chr17-45585160-INV-706887	0.01985664011	TRUE	lrt_mle	lrt_mle	False	True	lrt_quadratic	1.015,1.194	1.0153416315607682	1.1935447121669123
Acne	0.19489924775637166	0.02007622151	0.02007622151	245854	15393	230461	-0.03713590619	0.9635451747	TRUE	lrt_mle	0.934,0.994	lrt_quadratic	two	True	0.9338472741714876	0.9941875179799409	FALSE	TRUE	FALSE	mle	245854	15393	230461	ridge_seeded_refit;ridge_seeded_refit;inference=mle;ci=lrt_quadratic	chr17-45585160-INV-706887	0.02007622151	TRUE	lrt_mle	lrt_mle	False	True	lrt_quadratic	0.934,0.994	0.9338472741714876	0.9941875179799409
Other_respiratory_disorders	0.19846155609236843	0.02062408149	0.02062408149	232270	22638	209632	-0.0315799138	0.9689135238	TRUE	lrt_mle	0.943,0.995	lrt_quadratic	two	True	0.9433489892971294	0.9951708511381624	FALSE	TRUE	FALSE	mle	232270	22638	209632	ridge_seeded_refit;ridge_seeded_refit;inference=mle;ci=lrt_quadratic	chr17-45585160-INV-706887	0.02062408149	TRUE	lrt_mle	lrt_mle	False	True	lrt_quadratic	0.943,0.995	0.9433489892971294	0.9951708511381624
Neck_sprain	0.20518510795025863	0.02169182939	0.02169182939	195892	8043	187849	-0.05104304374	0.9502377679	TRUE	lrt_mle	0.910,0.993	lrt_quadratic	two	True	0.909717774656953	0.9925625733948181	FALSE	TRUE	FALSE	mle	195892	8043	187849	ridge_seeded_refit;ridge_seeded_refit;inference=mle;ci=lrt_quadratic	chr17-45585160-INV-706887	0.02169182939	TRUE	lrt_mle	lrt_mle	False	True	lrt_quadratic	0.910,0.993	0.909717774656953	0.9925625733948181
Abdominal_pain	0.20518510795025863	0.02169687559	0.02169687559	304973	108374	196599	-0.01707928906	0.9830657352	TRUE	lrt_mle	0.969,0.998	lrt_quadratic	two	True	0.9688347357022918	0.9975057706797327	FALSE	TRUE	FALSE	mle	304973	108374	196599	ridge_seeded_refit;ridge_seeded_refit;inference=mle;ci=lrt_quadratic	chr17-45585160-INV-706887	0.02169687559	TRUE	lrt_mle	lrt_mle	False	True	lrt_quadratic	0.969,0.998	0.9688347357022918	0.9975057706797327
Abnormal_findings_on_diagnostic_imaging_of_the_digestive_tract	0.2118711538569748	0.02280993542	0.02280993542	209862	13263	196599	-0.0395829945	0.9611901772	TRUE	lrt_mle	0.929,0.995	lrt_quadratic	two	True	0.9289869140018825	0.9945097641162537	FALSE	TRUE	FALSE	mle	209862	13263	196599	ridge_seeded_refit;ridge_seeded_refit;inference=mle;ci=lrt_quadratic	chr17-45585160-INV-706887	0.02280993542	TRUE	lrt_mle	lrt_mle	False	True	lrt_quadratic	0.929,0.995	0.9289869140018825	0.9945097641162537
Abnormal_findings_on_diagnostic_imaging_of_lung	0.2118711538569748	0.02291884535	0.02291884535	247412	37780	209632	-0.02526284334	0.975053592	TRUE	lrt_mle	0.954,0.997	lrt_quadratic	two	True	0.9540593344588255	0.9965098321828607	FALSE	TRUE	FALSE	mle	247412	37780	209632	ridge_seeded_refit;ridge_seeded_refit;inference=mle;ci=lrt_quadratic	chr17-45585160-INV-706887	0.02291884535	TRUE	lrt_mle	lrt_mle	False	True	lrt_quadratic	0.954,0.997	0.9540593344588255	0.9965098321828607
Metabolic_encephalopathy	0.2118711538569748	0.02298328834	0.02298328834	217601	3416	214185	0.07512459266	1.078018456	TRUE	lrt_mle	1.010,1.150	lrt_quadratic	two	True	1.0104203195645913	1.1501389751749016	FALSE	TRUE	FALSE	mle	217601	3416	214185	ridge_seeded_refit;ridge_seeded_refit;inference=mle;ci=lrt_quadratic	chr17-45585160-INV-706887	0.02298328834	TRUE	lrt_mle	lrt_mle	False	True	lrt_quadratic	1.010,1.150	1.0104203195645913	1.1501389751749016
Malaise_and_fatigue	0.220604616797	0.02468132108	0.02468132108	269796	87223	182573	-0.01820982701	0.9819549701	TRUE	lrt_mle	0.966,0.998	lrt_quadratic	two	True	0.9664767255126072	0.9976811006224364	FALSE	TRUE	FALSE	mle	269796	87223	182573	ridge_seeded_refit;ridge_seeded_refit;inference=mle;ci=lrt_quadratic	chr17-45585160-INV-706887	0.02468132108	TRUE	lrt_mle	lrt_mle	False	True	lrt_quadratic	0.966,0.998	0.9664767255126072	0.9976811006224364
Ocular_hypertension	0.220604616797	0.02487285324	0.02487285324	261414	3726	257688	0.07080945649	1.073376681	TRUE	lrt_mle	1.009,1.142	lrt_quadratic	two	True	1.0089855706009463	1.1418770830713292	FALSE	TRUE	FALSE	mle	261414	3726	257688	ridge_seeded_refit;ridge_seeded_refit;inference=mle;ci=lrt_quadratic	chr17-45585160-INV-706887	0.02487285324	TRUE	lrt_mle	lrt_mle	False	True	lrt_quadratic	1.009,1.142	1.0089855706009463	1.1418770830713292
Benign_neoplasm_of_colon_rectum_anus_and_anal_canal	0.220604616797	0.02533459234	0.02533459234	302167	45400	256767	-0.02284066366	0.9774182096	TRUE	lrt_mle	0.958,0.997	lrt_quadratic	two	True	0.9580461966273267	0.9971819311364961	FALSE	TRUE	FALSE	mle	302167	45400	256767	ridge_seeded_refit;ridge_seeded_refit;inference=mle;ci=lrt_quadratic	chr17-45585160-INV-706887	0.02533459234	TRUE	lrt_mle	lrt_mle	False	True	lrt_quadratic	0.958,0.997	0.9580461966273267	0.9971819311364961
Disorders_of_muscle	0.220604616797	0.02546147069	0.02546147069	228116	40267	187849	-0.02421019551	0.9760805205	TRUE	lrt_mle	0.956,0.997	lrt_quadratic	two	True	0.9555697695441762	0.9970315227303947	FALSE	TRUE	FALSE	mle	228116	40267	187849	ridge_seeded_refit;ridge_seeded_refit;inference=mle;ci=lrt_quadratic	chr17-45585160-INV-706887	0.02546147069	TRUE	lrt_mle	lrt_mle	False	True	lrt_quadratic	0.956,0.997	0.9555697695441762	0.9970315227303947
Visual_distortions_and_subjective_visual_disturbances	0.220604616797	0.02558860065	0.02558860065	259673	1985	257688	-0.09464110857	0.9096993592	TRUE	lrt_mle	0.837,0.989	lrt_quadratic	two	True	0.8371663276264861	0.9885167341388369	FALSE	TRUE	FALSE	mle	259673	1985	257688	ridge_seeded_refit;ridge_seeded_refit;inference=mle;ci=lrt_quadratic	chr17-45585160-INV-706887	0.02558860065	TRUE	lrt_mle	lrt_mle	False	True	lrt_quadratic	0.837,0.989	0.8371663276264861	0.9885167341388369
Disorders_of_lacrimal_system	0.220604616797	0.02574798896	0.02574798896	284693	27005	257688	-0.02837546024	0.9720233422	TRUE	lrt_mle	0.948,0.997	lrt_quadratic	two	True	0.9480813574114935	0.9965699360311985	FALSE	TRUE	FALSE	mle	284693	27005	257688	ridge_seeded_refit;ridge_seeded_refit;inference=mle;ci=lrt_quadratic	chr17-45585160-INV-706887	0.02574798896	TRUE	lrt_mle	lrt_mle	False	True	lrt_quadratic	0.948,0.997	0.9480813574114935	0.9965699360311985
Vitamin_deficiencies	0.220604616797	0.02596657806	0.02596657806	254716	62225	192491	-0.0206194513	0.979591676	TRUE	lrt_mle	0.962,0.998	lrt_quadratic	two	True	0.9619730816825443	0.9975329558945507	FALSE	TRUE	FALSE	mle	254716	62225	192491	ridge_seeded_refit;ridge_seeded_refit;inference=mle;ci=lrt_quadratic	chr17-45585160-INV-706887	0.02596657806	TRUE	lrt_mle	lrt_mle	False	True	lrt_quadratic	0.962,0.998	0.9619730816825443	0.9975329558945507
Chronic_laryngitis_and_laryngotracheitis	0.220604616797	0.02597402597	0.02597402597	211030	1398	209632	-0.1122824917	0.8937917331	TRUE	score_boot_mle		profile_penalized	two	FALSE			TRUE	FALSE	TRUE	firth	211030	1398	209632	firth_refit;firth_refit;inference=firth;ci=profile_penalized	chr17-45585160-INV-706887		TRUE	score_boot_mle	score_boot_mle	False	FALSE				
Acute_myocardial_infarction	0.220604616797	0.02598501759	0.02598501759	219828	9996	209832	0.04516216151	1.046197499	TRUE	lrt_mle	1.005,1.089	lrt_quadratic	two	True	1.0054198817560898	1.088628966888332	FALSE	TRUE	FALSE	mle	219828	9996	209832	ridge_seeded_refit;ridge_seeded_refit;inference=mle;ci=lrt_quadratic	chr17-45585160-INV-706887	0.02598501759	TRUE	lrt_mle	lrt_mle	False	True	lrt_quadratic	1.005,1.089	1.0054198817560898	1.088628966888332
Insomnia	0.220604616797	0.0260185995	0.0260185995	255870	41685	214185	-0.02301975103	0.977243182	TRUE	lrt_mle	0.958,0.997	lrt_quadratic	two	True	0.9576346489192404	0.997253219574639	FALSE	TRUE	FALSE	mle	255870	41685	214185	ridge_seeded_refit;ridge_seeded_refit;inference=mle;ci=lrt_quadratic	chr17-45585160-INV-706887	0.0260185995	TRUE	lrt_mle	lrt_mle	False	True	lrt_quadratic	0.958,0.997	0.9576346489192404	0.997253219574639
Inflammation_of_the_eye	0.220604616797	0.02614275313	0.02614275313	291141	33453	257688	-0.02510724274	0.9752053227	TRUE	lrt_mle	0.954,0.997	lrt_quadratic	two	True	0.9538652345020833	0.9970228362249404	FALSE	TRUE	FALSE	mle	291141	33453	257688	ridge_seeded_refit;ridge_seeded_refit;inference=mle;ci=lrt_quadratic	chr17-45585160-INV-706887	0.02614275313	TRUE	lrt_mle	lrt_mle	False	True	lrt_quadratic	0.954,0.997	0.9538652345020833	0.9970228362249404
Functional_dyspepsia	0.22064836272015267	0.02634907522	0.02634907522	206107	9508	196599	-0.04573025469	0.955299615	TRUE	lrt_mle	0.918,0.995	lrt_quadratic	two	True	0.9175159750396746	0.9946391989919252	FALSE	TRUE	FALSE	mle	206107	9508	196599	ridge_seeded_refit;ridge_seeded_refit;inference=mle;ci=lrt_quadratic	chr17-45585160-INV-706887	0.02634907522	TRUE	lrt_mle	lrt_mle	False	True	lrt_quadratic	0.918,0.995	0.9175159750396746	0.9946391989919252
Memory_loss	0.22072817064503758	0.02665603003	0.02665603003	228068	13883	214185	-0.03722916481	0.96345532	TRUE	lrt_mle	0.932,0.996	lrt_quadratic	two	True	0.9322547323892155	0.9957001250549777	FALSE	TRUE	FALSE	mle	228068	13883	214185	ridge_seeded_refit;ridge_seeded_refit;inference=mle;ci=lrt_quadratic	chr17-45585160-INV-706887	0.02665603003	TRUE	lrt_mle	lrt_mle	False	True	lrt_quadratic	0.932,0.996	0.9322547323892155	0.9957001250549777
Meibomian_gland_dysfunction_of_eyelid	0.22072817064503758	0.02676102707	0.02676102707	263294	5606	257688	-0.057902267	0.9437421777	TRUE	lrt_mle	0.897,0.993	lrt_quadratic	two	True	0.8966067064485862	0.993355605678625	FALSE	TRUE	FALSE	mle	263294	5606	257688	ridge_seeded_refit;ridge_seeded_refit;inference=mle;ci=lrt_quadratic	chr17-45585160-INV-706887	0.02676102707	TRUE	lrt_mle	lrt_mle	False	True	lrt_quadratic	0.897,0.993	0.8966067064485862	0.993355605678625
Allergy	0.22079323147781021	0.0272528566	0.0272528566	249526	66953	182573	-0.01952535662	0.9806640286	TRUE	lrt_mle	0.964,0.998	lrt_quadratic	two	True	0.9638127019798827	0.9978099841525194	FALSE	TRUE	FALSE	mle	249526	66953	182573	ridge_seeded_refit;ridge_seeded_refit;inference=mle;ci=lrt_quadratic	chr17-45585160-INV-706887	0.0272528566	TRUE	lrt_mle	lrt_mle	False	True	lrt_quadratic	0.964,0.998	0.9638127019798827	0.9978099841525194
Bakers_cyst_popliteal_cyst	0.22079323147781021	0.02727035658	0.02727035658	193441	5592	187849	-0.05753526881	0.9440885929	TRUE	lrt_mle	0.897,0.994	lrt_quadratic	two	True	0.8970748665128107	0.9935662056197315	FALSE	TRUE	FALSE	mle	193441	5592	187849	ridge_seeded_refit;ridge_seeded_refit;inference=mle;ci=lrt_quadratic	chr17-45585160-INV-706887	0.02727035658	TRUE	lrt_mle	lrt_mle	False	True	lrt_quadratic	0.897,0.994	0.8970748665128107	0.9935662056197315
Gastritis	0.22079323147781021	0.02757325179	0.02757325179	224596	27997	196599	-0.02764973058	0.9727290244	TRUE	lrt_mle	0.949,0.997	lrt_quadratic	two	True	0.9490956233096779	0.9969509200224741	FALSE	TRUE	FALSE	mle	224596	27997	196599	ridge_seeded_refit;ridge_seeded_refit;inference=mle;ci=lrt_quadratic	chr17-45585160-INV-706887	0.02757325179	TRUE	lrt_mle	lrt_mle	False	True	lrt_quadratic	0.949,0.997	0.9490956233096779	0.9969509200224741
Asthma	0.22079323147781021	0.02757399518	0.02757399518	257517	47885	209632	-0.02184812573	0.9783888159	TRUE	lrt_mle	0.960,0.998	lrt_quadratic	two	True	0.959557193950648	0.9975900144624261	FALSE	TRUE	FALSE	mle	257517	47885	209632	ridge_seeded_refit;ridge_seeded_refit;inference=mle;ci=lrt_quadratic	chr17-45585160-INV-706887	0.02757399518	TRUE	lrt_mle	lrt_mle	False	True	lrt_quadratic	0.960,0.998	0.959557193950648	0.9975900144624261
Impaired_glucose_tolerance_oral	0.2231122121487681	0.02806698749	0.02806698749	197678	5187	192491	-0.06077374036	0.9410361342	TRUE	lrt_mle	0.891,0.993	lrt_quadratic	two	True	0.8913602340270581	0.9934804942390754	FALSE	TRUE	FALSE	mle	197678	5187	192491	ridge_seeded_refit;ridge_seeded_refit;inference=mle;ci=lrt_quadratic	chr17-45585160-INV-706887	0.02806698749	TRUE	lrt_mle	lrt_mle	False	True	lrt_quadratic	0.891,0.993	0.8913602340270581	0.9934804942390754
Respiratory_failure	0.2239450076120144	0.02837589431	0.02837589431	224775	15143	209632	0.03598213407	1.036637326	TRUE	lrt_mle	1.004,1.071	lrt_quadratic	two	True	1.003816919520192	1.0705308153494701	FALSE	TRUE	FALSE	mle	224775	15143	209632	ridge_seeded_refit;ridge_seeded_refit;inference=mle;ci=lrt_quadratic	chr17-45585160-INV-706887	0.02837589431	TRUE	lrt_mle	lrt_mle	False	True	lrt_quadratic	1.004,1.071	1.003816919520192	1.0705308153494701
Atrial_fibrillation_and_flutter	0.22472142303900003	0.02867912418	0.02867912418	230002	20170	209832	0.03256736515	1.033103486	TRUE	lrt_mle	1.003,1.064	lrt_quadratic	two	True	1.0033982284811986	1.0636881573344337	FALSE	TRUE	FALSE	mle	230002	20170	209832	ridge_seeded_refit;ridge_seeded_refit;inference=mle;ci=lrt_quadratic	chr17-45585160-INV-706887	0.02867912418	TRUE	lrt_mle	lrt_mle	False	True	lrt_quadratic	1.003,1.064	1.0033982284811986	1.0636881573344337
Hematemesis	0.2264241698906383	0.02910283314	0.02910283314	199932	3333	196599	-0.07641435313	0.9264322569	TRUE	lrt_mle	0.865,0.992	lrt_quadratic	two	True	0.8649789766998235	0.992251545726115	FALSE	TRUE	FALSE	mle	199932	3333	196599	ridge_seeded_refit;ridge_seeded_refit;inference=mle;ci=lrt_quadratic	chr17-45585160-INV-706887	0.02910283314	TRUE	lrt_mle	lrt_mle	False	True	lrt_quadratic	0.865,0.992	0.8649789766998235	0.992251545726115
Abnormal_findings_on_examination_of_blood	0.2342967377523448	0.03052370105	0.03052370105	224823	42250	182573	-0.02283767351	0.9774211322	TRUE	lrt_mle	0.957,0.998	lrt_quadratic	two	True	0.9574043573836619	0.9978564045357405	FALSE	TRUE	FALSE	mle	224823	42250	182573	ridge_seeded_refit;ridge_seeded_refit;inference=mle;ci=lrt_quadratic	chr17-45585160-INV-706887	0.03052370105	TRUE	lrt_mle	lrt_mle	False	True	lrt_quadratic	0.957,0.998	0.9574043573836619	0.9978564045357405
Hypertensive_heart_disease	0.2342967377523448	0.03067087556	0.03067087556	227065	17233	209832	0.03536412395	1.035996871	TRUE	lrt_mle	1.003,1.070	lrt_quadratic	two	True	1.003300029353043	1.0697592805272458	FALSE	TRUE	FALSE	mle	227065	17233	209832	ridge_seeded_refit;ridge_seeded_refit;inference=mle;ci=lrt_quadratic	chr17-45585160-INV-706887	0.03067087556	TRUE	lrt_mle	lrt_mle	False	True	lrt_quadratic	1.003,1.070	1.003300029353043	1.0697592805272458
Abnormality_of_the_lymph_nodes	0.2342967377523448	0.03085714305	0.03085714305	291065	26114	264951	-0.02690717268	0.9734516002	TRUE	lrt_mle	0.950,0.998	lrt_quadratic	two	True	0.9499605536240564	0.9975235438800707	FALSE	TRUE	FALSE	mle	291065	26114	264951	ridge_seeded_refit;ridge_seeded_refit;inference=mle;ci=lrt_quadratic	chr17-45585160-INV-706887	0.03085714305	TRUE	lrt_mle	lrt_mle	False	True	lrt_quadratic	0.950,0.998	0.9499605536240564	0.9975235438800707
Dental_abrasion_and_erosion	0.2342967377523448	0.03096903097	0.03096903097	197774	1175	196599	-0.1277641713	0.8800608983	TRUE	score_boot_mle		profile_penalized	two	FALSE			TRUE	FALSE	TRUE	firth	197774	1175	196599	firth_refit;firth_refit;inference=firth;ci=profile_penalized	chr17-45585160-INV-706887		TRUE	score_boot_mle	score_boot_mle	False	FALSE				
Urinary_incontinence_and_enuresis	0.2385641569461905	0.03186875175	0.03186875175	250003	28888	221115	0.02632902892	1.0266787	TRUE	lrt_mle	1.002,1.052	lrt_quadratic	two	True	1.0022856564515659	1.0516654069838471	FALSE	TRUE	FALSE	mle	250003	28888	221115	ridge_seeded_refit;ridge_seeded_refit;inference=mle;ci=lrt_quadratic	chr17-45585160-INV-706887	0.03186875175	TRUE	lrt_mle	lrt_mle	False	True	lrt_quadratic	1.002,1.052	1.0022856564515659	1.0516654069838471
Paralysis_of_vocal_cords_and_larynx	0.2385641569461905	0.03196803197	0.03196803197	211105	1473	209632	-0.1104689124	0.8954141661	TRUE	score_boot_mle		profile_penalized	two	FALSE			TRUE	FALSE	TRUE	firth	211105	1473	209632	firth_refit;firth_refit;inference=firth;ci=profile_penalized	chr17-45585160-INV-706887		TRUE	score_boot_mle	score_boot_mle	False	FALSE				
Punctate_keratitis	0.23986005541154365	0.03248375812	0.03248375812	259036	1348	257688	-0.1086751017	0.897021811	TRUE	score_boot_mle		profile_penalized	two	FALSE			TRUE	FALSE	TRUE	firth	259036	1348	257688	firth_refit;firth_refit;inference=firth;ci=profile_penalized	chr17-45585160-INV-706887		TRUE	score_boot_mle	score_boot_mle	False	FALSE				
Chronic_pain	0.23986005541154365	0.03257898656	0.03257898656	263518	80945	182573	-0.01790071043	0.9822585556	TRUE	lrt_mle	0.966,0.999	lrt_quadratic	two	True	0.9662654664680581	0.9985163533481424	FALSE	TRUE	FALSE	mle	263518	80945	182573	ridge_seeded_refit;ridge_seeded_refit;inference=mle;ci=lrt_quadratic	chr17-45585160-INV-706887	0.03257898656	TRUE	lrt_mle	lrt_mle	False	True	lrt_quadratic	0.966,0.999	0.9662654664680581	0.9985163533481424
Dysplasia_of_female_genital_organs	0.24031895949786666	0.03286038644	0.03286038644	227254	6139	221115	-0.05444826618	0.9470074999	TRUE	lrt_mle	0.901,0.996	lrt_quadratic	two	True	0.9008098350985794	0.9955743931018137	FALSE	TRUE	FALSE	mle	131392	6134	125258	sex_restricted_to_0;sex_majority_restricted_to_0;ridge_seeded_refit;ridge_seeded_refit;inference=mle;ci=lrt_quadratic	chr17-45585160-INV-706887	0.03286038644	TRUE	lrt_mle	lrt_mle	False	True	lrt_quadratic	0.901,0.996	0.9008098350985794	0.9955743931018137
Other_digestive_system_symptoms_and_diseases	0.24096764216609268	0.03316874564	0.03316874564	218257	21658	196599	-0.02952512814	0.9709064803	TRUE	lrt_mle	0.945,0.998	lrt_quadratic	two	True	0.9448842475432615	0.997645368586871	FALSE	TRUE	FALSE	mle	218257	21658	196599	ridge_seeded_refit;ridge_seeded_refit;inference=mle;ci=lrt_quadratic	chr17-45585160-INV-706887	0.03316874564	TRUE	lrt_mle	lrt_mle	False	True	lrt_quadratic	0.945,0.998	0.9448842475432615	0.997645368586871
Polyarthritis	0.2441664719579605	0.03383163513	0.03383163513	190101	2252	187849	-0.08595758571	0.9176331512	TRUE	lrt_mle	0.848,0.993	lrt_quadratic	two	True	0.8475980721451888	0.993455067641294	FALSE	TRUE	FALSE	mle	190101	2252	187849	ridge_seeded_refit;ridge_seeded_refit;inference=mle;ci=lrt_quadratic	chr17-45585160-INV-706887	0.03383163513	TRUE	lrt_mle	lrt_mle	False	True	lrt_quadratic	0.848,0.993	0.8475980721451888	0.993455067641294
Recurrent_oral_aphthae_Recurrent_aphthous_stomatitis	0.2446406986988889	0.03412035269	0.03412035269	199033	2434	196599	-0.08087147502	0.922312224	TRUE	lrt_mle	0.856,0.994	lrt_quadratic	two	True	0.8558280208168647	0.9939611905960197	FALSE	TRUE	FALSE	mle	199033	2434	196599	ridge_seeded_refit;ridge_seeded_refit;inference=mle;ci=lrt_quadratic	chr17-45585160-INV-706887	0.03412035269	TRUE	lrt_mle	lrt_mle	False	True	lrt_quadratic	0.856,0.994	0.8558280208168647	0.9939611905960197
Benign_neoplasm_of_the_colon	0.24758588450806454	0.03479447096	0.03479447096	299950	43183	256767	-0.02199515041	0.9782449791	TRUE	lrt_mle	0.958,0.998	lrt_quadratic	two	True	0.9584679983593816	0.9984300371267346	FALSE	TRUE	FALSE	mle	299950	43183	256767	ridge_seeded_refit;ridge_seeded_refit;inference=mle;ci=lrt_quadratic	chr17-45585160-INV-706887	0.03479447096	TRUE	lrt_mle	lrt_mle	False	True	lrt_quadratic	0.958,0.998	0.9584679983593816	0.9984300371267346
Palmar_fascial_fibromatosis_Dupuytren	0.24758588450806454	0.03498250875	0.03498250875	190156	2307	187849	-0.07756397335	0.9253678236	TRUE	score_boot_mle		profile_penalized	two	FALSE			TRUE	FALSE	TRUE	firth	190156	2307	187849	firth_refit;firth_refit;inference=firth;ci=profile_penalized	chr17-45585160-INV-706887		TRUE	score_boot_mle	score_boot_mle	False	FALSE				
Lesion_of_sciatic_nerve	0.24793445507248407	0.03543093099	0.03543093099	216521	2336	214185	-0.08158312017	0.9216560985	TRUE	lrt_mle	0.854,0.994	lrt_quadratic	two	True	0.8541888844846668	0.9944521396318315	FALSE	TRUE	FALSE	mle	216521	2336	214185	ridge_seeded_refit;ridge_seeded_refit;inference=mle;ci=lrt_quadratic	chr17-45585160-INV-706887	0.03543093099	TRUE	lrt_mle	lrt_mle	False	True	lrt_quadratic	0.854,0.994	0.8541888844846668	0.9944521396318315
Secondary_diabetes	0.24793445507248407	0.03548378254	0.03548378254	197881	5390	192491	-0.05976791612	0.9419831273	TRUE	lrt_mle	0.891,0.996	lrt_quadratic	two	True	0.8909418106864699	0.995948558598821	FALSE	TRUE	FALSE	mle	197881	5390	192491	ridge_seeded_refit;ridge_seeded_refit;inference=mle;ci=lrt_quadratic	chr17-45585160-INV-706887	0.03548378254	TRUE	lrt_mle	lrt_mle	False	True	lrt_quadratic	0.891,0.996	0.8909418106864699	0.995948558598821
Symptoms_and_signs_concerning_food_and_fluid_intake	0.2559072570103144	0.03698150925	0.03698150925	183787	1214	182573	-0.1096860055	0.8961154664	TRUE	score_boot_mle		profile_penalized	two	FALSE			TRUE	FALSE	TRUE	firth	183787	1214	182573	firth_refit;firth_refit;inference=firth;ci=profile_penalized	chr17-45585160-INV-706887		TRUE	score_boot_mle	score_boot_mle	False	FALSE				
Stomatitis	0.2559072570103144	0.03709138912	0.03709138912	200721	4122	196599	-0.06166425999	0.9401984961	TRUE	lrt_mle	0.887,0.996	lrt_quadratic	two	True	0.887242162400334	0.9963156052014156	FALSE	TRUE	FALSE	mle	200721	4122	196599	ridge_seeded_refit;ridge_seeded_refit;inference=mle;ci=lrt_quadratic	chr17-45585160-INV-706887	0.03709138912	TRUE	lrt_mle	lrt_mle	False	True	lrt_quadratic	0.887,0.996	0.887242162400334	0.9963156052014156
Periodic_limb_movement_disorder	0.2569808845555625	0.03748125937	0.03748125937	217066	2881	214185	-0.06717710906	0.9350295845	TRUE	score_boot_mle		profile_penalized	two	FALSE			TRUE	FALSE	TRUE	firth	217066	2881	214185	firth_refit;firth_refit;inference=firth;ci=profile_penalized	chr17-45585160-INV-706887		TRUE	score_boot_mle	score_boot_mle	False	FALSE				
Dermatitis_eczema	0.25826140447192547	0.03790345134	0.03790345134	289696	59235	230461	-0.01851499226	0.9816553572	TRUE	lrt_mle	0.965,0.999	lrt_quadratic	two	True	0.9646441792853057	0.9989665216555371	FALSE	TRUE	FALSE	mle	289696	59235	230461	ridge_seeded_refit;ridge_seeded_refit;inference=mle;ci=lrt_quadratic	chr17-45585160-INV-706887	0.03790345134	TRUE	lrt_mle	lrt_mle	False	True	lrt_quadratic	0.965,0.999	0.9646441792853057	0.9989665216555371
Seborrheic_dermatitis	0.2642079196608642	0.03901703098	0.03901703098	243313	12852	230461	-0.03528915057	0.9653262513	TRUE	lrt_mle	0.934,0.998	lrt_quadratic	two	True	0.933513893845837	0.9982227126145684	FALSE	TRUE	FALSE	mle	243313	12852	230461	ridge_seeded_refit;ridge_seeded_refit;inference=mle;ci=lrt_quadratic	chr17-45585160-INV-706887	0.03901703098	TRUE	lrt_mle	lrt_mle	False	True	lrt_quadratic	0.934,0.998	0.933513893845837	0.9982227126145684
Sleep_apnea	0.26518208924220854	0.03940262584	0.03940262584	265239	51054	214185	0.01970376562	1.019899166	TRUE	lrt_mle	1.001,1.039	lrt_quadratic	two	True	1.0009569066457102	1.0391998916772691	FALSE	TRUE	FALSE	mle	265239	51054	214185	ridge_seeded_refit;ridge_seeded_refit;inference=mle;ci=lrt_quadratic	chr17-45585160-INV-706887	0.03940262584	TRUE	lrt_mle	lrt_mle	False	True	lrt_quadratic	1.001,1.039	1.0009569066457102	1.0391998916772691
Calcaneal_spur	0.26686408696158537	0.0398958161	0.0398958161	193924	6075	187849	0.05140127046	1.052745244	TRUE	lrt_mle	1.002,1.106	lrt_quadratic	two	True	1.0023757811765035	1.1056457765670014	FALSE	TRUE	FALSE	mle	193924	6075	187849	ridge_seeded_refit;ridge_seeded_refit;inference=mle;ci=lrt_quadratic	chr17-45585160-INV-706887	0.0398958161	TRUE	lrt_mle	lrt_mle	False	True	lrt_quadratic	1.002,1.106	1.0023757811765035	1.1056457765670014
Solitary_pulmonary_nodule	0.26935307663521213	0.04051345273	0.04051345273	227616	17984	209632	-0.03079745428	0.9696719561	TRUE	lrt_mle	0.942,0.999	lrt_quadratic	two	True	0.9415157516733004	0.9986701770622802	FALSE	TRUE	FALSE	mle	227616	17984	209632	ridge_seeded_refit;ridge_seeded_refit;inference=mle;ci=lrt_quadratic	chr17-45585160-INV-706887	0.04051345273	TRUE	lrt_mle	lrt_mle	False	True	lrt_quadratic	0.942,0.999	0.9415157516733004	0.9986701770622802
Convulsions	0.2728534520565663	0.04128867187	0.04128867187	225295	11110	214185	0.03806973181	1.038803668	TRUE	lrt_mle	1.002,1.077	lrt_quadratic	two	True	1.0015058376350294	1.0774905348783659	FALSE	TRUE	FALSE	mle	225295	11110	214185	ridge_seeded_refit;ridge_seeded_refit;inference=mle;ci=lrt_quadratic	chr17-45585160-INV-706887	0.04128867187	TRUE	lrt_mle	lrt_mle	False	True	lrt_quadratic	1.002,1.077	1.0015058376350294	1.0774905348783659
Keratinocyte_carcinoma	0.2735056802761905	0.04185166639	0.04185166639	268471	11704	256767	-0.03549670381	0.9651259155	TRUE	lrt_mle	0.933,0.999	lrt_quadratic	two	True	0.9326878691097611	0.9986921279330625	FALSE	TRUE	FALSE	mle	268471	11704	256767	ridge_seeded_refit;ridge_seeded_refit;inference=mle;ci=lrt_quadratic	chr17-45585160-INV-706887	0.04185166639	TRUE	lrt_mle	lrt_mle	False	True	lrt_quadratic	0.933,0.999	0.9326878691097611	0.9986921279330625
Uninodular_goiter_single_thyroid_nodule	0.2735056802761905	0.0418860112	0.0418860112	206817	14326	192491	-0.03445237655	0.9661343492	TRUE	lrt_mle	0.935,0.999	lrt_quadratic	two	True	0.9345967810509841	0.9987361391670984	FALSE	TRUE	FALSE	mle	206817	14326	192491	ridge_seeded_refit;ridge_seeded_refit;inference=mle;ci=lrt_quadratic	chr17-45585160-INV-706887	0.0418860112	TRUE	lrt_mle	lrt_mle	False	True	lrt_quadratic	0.935,0.999	0.9345967810509841	0.9987361391670984
Dry_eye_syndrome_Tear_film_insufficiency	0.2760316098530769	0.04252446861	0.04252446861	283460	25772	257688	-0.0263462206	0.9739978131	TRUE	lrt_mle	0.950,0.999	lrt_quadratic	two	True	0.9495147948353597	0.9991121203380009	FALSE	TRUE	FALSE	mle	283460	25772	257688	ridge_seeded_refit;ridge_seeded_refit;inference=mle;ci=lrt_quadratic	chr17-45585160-INV-706887	0.04252446861	TRUE	lrt_mle	lrt_mle	False	True	lrt_quadratic	0.950,0.999	0.9495147948353597	0.9991121203380009
Dysphonia	0.278377662928353	0.04313965606	0.04313965606	218578	8946	209632	-0.0415362628	0.9593145473	TRUE	lrt_mle	0.921,0.999	lrt_quadratic	two	True	0.921464435037501	0.9987193923376508	FALSE	TRUE	FALSE	mle	218578	8946	209632	ridge_seeded_refit;ridge_seeded_refit;inference=mle;ci=lrt_quadratic	chr17-45585160-INV-706887	0.04313965606	TRUE	lrt_mle	lrt_mle	False	True	lrt_quadratic	0.921,0.999	0.921464435037501	0.9987193923376508
Localized_swelling_mass_and_lump_of_skin_and_subcutaneous_tissue	0.27920256497621465	0.04367678507	0.04367678507	265311	34850	230461	-0.02264491393	0.9776095577	TRUE	lrt_mle	0.956,0.999	lrt_quadratic	two	True	0.9563345065142591	0.9993579032930465	FALSE	TRUE	FALSE	mle	265311	34850	230461	ridge_seeded_refit;ridge_seeded_refit;inference=mle;ci=lrt_quadratic	chr17-45585160-INV-706887	0.04367678507	TRUE	lrt_mle	lrt_mle	False	True	lrt_quadratic	0.956,0.999	0.9563345065142591	0.9993579032930465
Mononeuritis_of_lower_limb	0.27920256497621465	0.04400660765	0.04400660765	225286	11101	214185	-0.03724309692	0.9634418971	TRUE	lrt_mle	0.929,0.999	lrt_quadratic	two	True	0.9291487331420791	0.9990007584570526	FALSE	TRUE	FALSE	mle	225286	11101	214185	ridge_seeded_refit;ridge_seeded_refit;inference=mle;ci=lrt_quadratic	chr17-45585160-INV-706887	0.04400660765	TRUE	lrt_mle	lrt_mle	False	True	lrt_quadratic	0.929,0.999	0.9291487331420791	0.9990007584570526
Tension_headache	0.27920256497621465	0.04436087432	0.04436087432	224089	9904	214185	-0.04057736775	0.9602348704	TRUE	lrt_mle	0.923,0.999	lrt_quadratic	two	True	0.922994928799019	0.9989773265405968	FALSE	TRUE	FALSE	mle	224089	9904	214185	ridge_seeded_refit;ridge_seeded_refit;inference=mle;ci=lrt_quadratic	chr17-45585160-INV-706887	0.04436087432	TRUE	lrt_mle	lrt_mle	False	True	lrt_quadratic	0.923,0.999	0.922994928799019	0.9989773265405968
Atrophic_gastritis	0.27920256497621465	0.04449293935	0.04449293935	200112	3513	196599	-0.06736691211	0.9348521298	TRUE	lrt_mle	0.875,0.998	lrt_quadratic	two	True	0.8753986596020848	0.9983434348111939	FALSE	TRUE	FALSE	mle	200112	3513	196599	ridge_seeded_refit;ridge_seeded_refit;inference=mle;ci=lrt_quadratic	chr17-45585160-INV-706887	0.04449293935	TRUE	lrt_mle	lrt_mle	False	True	lrt_quadratic	0.875,0.998	0.8753986596020848	0.9983434348111939
Autoimmune_disease	0.27920256497621465	0.04481167089	0.04481167089	310635	45684	264951	-0.01951451143	0.9806746641	TRUE	lrt_mle	0.962,1.000	lrt_quadratic	two	True	0.9621574145143886	0.9995482883438801	FALSE	TRUE	FALSE	mle	310635	45684	264951	ridge_seeded_refit;ridge_seeded_refit;inference=mle;ci=lrt_quadratic	chr17-45585160-INV-706887	0.04481167089	TRUE	lrt_mle	lrt_mle	False	True	lrt_quadratic	0.962,1.000	0.9621574145143886	0.9995482883438801
Cerebral_aneurysm	0.27920256497621465	0.04481173745	0.04481173745	212122	2290	209832	0.08074006769	1.08408907	TRUE	lrt_mle	1.002,1.173	lrt_quadratic	two	True	1.0018710746312882	1.1730542400198527	FALSE	TRUE	FALSE	mle	212122	2290	209832	ridge_seeded_refit;ridge_seeded_refit;inference=mle;ci=lrt_quadratic	chr17-45585160-INV-706887	0.04481173745	TRUE	lrt_mle	lrt_mle	False	True	lrt_quadratic	1.002,1.173	1.0018710746312882	1.1730542400198527
Diseases_of_esophagus	0.27920256497621465	0.04504909207	0.04504909207	223484	26885	196599	-0.02505365271	0.9752575854	TRUE	lrt_mle	0.952,0.999	lrt_quadratic	two	True	0.9516534045522189	0.9994472287435179	FALSE	TRUE	FALSE	mle	223484	26885	196599	ridge_seeded_refit;ridge_seeded_refit;inference=mle;ci=lrt_quadratic	chr17-45585160-INV-706887	0.04504909207	TRUE	lrt_mle	lrt_mle	False	True	lrt_quadratic	0.952,0.999	0.9516534045522189	0.9994472287435179
Malignant_neoplasm_of_other_and_ill_defined_sites	0.28006867455128487	0.04564280451	0.04564280451	270918	14151	256767	-0.03235392648	0.9681638626	TRUE	lrt_mle	0.938,0.999	lrt_quadratic	two	True	0.9379289258937763	0.999373448220601	FALSE	TRUE	FALSE	mle	270918	14151	256767	ridge_seeded_refit;ridge_seeded_refit;inference=mle;ci=lrt_quadratic	chr17-45585160-INV-706887	0.04564280451	TRUE	lrt_mle	lrt_mle	False	True	lrt_quadratic	0.938,0.999	0.9379289258937763	0.999373448220601
Peripheral_vascular_disease_NOS_includes_PAD	0.28006867455128487	0.04569944644	0.04569944644	221509	11677	209832	0.03775832456	1.038480227	TRUE	lrt_mle	1.001,1.078	lrt_quadratic	two	True	1.0007220111198802	1.0776630979250605	FALSE	TRUE	FALSE	mle	221509	11677	209832	ridge_seeded_refit;ridge_seeded_refit;inference=mle;ci=lrt_quadratic	chr17-45585160-INV-706887	0.04569944644	TRUE	lrt_mle	lrt_mle	False	True	lrt_quadratic	1.001,1.078	1.0007220111198802	1.0776630979250605
Inflammatory_spondylopathies	0.28162776683038676	0.04637190925	0.04637190925	196639	8790	187849	-0.04184305449	0.9590202827	TRUE	lrt_mle	0.920,0.999	lrt_quadratic	two	True	0.9203388741960887	0.9993274525241534	FALSE	TRUE	FALSE	mle	196639	8790	187849	ridge_seeded_refit;ridge_seeded_refit;inference=mle;ci=lrt_quadratic	chr17-45585160-INV-706887	0.04637190925	TRUE	lrt_mle	lrt_mle	False	True	lrt_quadratic	0.920,0.999	0.9203388741960887	0.9993274525241534
Genetic_disease_in_fetus_affecting_management_of_mother	0.28162776683038676	0.0464672979	0.0464672979	360087	1208	358879	0.1160556927	1.123058417	TRUE	score_boot_mle		profile_penalized	two	FALSE			TRUE	FALSE	TRUE	firth	208285	1204	207081	sex_restricted_to_0;sex_majority_restricted_to_0;firth_refit;firth_refit;inference=firth;ci=profile_penalized	chr17-45585160-INV-706887		TRUE	score_boot_mle	score_boot_mle	False	FALSE				
Ganglion_cyst	0.2837512967995055	0.04707633183	0.04707633183	196527	8678	187849	-0.04130985223	0.9595317708	TRUE	lrt_mle	0.921,0.999	lrt_quadratic	two	True	0.9211926488326825	0.999466528944333	FALSE	TRUE	FALSE	mle	196527	8678	187849	ridge_seeded_refit;ridge_seeded_refit;inference=mle;ci=lrt_quadratic	chr17-45585160-INV-706887	0.04707633183	TRUE	lrt_mle	lrt_mle	False	True	lrt_quadratic	0.921,0.999	0.9211926488326825	0.999466528944333
Nonspecific_abnormal_findings_of_other_body_structures	0.2891593709998907	0.04823716034	0.04823716034	199310	16737	182573	-0.03101285589	0.9694631097	TRUE	lrt_mle	0.940,1.000	lrt_quadratic	two	True	0.9400846544413813	0.9997596669613078	FALSE	TRUE	FALSE	mle	199310	16737	182573	ridge_seeded_refit;ridge_seeded_refit;inference=mle;ci=lrt_quadratic	chr17-45585160-INV-706887	0.04823716034	TRUE	lrt_mle	lrt_mle	False	True	lrt_quadratic	0.940,1.000	0.9400846544413813	0.9997596669613078
Varicose_veins	0.2917623496504348	0.04893734944	0.04893734944	225960	16128	209832	-0.03102494175	0.969451393	TRUE	lrt_mle	0.940,1.000	lrt_quadratic	two	True	0.9399718457230192	0.9998554824687933	FALSE	TRUE	FALSE	mle	225960	16128	209832	ridge_seeded_refit;ridge_seeded_refit;inference=mle;ci=lrt_quadratic	chr17-45585160-INV-706887	0.04893734944	TRUE	lrt_mle	lrt_mle	False	True	lrt_quadratic	0.940,1.000	0.9399718457230192	0.9998554824687933
Enlargement_of_lymph_nodes_Lymphadenopathy	0.2946122581914594	0.04968392686	0.04968392686	285800	20849	264951	-0.02710825999	0.9732558711	TRUE	lrt_mle	0.947,1.000	lrt_quadratic	two	True	0.9472624621850629	0.9999625537178989	FALSE	TRUE	FALSE	mle	285800	20849	264951	ridge_seeded_refit;ridge_seeded_refit;inference=mle;ci=lrt_quadratic	chr17-45585160-INV-706887	0.04968392686	TRUE	lrt_mle	lrt_mle	False	True	lrt_quadratic	0.947,1.000	0.9472624621850629	0.9999625537178989
Cardiac_arrest	0.2953587887092473	0.05007906536	0.05007906536	211468	1636	209832	0.09372309955	1.098255596	TRUE	lrt_mle	1.000,1.206	lrt_quadratic	two	True	0.9999676658070813	1.206204356538026	FALSE	TRUE	FALSE	mle	211468	1636	209832	ridge_seeded_refit;ridge_seeded_refit;inference=mle;ci=lrt_quadratic	chr17-45585160-INV-706887	0.05007906536	TRUE	lrt_mle	lrt_mle	False	True	lrt_quadratic	1.000,1.206	0.9999676658070813	1.206204356538026
Pneumoviridae	0.29774909174777775	0.05111904078	0.05111904078	249267	1166	248101	0.113847261	1.120580955	TRUE	score_boot_mle		profile_penalized	two	FALSE			TRUE	FALSE	TRUE	firth	249267	1166	248101	firth_refit;firth_refit;inference=firth;ci=profile_penalized	chr17-45585160-INV-706887		TRUE	score_boot_mle	score_boot_mle	False	FALSE				
Nonspecific_abnormal_findings_in_stool_contents	0.29774909174777775	0.05118572971	0.05118572971	208449	11850	196599	-0.03524702488	0.9653669172	TRUE	lrt_mle	0.932,1.000	lrt_quadratic	two	True	0.9317640909677168	1.0001815843408584	FALSE	TRUE	FALSE	mle	208449	11850	196599	ridge_seeded_refit;ridge_seeded_refit;inference=mle;ci=lrt_quadratic	chr17-45585160-INV-706887	0.05118572971	TRUE	lrt_mle	lrt_mle	False	True	lrt_quadratic	0.932,1.000	0.9317640909677168	1.0001815843408584
Benign_neoplasm_of_the_head_and_neck	0.29774909174777775	0.05129861289	0.05129861289	261699	4932	256767	-0.05261268914	0.9487474015	TRUE	lrt_mle	0.900,1.000	lrt_quadratic	two	True	0.8998546105206812	1.000296738311457	FALSE	TRUE	FALSE	mle	261699	4932	256767	ridge_seeded_refit;ridge_seeded_refit;inference=mle;ci=lrt_quadratic	chr17-45585160-INV-706887	0.05129861289	TRUE	lrt_mle	lrt_mle	False	True	lrt_quadratic	0.900,1.000	0.8998546105206812	1.000296738311457
Benign_neoplasm_of_the_digestive_organs	0.2979591896067708	0.05196279745	0.05196279745	305110	48343	256767	-0.01932035635	0.9808650855	TRUE	lrt_mle	0.962,1.000	lrt_quadratic	two	True	0.9619383029125976	1.0001642653496796	FALSE	TRUE	FALSE	mle	305110	48343	256767	ridge_seeded_refit;ridge_seeded_refit;inference=mle;ci=lrt_quadratic	chr17-45585160-INV-706887	0.05196279745	TRUE	lrt_mle	lrt_mle	False	True	lrt_quadratic	0.962,1.000	0.9619383029125976	1.0001642653496796
Transient_alteration_of_awareness	0.2979591896067708	0.05197486999	0.05197486999	217022	2837	214185	0.06928460878	1.071741193	TRUE	lrt_mle	0.999,1.149	lrt_quadratic	two	True	0.9994075576732588	1.1493100840684831	FALSE	TRUE	FALSE	mle	217022	2837	214185	ridge_seeded_refit;ridge_seeded_refit;inference=mle;ci=lrt_quadratic	chr17-45585160-INV-706887	0.05197486999	TRUE	lrt_mle	lrt_mle	False	True	lrt_quadratic	0.999,1.149	0.9994075576732588	1.1493100840684831
Chronic_sinusitis	0.2979591896067708	0.0521496485	0.0521496485	240105	30473	209632	-0.02268765548	0.977567774	TRUE	lrt_mle	0.955,1.000	lrt_quadratic	two	True	0.9554370497039295	1.000211110840054	FALSE	TRUE	FALSE	mle	240105	30473	209632	ridge_seeded_refit;ridge_seeded_refit;inference=mle;ci=lrt_quadratic	chr17-45585160-INV-706887	0.0521496485	TRUE	lrt_mle	lrt_mle	False	True	lrt_quadratic	0.955,1.000	0.9554370497039295	1.000211110840054
Radiculopathy	0.2997043529320619	0.05285947437	0.05285947437	232029	44180	187849	-0.02044953936	0.9797581344	TRUE	lrt_mle	0.960,1.000	lrt_quadratic	two	True	0.9596837396247728	1.000252439825271	FALSE	TRUE	FALSE	mle	232029	44180	187849	ridge_seeded_refit;ridge_seeded_refit;inference=mle;ci=lrt_quadratic	chr17-45585160-INV-706887	0.05285947437	TRUE	lrt_mle	lrt_mle	False	True	lrt_quadratic	0.960,1.000	0.9596837396247728	1.000252439825271
Disorders_of_sweat_glands	0.2997043529320619	0.05300149906	0.05300149906	242555	12094	230461	-0.03416158204	0.9664153367	TRUE	lrt_mle	0.934,1.000	lrt_quadratic	two	True	0.9335455476129386	1.000442458665685	FALSE	TRUE	FALSE	mle	242555	12094	230461	ridge_seeded_refit;ridge_seeded_refit;inference=mle;ci=lrt_quadratic	chr17-45585160-INV-706887	0.05300149906	TRUE	lrt_mle	lrt_mle	False	True	lrt_quadratic	0.934,1.000	0.9335455476129386	1.000442458665685
Cramp_and_spasm	0.3001669282783077	0.05335692891	0.05335692891	215973	28124	187849	-0.02440087405	0.9758944206	TRUE	lrt_mle	0.952,1.000	lrt_quadratic	two	True	0.9520338752528233	1.0003529757563634	FALSE	TRUE	FALSE	mle	215973	28124	187849	ridge_seeded_refit;ridge_seeded_refit;inference=mle;ci=lrt_quadratic	chr17-45585160-INV-706887	0.05335692891	TRUE	lrt_mle	lrt_mle	False	True	lrt_quadratic	0.952,1.000	0.9520338752528233	1.0003529757563634
Malignant_sarcoma_related_cancers	0.3017752740414213	0.05412820366	0.05412820366	264132	7365	256767	-0.04228903324	0.9585926754	TRUE	lrt_mle	0.918,1.001	lrt_quadratic	two	True	0.9182109929181954	1.0007502898373042	FALSE	TRUE	FALSE	mle	264132	7365	256767	ridge_seeded_refit;ridge_seeded_refit;inference=mle;ci=lrt_quadratic	chr17-45585160-INV-706887	0.05412820366	TRUE	lrt_mle	lrt_mle	False	True	lrt_quadratic	0.918,1.001	0.9182109929181954	1.0007502898373042
Symptoms_involving_digestive_system	0.3017752740414213	0.05419300728	0.05419300728	283371	86772	196599	-0.01538299615	0.9847347178	TRUE	lrt_mle	0.969,1.000	lrt_quadratic	two	True	0.9694338565591024	1.0002770769870348	FALSE	TRUE	FALSE	mle	283371	86772	196599	ridge_seeded_refit;ridge_seeded_refit;inference=mle;ci=lrt_quadratic	chr17-45585160-INV-706887	0.05419300728	TRUE	lrt_mle	lrt_mle	False	True	lrt_quadratic	0.969,1.000	0.9694338565591024	1.0002770769870348
Fever	0.3074907298909453	0.05581791935	0.05581791935	216671	34098	182573	-0.02180408532	0.9784319054	TRUE	lrt_mle	0.957,1.001	lrt_quadratic	two	True	0.9568105871606956	1.000541806754961	FALSE	TRUE	FALSE	mle	216671	34098	182573	ridge_seeded_refit;ridge_seeded_refit;inference=mle;ci=lrt_quadratic	chr17-45585160-INV-706887	0.05581791935	TRUE	lrt_mle	lrt_mle	False	True	lrt_quadratic	0.957,1.001	0.9568105871606956	1.000541806754961
Postnasal_drip	0.3074907298909453	0.05584509663	0.05584509663	219491	9859	209632	-0.0373143583	0.9633732434	TRUE	lrt_mle	0.927,1.001	lrt_quadratic	two	True	0.927224164901439	1.0009316421735022	FALSE	TRUE	FALSE	mle	219491	9859	209632	ridge_seeded_refit;ridge_seeded_refit;inference=mle;ci=lrt_quadratic	chr17-45585160-INV-706887	0.05584509663	TRUE	lrt_mle	lrt_mle	False	True	lrt_quadratic	0.927,1.001	0.927224164901439	1.0009316421735022
Diseases_of_hair_and_hair_follicles	0.3074907298909453	0.05633598557	0.05633598557	246086	15625	230461	-0.03067176073	0.9697938453	TRUE	lrt_mle	0.940,1.001	lrt_quadratic	two	True	0.9397214262038389	1.0008286244019056	FALSE	TRUE	FALSE	mle	246086	15625	230461	ridge_seeded_refit;ridge_seeded_refit;inference=mle;ci=lrt_quadratic	chr17-45585160-INV-706887	0.05633598557	TRUE	lrt_mle	lrt_mle	False	True	lrt_quadratic	0.940,1.001	0.9397214262038389	1.0008286244019056
Enterovirus	0.3074907298909453	0.05634059864	0.05634059864	249383	1282	248101	0.1007154307	1.105961874	TRUE	lrt_mle	0.997,1.226	lrt_quadratic	two	True	0.9972819758972425	1.226485283708263	FALSE	TRUE	FALSE	mle	249383	1282	248101	ridge_seeded_refit;ridge_seeded_refit;inference=mle;ci=lrt_quadratic	chr17-45585160-INV-706887	0.05634059864	TRUE	lrt_mle	lrt_mle	False	True	lrt_quadratic	0.997,1.226	0.9972819758972425	1.226485283708263
Polyneuropathies	0.3081743332142857	0.05691769884	0.05691769884	244013	29828	214185	0.02312520432	1.023394665	TRUE	lrt_mle	0.999,1.048	lrt_quadratic	two	True	0.9993197944259631	1.0480495293987997	FALSE	TRUE	FALSE	mle	244013	29828	214185	ridge_seeded_refit;ridge_seeded_refit;inference=mle;ci=lrt_quadratic	chr17-45585160-INV-706887	0.05691769884	TRUE	lrt_mle	lrt_mle	False	True	lrt_quadratic	0.999,1.048	0.9993197944259631	1.0480495293987997
Spasm_of_muscle	0.3081743332142857	0.0570277025	0.0570277025	206936	19087	187849	-0.02835708805	0.9720412005	TRUE	lrt_mle	0.944,1.001	lrt_quadratic	two	True	0.9440638283332586	1.0008476833432185	FALSE	TRUE	FALSE	mle	206936	19087	187849	ridge_seeded_refit;ridge_seeded_refit;inference=mle;ci=lrt_quadratic	chr17-45585160-INV-706887	0.0570277025	TRUE	lrt_mle	lrt_mle	False	True	lrt_quadratic	0.944,1.001	0.9440638283332586	1.0008476833432185
Cervicitis_and_endocervicitis	0.3123066787250244	0.05812917006	0.05812917006	225442	4327	221115	-0.05859814997	0.943085672	TRUE	lrt_mle	0.888,1.002	lrt_quadratic	two	True	0.8876178085704807	1.0020197614265347	FALSE	TRUE	FALSE	mle	129582	4324	125258	sex_restricted_to_0;sex_majority_restricted_to_0;ridge_seeded_refit;ridge_seeded_refit;inference=mle;ci=lrt_quadratic	chr17-45585160-INV-706887	0.05812917006	TRUE	lrt_mle	lrt_mle	False	True	lrt_quadratic	0.888,1.002	0.8876178085704807	1.0020197614265347
Pulmonary_insufficiency_and_acute_respiratory_distress_syndrome	0.3123066787250244	0.05836177679	0.05836177679	236150	26518	209632	0.02425762848	1.024554238	TRUE	lrt_mle	0.999,1.051	lrt_quadratic	two	True	0.9991418763810748	1.0506129428834339	FALSE	TRUE	FALSE	mle	236150	26518	209632	ridge_seeded_refit;ridge_seeded_refit;inference=mle;ci=lrt_quadratic	chr17-45585160-INV-706887	0.05836177679	TRUE	lrt_mle	lrt_mle	False	True	lrt_quadratic	0.999,1.051	0.9991418763810748	1.0506129428834339
Autoimmune_hepatitis	0.3198773409224155	0.06007475043	0.06007475043	200054	3455	196599	-0.06562570658	0.9364813175	TRUE	lrt_mle	0.875,1.003	lrt_quadratic	two	True	0.874560469796166	1.0027863004422073	FALSE	TRUE	FALSE	mle	200054	3455	196599	ridge_seeded_refit;ridge_seeded_refit;inference=mle;ci=lrt_quadratic	chr17-45585160-INV-706887	0.06007475043	TRUE	lrt_mle	lrt_mle	False	True	lrt_quadratic	0.875,1.003	0.874560469796166	1.0027863004422073
Bacteremia_Sepsis_and_SIRS	0.3198773409224155	0.06035971702	0.06035971702	267172	19071	248101	0.02742428916	1.027803796	TRUE	lrt_mle	0.999,1.058	lrt_quadratic	two	True	0.9988061889931821	1.0576432698092648	FALSE	TRUE	FALSE	mle	267172	19071	248101	ridge_seeded_refit;ridge_seeded_refit;inference=mle;ci=lrt_quadratic	chr17-45585160-INV-706887	0.06035971702	TRUE	lrt_mle	lrt_mle	False	True	lrt_quadratic	0.999,1.058	0.9988061889931821	1.0576432698092648
Malignant_neoplasm_of_the_digestive_organs	0.3230367909937619	0.06137544795	0.06137544795	265892	9125	256767	-0.03816068115	0.9625582635	TRUE	lrt_mle	0.925,1.002	lrt_quadratic	two	True	0.9248344401791236	1.0018208344888966	FALSE	TRUE	FALSE	mle	265892	9125	256767	ridge_seeded_refit;ridge_seeded_refit;inference=mle;ci=lrt_quadratic	chr17-45585160-INV-706887	0.06137544795	TRUE	lrt_mle	lrt_mle	False	True	lrt_quadratic	0.925,1.002	0.9248344401791236	1.0018208344888966
Immunodeficiency_NOS	0.3230367909937619	0.06154874817	0.06154874817	270368	5417	264951	-0.04896024127	0.952218988	TRUE	lrt_mle	0.905,1.002	lrt_quadratic	two	True	0.9045761899544622	1.002371067365772	FALSE	TRUE	FALSE	mle	270368	5417	264951	ridge_seeded_refit;ridge_seeded_refit;inference=mle;ci=lrt_quadratic	chr17-45585160-INV-706887	0.06154874817	TRUE	lrt_mle	lrt_mle	False	True	lrt_quadratic	0.905,1.002	0.9045761899544622	1.002371067365772
Sleep_disturbances	0.3230367909937619	0.06183931277	0.06183931277	222975	8790	214185	-0.03804618917	0.962668475	TRUE	lrt_mle	0.925,1.002	lrt_quadratic	two	True	0.9249854422582565	1.0018866788959497	FALSE	TRUE	FALSE	mle	222975	8790	214185	ridge_seeded_refit;ridge_seeded_refit;inference=mle;ci=lrt_quadratic	chr17-45585160-INV-706887	0.06183931277	TRUE	lrt_mle	lrt_mle	False	True	lrt_quadratic	0.925,1.002	0.9249854422582565	1.0018866788959497
EnthesopathyEnthesitisTendinopathy	0.3311303566107109	0.06369052438	0.06369052438	241954	54105	187849	-0.01808756522	0.982075033	TRUE	lrt_mle	0.963,1.001	lrt_quadratic	two	True	0.9634782116537493	1.0010308056067492	FALSE	TRUE	FALSE	mle	241954	54105	187849	ridge_seeded_refit;ridge_seeded_refit;inference=mle;ci=lrt_quadratic	chr17-45585160-INV-706887	0.06369052438	TRUE	lrt_mle	lrt_mle	False	True	lrt_quadratic	0.963,1.001	0.9634782116537493	1.0010308056067492
Hypertrophy_of_tonsils_and_adenoids	0.3385432984561972	0.06571899155	0.06571899155	212156	2524	209632	-0.07205109559	0.930483351	TRUE	lrt_mle	0.862,1.005	lrt_quadratic	two	True	0.861753706566198	1.0046945663158218	FALSE	TRUE	FALSE	mle	212156	2524	209632	ridge_seeded_refit;ridge_seeded_refit;inference=mle;ci=lrt_quadratic	chr17-45585160-INV-706887	0.06571899155	TRUE	lrt_mle	lrt_mle	False	True	lrt_quadratic	0.862,1.005	0.861753706566198	1.0046945663158218
Toxic_gastroenteritis_and_colitis	0.3385432984561972	0.06573356661	0.06573356661	197922	1323	196599	0.09614206021	1.100915449	TRUE	score_boot_mle		profile_penalized	two	FALSE			TRUE	FALSE	TRUE	firth	197922	1323	196599	firth_refit;firth_refit;inference=firth;ci=profile_penalized	chr17-45585160-INV-706887		TRUE	score_boot_mle	score_boot_mle	False	FALSE				
Pharyngitis	0.33977410193528035	0.06628227695	0.06628227695	258724	49092	209632	-0.01771645729	0.9824395564	TRUE	lrt_mle	0.964,1.001	lrt_quadratic	two	True	0.9640386881955323	1.001191647061789	FALSE	TRUE	FALSE	mle	258724	49092	209632	ridge_seeded_refit;ridge_seeded_refit;inference=mle;ci=lrt_quadratic	chr17-45585160-INV-706887	0.06628227695	TRUE	lrt_mle	lrt_mle	False	True	lrt_quadratic	0.964,1.001	0.9640386881955323	1.001191647061789
Gingival_recession	0.34893557106574075	0.06846576712	0.06846576712	197727	1128	196599	-0.1010136882	0.9039206597	TRUE	score_boot_mle		profile_penalized	two	FALSE			TRUE	FALSE	TRUE	firth	197727	1128	196599	firth_refit;firth_refit;inference=firth;ci=profile_penalized	chr17-45585160-INV-706887		TRUE	score_boot_mle	score_boot_mle	False	FALSE				
Duodenitis	0.34893557106574075	0.0687056366	0.0687056366	200205	3606	196599	-0.05860462862	0.9430795621	TRUE	lrt_mle	0.885,1.005	lrt_quadratic	two	True	0.8854104182528855	1.0045048512661658	FALSE	TRUE	FALSE	mle	200205	3606	196599	ridge_seeded_refit;ridge_seeded_refit;inference=mle;ci=lrt_quadratic	chr17-45585160-INV-706887	0.0687056366	TRUE	lrt_mle	lrt_mle	False	True	lrt_quadratic	0.885,1.005	0.8854104182528855	1.0045048512661658
Obstructive_sleep_apnea	0.3529512582594931	0.06981807023	0.06981807023	259203	45018	214185	0.01823828646	1.01840562	TRUE	lrt_mle	0.999,1.039	lrt_quadratic	two	True	0.998523642836048	1.0386834741250717	FALSE	TRUE	FALSE	mle	259203	45018	214185	ridge_seeded_refit;ridge_seeded_refit;inference=mle;ci=lrt_quadratic	chr17-45585160-INV-706887	0.06981807023	TRUE	lrt_mle	lrt_mle	False	True	lrt_quadratic	0.999,1.039	0.998523642836048	1.0386834741250717
Stiffness_of_joint	0.3532846274557798	0.07020606088	0.07020606088	200825	12976	187849	-0.03166488159	0.9688312009	TRUE	lrt_mle	0.936,1.003	lrt_quadratic	two	True	0.9361848511358435	1.0026159840239912	FALSE	TRUE	FALSE	mle	200825	12976	187849	ridge_seeded_refit;ridge_seeded_refit;inference=mle;ci=lrt_quadratic	chr17-45585160-INV-706887	0.07020606088	TRUE	lrt_mle	lrt_mle	False	True	lrt_quadratic	0.936,1.003	0.9361848511358435	1.0026159840239912
Motion_sickness	0.3552931087224201	0.07092907093	0.07092907093	183838	1265	182573	-0.09109563198	0.9129304014	TRUE	score_boot_mle		profile_penalized	two	FALSE			TRUE	FALSE	TRUE	firth	183838	1265	182573	firth_refit;firth_refit;inference=firth;ci=profile_penalized	chr17-45585160-INV-706887		TRUE	score_boot_mle	score_boot_mle	False	FALSE				
Scrotal_pain	0.3584601901752727	0.07188809648	0.07188809648	224072	2957	221115	-0.06495170188	0.9371127231	TRUE	lrt_mle	0.873,1.006	lrt_quadratic	two	True	0.8731198730592028	1.005795747905072	FALSE	TRUE	FALSE	mle	98809	2952	95857	sex_restricted_to_1;sex_majority_restricted_to_1;ridge_seeded_refit;ridge_seeded_refit;inference=mle;ci=lrt_quadratic	chr17-45585160-INV-706887	0.07188809648	TRUE	lrt_mle	lrt_mle	False	True	lrt_quadratic	0.873,1.006	0.8731198730592028	1.005795747905072
Pain	0.3624197057233937	0.07301253871	0.07301253871	320037	137464	182573	-0.01271562371	0.9873648783	TRUE	lrt_mle	0.974,1.001	lrt_quadratic	two	True	0.973733871235672	1.0011867016459062	FALSE	TRUE	FALSE	mle	320037	137464	182573	ridge_seeded_refit;ridge_seeded_refit;inference=mle;ci=lrt_quadratic	chr17-45585160-INV-706887	0.07301253871	TRUE	lrt_mle	lrt_mle	False	True	lrt_quadratic	0.974,1.001	0.973733871235672	1.0011867016459062
Appendicitis	0.36530136532537777	0.07420700365	0.07420700365	199765	3166	196599	0.05906911399	1.060848558	TRUE	lrt_mle	0.994,1.132	lrt_quadratic	two	True	0.9942389293855505	1.1319207376378555	FALSE	TRUE	FALSE	mle	199765	3166	196599	ridge_seeded_refit;ridge_seeded_refit;inference=mle;ci=lrt_quadratic	chr17-45585160-INV-706887	0.07420700365	TRUE	lrt_mle	lrt_mle	False	True	lrt_quadratic	0.994,1.132	0.9942389293855505	1.1319207376378555
Group_B_Streptococcus	0.36530136532537777	0.07454704539	0.07454704539	249750	1649	248101	0.08812724689	1.092127083	TRUE	lrt_mle	0.991,1.203	lrt_quadratic	two	True	0.9913044408319954	1.2032040977615464	FALSE	TRUE	FALSE	mle	249750	1649	248101	ridge_seeded_refit;ridge_seeded_refit;inference=mle;ci=lrt_quadratic	chr17-45585160-INV-706887	0.07454704539	TRUE	lrt_mle	lrt_mle	False	True	lrt_quadratic	0.991,1.203	0.9913044408319954	1.2032040977615464
Spondylosis	0.36530136532537777	0.07470436922	0.07470436922	232979	45130	187849	-0.01901347058	0.9811661453	TRUE	lrt_mle	0.961,1.002	lrt_quadratic	two	True	0.9608638635804835	1.001897397878952	FALSE	TRUE	FALSE	mle	232979	45130	187849	ridge_seeded_refit;ridge_seeded_refit;inference=mle;ci=lrt_quadratic	chr17-45585160-INV-706887	0.07470436922	TRUE	lrt_mle	lrt_mle	False	True	lrt_quadratic	0.961,1.002	0.9608638635804835	1.001897397878952
Eosinophilic_gastroenteritis_and_colitis	0.36530136532537777	0.07492507493	0.07492507493	197643	1044	196599	-0.1016832226	0.9033156564	TRUE	score_boot_mle		profile_penalized	two	FALSE			TRUE	FALSE	TRUE	firth	197643	1044	196599	firth_refit;firth_refit;inference=firth;ci=profile_penalized	chr17-45585160-INV-706887		TRUE	score_boot_mle	score_boot_mle	False	FALSE				
Anemia	0.3661265855065218	0.07622536498	0.07622536498	339435	74484	264951	-0.01456398165	0.9855415601	TRUE	lrt_mle	0.970,1.002	lrt_quadratic	two	True	0.9698017970049182	1.0015367776825777	FALSE	TRUE	FALSE	mle	339435	74484	264951	ridge_seeded_refit;ridge_seeded_refit;inference=mle;ci=lrt_quadratic	chr17-45585160-INV-706887	0.07622536498	TRUE	lrt_mle	lrt_mle	False	True	lrt_quadratic	0.970,1.002	0.9698017970049182	1.0015367776825777
Disorders_of_calcium_metabolism	0.3661265855065218	0.0762390115	0.0762390115	206680	14189	192491	-0.03024838931	0.9702045152	TRUE	lrt_mle	0.938,1.003	lrt_quadratic	two	True	0.93829801855118	1.0031959811038094	FALSE	TRUE	FALSE	mle	206680	14189	192491	ridge_seeded_refit;ridge_seeded_refit;inference=mle;ci=lrt_quadratic	chr17-45585160-INV-706887	0.0762390115	TRUE	lrt_mle	lrt_mle	False	True	lrt_quadratic	0.938,1.003	0.93829801855118	1.0031959811038094
Eye_infection_viral	0.3661265855065218	0.07646028497	0.07646028497	260905	3217	257688	0.05900142276	1.06077675	TRUE	lrt_mle	0.994,1.132	lrt_quadratic	two	True	0.9937465089382899	1.1323283182938937	FALSE	TRUE	FALSE	mle	260905	3217	257688	ridge_seeded_refit;ridge_seeded_refit;inference=mle;ci=lrt_quadratic	chr17-45585160-INV-706887	0.07646028497	TRUE	lrt_mle	lrt_mle	False	True	lrt_quadratic	0.994,1.132	0.9937465089382899	1.1323283182938937
Disease_of_anus_and_rectum	0.3661265855065218	0.07660943175	0.07660943175	209921	13322	196599	-0.03026526631	0.9701881412	TRUE	lrt_mle	0.938,1.003	lrt_quadratic	two	True	0.9382251292706052	1.003240053934558	FALSE	TRUE	FALSE	mle	209921	13322	196599	ridge_seeded_refit;ridge_seeded_refit;inference=mle;ci=lrt_quadratic	chr17-45585160-INV-706887	0.07660943175	TRUE	lrt_mle	lrt_mle	False	True	lrt_quadratic	0.938,1.003	0.9382251292706052	1.003240053934558
Alopecia	0.3661265855065218	0.0767630945	0.0767630945	243306	12845	230461	-0.03117813387	0.969302892	TRUE	lrt_mle	0.936,1.003	lrt_quadratic	two	True	0.9364055203147723	1.0033559991875671	FALSE	TRUE	FALSE	mle	243306	12845	230461	ridge_seeded_refit;ridge_seeded_refit;inference=mle;ci=lrt_quadratic	chr17-45585160-INV-706887	0.0767630945	TRUE	lrt_mle	lrt_mle	False	True	lrt_quadratic	0.936,1.003	0.9364055203147723	1.0033559991875671
Diseases_of_hard_tissues_of_teeth	0.3662326535872574	0.07799349045	0.07799349045	215466	18867	196599	-0.02733861003	0.9730317074	TRUE	lrt_mle	0.944,1.003	lrt_quadratic	two	True	0.9438943664022227	1.0030684972647368	FALSE	TRUE	FALSE	mle	215466	18867	196599	ridge_seeded_refit;ridge_seeded_refit;inference=mle;ci=lrt_quadratic	chr17-45585160-INV-706887	0.07799349045	TRUE	lrt_mle	lrt_mle	False	True	lrt_quadratic	0.944,1.003	0.9438943664022227	1.0030684972647368
Diabetes_mellitus_due_to_underlying_condition	0.3662326535872574	0.07802400333	0.07802400333	196740	4249	192491	-0.05622621042	0.9453252693	TRUE	lrt_mle	0.888,1.006	lrt_quadratic	two	True	0.8880208790138298	1.0063275378429706	FALSE	TRUE	FALSE	mle	196740	4249	192491	ridge_seeded_refit;ridge_seeded_refit;inference=mle;ci=lrt_quadratic	chr17-45585160-INV-706887	0.07802400333	TRUE	lrt_mle	lrt_mle	False	True	lrt_quadratic	0.888,1.006	0.8880208790138298	1.0063275378429706
Functional_intestinal_disorder	0.3662326535872574	0.07809771785	0.07809771785	214028	17429	196599	-0.02591752259	0.9744154536	TRUE	lrt_mle	0.947,1.003	lrt_quadratic	two	True	0.9467221024930368	1.002918885733522	FALSE	TRUE	FALSE	mle	214028	17429	196599	ridge_seeded_refit;ridge_seeded_refit;inference=mle;ci=lrt_quadratic	chr17-45585160-INV-706887	0.07809771785	TRUE	lrt_mle	lrt_mle	False	True	lrt_quadratic	0.947,1.003	0.9467221024930368	1.002918885733522
Cystitis_and_urethritis	0.3662326535872574	0.07872613785	0.07872613785	243566	22451	221115	-0.02385479759	0.9764274791	TRUE	lrt_mle	0.951,1.003	lrt_quadratic	two	True	0.9508031778632495	1.0027423594240898	FALSE	TRUE	FALSE	mle	243566	22451	221115	ridge_seeded_refit;ridge_seeded_refit;inference=mle;ci=lrt_quadratic	chr17-45585160-INV-706887	0.07872613785	TRUE	lrt_mle	lrt_mle	False	True	lrt_quadratic	0.951,1.003	0.9508031778632495	1.0027423594240898
Cognitive_communication_deficit	0.3662326535872574	0.07892107892	0.07892107892	215267	1082	214185	-0.1021582475	0.9028866608	TRUE	score_boot_mle		profile_penalized	two	FALSE			TRUE	FALSE	TRUE	firth	215267	1082	214185	firth_refit;firth_refit;inference=firth;ci=profile_penalized	chr17-45585160-INV-706887		TRUE	score_boot_mle	score_boot_mle	False	FALSE				
Nausea_and_vomiting	0.3662326535872574	0.07909959346	0.07909959346	259136	62537	196599	-0.01577926867	0.9843445718	TRUE	lrt_mle	0.967,1.002	lrt_quadratic	two	True	0.9671593611522922	1.0018351420456786	FALSE	TRUE	FALSE	mle	259136	62537	196599	ridge_seeded_refit;ridge_seeded_refit;inference=mle;ci=lrt_quadratic	chr17-45585160-INV-706887	0.07909959346	TRUE	lrt_mle	lrt_mle	False	True	lrt_quadratic	0.967,1.002	0.9671593611522922	1.0018351420456786
Irritable_bowel_syndrome	0.3662326535872574	0.07912227794	0.07912227794	212414	15815	196599	-0.02692938961	0.9734299734	TRUE	lrt_mle	0.945,1.003	lrt_quadratic	two	True	0.9446034273263979	1.0031362216552324	FALSE	TRUE	FALSE	mle	212414	15815	196599	ridge_seeded_refit;ridge_seeded_refit;inference=mle;ci=lrt_quadratic	chr17-45585160-INV-706887	0.07912227794	TRUE	lrt_mle	lrt_mle	False	True	lrt_quadratic	0.945,1.003	0.9446034273263979	1.0031362216552324
Other_non_inflammatory_spondylopathy	0.36682982289640165	0.07986129621	0.07986129621	240554	52705	187849	-0.0176487232	0.9825061033	TRUE	lrt_mle	0.963,1.002	lrt_quadratic	two	True	0.9632925735354373	1.0021028601634854	FALSE	TRUE	FALSE	mle	240554	52705	187849	ridge_seeded_refit;ridge_seeded_refit;inference=mle;ci=lrt_quadratic	chr17-45585160-INV-706887	0.07986129621	TRUE	lrt_mle	lrt_mle	False	True	lrt_quadratic	0.963,1.002	0.9632925735354373	1.0021028601634854
Complications_of_labor_and_delivery_NEC	0.36682982289640165	0.07992007992	0.07992007992	361388	2509	358879	0.07041339884	1.072951647	TRUE	score_boot_mle		profile_penalized	two	FALSE			TRUE	FALSE	TRUE	firth	209589	2508	207081	sex_restricted_to_0;sex_majority_restricted_to_0;firth_refit;firth_refit;inference=firth;ci=profile_penalized	chr17-45585160-INV-706887		TRUE	score_boot_mle	score_boot_mle	False	FALSE				
Vomiting	0.36847389227204164	0.08061416057	0.08061416057	240701	44102	196599	-0.01807783678	0.9820845871	TRUE	lrt_mle	0.962,1.002	lrt_quadratic	two	True	0.9623684869762534	1.0022046120950967	FALSE	TRUE	FALSE	mle	240701	44102	196599	ridge_seeded_refit;ridge_seeded_refit;inference=mle;ci=lrt_quadratic	chr17-45585160-INV-706887	0.08061416057	TRUE	lrt_mle	lrt_mle	False	True	lrt_quadratic	0.962,1.002	0.9623684869762534	1.0022046120950967
Glaucoma	0.37030692303049795	0.08135275155	0.08135275155	267807	10119	257688	0.03585423535	1.03650475	TRUE	lrt_mle	0.996,1.079	lrt_quadratic	two	True	0.9955443823693412	1.0791503776551126	FALSE	TRUE	FALSE	mle	267807	10119	257688	ridge_seeded_refit;ridge_seeded_refit;inference=mle;ci=lrt_quadratic	chr17-45585160-INV-706887	0.08135275155	TRUE	lrt_mle	lrt_mle	False	True	lrt_quadratic	0.996,1.079	0.9955443823693412	1.0791503776551126
Lymphadenitis	0.3781055431207819	0.08363127737	0.08363127737	267117	2166	264951	-0.07220184356	0.9303430931	TRUE	lrt_mle	0.857,1.010	lrt_quadratic	two	True	0.8572707023148366	1.0096440582131785	FALSE	TRUE	FALSE	mle	267117	2166	264951	ridge_seeded_refit;ridge_seeded_refit;inference=mle;ci=lrt_quadratic	chr17-45585160-INV-706887	0.08363127737	TRUE	lrt_mle	lrt_mle	False	True	lrt_quadratic	0.857,1.010	0.8572707023148366	1.0096440582131785
Anaphylactic_reaction	0.3781055431207819	0.08375537555	0.08375537555	184490	1917	182573	-0.07680014066	0.9260749198	TRUE	lrt_mle	0.849,1.010	lrt_quadratic	two	True	0.8488741690508611	1.0102966828469564	FALSE	TRUE	FALSE	mle	184490	1917	182573	ridge_seeded_refit;ridge_seeded_refit;inference=mle;ci=lrt_quadratic	chr17-45585160-INV-706887	0.08375537555	TRUE	lrt_mle	lrt_mle	False	True	lrt_quadratic	0.849,1.010	0.8488741690508611	1.0102966828469564
Puckering_of_macula	0.37998512834755105	0.08460416514	0.08460416514	263469	5781	257688	-0.04348704974	0.9574449532	TRUE	lrt_mle	0.911,1.006	lrt_quadratic	two	True	0.9112757825408063	1.0059532535783426	FALSE	TRUE	FALSE	mle	263469	5781	257688	ridge_seeded_refit;ridge_seeded_refit;inference=mle;ci=lrt_quadratic	chr17-45585160-INV-706887	0.08460416514	TRUE	lrt_mle	lrt_mle	False	True	lrt_quadratic	0.911,1.006	0.9112757825408063	1.0059532535783426
Acute_Pharyngitis	0.37998512834755105	0.08486449995	0.08486449995	258369	48737	209632	-0.01666825699	0.9834698898	TRUE	lrt_mle	0.965,1.002	lrt_quadratic	two	True	0.9649997513291825	1.002293547518537	FALSE	TRUE	FALSE	mle	258369	48737	209632	ridge_seeded_refit;ridge_seeded_refit;inference=mle;ci=lrt_quadratic	chr17-45585160-INV-706887	0.08486449995	TRUE	lrt_mle	lrt_mle	False	True	lrt_quadratic	0.965,1.002	0.9649997513291825	1.002293547518537
Open_angle_glaucoma	0.383446038467561	0.08598698766	0.08598698766	263204	5516	257688	0.04711061679	1.048237955	TRUE	lrt_mle	0.993,1.106	lrt_quadratic	two	True	0.9933544551521664	1.1061538058339784	FALSE	TRUE	FALSE	mle	263204	5516	257688	ridge_seeded_refit;ridge_seeded_refit;inference=mle;ci=lrt_quadratic	chr17-45585160-INV-706887	0.08598698766	TRUE	lrt_mle	lrt_mle	False	True	lrt_quadratic	0.993,1.106	0.9933544551521664	1.1061538058339784
Acute_respiratory_failure	0.38356223270433737	0.08638338231	0.08638338231	222462	12830	209632	0.03042020753	1.03088763	TRUE	lrt_mle	0.996,1.067	lrt_quadratic	two	True	0.9956601210700337	1.0673615248540103	FALSE	TRUE	FALSE	mle	222462	12830	209632	ridge_seeded_refit;ridge_seeded_refit;inference=mle;ci=lrt_quadratic	chr17-45585160-INV-706887	0.08638338231	TRUE	lrt_mle	lrt_mle	False	True	lrt_quadratic	0.996,1.067	0.9956601210700337	1.0673615248540103
Disturbances_of_sensation_of_smell_and_taste	0.38356223270433737	0.08671333783	0.08671333783	218081	3896	214185	-0.05259585747	0.9487633706	TRUE	lrt_mle	0.893,1.008	lrt_quadratic	two	True	0.8933519668742824	1.0076117441353287	FALSE	TRUE	FALSE	mle	218081	3896	214185	ridge_seeded_refit;ridge_seeded_refit;inference=mle;ci=lrt_quadratic	chr17-45585160-INV-706887	0.08671333783	TRUE	lrt_mle	lrt_mle	False	True	lrt_quadratic	0.893,1.008	0.8933519668742824	1.0076117441353287
Raynauds_syndrome	0.38356223270433737	0.08706198354	0.08706198354	214184	4352	209832	-0.04762474972	0.9534915179	TRUE	lrt_mle	0.903,1.007	lrt_quadratic	two	True	0.9028706579621744	1.0069505157961223	FALSE	TRUE	FALSE	mle	214184	4352	209832	ridge_seeded_refit;ridge_seeded_refit;inference=mle;ci=lrt_quadratic	chr17-45585160-INV-706887	0.08706198354	TRUE	lrt_mle	lrt_mle	False	True	lrt_quadratic	0.903,1.007	0.9028706579621744	1.0069505157961223
Genetic_susceptibility_of_disease_NOS	0.38527878371589847	0.08791208791	0.08791208791	366008	1626	364382	-0.07491931838	0.9278183412	TRUE	score_boot_mle		profile_penalized	two	FALSE			TRUE	FALSE	TRUE	firth	366008	1626	364382	firth_refit;firth_refit;inference=firth;ci=profile_penalized	chr17-45585160-INV-706887		TRUE	score_boot_mle	score_boot_mle	False	FALSE				
Ptosis_of_eyelid	0.38527878371589847	0.08821504206	0.08821504206	262893	5205	257688	-0.04508062503	0.9559204076	TRUE	lrt_mle	0.908,1.007	lrt_quadratic	two	True	0.9076413918562103	1.0067674677387561	FALSE	TRUE	FALSE	mle	262893	5205	257688	ridge_seeded_refit;ridge_seeded_refit;inference=mle;ci=lrt_quadratic	chr17-45585160-INV-706887	0.08821504206	TRUE	lrt_mle	lrt_mle	False	True	lrt_quadratic	0.908,1.007	0.9076413918562103	1.0067674677387561
Periodontitis	0.38527878371589847	0.08879336745	0.08879336745	202079	5480	196599	-0.046237707	0.954814969	TRUE	lrt_mle	0.905,1.007	lrt_quadratic	two	True	0.9052991993887017	1.0070390271670393	FALSE	TRUE	FALSE	mle	202079	5480	196599	ridge_seeded_refit;ridge_seeded_refit;inference=mle;ci=lrt_quadratic	chr17-45585160-INV-706887	0.08879336745	TRUE	lrt_mle	lrt_mle	False	True	lrt_quadratic	0.905,1.007	0.9052991993887017	1.0070390271670393
Infection_of_the_eye	0.38527878371589847	0.08927969412	0.08927969412	261003	3315	257688	0.05586270643	1.057452492	TRUE	lrt_mle	0.991,1.128	lrt_quadratic	two	True	0.9914641566478943	1.127832777476509	FALSE	TRUE	FALSE	mle	261003	3315	257688	ridge_seeded_refit;ridge_seeded_refit;inference=mle;ci=lrt_quadratic	chr17-45585160-INV-706887	0.08927969412	TRUE	lrt_mle	lrt_mle	False	True	lrt_quadratic	0.991,1.128	0.9914641566478943	1.127832777476509
Conjunctivitis	0.38527878371589847	0.08960496512	0.08960496512	282024	24336	257688	-0.02189446456	0.9783434795	TRUE	lrt_mle	0.954,1.003	lrt_quadratic	two	True	0.9539209936863198	1.0033912349556715	FALSE	TRUE	FALSE	mle	282024	24336	257688	ridge_seeded_refit;ridge_seeded_refit;inference=mle;ci=lrt_quadratic	chr17-45585160-INV-706887	0.08960496512	TRUE	lrt_mle	lrt_mle	False	True	lrt_quadratic	0.954,1.003	0.9539209936863198	1.0033912349556715
Abnormal_findings_on_antenatal_screening_of_mother	0.38527878371589847	0.08991008991	0.08991008991	360725	1846	358879	-0.07476229591	0.927964041	TRUE	score_boot_mle		profile_penalized	two	FALSE			TRUE	FALSE	TRUE	firth	208926	1845	207081	sex_restricted_to_0;sex_majority_restricted_to_0;firth_refit;firth_refit;inference=firth;ci=profile_penalized	chr17-45585160-INV-706887		TRUE	score_boot_mle	score_boot_mle	False	FALSE				
Obstruction_of_bile_duct	0.38527878371589847	0.08991008991	0.08991008991	198335	1736	196599	-0.08137343118	0.9218493799	TRUE	score_boot_mle		profile_penalized	two	FALSE			TRUE	FALSE	TRUE	firth	198335	1736	196599	firth_refit;firth_refit;inference=firth;ci=profile_penalized	chr17-45585160-INV-706887		TRUE	score_boot_mle	score_boot_mle	False	FALSE				
Cystitis	0.38653981677624033	0.09067834804	0.09067834804	241897	20782	221115	-0.02375800781	0.9765219919	TRUE	lrt_mle	0.950,1.004	lrt_quadratic	two	True	0.9500113375096025	1.0037724424339534	FALSE	TRUE	FALSE	mle	241897	20782	221115	ridge_seeded_refit;ridge_seeded_refit;inference=mle;ci=lrt_quadratic	chr17-45585160-INV-706887	0.09067834804	TRUE	lrt_mle	lrt_mle	False	True	lrt_quadratic	0.950,1.004	0.9500113375096025	1.0037724424339534
Lymphocytopenia	0.38653981677624033	0.09090909091	0.09090909091	265972	1021	264951	-0.1012437036	0.903712768	TRUE	score_boot_mle		profile_penalized	two	FALSE			TRUE	FALSE	TRUE	firth	265972	1021	264951	firth_refit;firth_refit;inference=firth;ci=profile_penalized	chr17-45585160-INV-706887		TRUE	score_boot_mle	score_boot_mle	False	FALSE				
Laryngitis_and_tracheitis	0.389732162136834	0.09201515952	0.09201515952	215165	5533	209632	-0.04337594978	0.9575513312	TRUE	lrt_mle	0.910,1.007	lrt_quadratic	two	True	0.9104336453242338	1.0071074993194085	FALSE	TRUE	FALSE	mle	215165	5533	209632	ridge_seeded_refit;ridge_seeded_refit;inference=mle;ci=lrt_quadratic	chr17-45585160-INV-706887	0.09201515952	TRUE	lrt_mle	lrt_mle	False	True	lrt_quadratic	0.910,1.007	0.9104336453242338	1.0071074993194085
Streptococcus_B_carrier	0.39199646508565383	0.09290709291	0.09290709291	363606	4727	358879	0.05224329074	1.05363205	TRUE	score_boot_mle		profile_penalized	two	FALSE			TRUE	FALSE	TRUE	firth	211801	4720	207081	sex_restricted_to_0;sex_majority_restricted_to_0;firth_refit;firth_refit;inference=firth;ci=profile_penalized	chr17-45585160-INV-706887		TRUE	score_boot_mle	score_boot_mle	False	FALSE				
Intervertebral_disc_disorder	0.3931869657224046	0.09369673079	0.09369673079	231721	43872	187849	-0.01781413811	0.9823435956	TRUE	lrt_mle	0.962,1.003	lrt_quadratic	two	True	0.9620932620376305	1.0030201623386683	FALSE	TRUE	FALSE	mle	231721	43872	187849	ridge_seeded_refit;ridge_seeded_refit;inference=mle;ci=lrt_quadratic	chr17-45585160-INV-706887	0.09369673079	TRUE	lrt_mle	lrt_mle	False	True	lrt_quadratic	0.962,1.003	0.9620932620376305	1.0030201623386683
Myasthenia_gravis_and_other_myoneural_disorders	0.3931869657224046	0.09390609391	0.09390609391	215622	1437	214185	-0.07701589079	0.9258751406	TRUE	score_boot_mle		profile_penalized	two	FALSE			TRUE	FALSE	TRUE	firth	215622	1437	214185	firth_refit;firth_refit;inference=firth;ci=profile_penalized	chr17-45585160-INV-706887		TRUE	score_boot_mle	score_boot_mle	False	FALSE				
Other_disorders_of_nose_and_nasal_sinuses	0.3932244313055472	0.09479438159	0.09479438159	238457	28825	209632	-0.01995876673	0.9802390909	TRUE	lrt_mle	0.958,1.003	lrt_quadratic	two	True	0.9575530690901611	1.0034625823017336	FALSE	TRUE	FALSE	mle	238457	28825	209632	ridge_seeded_refit;ridge_seeded_refit;inference=mle;ci=lrt_quadratic	chr17-45585160-INV-706887	0.09479438159	TRUE	lrt_mle	lrt_mle	False	True	lrt_quadratic	0.958,1.003	0.9575530690901611	1.0034625823017336
Muscle_wasting_and_atrophy	0.3932244313055472	0.09491322117	0.09491322117	190060	2211	187849	-0.06810953502	0.9341581449	TRUE	lrt_mle	0.862,1.012	lrt_quadratic	two	True	0.862393583247467	1.011894634553374	FALSE	TRUE	FALSE	mle	190060	2211	187849	ridge_seeded_refit;ridge_seeded_refit;inference=mle;ci=lrt_quadratic	chr17-45585160-INV-706887	0.09491322117	TRUE	lrt_mle	lrt_mle	False	True	lrt_quadratic	0.862,1.012	0.862393583247467	1.011894634553374
Gastrointestinal_inflammation	0.3932244313055472	0.09499040501	0.09499040501	246508	49909	196599	-0.01625869923	0.98387276	TRUE	lrt_mle	0.965,1.003	lrt_quadratic	two	True	0.9652728059293688	1.0028311187591636	FALSE	TRUE	FALSE	mle	246508	49909	196599	ridge_seeded_refit;ridge_seeded_refit;inference=mle;ci=lrt_quadratic	chr17-45585160-INV-706887	0.09499040501	TRUE	lrt_mle	lrt_mle	False	True	lrt_quadratic	0.965,1.003	0.9652728059293688	1.0028311187591636
Degenerative_disc_disease	0.40069596852651684	0.0973697599	0.0973697599	220598	32749	187849	-0.01983397276	0.9803614265	TRUE	lrt_mle	0.958,1.004	lrt_quadratic	two	True	0.9576394966438381	1.0036224799964082	FALSE	TRUE	FALSE	mle	220598	32749	187849	ridge_seeded_refit;ridge_seeded_refit;inference=mle;ci=lrt_quadratic	chr17-45585160-INV-706887	0.0973697599	TRUE	lrt_mle	lrt_mle	False	True	lrt_quadratic	0.958,1.004	0.9576394966438381	1.0036224799964082
Varicose_veins_of_lower_extremities	0.40069596852651684	0.09752581914	0.09752581914	222508	12676	209832	-0.02911148856	0.9713081687	TRUE	lrt_mle	0.938,1.005	lrt_quadratic	two	True	0.9384306309790752	1.0053375576218735	FALSE	TRUE	FALSE	mle	222508	12676	209832	ridge_seeded_refit;ridge_seeded_refit;inference=mle;ci=lrt_quadratic	chr17-45585160-INV-706887	0.09752581914	TRUE	lrt_mle	lrt_mle	False	True	lrt_quadratic	0.938,1.005	0.9384306309790752	1.0053375576218735
Disorders_of_testis	0.4026953114701439	0.09904450257	0.09904450257	227815	6700	221115	-0.03983400291	0.9609489406	TRUE	lrt_mle	0.917,1.008	lrt_quadratic	two	True	0.9165255451683733	1.007525509122709	FALSE	TRUE	FALSE	mle	102537	6680	95857	sex_restricted_to_1;sex_majority_restricted_to_1;ridge_seeded_refit;ridge_seeded_refit;inference=mle;ci=lrt_quadratic	chr17-45585160-INV-706887	0.09904450257	TRUE	lrt_mle	lrt_mle	False	True	lrt_quadratic	0.917,1.008	0.9165255451683733	1.007525509122709
Systemic_inflammatory_response_syndrome	0.4026953114701439	0.09982779166	0.09982779166	251235	3134	248101	0.05681307731	1.058457942	TRUE	lrt_mle	0.989,1.133	lrt_quadratic	two	True	0.9892091304185543	1.1325544626895128	FALSE	TRUE	FALSE	mle	251235	3134	248101	ridge_seeded_refit;ridge_seeded_refit;inference=mle;ci=lrt_quadratic	chr17-45585160-INV-706887	0.09982779166	TRUE	lrt_mle	lrt_mle	False	True	lrt_quadratic	0.989,1.133	0.9892091304185543	1.1325544626895128
Headache	0.4026953114701439	0.1000567359	0.1000567359	296258	82073	214185	-0.01325277243	0.9868346589	TRUE	lrt_mle	0.971,1.003	lrt_quadratic	two	True	0.9713707455003355	1.002544752876856	FALSE	TRUE	FALSE	mle	296258	82073	214185	ridge_seeded_refit;ridge_seeded_refit;inference=mle;ci=lrt_quadratic	chr17-45585160-INV-706887	0.1000567359	TRUE	lrt_mle	lrt_mle	False	True	lrt_quadratic	0.971,1.003	0.9713707455003355	1.002544752876856
Diabetic_retinopathy	0.4026953114701439	0.1000660971	0.1000660971	264544	6856	257688	0.04120249179	1.042063093	TRUE	lrt_mle	0.992,1.095	lrt_quadratic	two	True	0.9921282764188136	1.0945111801013656	FALSE	TRUE	FALSE	mle	264544	6856	257688	ridge_seeded_refit;ridge_seeded_refit;inference=mle;ci=lrt_quadratic	chr17-45585160-INV-706887	0.1000660971	TRUE	lrt_mle	lrt_mle	False	True	lrt_quadratic	0.992,1.095	0.9921282764188136	1.0945111801013656
Drug_resistant_microorganisms	0.4026953114701439	0.1006049351	0.1006049351	253407	5306	248101	0.04360979951	1.044574682	TRUE	lrt_mle	0.992,1.100	lrt_quadratic	two	True	0.9915885020386814	1.1003922127194847	FALSE	TRUE	FALSE	mle	253407	5306	248101	ridge_seeded_refit;ridge_seeded_refit;inference=mle;ci=lrt_quadratic	chr17-45585160-INV-706887	0.1006049351	TRUE	lrt_mle	lrt_mle	False	True	lrt_quadratic	0.992,1.100	0.9915885020386814	1.1003922127194847
Psychoactive_substance_abuse	0.4026953114701439	0.1006986781	0.1006986781	267053	27968	239085	-0.02135667834	0.9788697607	TRUE	lrt_mle	0.954,1.004	lrt_quadratic	two	True	0.9542237497379216	1.0041523370050014	FALSE	TRUE	FALSE	mle	267053	27968	239085	ridge_seeded_refit;ridge_seeded_refit;inference=mle;ci=lrt_quadratic	chr17-45585160-INV-706887	0.1006986781	TRUE	lrt_mle	lrt_mle	False	True	lrt_quadratic	0.954,1.004	0.9542237497379216	1.0041523370050014
Agoraphobia	0.4026953114701439	0.1008991009	0.1008991009	240262	1177	239085	-0.09496958802	0.9094005907	TRUE	score_boot_mle		profile_penalized	two	FALSE			TRUE	FALSE	TRUE	firth	240262	1177	239085	firth_refit;firth_refit;inference=firth;ci=profile_penalized	chr17-45585160-INV-706887		TRUE	score_boot_mle	score_boot_mle	False	FALSE				
Generalized_osteoarthritis	0.4026953114701439	0.101570424	0.101570424	194294	6445	187849	-0.04066347255	0.9601521932	TRUE	lrt_mle	0.915,1.008	lrt_quadratic	two	True	0.9145337552568175	1.0080461532661031	FALSE	TRUE	FALSE	mle	194294	6445	187849	ridge_seeded_refit;ridge_seeded_refit;inference=mle;ci=lrt_quadratic	chr17-45585160-INV-706887	0.101570424	TRUE	lrt_mle	lrt_mle	False	True	lrt_quadratic	0.915,1.008	0.9145337552568175	1.0080461532661031
Astigmatism	0.4026953114701439	0.1018214272	0.1018214272	280500	22812	257688	-0.02160875338	0.9786230431	TRUE	lrt_mle	0.954,1.004	lrt_quadratic	two	True	0.9536151056389348	1.0042867975333716	FALSE	TRUE	FALSE	mle	280500	22812	257688	ridge_seeded_refit;ridge_seeded_refit;inference=mle;ci=lrt_quadratic	chr17-45585160-INV-706887	0.1018214272	TRUE	lrt_mle	lrt_mle	False	True	lrt_quadratic	0.954,1.004	0.9536151056389348	1.0042867975333716
Pure_hypercholesterolemia	0.4026953114701439	0.1019341747	0.1019341747	237971	45480	192491	-0.01750795575	0.982644418	TRUE	lrt_mle	0.962,1.003	lrt_quadratic	two	True	0.9622426110959985	1.0034787911225505	FALSE	TRUE	FALSE	mle	237971	45480	192491	ridge_seeded_refit;ridge_seeded_refit;inference=mle;ci=lrt_quadratic	chr17-45585160-INV-706887	0.1019341747	TRUE	lrt_mle	lrt_mle	False	True	lrt_quadratic	0.962,1.003	0.9622426110959985	1.0034787911225505
Idiopathic_sleep_related_nonobstructive_alveolar_hypoventilation	0.4026953114701439	0.1020504071	0.1020504071	216203	2018	214185	0.06663491675	1.068905168	TRUE	lrt_mle	0.987,1.158	lrt_quadratic	two	True	0.9868429983460856	1.1577913195393041	FALSE	TRUE	FALSE	mle	216203	2018	214185	ridge_seeded_refit;ridge_seeded_refit;inference=mle;ci=lrt_quadratic	chr17-45585160-INV-706887	0.1020504071	TRUE	lrt_mle	lrt_mle	False	True	lrt_quadratic	0.987,1.158	0.9868429983460856	1.1577913195393041
Gastrointestinal_hemorrhage	0.40696187712724013	0.1035026105	0.1035026105	228014	31415	196599	-0.01921398601	0.980969426	TRUE	lrt_mle	0.959,1.004	lrt_quadratic	two	True	0.9585396165230485	1.0039240927073005	FALSE	TRUE	FALSE	mle	228014	31415	196599	ridge_seeded_refit;ridge_seeded_refit;inference=mle;ci=lrt_quadratic	chr17-45585160-INV-706887	0.1035026105	TRUE	lrt_mle	lrt_mle	False	True	lrt_quadratic	0.959,1.004	0.9585396165230485	1.0039240927073005
Missed_abortion	0.4070500927796429	0.1038961039	0.1038961039	361268	2389	358879	-0.06433873026	0.9376873227	TRUE	score_boot_mle		profile_penalized	two	FALSE			TRUE	FALSE	TRUE	firth	209467	2386	207081	sex_restricted_to_0;sex_majority_restricted_to_0;firth_refit;firth_refit;inference=firth;ci=profile_penalized	chr17-45585160-INV-706887		TRUE	score_boot_mle	score_boot_mle	False	FALSE				
Cholesterolosis_of_gallbladder	0.40835892726134754	0.1048951049	0.1048951049	198291	1692	196599	-0.07790756653	0.9250499282	TRUE	score_boot_mle		profile_penalized	two	FALSE			TRUE	FALSE	TRUE	firth	198291	1692	196599	firth_refit;firth_refit;inference=firth;ci=profile_penalized	chr17-45585160-INV-706887		TRUE	score_boot_mle	score_boot_mle	False	FALSE				
Muscle_weakness_generalized	0.40835892726134754	0.1049746741	0.1049746741	196052	13479	182573	-0.02808557577	0.9723051575	TRUE	lrt_mle	0.940,1.006	lrt_quadratic	two	True	0.9398454128264544	1.0058859748179707	FALSE	TRUE	FALSE	mle	196052	13479	182573	ridge_seeded_refit;ridge_seeded_refit;inference=mle;ci=lrt_quadratic	chr17-45585160-INV-706887	0.1049746741	TRUE	lrt_mle	lrt_mle	False	True	lrt_quadratic	0.940,1.006	0.9398454128264544	1.0058859748179707
Spotting_complicating_pregnancy	0.4124211620489583	0.1068931069	0.1068931069	360638	1759	358879	-0.07816913188	0.9248079988	TRUE	score_boot_mle		profile_penalized	two	FALSE			TRUE	FALSE	TRUE	firth	208840	1759	207081	sex_restricted_to_0;sex_majority_restricted_to_0;firth_refit;firth_refit;inference=firth;ci=profile_penalized	chr17-45585160-INV-706887		TRUE	score_boot_mle	score_boot_mle	False	FALSE				
Cytology_and_pathology_findings	0.4124211620489583	0.1069497951	0.1069497951	206424	23851	182573	-0.02155037069	0.9786801794	TRUE	lrt_mle	0.953,1.005	lrt_quadratic	two	True	0.953370511989428	1.0046617569633551	FALSE	TRUE	FALSE	mle	206424	23851	182573	ridge_seeded_refit;ridge_seeded_refit;inference=mle;ci=lrt_quadratic	chr17-45585160-INV-706887	0.1069497951	TRUE	lrt_mle	lrt_mle	False	True	lrt_quadratic	0.953,1.005	0.953370511989428	1.0046617569633551
Contact_dermatitis	0.4124211620489583	0.1075486197	0.1075486197	265783	35322	230461	-0.01761964003	0.9825346782	TRUE	lrt_mle	0.962,1.004	lrt_quadratic	two	True	0.9616752705688986	1.0038465408444788	FALSE	TRUE	FALSE	mle	265783	35322	230461	ridge_seeded_refit;ridge_seeded_refit;inference=mle;ci=lrt_quadratic	chr17-45585160-INV-706887	0.1075486197	TRUE	lrt_mle	lrt_mle	False	True	lrt_quadratic	0.962,1.004	0.9616752705688986	1.0038465408444788
Dyspnea_Shortness_of_breath	0.4124211620489583	0.1077126171	0.1077126171	279817	70185	209632	-0.01392119499	0.9861752568	TRUE	lrt_mle	0.970,1.003	lrt_quadratic	two	True	0.9695884284312828	1.0030458372969921	FALSE	TRUE	FALSE	mle	279817	70185	209632	ridge_seeded_refit;ridge_seeded_refit;inference=mle;ci=lrt_quadratic	chr17-45585160-INV-706887	0.1077126171	TRUE	lrt_mle	lrt_mle	False	True	lrt_quadratic	0.970,1.003	0.9695884284312828	1.0030458372969921
Epilepsy	0.4124211620489583	0.1082220717	0.1082220717	220081	5896	214185	0.04078493994	1.041628069	TRUE	lrt_mle	0.991,1.095	lrt_quadratic	two	True	0.9910584866255379	1.0947780060213463	FALSE	TRUE	FALSE	mle	220081	5896	214185	ridge_seeded_refit;ridge_seeded_refit;inference=mle;ci=lrt_quadratic	chr17-45585160-INV-706887	0.1082220717	TRUE	lrt_mle	lrt_mle	False	True	lrt_quadratic	0.991,1.095	0.9910584866255379	1.0947780060213463
Benign_neoplasm_of_rectum_and_anus	0.4124211620489583	0.1082746533	0.1082746533	267607	10840	256767	-0.02995466505	0.9704895296	TRUE	lrt_mle	0.936,1.007	lrt_quadratic	two	True	0.9356522074042775	1.0066239567419004	FALSE	TRUE	FALSE	mle	267607	10840	256767	ridge_seeded_refit;ridge_seeded_refit;inference=mle;ci=lrt_quadratic	chr17-45585160-INV-706887	0.1082746533	TRUE	lrt_mle	lrt_mle	False	True	lrt_quadratic	0.936,1.007	0.9356522074042775	1.0066239567419004
Chondropathies	0.4141592110525951	0.1091084886	0.1091084886	203726	15877	187849	-0.02553736723	0.9747859532	TRUE	lrt_mle	0.945,1.006	lrt_quadratic	two	True	0.9448048727394264	1.0057184102657561	FALSE	TRUE	FALSE	mle	203726	15877	187849	ridge_seeded_refit;ridge_seeded_refit;inference=mle;ci=lrt_quadratic	chr17-45585160-INV-706887	0.1091084886	TRUE	lrt_mle	lrt_mle	False	True	lrt_quadratic	0.945,1.006	0.9448048727394264	1.0057184102657561
Osteophyte	0.4179067532389655	0.1104767169	0.1104767169	193812	5963	187849	-0.0402935092	0.96050748	TRUE	lrt_mle	0.914,1.009	lrt_quadratic	two	True	0.9141375926857801	1.009229492917898	FALSE	TRUE	FALSE	mle	193812	5963	187849	ridge_seeded_refit;ridge_seeded_refit;inference=mle;ci=lrt_quadratic	chr17-45585160-INV-706887	0.1104767169	TRUE	lrt_mle	lrt_mle	False	True	lrt_quadratic	0.914,1.009	0.9141375926857801	1.009229492917898
Leukemia	0.4216079349340067	0.1118881119	0.1118881119	258620	1853	256767	-0.07018310518	0.9322231094	TRUE	score_boot_mle		profile_penalized	two	FALSE			TRUE	FALSE	TRUE	firth	258620	1853	256767	firth_refit;firth_refit;inference=firth;ci=profile_penalized	chr17-45585160-INV-706887		TRUE	score_boot_mle	score_boot_mle	False	FALSE				
Congenital_malformations_of_circulatory_system_other_than_heart	0.4216079349340067	0.1122873616	0.1122873616	371148	2039	369109	-0.06696836696	0.9352247849	TRUE	lrt_mle	0.861,1.016	lrt_quadratic	two	True	0.8610323055507154	1.0158101996872912	FALSE	TRUE	FALSE	mle	371148	2039	369109	ridge_seeded_refit;ridge_seeded_refit;inference=mle;ci=lrt_quadratic	chr17-45585160-INV-706887	0.1122873616	TRUE	lrt_mle	lrt_mle	False	True	lrt_quadratic	0.861,1.016	0.8610323055507154	1.0158101996872912
Uterine_size_date_discrepancy	0.4216079349340067	0.1128871129	0.1128871129	361410	2531	358879	-0.0642692884	0.9377524397	TRUE	score_boot_mle		profile_penalized	two	FALSE			TRUE	FALSE	TRUE	firth	209612	2531	207081	sex_restricted_to_0;sex_majority_restricted_to_0;firth_refit;firth_refit;inference=firth;ci=profile_penalized	chr17-45585160-INV-706887		TRUE	score_boot_mle	score_boot_mle	False	FALSE				
Spermatocele	0.4216079349340067	0.1138861139	0.1138861139	222375	1260	221115	-0.08278226134	0.9205515651	TRUE	score_boot_mle		profile_penalized	two	FALSE			TRUE	FALSE	TRUE	firth	97116	1259	95857	sex_restricted_to_1;sex_majority_restricted_to_1;firth_refit;firth_refit;inference=firth;ci=profile_penalized	chr17-45585160-INV-706887		TRUE	score_boot_mle	score_boot_mle	False	FALSE				
Blindness_and_low_vision	0.4216079349340067	0.1139486316	0.1139486316	266145	8457	257688	-0.03469756262	0.9658974956	TRUE	lrt_mle	0.925,1.008	lrt_quadratic	two	True	0.9252229966972059	1.0083601200228216	FALSE	TRUE	FALSE	mle	266145	8457	257688	ridge_seeded_refit;ridge_seeded_refit;inference=mle;ci=lrt_quadratic	chr17-45585160-INV-706887	0.1139486316	TRUE	lrt_mle	lrt_mle	False	True	lrt_quadratic	0.925,1.008	0.9252229966972059	1.0083601200228216
Other_symptoms_and_disorders_of_the_respiratory_system	0.4216079349340067	0.1139555908	0.1139555908	293770	84138	209632	-0.0126571286	0.987422636	TRUE	lrt_mle	0.972,1.003	lrt_quadratic	two	True	0.9720466097057266	1.0030418832652455	FALSE	TRUE	FALSE	mle	293770	84138	209632	ridge_seeded_refit;ridge_seeded_refit;inference=mle;ci=lrt_quadratic	chr17-45585160-INV-706887	0.1139555908	TRUE	lrt_mle	lrt_mle	False	True	lrt_quadratic	0.972,1.003	0.9720466097057266	1.0030418832652455
Granulomatous_disorder_of_the_skin	0.4216079349340067	0.1141454482	0.1141454482	235084	4623	230461	-0.04508820962	0.9559131574	TRUE	lrt_mle	0.904,1.011	lrt_quadratic	two	True	0.903910114025532	1.0109079987813319	FALSE	TRUE	FALSE	mle	235084	4623	230461	ridge_seeded_refit;ridge_seeded_refit;inference=mle;ci=lrt_quadratic	chr17-45585160-INV-706887	0.1141454482	TRUE	lrt_mle	lrt_mle	False	True	lrt_quadratic	0.904,1.011	0.903910114025532	1.0109079987813319
Influenza_virus	0.4251668064959866	0.1157827394	0.1157827394	261076	12975	248101	0.02753029671	1.027912757	TRUE	lrt_mle	0.993,1.064	lrt_quadratic	two	True	0.9932443452035661	1.0637912424336744	FALSE	TRUE	FALSE	mle	261076	12975	248101	ridge_seeded_refit;ridge_seeded_refit;inference=mle;ci=lrt_quadratic	chr17-45585160-INV-706887	0.1157827394	TRUE	lrt_mle	lrt_mle	False	True	lrt_quadratic	0.993,1.064	0.9932443452035661	1.0637912424336744
Hypertrophic_cardiomyopathy	0.4251668064959866	0.1158841159	0.1158841159	211019	1187	209832	0.0849261716	1.088636691	TRUE	score_boot_mle		profile_penalized	two	FALSE			TRUE	FALSE	TRUE	firth	211019	1187	209832	firth_refit;firth_refit;inference=firth;ci=profile_penalized	chr17-45585160-INV-706887		TRUE	score_boot_mle	score_boot_mle	False	FALSE				
Osteoarthritis	0.42633823853654484	0.116820435	0.116820435	269778	81929	187849	-0.01390144996	0.986194729	TRUE	lrt_mle	0.969,1.003	lrt_quadratic	two	True	0.9692089450554873	1.0034781957770535	FALSE	TRUE	FALSE	mle	269778	81929	187849	ridge_seeded_refit;ridge_seeded_refit;inference=mle;ci=lrt_quadratic	chr17-45585160-INV-706887	0.116820435	TRUE	lrt_mle	lrt_mle	False	True	lrt_quadratic	0.969,1.003	0.9692089450554873	1.0034781957770535
Hydrocele	0.42633823853654484	0.1169806835	0.1169806835	223542	2427	221115	-0.06224208759	0.9396553803	TRUE	lrt_mle	0.869,1.016	lrt_quadratic	two	True	0.8693022229936709	1.015702261493503	FALSE	TRUE	FALSE	mle	98274	2417	95857	sex_restricted_to_1;sex_majority_restricted_to_1;ridge_seeded_refit;ridge_seeded_refit;inference=mle;ci=lrt_quadratic	chr17-45585160-INV-706887	0.1169806835	TRUE	lrt_mle	lrt_mle	False	True	lrt_quadratic	0.869,1.016	0.8693022229936709	1.015702261493503
Acute_cough	0.4271415682056291	0.1175904773	0.1175904773	214204	4572	209632	0.04444188162	1.045444215	TRUE	lrt_mle	0.989,1.105	lrt_quadratic	two	True	0.9888455912730866	1.1052823789701198	FALSE	TRUE	FALSE	mle	214204	4572	209632	ridge_seeded_refit;ridge_seeded_refit;inference=mle;ci=lrt_quadratic	chr17-45585160-INV-706887	0.1175904773	TRUE	lrt_mle	lrt_mle	False	True	lrt_quadratic	0.989,1.105	0.9888455912730866	1.1052823789701198
Pelvic_peritoneal_adhesions_female_postoperative_postinfection	0.42953535637491747	0.1186410328	0.1186410328	223167	2052	221115	0.0671098321	1.069412928	TRUE	lrt_mle	0.983,1.163	lrt_quadratic	two	True	0.9829678006278063	1.1634602974491672	FALSE	TRUE	FALSE	mle	127309	2051	125258	sex_restricted_to_0;sex_majority_restricted_to_0;ridge_seeded_refit;ridge_seeded_refit;inference=mle;ci=lrt_quadratic	chr17-45585160-INV-706887	0.1186410328	TRUE	lrt_mle	lrt_mle	False	True	lrt_quadratic	0.983,1.163	0.9829678006278063	1.1634602974491672
Chondrocalcinosis	0.4325937221391447	0.1198801199	0.1198801199	190073	2224	187849	-0.06181396432	0.9400577548	TRUE	score_boot_mle		profile_penalized	two	FALSE			TRUE	FALSE	TRUE	firth	190073	2224	187849	firth_refit;firth_refit;inference=firth;ci=profile_penalized	chr17-45585160-INV-706887		TRUE	score_boot_mle	score_boot_mle	False	FALSE				
Other_and_unspecified_dorsopathies	0.43285049399183007	0.1204721331	0.1204721331	206408	18559	187849	-0.02297482326	0.9772870884	TRUE	lrt_mle	0.949,1.006	lrt_quadratic	two	True	0.949353518304833	1.0060425696775517	FALSE	TRUE	FALSE	mle	206408	18559	187849	ridge_seeded_refit;ridge_seeded_refit;inference=mle;ci=lrt_quadratic	chr17-45585160-INV-706887	0.1204721331	TRUE	lrt_mle	lrt_mle	False	True	lrt_quadratic	0.949,1.006	0.949353518304833	1.0060425696775517
Hypoglycemia	0.43285049399183007	0.1207404295	0.1207404295	202304	9813	192491	0.03137068414	1.03186793	TRUE	lrt_mle	0.992,1.074	lrt_quadratic	two	True	0.9917794279632194	1.0735768408824697	FALSE	TRUE	FALSE	mle	202304	9813	192491	ridge_seeded_refit;ridge_seeded_refit;inference=mle;ci=lrt_quadratic	chr17-45585160-INV-706887	0.1207404295	TRUE	lrt_mle	lrt_mle	False	True	lrt_quadratic	0.992,1.074	0.9917794279632194	1.0735768408824697
Malignant_neoplasm_of_the_eye_brain_and_other_parts_of_central_nervous_system	0.43681727264548387	0.1227285187	0.1227285187	259019	2252	256767	-0.06100493821	0.9408185938	TRUE	lrt_mle	0.871,1.017	lrt_quadratic	two	True	0.8706858553710308	1.0166004431891886	FALSE	TRUE	FALSE	mle	259019	2252	256767	ridge_seeded_refit;ridge_seeded_refit;inference=mle;ci=lrt_quadratic	chr17-45585160-INV-706887	0.1227285187	TRUE	lrt_mle	lrt_mle	False	True	lrt_quadratic	0.871,1.017	0.8706858553710308	1.0166004431891886
Hyperosmolality_andor_hypernatremia	0.43681727264548387	0.1229304629	0.1229304629	195646	3155	192491	-0.05541099063	0.9460962314	TRUE	lrt_mle	0.882,1.015	lrt_quadratic	two	True	0.8817784885073778	1.0151053701640056	FALSE	TRUE	FALSE	mle	195646	3155	192491	ridge_seeded_refit;ridge_seeded_refit;inference=mle;ci=lrt_quadratic	chr17-45585160-INV-706887	0.1229304629	TRUE	lrt_mle	lrt_mle	False	True	lrt_quadratic	0.882,1.015	0.8817784885073778	1.0151053701640056
Periodontal_diseases	0.43681727264548387	0.1232701602	0.1232701602	206585	9986	196599	-0.03145020895	0.9690392047	TRUE	lrt_mle	0.931,1.009	lrt_quadratic	two	True	0.9310464926619638	1.0085822649123894	FALSE	TRUE	FALSE	mle	206585	9986	196599	ridge_seeded_refit;ridge_seeded_refit;inference=mle;ci=lrt_quadratic	chr17-45585160-INV-706887	0.1232701602	TRUE	lrt_mle	lrt_mle	False	True	lrt_quadratic	0.931,1.009	0.9310464926619638	1.0085822649123894
Abnormal_involuntary_movements	0.43681727264548387	0.1234397033	0.1234397033	232622	18437	214185	-0.02234518113	0.9779026233	TRUE	lrt_mle	0.950,1.006	lrt_quadratic	two	True	0.9504926602668071	1.0061030248224094	FALSE	TRUE	FALSE	mle	232622	18437	214185	ridge_seeded_refit;ridge_seeded_refit;inference=mle;ci=lrt_quadratic	chr17-45585160-INV-706887	0.1234397033	TRUE	lrt_mle	lrt_mle	False	True	lrt_quadratic	0.950,1.006	0.9504926602668071	1.0061030248224094
Fracture_of_upper_limb	0.4391022672389068	0.1244856929	0.1244856929	198019	10170	187849	-0.02953753569	0.9708944338	TRUE	lrt_mle	0.935,1.008	lrt_quadratic	two	True	0.9349869585196361	1.008180908756015	FALSE	TRUE	FALSE	mle	198019	10170	187849	ridge_seeded_refit;ridge_seeded_refit;inference=mle;ci=lrt_quadratic	chr17-45585160-INV-706887	0.1244856929	TRUE	lrt_mle	lrt_mle	False	True	lrt_quadratic	0.935,1.008	0.9349869585196361	1.008180908756015
Venous_thromboembolism	0.4422432041791666	0.1257792887	0.1257792887	226649	16817	209832	0.02368294339	1.023965611	TRUE	lrt_mle	0.993,1.055	lrt_quadratic	two	True	0.9933855623124591	1.0554870263989762	FALSE	TRUE	FALSE	mle	226649	16817	209832	ridge_seeded_refit;ridge_seeded_refit;inference=mle;ci=lrt_quadratic	chr17-45585160-INV-706887	0.1257792887	TRUE	lrt_mle	lrt_mle	False	True	lrt_quadratic	0.993,1.055	0.9933855623124591	1.0554870263989762
Hemoglobinopathies	0.44391051995664554	0.1271926936	0.1271926936	367539	3157	364382	0.05702967084	1.058687222	TRUE	lrt_mle	0.984,1.139	lrt_quadratic	two	True	0.983878035889088	1.1391845262188813	FALSE	TRUE	FALSE	mle	367539	3157	364382	ridge_seeded_refit;ridge_seeded_refit;inference=mle;ci=lrt_quadratic	chr17-45585160-INV-706887	0.1271926936	TRUE	lrt_mle	lrt_mle	False	True	lrt_quadratic	0.984,1.139	0.983878035889088	1.1391845262188813
Angioneurotic_edema	0.44391051995664554	0.1273032409	0.1273032409	185377	2804	182573	-0.0596103954	0.9421315209	TRUE	lrt_mle	0.873,1.017	lrt_quadratic	two	True	0.8726402481499118	1.017156616930395	FALSE	TRUE	FALSE	mle	185377	2804	182573	ridge_seeded_refit;ridge_seeded_refit;inference=mle;ci=lrt_quadratic	chr17-45585160-INV-706887	0.1273032409	TRUE	lrt_mle	lrt_mle	False	True	lrt_quadratic	0.873,1.017	0.8726402481499118	1.017156616930395
Myelopathies	0.44391051995664554	0.1278542866	0.1278542866	219974	5789	214185	-0.03922591347	0.9615334613	TRUE	lrt_mle	0.914,1.011	lrt_quadratic	two	True	0.9141882210832994	1.011330681992292	FALSE	TRUE	FALSE	mle	219974	5789	214185	ridge_seeded_refit;ridge_seeded_refit;inference=mle;ci=lrt_quadratic	chr17-45585160-INV-706887	0.1278542866	TRUE	lrt_mle	lrt_mle	False	True	lrt_quadratic	0.914,1.011	0.9141882210832994	1.011330681992292
Infection_of_amniotic_cavity	0.44391051995664554	0.1278721279	0.1278721279	360189	1310	358879	0.08846182938	1.092492551	TRUE	score_boot_mle		profile_penalized	two	FALSE			TRUE	FALSE	TRUE	firth	208390	1309	207081	sex_restricted_to_0;sex_majority_restricted_to_0;firth_refit;firth_refit;inference=firth;ci=profile_penalized	chr17-45585160-INV-706887		TRUE	score_boot_mle	score_boot_mle	False	FALSE				
Visual_disturbances	0.44517651569815386	0.1288432053	0.1288432053	291736	34048	257688	-0.01714122055	0.9830048543	TRUE	lrt_mle	0.961,1.005	lrt_quadratic	two	True	0.9614976225474955	1.0049931700380137	FALSE	TRUE	FALSE	mle	291736	34048	257688	ridge_seeded_refit;ridge_seeded_refit;inference=mle;ci=lrt_quadratic	chr17-45585160-INV-706887	0.1288432053	TRUE	lrt_mle	lrt_mle	False	True	lrt_quadratic	0.961,1.005	0.9614976225474955	1.0049931700380137
Headache_syndromes_non_migraine	0.44517651569815386	0.1292328265	0.1292328265	220312	6127	214185	-0.03741356396	0.963277676	TRUE	lrt_mle	0.918,1.011	lrt_quadratic	two	True	0.917825847384492	1.0109803333415166	FALSE	TRUE	FALSE	mle	220312	6127	214185	ridge_seeded_refit;ridge_seeded_refit;inference=mle;ci=lrt_quadratic	chr17-45585160-INV-706887	0.1292328265	TRUE	lrt_mle	lrt_mle	False	True	lrt_quadratic	0.918,1.011	0.917825847384492	1.0109803333415166
Stress_incontinence	0.44517651569815386	0.1298588493	0.1298588493	232245	11130	221115	0.02796663589	1.028361373	TRUE	lrt_mle	0.992,1.066	lrt_quadratic	two	True	0.9918115997516271	1.0662580622620623	FALSE	TRUE	FALSE	mle	232245	11130	221115	ridge_seeded_refit;ridge_seeded_refit;inference=mle;ci=lrt_quadratic	chr17-45585160-INV-706887	0.1298588493	TRUE	lrt_mle	lrt_mle	False	True	lrt_quadratic	0.992,1.066	0.9918115997516271	1.0662580622620623
Hyposmolality_andor_hyponatremia	0.44517651569815386	0.1312520181	0.1312520181	210137	17646	192491	0.02326074269	1.023533384	TRUE	lrt_mle	0.993,1.055	lrt_quadratic	two	True	0.9930762813308339	1.0549245884205583	FALSE	TRUE	FALSE	mle	210137	17646	192491	ridge_seeded_refit;ridge_seeded_refit;inference=mle;ci=lrt_quadratic	chr17-45585160-INV-706887	0.1312520181	TRUE	lrt_mle	lrt_mle	False	True	lrt_quadratic	0.993,1.055	0.9930762813308339	1.0549245884205583
Spinal_disc_displacement_herniation	0.44517651569815386	0.1313776447	0.1313776447	206943	19094	187849	-0.02227589083	0.9779703848	TRUE	lrt_mle	0.950,1.007	lrt_quadratic	two	True	0.9500745359810085	1.0066853044261708	FALSE	TRUE	FALSE	mle	206943	19094	187849	ridge_seeded_refit;ridge_seeded_refit;inference=mle;ci=lrt_quadratic	chr17-45585160-INV-706887	0.1313776447	TRUE	lrt_mle	lrt_mle	False	True	lrt_quadratic	0.950,1.007	0.9500745359810085	1.0066853044261708
Pulmonary_hypertension	0.44517651569815386	0.1314588775	0.1314588775	217629	7797	209832	0.03462787179	1.035234397	TRUE	lrt_mle	0.990,1.083	lrt_quadratic	two	True	0.9896863588532615	1.0828786792247045	FALSE	TRUE	FALSE	mle	217629	7797	209832	ridge_seeded_refit;ridge_seeded_refit;inference=mle;ci=lrt_quadratic	chr17-45585160-INV-706887	0.1314588775	TRUE	lrt_mle	lrt_mle	False	True	lrt_quadratic	0.990,1.083	0.9896863588532615	1.0828786792247045
Acute_posthemorrhagic_anemia	0.44517651569815386	0.1314986059	0.1314986059	277887	12936	264951	-0.026643935	0.9737078831	TRUE	lrt_mle	0.941,1.008	lrt_quadratic	two	True	0.9405708232757477	1.008012387964637	FALSE	TRUE	FALSE	mle	277887	12936	264951	ridge_seeded_refit;ridge_seeded_refit;inference=mle;ci=lrt_quadratic	chr17-45585160-INV-706887	0.1314986059	TRUE	lrt_mle	lrt_mle	False	True	lrt_quadratic	0.941,1.008	0.9405708232757477	1.008012387964637
Acute_pain	0.44517651569815386	0.1315312894	0.1315312894	204348	21775	182573	-0.02086809213	0.9793481398	TRUE	lrt_mle	0.953,1.006	lrt_quadratic	two	True	0.953144323848118	1.0062723502480257	FALSE	TRUE	FALSE	mle	204348	21775	182573	ridge_seeded_refit;ridge_seeded_refit;inference=mle;ci=lrt_quadratic	chr17-45585160-INV-706887	0.1315312894	TRUE	lrt_mle	lrt_mle	False	True	lrt_quadratic	0.953,1.006	0.953144323848118	1.0062723502480257
Eating_disorders	0.44517651569815386	0.1318891227	0.1318891227	242008	2923	239085	0.05157845299	1.052931789	TRUE	lrt_mle	0.985,1.126	lrt_quadratic	two	True	0.9846030316783694	1.1260023745437593	FALSE	TRUE	FALSE	mle	242008	2923	239085	ridge_seeded_refit;ridge_seeded_refit;inference=mle;ci=lrt_quadratic	chr17-45585160-INV-706887	0.1318891227	TRUE	lrt_mle	lrt_mle	False	True	lrt_quadratic	0.985,1.126	0.9846030316783694	1.1260023745437593
Paroxysmal_atrial_fibrillation	0.44535426440766873	0.1323477577	0.1323477577	222057	12225	209832	0.02739450543	1.027773185	TRUE	lrt_mle	0.992,1.065	lrt_quadratic	two	True	0.9917506267335715	1.0651041613898071	FALSE	TRUE	FALSE	mle	222057	12225	209832	ridge_seeded_refit;ridge_seeded_refit;inference=mle;ci=lrt_quadratic	chr17-45585160-INV-706887	0.1323477577	TRUE	lrt_mle	lrt_mle	False	True	lrt_quadratic	0.992,1.065	0.9917506267335715	1.0651041613898071
Chronic_atrial_fibrillation	0.44914621627828744	0.133884059	0.133884059	214104	4272	209832	0.04404457114	1.045028932	TRUE	lrt_mle	0.987,1.107	lrt_quadratic	two	True	0.9865454515640357	1.106979376314147	FALSE	TRUE	FALSE	mle	214104	4272	209832	ridge_seeded_refit;ridge_seeded_refit;inference=mle;ci=lrt_quadratic	chr17-45585160-INV-706887	0.133884059	TRUE	lrt_mle	lrt_mle	False	True	lrt_quadratic	0.987,1.107	0.9865454515640357	1.106979376314147
Pulmonary_heart_disease	0.45072048981489365	0.135077527	0.135077527	219308	9476	209832	0.03120283112	1.031694742	TRUE	lrt_mle	0.990,1.075	lrt_quadratic	two	True	0.9903255271838214	1.0747920884747104	FALSE	TRUE	FALSE	mle	219308	9476	209832	ridge_seeded_refit;ridge_seeded_refit;inference=mle;ci=lrt_quadratic	chr17-45585160-INV-706887	0.135077527	TRUE	lrt_mle	lrt_mle	False	True	lrt_quadratic	0.990,1.075	0.9903255271838214	1.0747920884747104
Irregular_menstrual_cycle	0.45072048981489365	0.1351750603	0.1351750603	239560	18445	221115	-0.02305103686	0.9772126086	TRUE	lrt_mle	0.948,1.007	lrt_quadratic	two	True	0.9481036726933711	1.0072152550229199	FALSE	TRUE	FALSE	mle	143694	18436	125258	sex_restricted_to_0;sex_majority_restricted_to_0;ridge_seeded_refit;ridge_seeded_refit;inference=mle;ci=lrt_quadratic	chr17-45585160-INV-706887	0.1351750603	TRUE	lrt_mle	lrt_mle	False	True	lrt_quadratic	0.948,1.007	0.9481036726933711	1.0072152550229199
Osteonecrosis	0.4519224190601208	0.1360127089	0.1360127089	190219	2370	187849	-0.06160045455	0.9402584878	TRUE	lrt_mle	0.867,1.020	lrt_quadratic	two	True	0.8671123864343389	1.0195748989642415	FALSE	TRUE	FALSE	mle	190219	2370	187849	ridge_seeded_refit;ridge_seeded_refit;inference=mle;ci=lrt_quadratic	chr17-45585160-INV-706887	0.1360127089	TRUE	lrt_mle	lrt_mle	False	True	lrt_quadratic	0.867,1.020	0.8671123864343389	1.0195748989642415
Crohns_disease	0.4519224190601208	0.1363594537	0.1363594537	199852	3253	196599	-0.04822747725	0.9529169955	TRUE	lrt_mle	0.894,1.015	lrt_quadratic	two	True	0.8943229052360528	1.0153500429927487	FALSE	TRUE	FALSE	mle	199852	3253	196599	ridge_seeded_refit;ridge_seeded_refit;inference=mle;ci=lrt_quadratic	chr17-45585160-INV-706887	0.1363594537	TRUE	lrt_mle	lrt_mle	False	True	lrt_quadratic	0.894,1.015	0.8943229052360528	1.0153500429927487
Nausea	0.464695989835241	0.1406372549	0.1406372549	253653	57054	196599	-0.01367752136	0.9864155909	TRUE	lrt_mle	0.969,1.005	lrt_quadratic	two	True	0.9686310174958431	1.0045266984723695	FALSE	TRUE	FALSE	mle	253653	57054	196599	ridge_seeded_refit;ridge_seeded_refit;inference=mle;ci=lrt_quadratic	chr17-45585160-INV-706887	0.1406372549	TRUE	lrt_mle	lrt_mle	False	True	lrt_quadratic	0.969,1.005	0.9686310174958431	1.0045266984723695
Pain_in_foot_and_toes	0.46588714541291293	0.1414224425	0.1414224425	226643	44070	182573	-0.01533160467	0.984785326	TRUE	lrt_mle	0.965,1.005	lrt_quadratic	two	True	0.9648658377836824	1.0051160486838029	FALSE	TRUE	FALSE	mle	226643	44070	182573	ridge_seeded_refit;ridge_seeded_refit;inference=mle;ci=lrt_quadratic	chr17-45585160-INV-706887	0.1414224425	TRUE	lrt_mle	lrt_mle	False	True	lrt_quadratic	0.965,1.005	0.9648658377836824	1.0051160486838029
Other_disorders_of_male_genital_organs	0.4663823853419162	0.1419979186	0.1419979186	227974	6859	221115	-0.0351882087	0.965423698	TRUE	lrt_mle	0.921,1.012	lrt_quadratic	two	True	0.9211279266304626	1.0118495919509556	FALSE	TRUE	FALSE	mle	102674	6817	95857	sex_restricted_to_1;sex_majority_restricted_to_1;ridge_seeded_refit;ridge_seeded_refit;inference=mle;ci=lrt_quadratic	chr17-45585160-INV-706887	0.1419979186	TRUE	lrt_mle	lrt_mle	False	True	lrt_quadratic	0.921,1.012	0.9211279266304626	1.0118495919509556
Other_symptoms_and_disorders_of_the_soft_tissue	0.46962177175761194	0.1434123004	0.1434123004	263211	75362	187849	-0.012658727	0.9874210577	TRUE	lrt_mle	0.971,1.004	lrt_quadratic	two	True	0.9708190889937932	1.0043069364708148	FALSE	TRUE	FALSE	mle	263211	75362	187849	ridge_seeded_refit;ridge_seeded_refit;inference=mle;ci=lrt_quadratic	chr17-45585160-INV-706887	0.1434123004	TRUE	lrt_mle	lrt_mle	False	True	lrt_quadratic	0.971,1.004	0.9708190889937932	1.0043069364708148
Horseshoe_tear_of_retina_without_detachment	0.46967318410208336	0.1438561439	0.1438561439	259008	1320	257688	0.07482495139	1.077695485	TRUE	score_boot_mle		profile_penalized	two	FALSE			TRUE	FALSE	TRUE	firth	259008	1320	257688	firth_refit;firth_refit;inference=firth;ci=profile_penalized	chr17-45585160-INV-706887		TRUE	score_boot_mle	score_boot_mle	False	FALSE				
Diseases_of_salivary_glands	0.4721864853679525	0.145056377	0.145056377	205035	8436	196599	-0.03089136249	0.9695809002	TRUE	lrt_mle	0.930,1.011	lrt_quadratic	two	True	0.9301211947845174	1.0107146545227497	FALSE	TRUE	FALSE	mle	205035	8436	196599	ridge_seeded_refit;ridge_seeded_refit;inference=mle;ci=lrt_quadratic	chr17-45585160-INV-706887	0.145056377	TRUE	lrt_mle	lrt_mle	False	True	lrt_quadratic	0.930,1.011	0.9301211947845174	1.0107146545227497
Repeated_falls	0.4766487141224852	0.1468616822	0.1468616822	219707	5522	214185	0.03765225088	1.038370078	TRUE	lrt_mle	0.987,1.093	lrt_quadratic	two	True	0.9868694733122659	1.0925582841906158	FALSE	TRUE	FALSE	mle	219707	5522	214185	ridge_seeded_refit;ridge_seeded_refit;inference=mle;ci=lrt_quadratic	chr17-45585160-INV-706887	0.1468616822	TRUE	lrt_mle	lrt_mle	False	True	lrt_quadratic	0.987,1.093	0.9868694733122659	1.0925582841906158
Bronchiectasis	0.47707748498468217	0.1474885666	0.1474885666	213182	3550	209632	-0.0472369578	0.9538613459	TRUE	lrt_mle	0.895,1.017	lrt_quadratic	two	True	0.8948000216704362	1.016821016105454	FALSE	TRUE	FALSE	mle	213182	3550	209632	ridge_seeded_refit;ridge_seeded_refit;inference=mle;ci=lrt_quadratic	chr17-45585160-INV-706887	0.1474885666	TRUE	lrt_mle	lrt_mle	False	True	lrt_quadratic	0.895,1.017	0.8948000216704362	1.016821016105454
Pulmonary_edema	0.47707748498468217	0.1483316564	0.1483316564	215963	6331	209632	0.03607442335	1.036733001	TRUE	lrt_mle	0.987,1.089	lrt_quadratic	two	True	0.98724123438665	1.0887058577313584	FALSE	TRUE	FALSE	mle	215963	6331	209632	ridge_seeded_refit;ridge_seeded_refit;inference=mle;ci=lrt_quadratic	chr17-45585160-INV-706887	0.1483316564	TRUE	lrt_mle	lrt_mle	False	True	lrt_quadratic	0.987,1.089	0.98724123438665	1.0887058577313584
Mycobacterium_tuberculosis	0.47707748498468217	0.1490790163	0.1490790163	250292	2191	248101	-0.06889384404	0.9334257635	TRUE	lrt_mle	0.850,1.025	lrt_quadratic	two	True	0.8500306887397507	1.0250025882096987	FALSE	TRUE	FALSE	mle	250292	2191	248101	ridge_seeded_refit;ridge_seeded_refit;inference=mle;ci=lrt_quadratic	chr17-45585160-INV-706887	0.1490790163	TRUE	lrt_mle	lrt_mle	False	True	lrt_quadratic	0.850,1.025	0.8500306887397507	1.0250025882096987
Atrioventricular_block	0.47707748498468217	0.1491496126	0.1491496126	216830	6998	209832	0.03433867669	1.034935056	TRUE	lrt_mle	0.988,1.084	lrt_quadratic	two	True	0.9877586740345325	1.0843646305475836	FALSE	TRUE	FALSE	mle	216830	6998	209832	ridge_seeded_refit;ridge_seeded_refit;inference=mle;ci=lrt_quadratic	chr17-45585160-INV-706887	0.1491496126	TRUE	lrt_mle	lrt_mle	False	True	lrt_quadratic	0.988,1.084	0.9877586740345325	1.0843646305475836
Sciatica	0.47707748498468217	0.1495750378	0.1495750378	218394	30545	187849	-0.01765668649	0.9824982794	TRUE	lrt_mle	0.959,1.006	lrt_quadratic	two	True	0.9591846190532929	1.006378594739203	FALSE	TRUE	FALSE	mle	218394	30545	187849	ridge_seeded_refit;ridge_seeded_refit;inference=mle;ci=lrt_quadratic	chr17-45585160-INV-706887	0.1495750378	TRUE	lrt_mle	lrt_mle	False	True	lrt_quadratic	0.959,1.006	0.9591846190532929	1.006378594739203
Chronic_respiratory_failure	0.47707748498468217	0.1501507039	0.1501507039	212678	3046	209632	0.04983984987	1.051102749	TRUE	lrt_mle	0.982,1.125	lrt_quadratic	two	True	0.9821181634465663	1.124932853650751	FALSE	TRUE	FALSE	mle	212678	3046	209632	ridge_seeded_refit;ridge_seeded_refit;inference=mle;ci=lrt_quadratic	chr17-45585160-INV-706887	0.1501507039	TRUE	lrt_mle	lrt_mle	False	True	lrt_quadratic	0.982,1.125	0.9821181634465663	1.124932853650751
Bacteremia	0.47707748498468217	0.150252374	0.150252374	253790	5689	248101	0.03729388957	1.037998033	TRUE	lrt_mle	0.987,1.092	lrt_quadratic	two	True	0.9865766386622408	1.0920995631739756	FALSE	TRUE	FALSE	mle	253790	5689	248101	ridge_seeded_refit;ridge_seeded_refit;inference=mle;ci=lrt_quadratic	chr17-45585160-INV-706887	0.150252374	TRUE	lrt_mle	lrt_mle	False	True	lrt_quadratic	0.987,1.092	0.9865766386622408	1.0920995631739756
Diaphragmatic_hernia	0.47707748498468217	0.1504729351	0.1504729351	217214	20615	196599	-0.0203409813	0.9798645009	TRUE	lrt_mle	0.953,1.007	lrt_quadratic	two	True	0.9530690179454614	1.0074133373110212	FALSE	TRUE	FALSE	mle	217214	20615	196599	ridge_seeded_refit;ridge_seeded_refit;inference=mle;ci=lrt_quadratic	chr17-45585160-INV-706887	0.1504729351	TRUE	lrt_mle	lrt_mle	False	True	lrt_quadratic	0.953,1.007	0.9530690179454614	1.0074133373110212
Thyrotoxicosis_hyperthyroidism	0.4859223036325649	0.1537055965	0.1537055965	200155	7664	192491	-0.03273972862	0.967790415	TRUE	lrt_mle	0.925,1.012	lrt_quadratic	two	True	0.9252225114868496	1.0123167947800198	FALSE	TRUE	FALSE	mle	200155	7664	192491	ridge_seeded_refit;ridge_seeded_refit;inference=mle;ci=lrt_quadratic	chr17-45585160-INV-706887	0.1537055965	TRUE	lrt_mle	lrt_mle	False	True	lrt_quadratic	0.925,1.012	0.9252225114868496	1.0123167947800198
Venous_insufficiency	0.48674603018477014	0.1544098619	0.1544098619	232156	22324	209832	-0.01966964941	0.980522536	TRUE	lrt_mle	0.954,1.007	lrt_quadratic	two	True	0.9543353576726118	1.0074282964472574	FALSE	TRUE	FALSE	mle	232156	22324	209832	ridge_seeded_refit;ridge_seeded_refit;inference=mle;ci=lrt_quadratic	chr17-45585160-INV-706887	0.1544098619	TRUE	lrt_mle	lrt_mle	False	True	lrt_quadratic	0.954,1.007	0.9543353576726118	1.0074282964472574
Exercise_induced_bronchospasm	0.48785046165925927	0.1558441558	0.1558441558	211525	1893	209632	-0.05926267254	0.9424591785	TRUE	score_boot_mle		profile_penalized	two	FALSE			TRUE	FALSE	TRUE	firth	211525	1893	209632	firth_refit;firth_refit;inference=firth;ci=profile_penalized	chr17-45585160-INV-706887		TRUE	score_boot_mle	score_boot_mle	False	FALSE				
Disorders_of_refraction_and_accommodation	0.48785046165925927	0.1559752854	0.1559752854	300900	43212	257688	-0.01440596375	0.9856973057	TRUE	lrt_mle	0.966,1.006	lrt_quadratic	two	True	0.9662742644910468	1.005510768604158	FALSE	TRUE	FALSE	mle	300900	43212	257688	ridge_seeded_refit;ridge_seeded_refit;inference=mle;ci=lrt_quadratic	chr17-45585160-INV-706887	0.1559752854	TRUE	lrt_mle	lrt_mle	False	True	lrt_quadratic	0.966,1.006	0.9662742644910468	1.005510768604158
Fracture_of_hand_or_wrist	0.48785046165925927	0.1560943592	0.1560943592	197825	9976	187849	-0.02760968769	0.972767976	TRUE	lrt_mle	0.936,1.011	lrt_quadratic	two	True	0.9363527567485251	1.0105994010994563	FALSE	TRUE	FALSE	mle	197825	9976	187849	ridge_seeded_refit;ridge_seeded_refit;inference=mle;ci=lrt_quadratic	chr17-45585160-INV-706887	0.1560943592	TRUE	lrt_mle	lrt_mle	False	True	lrt_quadratic	0.936,1.011	0.9363527567485251	1.0105994010994563
Mixed_disorder_of_acid_base_balance	0.48860969917982955	0.1567826929	0.1567826929	207750	15259	192491	0.02388137413	1.024168818	TRUE	lrt_mle	0.991,1.059	lrt_quadratic	two	True	0.9908672284863103	1.0585896244535624	FALSE	TRUE	FALSE	mle	207750	15259	192491	ridge_seeded_refit;ridge_seeded_refit;inference=mle;ci=lrt_quadratic	chr17-45585160-INV-706887	0.1567826929	TRUE	lrt_mle	lrt_mle	False	True	lrt_quadratic	0.991,1.059	0.9908672284863103	1.0585896244535624
Hypo_coagulability	0.4908036430011331	0.1579340802	0.1579340802	269906	4955	264951	-0.03733971393	0.9633488167	TRUE	lrt_mle	0.915,1.015	lrt_quadratic	two	True	0.9146917893778301	1.0145941545513977	FALSE	TRUE	FALSE	mle	269906	4955	264951	ridge_seeded_refit;ridge_seeded_refit;inference=mle;ci=lrt_quadratic	chr17-45585160-INV-706887	0.1579340802	TRUE	lrt_mle	lrt_mle	False	True	lrt_quadratic	0.915,1.015	0.9146917893778301	1.0145941545513977
Viral_infections	0.49111752389464786	0.1587323189	0.1587323189	342724	94623	248101	-0.010420663	0.989633444	TRUE	lrt_mle	0.975,1.004	lrt_quadratic	two	True	0.9753951972433967	1.004079532332184	FALSE	TRUE	FALSE	mle	342724	94623	248101	ridge_seeded_refit;ridge_seeded_refit;inference=mle;ci=lrt_quadratic	chr17-45585160-INV-706887	0.1587323189	TRUE	lrt_mle	lrt_mle	False	True	lrt_quadratic	0.975,1.004	0.9753951972433967	1.004079532332184
Apnea	0.49111752389464786	0.1589304658	0.1589304658	212476	2844	209632	0.04993160098	1.051199193	TRUE	lrt_mle	0.981,1.127	lrt_quadratic	two	True	0.9806489455195151	1.1268249950702147	FALSE	TRUE	FALSE	mle	212476	2844	209632	ridge_seeded_refit;ridge_seeded_refit;inference=mle;ci=lrt_quadratic	chr17-45585160-INV-706887	0.1589304658	TRUE	lrt_mle	lrt_mle	False	True	lrt_quadratic	0.981,1.127	0.9806489455195151	1.1268249950702147
Keratitis	0.49132034670561797	0.1594439776	0.1594439776	263467	5779	257688	-0.03553243035	0.9650914355	TRUE	lrt_mle	0.918,1.014	lrt_quadratic	two	True	0.9184834419259169	1.0140645288754333	FALSE	TRUE	FALSE	mle	263467	5779	257688	ridge_seeded_refit;ridge_seeded_refit;inference=mle;ci=lrt_quadratic	chr17-45585160-INV-706887	0.1594439776	TRUE	lrt_mle	lrt_mle	False	True	lrt_quadratic	0.918,1.014	0.9184834419259169	1.0140645288754333
Psychoactive_substance_related_disorders	0.49244140898095234	0.1602566846	0.1602566846	280139	41054	239085	-0.01513891374	0.9849751035	TRUE	lrt_mle	0.964,1.006	lrt_quadratic	two	True	0.9643803780789851	1.0060096374979797	FALSE	TRUE	FALSE	mle	280139	41054	239085	ridge_seeded_refit;ridge_seeded_refit;inference=mle;ci=lrt_quadratic	chr17-45585160-INV-706887	0.1602566846	TRUE	lrt_mle	lrt_mle	False	True	lrt_quadratic	0.964,1.006	0.9643803780789851	1.0060096374979797
Diseases_of_pulp_and_periapical_tissues	0.5017235719545962	0.1640077838	0.1640077838	205532	8933	196599	-0.0300624272	0.9703849532	TRUE	lrt_mle	0.930,1.012	lrt_quadratic	two	True	0.9301592197965863	1.0123502916893006	FALSE	TRUE	FALSE	mle	205532	8933	196599	ridge_seeded_refit;ridge_seeded_refit;inference=mle;ci=lrt_quadratic	chr17-45585160-INV-706887	0.1640077838	TRUE	lrt_mle	lrt_mle	False	True	lrt_quadratic	0.930,1.012	0.9301592197965863	1.0123502916893006
Disturbances_of_skin_sensation	0.5017235719545962	0.1641921261	0.1641921261	263833	49648	214185	-0.01355400676	0.9865374352	TRUE	lrt_mle	0.968,1.006	lrt_quadratic	two	True	0.967876741596011	1.005557907532096	FALSE	TRUE	FALSE	mle	263833	49648	214185	ridge_seeded_refit;ridge_seeded_refit;inference=mle;ci=lrt_quadratic	chr17-45585160-INV-706887	0.1641921261	TRUE	lrt_mle	lrt_mle	False	True	lrt_quadratic	0.968,1.006	0.967876741596011	1.005557907532096
Primary_focal_hyperhidrosis	0.5022893771822222	0.1648351648	0.1648351648	231503	1042	230461	-0.08385283431	0.9195665748	TRUE	score_boot_mle		profile_penalized	two	FALSE			TRUE	FALSE	TRUE	firth	231503	1042	230461	firth_refit;firth_refit;inference=firth;ci=profile_penalized	chr17-45585160-INV-706887		TRUE	score_boot_mle	score_boot_mle	False	FALSE				
Viral_diseases_complicating_pregnancy_childbirth_or_the_puerperium	0.502492452814876	0.1658341658	0.1658341658	360735	1856	358879	-0.06411716839	0.9378951014	TRUE	score_boot_mle		profile_penalized	two	FALSE			TRUE	FALSE	TRUE	firth	208932	1851	207081	sex_restricted_to_0;sex_majority_restricted_to_0;firth_refit;firth_refit;inference=firth;ci=profile_penalized	chr17-45585160-INV-706887		TRUE	score_boot_mle	score_boot_mle	False	FALSE				
Supraventricular_tachycardia	0.502492452814876	0.165919678	0.165919678	217828	7996	209832	-0.03009560385	0.9703527597	TRUE	lrt_mle	0.930,1.013	lrt_quadratic	two	True	0.9299061275769012	1.0125586338719046	FALSE	TRUE	FALSE	mle	217828	7996	209832	ridge_seeded_refit;ridge_seeded_refit;inference=mle;ci=lrt_quadratic	chr17-45585160-INV-706887	0.165919678	TRUE	lrt_mle	lrt_mle	False	True	lrt_quadratic	0.930,1.013	0.9299061275769012	1.0125586338719046
Anorectal_abscess	0.502492452814876	0.1662759894	0.1662759894	198338	1739	196599	0.06442467676	1.06654524	TRUE	lrt_mle	0.974,1.168	lrt_quadratic	two	True	0.9735626002695248	1.1684084287412106	FALSE	TRUE	FALSE	mle	198338	1739	196599	ridge_seeded_refit;ridge_seeded_refit;inference=mle;ci=lrt_quadratic	chr17-45585160-INV-706887	0.1662759894	TRUE	lrt_mle	lrt_mle	False	True	lrt_quadratic	0.974,1.168	0.9735626002695248	1.1684084287412106
Tremor	0.5027241498326923	0.1668109303	0.1668109303	223999	9814	214185	-0.02648548996	0.9738621745	TRUE	lrt_mle	0.938,1.011	lrt_quadratic	two	True	0.9379738555947811	1.0111236355773303	FALSE	TRUE	FALSE	mle	223999	9814	214185	ridge_seeded_refit;ridge_seeded_refit;inference=mle;ci=lrt_quadratic	chr17-45585160-INV-706887	0.1668109303	TRUE	lrt_mle	lrt_mle	False	True	lrt_quadratic	0.938,1.011	0.9379738555947811	1.0111236355773303
Esophageal_obstruction_Stricture_and_stenosis_of_esophagus	0.5029487222983607	0.1673459554	0.1673459554	200735	4136	196599	-0.04055718794	0.960254248	TRUE	lrt_mle	0.907,1.017	lrt_quadratic	two	True	0.9065342530387739	1.0171576172334058	FALSE	TRUE	FALSE	mle	200735	4136	196599	ridge_seeded_refit;ridge_seeded_refit;inference=mle;ci=lrt_quadratic	chr17-45585160-INV-706887	0.1673459554	TRUE	lrt_mle	lrt_mle	False	True	lrt_quadratic	0.907,1.017	0.9065342530387739	1.0171576172334058
Myocardial_infarction_Heart_attack	0.5029487222983607	0.1678023996	0.1678023996	224819	14987	209832	0.02342233851	1.023698796	TRUE	lrt_mle	0.990,1.058	lrt_quadratic	two	True	0.990188002683069	1.0583436897322827	FALSE	TRUE	FALSE	mle	224819	14987	209832	ridge_seeded_refit;ridge_seeded_refit;inference=mle;ci=lrt_quadratic	chr17-45585160-INV-706887	0.1678023996	TRUE	lrt_mle	lrt_mle	False	True	lrt_quadratic	0.990,1.058	0.990188002683069	1.0583436897322827
Synoviopathy_and_bursopathy	0.5037673437474115	0.1685347449	0.1685347449	236029	48180	187849	-0.01407217985	0.9860263705	TRUE	lrt_mle	0.966,1.006	lrt_quadratic	two	True	0.9664719642556939	1.0059764164900022	FALSE	TRUE	FALSE	mle	236029	48180	187849	ridge_seeded_refit;ridge_seeded_refit;inference=mle;ci=lrt_quadratic	chr17-45585160-INV-706887	0.1685347449	TRUE	lrt_mle	lrt_mle	False	True	lrt_quadratic	0.966,1.006	0.9664719642556939	1.0059764164900022
Carpal_tunnel_syndrome_bilateral	0.5057945224263587	0.1696740057	0.1696740057	220506	6321	214185	0.03353003932	1.034098507	TRUE	lrt_mle	0.986,1.085	lrt_quadratic	two	True	0.9857766559688816	1.0847890497786987	FALSE	TRUE	FALSE	mle	220506	6321	214185	ridge_seeded_refit;ridge_seeded_refit;inference=mle;ci=lrt_quadratic	chr17-45585160-INV-706887	0.1696740057	TRUE	lrt_mle	lrt_mle	False	True	lrt_quadratic	0.986,1.085	0.9857766559688816	1.0847890497786987
Cough	0.5060521715531165	0.1702217423	0.1702217423	289676	80044	209632	-0.01119374866	0.9888686682	TRUE	lrt_mle	0.973,1.005	lrt_quadratic	two	True	0.9731758812596433	1.0048145066542802	FALSE	TRUE	FALSE	mle	289676	80044	209632	ridge_seeded_refit;ridge_seeded_refit;inference=mle;ci=lrt_quadratic	chr17-45585160-INV-706887	0.1702217423	TRUE	lrt_mle	lrt_mle	False	True	lrt_quadratic	0.973,1.005	0.9731758812596433	1.0048145066542802
Bronchitis	0.5064655231256756	0.1708224645	0.1708224645	250929	41297	209632	0.01418054961	1.014281571	TRUE	lrt_mle	0.994,1.035	lrt_quadratic	two	True	0.9939056362818742	1.0350752292794612	FALSE	TRUE	FALSE	mle	250929	41297	209632	ridge_seeded_refit;ridge_seeded_refit;inference=mle;ci=lrt_quadratic	chr17-45585160-INV-706887	0.1708224645	TRUE	lrt_mle	lrt_mle	False	True	lrt_quadratic	0.994,1.035	0.9939056362818742	1.0350752292794612
Posterior_subcapsular_polar_cataract	0.521927792170699	0.1767407241	0.1767407241	260080	2392	257688	-0.0521654515	0.9491718119	TRUE	lrt_mle	0.880,1.024	lrt_quadratic	two	True	0.8799832297007791	1.023800338681629	FALSE	TRUE	FALSE	mle	260080	2392	257688	ridge_seeded_refit;ridge_seeded_refit;inference=mle;ci=lrt_quadratic	chr17-45585160-INV-706887	0.1767407241	TRUE	lrt_mle	lrt_mle	False	True	lrt_quadratic	0.880,1.024	0.8799832297007791	1.023800338681629
Acute_laryngitis_and_tracheitis	0.521927792170699	0.1769891875	0.1769891875	213909	4277	209632	-0.03920643762	0.9615521881	TRUE	lrt_mle	0.908,1.018	lrt_quadratic	two	True	0.9083515473798041	1.0178687019663053	FALSE	TRUE	FALSE	mle	213909	4277	209632	ridge_seeded_refit;ridge_seeded_refit;inference=mle;ci=lrt_quadratic	chr17-45585160-INV-706887	0.1769891875	TRUE	lrt_mle	lrt_mle	False	True	lrt_quadratic	0.908,1.018	0.9083515473798041	1.0178687019663053
Acanthosis_nigricans	0.523479452538606	0.1779925577	0.1779925577	231685	1224	230461	0.08194679319	1.085398058	TRUE	lrt_mle	0.963,1.223	lrt_quadratic	two	True	0.9633928719999391	1.2228541210476398	FALSE	TRUE	FALSE	mle	231685	1224	230461	ridge_seeded_refit;ridge_seeded_refit;inference=mle;ci=lrt_quadratic	chr17-45585160-INV-706887	0.1779925577	TRUE	lrt_mle	lrt_mle	False	True	lrt_quadratic	0.963,1.223	0.9633928719999391	1.2228541210476398
Oliguria_and_anuria	0.5249620015665776	0.1789751947	0.1789751947	222301	1186	221115	0.07617897816	1.079155702	TRUE	lrt_mle	0.966,1.206	lrt_quadratic	two	True	0.9656824977160631	1.2059626557310414	FALSE	TRUE	FALSE	mle	222301	1186	221115	ridge_seeded_refit;ridge_seeded_refit;inference=mle;ci=lrt_quadratic	chr17-45585160-INV-706887	0.1789751947	TRUE	lrt_mle	lrt_mle	False	True	lrt_quadratic	0.966,1.206	0.9656824977160631	1.2059626557310414
Migraine_with_aura	0.5343537342061334	0.1826642209	0.1826642209	224203	10018	214185	-0.02531061889	0.9750070094	TRUE	lrt_mle	0.939,1.012	lrt_quadratic	two	True	0.9393781976860283	1.0119871535293146	FALSE	TRUE	FALSE	mle	224203	10018	214185	ridge_seeded_refit;ridge_seeded_refit;inference=mle;ci=lrt_quadratic	chr17-45585160-INV-706887	0.1826642209	TRUE	lrt_mle	lrt_mle	False	True	lrt_quadratic	0.939,1.012	0.9393781976860283	1.0119871535293146
Bradycardia	0.5347828517542553	0.1832984068	0.1832984068	225324	15492	209832	0.02168772619	1.021924614	TRUE	lrt_mle	0.990,1.055	lrt_quadratic	two	True	0.9897959071681042	1.0550962171525085	FALSE	TRUE	FALSE	mle	225324	15492	209832	ridge_seeded_refit;ridge_seeded_refit;inference=mle;ci=lrt_quadratic	chr17-45585160-INV-706887	0.1832984068	TRUE	lrt_mle	lrt_mle	False	True	lrt_quadratic	0.990,1.055	0.9897959071681042	1.0550962171525085
Alopecia_Areata	0.5354426292637795	0.1848151848	0.1848151848	231505	1044	230461	0.08566471883	1.089440998	TRUE	score_boot_mle		profile_penalized	two	FALSE			TRUE	FALSE	TRUE	firth	231505	1044	230461	firth_refit;firth_refit;inference=firth;ci=profile_penalized	chr17-45585160-INV-706887		TRUE	score_boot_mle	score_boot_mle	False	FALSE				
Impaired_fasting_glucose	0.5354426292637795	0.1854991903	0.1854991903	207718	15227	192491	0.02107042488	1.021293974	TRUE	lrt_mle	0.990,1.054	lrt_quadratic	two	True	0.9899304447029136	1.0536511793473768	FALSE	TRUE	FALSE	mle	207718	15227	192491	ridge_seeded_refit;ridge_seeded_refit;inference=mle;ci=lrt_quadratic	chr17-45585160-INV-706887	0.1854991903	TRUE	lrt_mle	lrt_mle	False	True	lrt_quadratic	0.990,1.054	0.9899304447029136	1.0536511793473768
Other_disorders_of_bone	0.5354426292637795	0.1855268103	0.1855268103	234794	46945	187849	-0.01426331172	0.9858379274	TRUE	lrt_mle	0.965,1.007	lrt_quadratic	two	True	0.9652395817116928	1.006875844631965	FALSE	TRUE	FALSE	mle	234794	46945	187849	ridge_seeded_refit;ridge_seeded_refit;inference=mle;ci=lrt_quadratic	chr17-45585160-INV-706887	0.1855268103	TRUE	lrt_mle	lrt_mle	False	True	lrt_quadratic	0.965,1.007	0.9652395817116928	1.006875844631965
Sick_sinus_syndrome	0.5354426292637795	0.1858141858	0.1858141858	212518	2686	209832	0.04866036433	1.049863719	TRUE	score_boot_mle		profile_penalized	two	FALSE			TRUE	FALSE	TRUE	firth	212518	2686	209832	firth_refit;firth_refit;inference=firth;ci=profile_penalized	chr17-45585160-INV-706887		TRUE	score_boot_mle	score_boot_mle	False	FALSE				
Spontaneous_rupture_of_synovium_and_tendon	0.5354426292637795	0.1859650335	0.1859650335	189541	1692	187849	-0.06051016712	0.9412841988	TRUE	lrt_mle	0.861,1.030	lrt_quadratic	two	True	0.8605533812394968	1.0295885906260682	FALSE	TRUE	FALSE	mle	189541	1692	187849	ridge_seeded_refit;ridge_seeded_refit;inference=mle;ci=lrt_quadratic	chr17-45585160-INV-706887	0.1859650335	TRUE	lrt_mle	lrt_mle	False	True	lrt_quadratic	0.861,1.030	0.8605533812394968	1.0295885906260682
Herpesvirus	0.5365363802515625	0.1873525506	0.1873525506	273999	25898	248101	-0.01639863755	0.9837350881	TRUE	lrt_mle	0.960,1.008	lrt_quadratic	two	True	0.9600438871296338	1.0080109217955933	FALSE	TRUE	FALSE	mle	273999	25898	248101	ridge_seeded_refit;ridge_seeded_refit;inference=mle;ci=lrt_quadratic	chr17-45585160-INV-706887	0.1873525506	TRUE	lrt_mle	lrt_mle	False	True	lrt_quadratic	0.960,1.008	0.9600438871296338	1.0080109217955933
Acute_cystitis	0.5365363802515625	0.1876303976	0.1876303976	236910	15795	221115	-0.0209071729	0.9793098668	TRUE	lrt_mle	0.949,1.010	lrt_quadratic	two	True	0.949322577287401	1.0102443976849524	FALSE	TRUE	FALSE	mle	236910	15795	221115	ridge_seeded_refit;ridge_seeded_refit;inference=mle;ci=lrt_quadratic	chr17-45585160-INV-706887	0.1876303976	TRUE	lrt_mle	lrt_mle	False	True	lrt_quadratic	0.949,1.010	0.949322577287401	1.0102443976849524
Central_sleep_apnea	0.5365363802515625	0.1878121878	0.1878121878	215808	1623	214185	-0.05951429567	0.9422220638	TRUE	score_boot_mle		profile_penalized	two	FALSE			TRUE	FALSE	TRUE	firth	215808	1623	214185	firth_refit;firth_refit;inference=firth;ci=profile_penalized	chr17-45585160-INV-706887		TRUE	score_boot_mle	score_boot_mle	False	FALSE				
Migraine	0.5381920877903308	0.1904929291	0.1904929291	250599	36414	214185	-0.01424321185	0.9858577428	TRUE	lrt_mle	0.965,1.007	lrt_quadratic	two	True	0.9650575307389667	1.0071062689170494	FALSE	TRUE	FALSE	mle	250599	36414	214185	ridge_seeded_refit;ridge_seeded_refit;inference=mle;ci=lrt_quadratic	chr17-45585160-INV-706887	0.1904929291	TRUE	lrt_mle	lrt_mle	False	True	lrt_quadratic	0.965,1.007	0.9650575307389667	1.0071062689170494
Obesity_hypoventilation_syndrome_OHS	0.5381920877903308	0.1907719451	0.1907719451	211203	1571	209632	0.06549925715	1.067691944	TRUE	lrt_mle	0.968,1.178	lrt_quadratic	two	True	0.9679012130616842	1.1777711116376768	FALSE	TRUE	FALSE	mle	211203	1571	209632	ridge_seeded_refit;ridge_seeded_refit;inference=mle;ci=lrt_quadratic	chr17-45585160-INV-706887	0.1907719451	TRUE	lrt_mle	lrt_mle	False	True	lrt_quadratic	0.968,1.178	0.9679012130616842	1.1777711116376768
Pain_in_joints_of_hand	0.5381920877903308	0.1908201882	0.1908201882	196506	8657	187849	-0.02782987047	0.9725538128	TRUE	lrt_mle	0.933,1.014	lrt_quadratic	two	True	0.9328355403054104	1.0139632100423388	FALSE	TRUE	FALSE	mle	196506	8657	187849	ridge_seeded_refit;ridge_seeded_refit;inference=mle;ci=lrt_quadratic	chr17-45585160-INV-706887	0.1908201882	TRUE	lrt_mle	lrt_mle	False	True	lrt_quadratic	0.933,1.014	0.9328355403054104	1.0139632100423388
Gallstones_Cholelithiasis	0.5381920877903308	0.1909987319	0.1909987319	213660	17061	196599	-0.02023683916	0.9799665514	TRUE	lrt_mle	0.951,1.010	lrt_quadratic	two	True	0.9506881667163238	1.0101466236942924	FALSE	TRUE	FALSE	mle	213660	17061	196599	ridge_seeded_refit;ridge_seeded_refit;inference=mle;ci=lrt_quadratic	chr17-45585160-INV-706887	0.1909987319	TRUE	lrt_mle	lrt_mle	False	True	lrt_quadratic	0.951,1.010	0.9506881667163238	1.0101466236942924
Cystic_fibrosis_carrier	0.5381920877903308	0.1918081918	0.1918081918	366250	1868	364382	-0.06560866243	0.9364972792	TRUE	score_boot_mle		profile_penalized	two	FALSE			TRUE	FALSE	TRUE	firth	366250	1868	364382	firth_refit;firth_refit;inference=firth;ci=profile_penalized	chr17-45585160-INV-706887		TRUE	score_boot_mle	score_boot_mle	False	FALSE				
Chronic_kidney_disease	0.5381920877903308	0.1920744493	0.1920744493	249514	28399	221115	0.01673623246	1.016877068	TRUE	lrt_mle	0.992,1.043	lrt_quadratic	two	True	0.9916252759283608	1.0427718979030893	FALSE	TRUE	FALSE	mle	249514	28399	221115	ridge_seeded_refit;ridge_seeded_refit;inference=mle;ci=lrt_quadratic	chr17-45585160-INV-706887	0.1920744493	TRUE	lrt_mle	lrt_mle	False	True	lrt_quadratic	0.992,1.043	0.9916252759283608	1.0427718979030893
Paresthesia_of_skin	0.5381920877903308	0.19255301	0.19255301	238955	24770	214185	-0.01689150395	0.9832503576	TRUE	lrt_mle	0.959,1.009	lrt_quadratic	two	True	0.9585837443115696	1.00855170089479	FALSE	TRUE	FALSE	mle	238955	24770	214185	ridge_seeded_refit;ridge_seeded_refit;inference=mle;ci=lrt_quadratic	chr17-45585160-INV-706887	0.19255301	TRUE	lrt_mle	lrt_mle	False	True	lrt_quadratic	0.959,1.009	0.9585837443115696	1.00855170089479
Other_disorders_and_symptoms_of_the_musculoskeletal_system	0.5381920877903308	0.1925672398	0.1925672398	213068	25219	187849	-0.01700157149	0.9831421396	TRUE	lrt_mle	0.958,1.009	lrt_quadratic	two	True	0.9583187897041525	1.0086084892750222	FALSE	TRUE	FALSE	mle	213068	25219	187849	ridge_seeded_refit;ridge_seeded_refit;inference=mle;ci=lrt_quadratic	chr17-45585160-INV-706887	0.1925672398	TRUE	lrt_mle	lrt_mle	False	True	lrt_quadratic	0.958,1.009	0.9583187897041525	1.0086084892750222
Round_hole_of_retina_without_detachment	0.5381920877903308	0.1928071928	0.1928071928	258796	1108	257688	0.07621720259	1.079196953	TRUE	score_boot_mle		profile_penalized	two	FALSE			TRUE	FALSE	TRUE	firth	258796	1108	257688	firth_refit;firth_refit;inference=firth;ci=profile_penalized	chr17-45585160-INV-706887		TRUE	score_boot_mle	score_boot_mle	False	FALSE				
Post_COVID_19_condition	0.5410159460648101	0.1948051948	0.1948051948	184118	1545	182573	-0.05910835748	0.9426046254	TRUE	score_boot_mle		profile_penalized	two	FALSE			TRUE	FALSE	TRUE	firth	184118	1545	182573	firth_refit;firth_refit;inference=firth;ci=profile_penalized	chr17-45585160-INV-706887		TRUE	score_boot_mle	score_boot_mle	False	FALSE				
Activated_protein_C_resistance	0.5410159460648101	0.1948051948	0.1948051948	265990	1039	264951	0.07260282493	1.075303368	TRUE	score_boot_mle		profile_penalized	two	FALSE			TRUE	FALSE	TRUE	firth	265990	1039	264951	firth_refit;firth_refit;inference=firth;ci=profile_penalized	chr17-45585160-INV-706887		TRUE	score_boot_mle	score_boot_mle	False	FALSE				
Hemorrhage_of_rectum_and_anus	0.541474707840404	0.1954639784	0.1954639784	213588	16989	196599	-0.01982306233	0.9803721227	TRUE	lrt_mle	0.951,1.010	lrt_quadratic	two	True	0.9513867345184063	1.0102405931633542	FALSE	TRUE	FALSE	mle	213588	16989	196599	ridge_seeded_refit;ridge_seeded_refit;inference=mle;ci=lrt_quadratic	chr17-45585160-INV-706887	0.1954639784	TRUE	lrt_mle	lrt_mle	False	True	lrt_quadratic	0.951,1.010	0.9513867345184063	1.0102405931633542
Erythematous_conditions	0.5463579508251889	0.1977248008	0.1977248008	237883	7422	230461	-0.02812992576	0.9722620367	TRUE	lrt_mle	0.932,1.015	lrt_quadratic	two	True	0.9315238107580094	1.0147818629128411	FALSE	TRUE	FALSE	mle	237883	7422	230461	ridge_seeded_refit;ridge_seeded_refit;inference=mle;ci=lrt_quadratic	chr17-45585160-INV-706887	0.1977248008	TRUE	lrt_mle	lrt_mle	False	True	lrt_quadratic	0.932,1.015	0.9315238107580094	1.0147818629128411
Non_pressure_chronic_ulcer	0.5478715212952501	0.1990476522	0.1990476522	240224	9763	230461	0.02558653496	1.02591668	TRUE	lrt_mle	0.987,1.067	lrt_quadratic	two	True	0.9866283288419383	1.066769525783504	FALSE	TRUE	FALSE	mle	240224	9763	230461	ridge_seeded_refit;ridge_seeded_refit;inference=mle;ci=lrt_quadratic	chr17-45585160-INV-706887	0.1990476522	TRUE	lrt_mle	lrt_mle	False	True	lrt_quadratic	0.987,1.067	0.9866283288419383	1.066769525783504
Bacterial_pneumonia	0.5478715212952501	0.1993807701	0.1993807701	215077	5445	209632	0.03394060243	1.034523157	TRUE	lrt_mle	0.982,1.090	lrt_quadratic	two	True	0.9822635456600592	1.0895631488749564	FALSE	TRUE	FALSE	mle	215077	5445	209632	ridge_seeded_refit;ridge_seeded_refit;inference=mle;ci=lrt_quadratic	chr17-45585160-INV-706887	0.1993807701	TRUE	lrt_mle	lrt_mle	False	True	lrt_quadratic	0.982,1.090	0.9822635456600592	1.0895631488749564
Generalized_anxiety_disorder	0.5478715212952501	0.1997708373	0.1997708373	265065	25980	239085	-0.01565714066	0.9844647952	TRUE	lrt_mle	0.961,1.008	lrt_quadratic	two	True	0.9611829890554031	1.008310533917716	FALSE	TRUE	FALSE	mle	265065	25980	239085	ridge_seeded_refit;ridge_seeded_refit;inference=mle;ci=lrt_quadratic	chr17-45585160-INV-706887	0.1997708373	TRUE	lrt_mle	lrt_mle	False	True	lrt_quadratic	0.961,1.008	0.9611829890554031	1.008310533917716
Hemorrhage_NOS	0.5512135694902985	0.2017872337	0.2017872337	213060	3228	209832	-0.04256512188	0.9583280554	TRUE	lrt_mle	0.898,1.023	lrt_quadratic	two	True	0.8976978910223476	1.0230531572846173	FALSE	TRUE	FALSE	mle	213060	3228	209832	ridge_seeded_refit;ridge_seeded_refit;inference=mle;ci=lrt_quadratic	chr17-45585160-INV-706887	0.2017872337	TRUE	lrt_mle	lrt_mle	False	True	lrt_quadratic	0.898,1.023	0.8976978910223476	1.0230531572846173
Combined_systolic_and_diastolic_heart_failure	0.5512135694902985	0.2019943983	0.2019943983	214074	4242	209832	0.03971484004	1.040514019	TRUE	lrt_mle	0.979,1.106	lrt_quadratic	two	True	0.9789318179396812	1.1059702052630491	FALSE	TRUE	FALSE	mle	214074	4242	209832	ridge_seeded_refit;ridge_seeded_refit;inference=mle;ci=lrt_quadratic	chr17-45585160-INV-706887	0.2019943983	TRUE	lrt_mle	lrt_mle	False	True	lrt_quadratic	0.979,1.106	0.9789318179396812	1.1059702052630491
Trichomoniasis	0.5617825400366995	0.2067932068	0.2067932068	250773	2672	248101	-0.06317666172	0.938777613	TRUE	score_boot_mle		profile_penalized	two	FALSE			TRUE	FALSE	TRUE	firth	250773	2672	248101	firth_refit;firth_refit;inference=firth;ci=profile_penalized	chr17-45585160-INV-706887		TRUE	score_boot_mle	score_boot_mle	False	FALSE				
Umbilical_hernia	0.5617825400366995	0.2073582198	0.2073582198	204612	8013	196599	0.02742783993	1.027807446	TRUE	lrt_mle	0.985,1.073	lrt_quadratic	two	True	0.9849073494193541	1.0725761628353165	FALSE	TRUE	FALSE	mle	204612	8013	196599	ridge_seeded_refit;ridge_seeded_refit;inference=mle;ci=lrt_quadratic	chr17-45585160-INV-706887	0.2073582198	TRUE	lrt_mle	lrt_mle	False	True	lrt_quadratic	0.985,1.073	0.9849073494193541	1.0725761628353165
Dislocation_of_knee	0.5617825400366995	0.2077922078	0.2077922078	189133	1284	187849	0.06896726085	1.071401132	TRUE	score_boot_mle		profile_penalized	two	FALSE			TRUE	FALSE	TRUE	firth	189133	1284	187849	firth_refit;firth_refit;inference=firth;ci=profile_penalized	chr17-45585160-INV-706887		TRUE	score_boot_mle	score_boot_mle	False	FALSE				
Endocarditis	0.5617825400366995	0.2079158717	0.2079158717	212694	2862	209832	-0.04516100321	0.9558435756	TRUE	lrt_mle	0.891,1.025	lrt_quadratic	two	True	0.8909666656734776	1.025444582989357	FALSE	TRUE	FALSE	mle	212694	2862	209832	ridge_seeded_refit;ridge_seeded_refit;inference=mle;ci=lrt_quadratic	chr17-45585160-INV-706887	0.2079158717	TRUE	lrt_mle	lrt_mle	False	True	lrt_quadratic	0.891,1.025	0.8909666656734776	1.025444582989357
Diseases_of_teeth_and_supporting_structures	0.565146396312285	0.2096760103	0.2096760103	221966	25367	196599	-0.01690892174	0.9832332317	TRUE	lrt_mle	0.958,1.010	lrt_quadratic	two	True	0.9575977927065316	1.0095549460735571	FALSE	TRUE	FALSE	mle	221966	25367	196599	ridge_seeded_refit;ridge_seeded_refit;inference=mle;ci=lrt_quadratic	chr17-45585160-INV-706887	0.2096760103	TRUE	lrt_mle	lrt_mle	False	True	lrt_quadratic	0.958,1.010	0.9575977927065316	1.0095549460735571
Mid_back_pain	0.5653686167422982	0.2105221782	0.2105221782	204579	16730	187849	-0.01950287013	0.9806860805	TRUE	lrt_mle	0.951,1.011	lrt_quadratic	two	True	0.9512001578915874	1.0110860269355637	FALSE	TRUE	FALSE	mle	204579	16730	187849	ridge_seeded_refit;ridge_seeded_refit;inference=mle;ci=lrt_quadratic	chr17-45585160-INV-706887	0.2105221782	TRUE	lrt_mle	lrt_mle	False	True	lrt_quadratic	0.951,1.011	0.9512001578915874	1.0110860269355637
Postpartum_hemorrhage	0.5653686167422982	0.2107892108	0.2107892108	360750	1871	358879	-0.06092929105	0.9408897668	TRUE	score_boot_mle		profile_penalized	two	FALSE			TRUE	FALSE	TRUE	firth	208951	1870	207081	sex_restricted_to_0;sex_majority_restricted_to_0;firth_refit;firth_refit;inference=firth;ci=profile_penalized	chr17-45585160-INV-706887		TRUE	score_boot_mle	score_boot_mle	False	FALSE				
Gout	0.5694965122048662	0.2130648547	0.2130648547	198499	10650	187849	0.02467175739	1.024978624	TRUE	lrt_mle	0.986,1.066	lrt_quadratic	two	True	0.9859372868708103	1.065565926873991	FALSE	TRUE	FALSE	mle	198499	10650	187849	ridge_seeded_refit;ridge_seeded_refit;inference=mle;ci=lrt_quadratic	chr17-45585160-INV-706887	0.2130648547	TRUE	lrt_mle	lrt_mle	False	True	lrt_quadratic	0.986,1.066	0.9859372868708103	1.065565926873991
Rheumatoid_arthritis_and_other_inflammatory_polyarthropathies	0.5694965122048662	0.2133665146	0.2133665146	199721	11872	187849	-0.0229283063	0.9773325499	TRUE	lrt_mle	0.943,1.013	lrt_quadratic	two	True	0.942667053999602	1.0132728294047735	FALSE	TRUE	FALSE	mle	199721	11872	187849	ridge_seeded_refit;ridge_seeded_refit;inference=mle;ci=lrt_quadratic	chr17-45585160-INV-706887	0.2133665146	TRUE	lrt_mle	lrt_mle	False	True	lrt_quadratic	0.943,1.013	0.942667053999602	1.0132728294047735
Pain_in_limb	0.5754075890332524	0.2161056761	0.2161056761	282606	100033	182573	-0.009702336843	0.990344579	TRUE	lrt_mle	0.975,1.006	lrt_quadratic	two	True	0.9752359652233978	1.0056872593675426	FALSE	TRUE	FALSE	mle	282606	100033	182573	ridge_seeded_refit;ridge_seeded_refit;inference=mle;ci=lrt_quadratic	chr17-45585160-INV-706887	0.2161056761	TRUE	lrt_mle	lrt_mle	False	True	lrt_quadratic	0.975,1.006	0.9752359652233978	1.0056872593675426
Embolism_and_thrombosis	0.5758836391349398	0.2173508595	0.2173508595	233318	23486	209832	0.01664566399	1.016784975	TRUE	lrt_mle	0.990,1.044	lrt_quadratic	two	True	0.9902466992307641	1.0440344674708286	FALSE	TRUE	FALSE	mle	233318	23486	209832	ridge_seeded_refit;ridge_seeded_refit;inference=mle;ci=lrt_quadratic	chr17-45585160-INV-706887	0.2173508595	TRUE	lrt_mle	lrt_mle	False	True	lrt_quadratic	0.990,1.044	0.9902466992307641	1.0440344674708286
Lichen_simplex_chronicus	0.5758836391349398	0.2176007779	0.2176007779	234025	3564	230461	-0.04048260159	0.9603258725	TRUE	lrt_mle	0.900,1.024	lrt_quadratic	two	True	0.9004714464231219	1.0241588282161491	FALSE	TRUE	FALSE	mle	234025	3564	230461	ridge_seeded_refit;ridge_seeded_refit;inference=mle;ci=lrt_quadratic	chr17-45585160-INV-706887	0.2176007779	TRUE	lrt_mle	lrt_mle	False	True	lrt_quadratic	0.900,1.024	0.9004714464231219	1.0241588282161491
Retinopathy	0.5758836391349398	0.217859353	0.217859353	267149	9461	257688	0.02651779417	1.026872519	TRUE	lrt_mle	0.984,1.071	lrt_quadratic	two	True	0.984461384236913	1.0711107495650167	FALSE	TRUE	FALSE	mle	267149	9461	257688	ridge_seeded_refit;ridge_seeded_refit;inference=mle;ci=lrt_quadratic	chr17-45585160-INV-706887	0.217859353	TRUE	lrt_mle	lrt_mle	False	True	lrt_quadratic	0.984,1.071	0.984461384236913	1.0711107495650167
Deviated_nasal_septum	0.578159142083771	0.2205100899	0.2205100899	219925	10293	209632	-0.02274426575	0.9775124352	TRUE	lrt_mle	0.943,1.014	lrt_quadratic	two	True	0.9425848969903551	1.013734215413736	FALSE	TRUE	FALSE	mle	219925	10293	209632	ridge_seeded_refit;ridge_seeded_refit;inference=mle;ci=lrt_quadratic	chr17-45585160-INV-706887	0.2205100899	TRUE	lrt_mle	lrt_mle	False	True	lrt_quadratic	0.943,1.014	0.9425848969903551	1.013734215413736
Facial_weakness	0.578159142083771	0.2206640026	0.2206640026	217092	2907	214185	0.04471880762	1.045733766	TRUE	lrt_mle	0.974,1.123	lrt_quadratic	two	True	0.9735133573364805	1.1233118698583373	FALSE	TRUE	FALSE	mle	217092	2907	214185	ridge_seeded_refit;ridge_seeded_refit;inference=mle;ci=lrt_quadratic	chr17-45585160-INV-706887	0.2206640026	TRUE	lrt_mle	lrt_mle	False	True	lrt_quadratic	0.974,1.123	0.9735133573364805	1.1233118698583373
Esophageal_varices	0.578159142083771	0.2207792208	0.2207792208	211512	1680	209832	-0.06039989391	0.941388003	TRUE	score_boot_mle		profile_penalized	two	FALSE			TRUE	FALSE	TRUE	firth	211512	1680	209832	firth_refit;firth_refit;inference=firth;ci=profile_penalized	chr17-45585160-INV-706887		TRUE	score_boot_mle	score_boot_mle	False	FALSE				
Varicella_chickenpox	0.578159142083771	0.2208283323	0.2208283323	250129	2028	248101	-0.05258009616	0.9487783245	TRUE	lrt_mle	0.872,1.032	lrt_quadratic	two	True	0.8721857645637228	1.032096997723619	FALSE	TRUE	FALSE	mle	250129	2028	248101	ridge_seeded_refit;ridge_seeded_refit;inference=mle;ci=lrt_quadratic	chr17-45585160-INV-706887	0.2208283323	TRUE	lrt_mle	lrt_mle	False	True	lrt_quadratic	0.872,1.032	0.8721857645637228	1.032096997723619
Sleep_related_movement_disorders	0.5818380251092857	0.2227638747	0.2227638747	226806	12621	214185	-0.0206758769	0.9795364035	TRUE	lrt_mle	0.948,1.013	lrt_quadratic	two	True	0.9475138476004176	1.0126412064658745	FALSE	TRUE	FALSE	mle	226806	12621	214185	ridge_seeded_refit;ridge_seeded_refit;inference=mle;ci=lrt_quadratic	chr17-45585160-INV-706887	0.2227638747	TRUE	lrt_mle	lrt_mle	False	True	lrt_quadratic	0.948,1.013	0.9475138476004176	1.0126412064658745
Embolism_of_cerebral_or_precerebral_arteries	0.5849189074546318	0.2244766272	0.2244766272	211572	1740	209832	-0.05691234997	0.9446768667	TRUE	lrt_mle	0.862,1.036	lrt_quadratic	two	True	0.86179161260263	1.0355338453235727	FALSE	TRUE	FALSE	mle	211572	1740	209832	ridge_seeded_refit;ridge_seeded_refit;inference=mle;ci=lrt_quadratic	chr17-45585160-INV-706887	0.2244766272	TRUE	lrt_mle	lrt_mle	False	True	lrt_quadratic	0.862,1.036	0.86179161260263	1.0355338453235727
Disorders_of_the_cornea	0.5853417171755294	0.22518165	0.22518165	264898	7210	257688	-0.02757986196	0.97279699	TRUE	lrt_mle	0.930,1.017	lrt_quadratic	two	True	0.9303928606560132	1.0171337547031176	FALSE	TRUE	FALSE	mle	264898	7210	257688	ridge_seeded_refit;ridge_seeded_refit;inference=mle;ci=lrt_quadratic	chr17-45585160-INV-706887	0.22518165	TRUE	lrt_mle	lrt_mle	False	True	lrt_quadratic	0.930,1.017	0.9303928606560132	1.0171337547031176
Abnormal_products_of_conception	0.5853417171755294	0.2257742258	0.2257742258	362672	3793	358879	-0.03995657124	0.9608311659	TRUE	score_boot_mle		profile_penalized	two	FALSE			TRUE	FALSE	TRUE	firth	210853	3772	207081	sex_restricted_to_0;sex_majority_restricted_to_0;firth_refit;firth_refit;inference=firth;ci=profile_penalized	chr17-45585160-INV-706887		TRUE	score_boot_mle	score_boot_mle	False	FALSE				
Human_immunodeficiency_virus	0.5853417171755294	0.2267083068	0.2267083068	252626	4525	248101	-0.04159935703	0.959254022	TRUE	lrt_mle	0.897,1.026	lrt_quadratic	two	True	0.8966904811937466	1.0261827218818136	FALSE	TRUE	FALSE	mle	252626	4525	248101	ridge_seeded_refit;ridge_seeded_refit;inference=mle;ci=lrt_quadratic	chr17-45585160-INV-706887	0.2267083068	TRUE	lrt_mle	lrt_mle	False	True	lrt_quadratic	0.897,1.026	0.8966904811937466	1.0261827218818136
Pilar_and_trichodermal_cyst	0.5853417171755294	0.2267732268	0.2267732268	231465	1004	230461	-0.06426429926	0.9377571183	TRUE	score_boot_mle		profile_penalized	two	FALSE			TRUE	FALSE	TRUE	firth	231465	1004	230461	firth_refit;firth_refit;inference=firth;ci=profile_penalized	chr17-45585160-INV-706887		TRUE	score_boot_mle	score_boot_mle	False	FALSE				
Derangement_of_meniscus	0.5877142880122066	0.2282281556	0.2282281556	193740	5891	187849	-0.02991962646	0.9705235348	TRUE	lrt_mle	0.924,1.019	lrt_quadratic	two	True	0.9244213722204865	1.018924875556083	FALSE	TRUE	FALSE	mle	193740	5891	187849	ridge_seeded_refit;ridge_seeded_refit;inference=mle;ci=lrt_quadratic	chr17-45585160-INV-706887	0.2282281556	TRUE	lrt_mle	lrt_mle	False	True	lrt_quadratic	0.924,1.019	0.9244213722204865	1.018924875556083
Chronic_ulcer_of_skin	0.5880775644585481	0.2289053054	0.2289053054	241811	11350	230461	0.02232204529	1.022573046	TRUE	lrt_mle	0.986,1.060	lrt_quadratic	two	True	0.9860579448823363	1.0604403528310664	FALSE	TRUE	FALSE	mle	241811	11350	230461	ridge_seeded_refit;ridge_seeded_refit;inference=mle;ci=lrt_quadratic	chr17-45585160-INV-706887	0.2289053054	TRUE	lrt_mle	lrt_mle	False	True	lrt_quadratic	0.986,1.060	0.9860579448823363	1.0604403528310664
Partial_epilepsy	0.5898480770586046	0.2306302281	0.2306302281	216796	2611	214185	0.04476672279	1.045783874	TRUE	lrt_mle	0.972,1.125	lrt_quadratic	two	True	0.9719723203983125	1.1252006749290062	FALSE	TRUE	FALSE	mle	216796	2611	214185	ridge_seeded_refit;ridge_seeded_refit;inference=mle;ci=lrt_quadratic	chr17-45585160-INV-706887	0.2306302281	TRUE	lrt_mle	lrt_mle	False	True	lrt_quadratic	0.972,1.125	0.9719723203983125	1.1252006749290062
Inhalation_lung_injury	0.5898480770586046	0.2307692308	0.2307692308	210945	1313	209632	-0.05799303908	0.9436565161	TRUE	score_boot_mle		profile_penalized	two	FALSE			TRUE	FALSE	TRUE	firth	210945	1313	209632	firth_refit;firth_refit;inference=firth;ci=profile_penalized	chr17-45585160-INV-706887		TRUE	score_boot_mle	score_boot_mle	False	FALSE				
Congenital_anomalies_of_the_heart	0.5898480770586046	0.2312075416	0.2312075416	374344	5235	369109	0.03057879763	1.031051131	TRUE	lrt_mle	0.981,1.084	lrt_quadratic	two	True	0.9807083101457095	1.0839782065881525	FALSE	TRUE	FALSE	mle	374344	5235	369109	ridge_seeded_refit;ridge_seeded_refit;inference=mle;ci=lrt_quadratic	chr17-45585160-INV-706887	0.2312075416	TRUE	lrt_mle	lrt_mle	False	True	lrt_quadratic	0.981,1.084	0.9807083101457095	1.0839782065881525
Perforation_of_tympanic_membrane	0.5975347159526683	0.2347652348	0.2347652348	259591	1903	257688	-0.05153445492	0.9497709251	TRUE	score_boot_mle		profile_penalized	two	FALSE			TRUE	FALSE	TRUE	firth	259591	1903	257688	firth_refit;firth_refit;inference=firth;ci=profile_penalized	chr17-45585160-INV-706887		TRUE	score_boot_mle	score_boot_mle	False	FALSE				
Excessive_vomiting_in_pregnancy	0.599836653047575	0.2367632368	0.2367632368	362417	3538	358879	-0.04035102916	0.9604522332	TRUE	score_boot_mle		profile_penalized	two	FALSE			TRUE	FALSE	TRUE	firth	210617	3536	207081	sex_restricted_to_0;sex_majority_restricted_to_0;firth_refit;firth_refit;inference=firth;ci=profile_penalized	chr17-45585160-INV-706887		TRUE	score_boot_mle	score_boot_mle	False	FALSE				
Fibroadenosis_of_breast	0.599836653047575	0.2367632368	0.2367632368	222624	1509	221115	-0.05620350448	0.945346734	TRUE	score_boot_mle		profile_penalized	two	FALSE			TRUE	FALSE	TRUE	firth	126762	1504	125258	sex_restricted_to_0;sex_majority_restricted_to_0;firth_refit;firth_refit;inference=firth;ci=profile_penalized	chr17-45585160-INV-706887		TRUE	score_boot_mle	score_boot_mle	False	FALSE				
Male_erectile_dysfunction	0.6026508410755708	0.2385923095	0.2385923095	235263	14148	221115	-0.02088788747	0.9793287534	TRUE	lrt_mle	0.946,1.014	lrt_quadratic	two	True	0.9458926702469892	1.0139467589514386	FALSE	TRUE	FALSE	mle	109994	14137	95857	sex_restricted_to_1;sex_majority_restricted_to_1;ridge_seeded_refit;ridge_seeded_refit;inference=mle;ci=lrt_quadratic	chr17-45585160-INV-706887	0.2385923095	TRUE	lrt_mle	lrt_mle	False	True	lrt_quadratic	0.946,1.014	0.9458926702469892	1.0139467589514386
Drug_induced_pancytopenia	0.6026508410755708	0.2397602398	0.2397602398	266010	1059	264951	0.06634469431	1.068594992	TRUE	score_boot_mle		profile_penalized	two	FALSE			TRUE	FALSE	TRUE	firth	266010	1059	264951	firth_refit;firth_refit;inference=firth;ci=profile_penalized	chr17-45585160-INV-706887		TRUE	score_boot_mle	score_boot_mle	False	FALSE				
Neutrophilic_and_Eosinophilic_dermatoses	0.6026508410755708	0.24009286	0.24009286	233242	2781	230461	0.04481393939	1.045833253	TRUE	lrt_mle	0.970,1.127	lrt_quadratic	two	True	0.9704904084862356	1.127025248698723	FALSE	TRUE	FALSE	mle	233242	2781	230461	ridge_seeded_refit;ridge_seeded_refit;inference=mle;ci=lrt_quadratic	chr17-45585160-INV-706887	0.24009286	TRUE	lrt_mle	lrt_mle	False	True	lrt_quadratic	0.970,1.127	0.9704904084862356	1.127025248698723
Abnormalities_of_breathing	0.6026508410755708	0.2403596897	0.2403596897	298063	88431	209632	-0.009295903105	0.9907471702	TRUE	lrt_mle	0.975,1.006	lrt_quadratic	two	True	0.9754913195421293	1.0062416093874818	FALSE	TRUE	FALSE	mle	298063	88431	209632	ridge_seeded_refit;ridge_seeded_refit;inference=mle;ci=lrt_quadratic	chr17-45585160-INV-706887	0.2403596897	TRUE	lrt_mle	lrt_mle	False	True	lrt_quadratic	0.975,1.006	0.9754913195421293	1.0062416093874818
Peripheral_retinal_degeneration	0.6026508410755708	0.2406208463	0.2406208463	261121	3433	257688	-0.03908586481	0.9616681321	TRUE	lrt_mle	0.901,1.027	lrt_quadratic	two	True	0.9008918239221796	1.026544554890147	FALSE	TRUE	FALSE	mle	261121	3433	257688	ridge_seeded_refit;ridge_seeded_refit;inference=mle;ci=lrt_quadratic	chr17-45585160-INV-706887	0.2406208463	TRUE	lrt_mle	lrt_mle	False	True	lrt_quadratic	0.901,1.027	0.9008918239221796	1.026544554890147
Streptococcal_tonsillitispharyngitis	0.6027472528513635	0.2415671804	0.2415671804	217942	8310	209632	-0.02515100188	0.9751626495	TRUE	lrt_mle	0.935,1.017	lrt_quadratic	two	True	0.9349663644480015	1.0170870623500992	FALSE	TRUE	FALSE	mle	217942	8310	209632	ridge_seeded_refit;ridge_seeded_refit;inference=mle;ci=lrt_quadratic	chr17-45585160-INV-706887	0.2415671804	TRUE	lrt_mle	lrt_mle	False	True	lrt_quadratic	0.935,1.017	0.9349663644480015	1.0170870623500992
Cluster_headaches	0.6027472528513635	0.2417582418	0.2417582418	215330	1145	214185	-0.0657823364	0.9363346481	TRUE	score_boot_mle		profile_penalized	two	FALSE			TRUE	FALSE	TRUE	firth	215330	1145	214185	firth_refit;firth_refit;inference=firth;ci=profile_penalized	chr17-45585160-INV-706887		TRUE	score_boot_mle	score_boot_mle	False	FALSE				
Abnormal_level_of_blood_mineral	0.6038655223392291	0.2427572428	0.2427572428	184874	2301	182573	-0.04434425909	0.9566245741	TRUE	score_boot_mle		profile_penalized	two	FALSE			TRUE	FALSE	TRUE	firth	184874	2301	182573	firth_refit;firth_refit;inference=firth;ci=profile_penalized	chr17-45585160-INV-706887		TRUE	score_boot_mle	score_boot_mle	False	FALSE				
Paralytic_ileus	0.6054408980235955	0.2442293495	0.2442293495	198010	1411	196599	0.05887441689	1.060642034	TRUE	lrt_mle	0.961,1.171	lrt_quadratic	two	True	0.9605795549071824	1.1711279068975782	FALSE	TRUE	FALSE	mle	198010	1411	196599	ridge_seeded_refit;ridge_seeded_refit;inference=mle;ci=lrt_quadratic	chr17-45585160-INV-706887	0.2442293495	TRUE	lrt_mle	lrt_mle	False	True	lrt_quadratic	0.961,1.171	0.9605795549071824	1.1711279068975782
Otalgia_and_effusion_of_ear	0.6054408980235955	0.244511383	0.244511383	277837	20149	257688	-0.01632694654	0.9838056156	TRUE	lrt_mle	0.957,1.011	lrt_quadratic	two	True	0.9571227379295623	1.0112323644415497	FALSE	TRUE	FALSE	mle	277837	20149	257688	ridge_seeded_refit;ridge_seeded_refit;inference=mle;ci=lrt_quadratic	chr17-45585160-INV-706887	0.244511383	TRUE	lrt_mle	lrt_mle	False	True	lrt_quadratic	0.957,1.011	0.9571227379295623	1.0112323644415497
Benign_neoplasm_of_the_paranasal_sinus_and_nasal_cavity	0.6054408980235955	0.245073887	0.245073887	259510	2743	256767	-0.04122444801	0.9596137224	TRUE	lrt_mle	0.895,1.029	lrt_quadratic	two	True	0.8951763121516594	1.0286895259495226	FALSE	TRUE	FALSE	mle	259510	2743	256767	ridge_seeded_refit;ridge_seeded_refit;inference=mle;ci=lrt_quadratic	chr17-45585160-INV-706887	0.245073887	TRUE	lrt_mle	lrt_mle	False	True	lrt_quadratic	0.895,1.029	0.8951763121516594	1.0286895259495226
Stroke	0.6054408980235955	0.2455981765	0.2455981765	222277	12445	209832	0.0215533004	1.021787251	TRUE	lrt_mle	0.985,1.060	lrt_quadratic	two	True	0.9852804676315338	1.059646689136969	FALSE	TRUE	FALSE	mle	222277	12445	209832	ridge_seeded_refit;ridge_seeded_refit;inference=mle;ci=lrt_quadratic	chr17-45585160-INV-706887	0.2455981765	TRUE	lrt_mle	lrt_mle	False	True	lrt_quadratic	0.985,1.060	0.9852804676315338	1.059646689136969
Emotional_lability	0.6068789400280974	0.2467532468	0.2467532468	240261	1176	239085	0.06373055579	1.065805185	TRUE	score_boot_mle		profile_penalized	two	FALSE			TRUE	FALSE	TRUE	firth	240261	1176	239085	firth_refit;firth_refit;inference=firth;ci=profile_penalized	chr17-45585160-INV-706887		TRUE	score_boot_mle	score_boot_mle	False	FALSE				
Other_arthropathies	0.6068789400280974	0.2483362262	0.2483362262	216648	28799	187849	-0.01472549542	0.9853823945	TRUE	lrt_mle	0.961,1.010	lrt_quadratic	two	True	0.961052016513831	1.010328730005853	FALSE	TRUE	FALSE	mle	216648	28799	187849	ridge_seeded_refit;ridge_seeded_refit;inference=mle;ci=lrt_quadratic	chr17-45585160-INV-706887	0.2483362262	TRUE	lrt_mle	lrt_mle	False	True	lrt_quadratic	0.961,1.010	0.961052016513831	1.010328730005853
Palpitations	0.6068789400280974	0.248594421	0.248594421	245561	35729	209832	-0.01281428788	0.9872674655	TRUE	lrt_mle	0.966,1.009	lrt_quadratic	two	True	0.9660086158338164	1.008994156489575	FALSE	TRUE	FALSE	mle	245561	35729	209832	ridge_seeded_refit;ridge_seeded_refit;inference=mle;ci=lrt_quadratic	chr17-45585160-INV-706887	0.248594421	TRUE	lrt_mle	lrt_mle	False	True	lrt_quadratic	0.966,1.009	0.9660086158338164	1.008994156489575
Back_sprain	0.6068789400280974	0.2491002413	0.2491002413	202869	15020	187849	-0.01905407781	0.9811263036	TRUE	lrt_mle	0.950,1.013	lrt_quadratic	two	True	0.9498447222256584	1.0134380927560025	FALSE	TRUE	FALSE	mle	202869	15020	187849	ridge_seeded_refit;ridge_seeded_refit;inference=mle;ci=lrt_quadratic	chr17-45585160-INV-706887	0.2491002413	TRUE	lrt_mle	lrt_mle	False	True	lrt_quadratic	0.950,1.013	0.9498447222256584	1.0134380927560025
Auditory_hallucinations	0.6068789400280974	0.2496150045	0.2496150045	240348	1263	239085	-0.06946120493	0.9328963245	TRUE	lrt_mle	0.829,1.050	lrt_quadratic	two	True	0.8288525957936754	1.050000394049567	FALSE	TRUE	FALSE	mle	240348	1263	239085	ridge_seeded_refit;ridge_seeded_refit;inference=mle;ci=lrt_quadratic	chr17-45585160-INV-706887	0.2496150045	TRUE	lrt_mle	lrt_mle	False	True	lrt_quadratic	0.829,1.050	0.8288525957936754	1.050000394049567
Borderline_personality_disorder	0.6068789400280974	0.2499155569	0.2499155569	241650	2565	239085	-0.04304492102	0.9578683607	TRUE	lrt_mle	0.890,1.031	lrt_quadratic	two	True	0.8901442652213992	1.0307450513737029	FALSE	TRUE	FALSE	mle	241650	2565	239085	ridge_seeded_refit;ridge_seeded_refit;inference=mle;ci=lrt_quadratic	chr17-45585160-INV-706887	0.2499155569	TRUE	lrt_mle	lrt_mle	False	True	lrt_quadratic	0.890,1.031	0.8901442652213992	1.0307450513737029
Hyperkalemia_Hyperpotassemia	0.6068789400280974	0.2500540391	0.2500540391	205608	13117	192491	-0.02079915273	0.9794156578	TRUE	lrt_mle	0.945,1.015	lrt_quadratic	two	True	0.9453115063513339	1.0147501900211202	FALSE	TRUE	FALSE	mle	205608	13117	192491	ridge_seeded_refit;ridge_seeded_refit;inference=mle;ci=lrt_quadratic	chr17-45585160-INV-706887	0.2500540391	TRUE	lrt_mle	lrt_mle	False	True	lrt_quadratic	0.945,1.015	0.9453115063513339	1.0147501900211202
Disorders_of_eyelid_function	0.6087449832796908	0.2513778281	0.2513778281	265193	7505	257688	-0.02555118523	0.9747724837	TRUE	lrt_mle	0.933,1.018	lrt_quadratic	two	True	0.9331287970764978	1.0182746454978966	FALSE	TRUE	FALSE	mle	265193	7505	257688	ridge_seeded_refit;ridge_seeded_refit;inference=mle;ci=lrt_quadratic	chr17-45585160-INV-706887	0.2513778281	TRUE	lrt_mle	lrt_mle	False	True	lrt_quadratic	0.933,1.018	0.9331287970764978	1.0182746454978966
Herpes_simplex	0.6123662751367842	0.2534314393	0.2534314393	261758	13657	248101	-0.01922007176	0.9809634561	TRUE	lrt_mle	0.949,1.014	lrt_quadratic	two	True	0.9491342174668063	1.013860089076429	FALSE	TRUE	FALSE	mle	261758	13657	248101	ridge_seeded_refit;ridge_seeded_refit;inference=mle;ci=lrt_quadratic	chr17-45585160-INV-706887	0.2534314393	TRUE	lrt_mle	lrt_mle	False	True	lrt_quadratic	0.949,1.014	0.9491342174668063	1.013860089076429
Pleurisy	0.6148738184006594	0.2550297059	0.2550297059	213280	3648	209632	0.03609805211	1.036757498	TRUE	lrt_mle	0.974,1.103	lrt_quadratic	two	True	0.9742753436575681	1.1032467527525829	FALSE	TRUE	FALSE	mle	213280	3648	209632	ridge_seeded_refit;ridge_seeded_refit;inference=mle;ci=lrt_quadratic	chr17-45585160-INV-706887	0.2550297059	TRUE	lrt_mle	lrt_mle	False	True	lrt_quadratic	0.974,1.103	0.9742753436575681	1.1032467527525829
Orchitis_and_epididymitis	0.6157258844070175	0.2559443968	0.2559443968	223394	2279	221115	0.04538385397	1.046429459	TRUE	lrt_mle	0.968,1.132	lrt_quadratic	two	True	0.9676199991775692	1.1316576894271937	FALSE	TRUE	FALSE	mle	98129	2272	95857	sex_restricted_to_1;sex_majority_restricted_to_1;ridge_seeded_refit;ridge_seeded_refit;inference=mle;ci=lrt_quadratic	chr17-45585160-INV-706887	0.2559443968	TRUE	lrt_mle	lrt_mle	False	True	lrt_quadratic	0.968,1.132	0.9676199991775692	1.1316576894271937
Male_sexual_dysfuction	0.6259755114760349	0.2610999891	0.2610999891	238738	17623	221115	-0.01832711258	0.9818398077	TRUE	lrt_mle	0.951,1.014	lrt_quadratic	two	True	0.9509529762992874	1.0137298393842815	FALSE	TRUE	FALSE	mle	113437	17580	95857	sex_restricted_to_1;sex_majority_restricted_to_1;ridge_seeded_refit;ridge_seeded_refit;inference=mle;ci=lrt_quadratic	chr17-45585160-INV-706887	0.2610999891	TRUE	lrt_mle	lrt_mle	False	True	lrt_quadratic	0.951,1.014	0.9509529762992874	1.0137298393842815
Gingivitis	0.6259755114760349	0.2614953129	0.2614953129	200679	4080	196599	-0.03509928567	0.9655095502	TRUE	lrt_mle	0.908,1.027	lrt_quadratic	two	True	0.9081322619585565	1.0265120298517272	FALSE	TRUE	FALSE	mle	200679	4080	196599	ridge_seeded_refit;ridge_seeded_refit;inference=mle;ci=lrt_quadratic	chr17-45585160-INV-706887	0.2614953129	TRUE	lrt_mle	lrt_mle	False	True	lrt_quadratic	0.908,1.027	0.9081322619585565	1.0265120298517272
Carpal_tunnel_syndrome	0.6259755114760349	0.2619168275	0.2619168275	235095	20910	214185	0.0157545351	1.015879292	TRUE	lrt_mle	0.988,1.044	lrt_quadratic	two	True	0.9882996001965019	1.0442286285371165	FALSE	TRUE	FALSE	mle	235095	20910	214185	ridge_seeded_refit;ridge_seeded_refit;inference=mle;ci=lrt_quadratic	chr17-45585160-INV-706887	0.2619168275	TRUE	lrt_mle	lrt_mle	False	True	lrt_quadratic	0.988,1.044	0.9882996001965019	1.0442286285371165
Pericardial_effusion_noninflammatory	0.6338992355796537	0.2666209701	0.2666209701	213035	3203	209832	0.03838977622	1.039136185	TRUE	lrt_mle	0.971,1.112	lrt_quadratic	two	True	0.9710835494402333	1.111957885205801	FALSE	TRUE	FALSE	mle	213035	3203	209832	ridge_seeded_refit;ridge_seeded_refit;inference=mle;ci=lrt_quadratic	chr17-45585160-INV-706887	0.2666209701	TRUE	lrt_mle	lrt_mle	False	True	lrt_quadratic	0.971,1.112	0.9710835494402333	1.111957885205801
Phobic_disorders	0.6338992355796537	0.2669215542	0.2669215542	244287	5202	239085	-0.02916324816	0.9712578955	TRUE	lrt_mle	0.923,1.023	lrt_quadratic	two	True	0.9225170441737613	1.0225739518314036	FALSE	TRUE	FALSE	mle	244287	5202	239085	ridge_seeded_refit;ridge_seeded_refit;inference=mle;ci=lrt_quadratic	chr17-45585160-INV-706887	0.2669215542	TRUE	lrt_mle	lrt_mle	False	True	lrt_quadratic	0.923,1.023	0.9225170441737613	1.0225739518314036
Abnormal_glucose	0.6338992355796537	0.2669657674	0.2669657674	270758	78267	192491	0.009582473616	1.009628533	TRUE	lrt_mle	0.993,1.027	lrt_quadratic	two	True	0.9926904031578769	1.0268556746716488	FALSE	TRUE	FALSE	mle	270758	78267	192491	ridge_seeded_refit;ridge_seeded_refit;inference=mle;ci=lrt_quadratic	chr17-45585160-INV-706887	0.2669657674	TRUE	lrt_mle	lrt_mle	False	True	lrt_quadratic	0.993,1.027	0.9926904031578769	1.0268556746716488
Hyperglycemia	0.636352179275162	0.2685789052	0.2685789052	229079	36588	192491	0.0126965024	1.012777445	TRUE	lrt_mle	0.990,1.036	lrt_quadratic	two	True	0.9902515493728409	1.0358157521992108	FALSE	TRUE	FALSE	mle	229079	36588	192491	ridge_seeded_refit;ridge_seeded_refit;inference=mle;ci=lrt_quadratic	chr17-45585160-INV-706887	0.2685789052	TRUE	lrt_mle	lrt_mle	False	True	lrt_quadratic	0.990,1.036	0.9902515493728409	1.0358157521992108
Acute_prostatitis	0.6400646766334052	0.2707292707	0.2707292707	222224	1109	221115	-0.0567283353	0.9448507171	TRUE	score_boot_mle		profile_penalized	two	FALSE			TRUE	FALSE	TRUE	firth	96964	1107	95857	sex_restricted_to_1;sex_majority_restricted_to_1;firth_refit;firth_refit;inference=firth;ci=profile_penalized	chr17-45585160-INV-706887		TRUE	score_boot_mle	score_boot_mle	False	FALSE				
Extrapyramidal_and_movement_disorders	0.641161034343871	0.2717774667	0.2717774667	235064	20879	214185	-0.01507966285	0.9850334659	TRUE	lrt_mle	0.959,1.012	lrt_quadratic	two	True	0.9588953229929233	1.01188409796665	FALSE	TRUE	FALSE	mle	235064	20879	214185	ridge_seeded_refit;ridge_seeded_refit;inference=mle;ci=lrt_quadratic	chr17-45585160-INV-706887	0.2717774667	TRUE	lrt_mle	lrt_mle	False	True	lrt_quadratic	0.959,1.012	0.9588953229929233	1.01188409796665
Cerebral_infarction_Ischemic_stroke	0.6431295162151387	0.2737835592	0.2737835592	220739	10907	209832	0.02160670797	1.021841823	TRUE	lrt_mle	0.983,1.062	lrt_quadratic	two	True	0.9830560652031668	1.062157844880828	FALSE	TRUE	FALSE	mle	220739	10907	209832	ridge_seeded_refit;ridge_seeded_refit;inference=mle;ci=lrt_quadratic	chr17-45585160-INV-706887	0.2737835592	TRUE	lrt_mle	lrt_mle	False	True	lrt_quadratic	0.983,1.062	0.9830560652031668	1.062157844880828
Malnutrition_and_underweight	0.6431295162151387	0.2744216101	0.2744216101	207408	14917	192491	-0.0182847609	0.9818813911	TRUE	lrt_mle	0.950,1.015	lrt_quadratic	two	True	0.9502075602149868	1.014611024566036	FALSE	TRUE	FALSE	mle	207408	14917	192491	ridge_seeded_refit;ridge_seeded_refit;inference=mle;ci=lrt_quadratic	chr17-45585160-INV-706887	0.2744216101	TRUE	lrt_mle	lrt_mle	False	True	lrt_quadratic	0.950,1.015	0.9502075602149868	1.014611024566036
Nerve_plexus_lesions	0.6431295162151387	0.2747252747	0.2747252747	215715	1530	214185	-0.05126655024	0.9500254073	TRUE	score_boot_mle		profile_penalized	two	FALSE			TRUE	FALSE	TRUE	firth	215715	1530	214185	firth_refit;firth_refit;inference=firth;ci=profile_penalized	chr17-45585160-INV-706887		TRUE	score_boot_mle	score_boot_mle	False	FALSE				
Volume_depletion	0.6431295162151387	0.2749569217	0.2749569217	219519	27028	192491	0.0139238854	1.014021274	TRUE	lrt_mle	0.989,1.040	lrt_quadratic	two	True	0.9889873954316382	1.0396888264037072	FALSE	TRUE	FALSE	mle	219519	27028	192491	ridge_seeded_refit;ridge_seeded_refit;inference=mle;ci=lrt_quadratic	chr17-45585160-INV-706887	0.2749569217	TRUE	lrt_mle	lrt_mle	False	True	lrt_quadratic	0.989,1.040	0.9889873954316382	1.0396888264037072
Non_degenerative_maculopathy	0.6461868692214436	0.2773171005	0.2773171005	264396	6708	257688	-0.02561151988	0.974713673	TRUE	lrt_mle	0.931,1.021	lrt_quadratic	two	True	0.9306998327533434	1.020808977079166	FALSE	TRUE	FALSE	mle	264396	6708	257688	ridge_seeded_refit;ridge_seeded_refit;inference=mle;ci=lrt_quadratic	chr17-45585160-INV-706887	0.2773171005	TRUE	lrt_mle	lrt_mle	False	True	lrt_quadratic	0.931,1.021	0.9306998327533434	1.020808977079166
Acidosis	0.6461868692214436	0.2774421289	0.2774421289	206324	13833	192491	0.01921731175	1.019403153	TRUE	lrt_mle	0.985,1.055	lrt_quadratic	two	True	0.9846563639097139	1.0553760947396902	FALSE	TRUE	FALSE	mle	206324	13833	192491	ridge_seeded_refit;ridge_seeded_refit;inference=mle;ci=lrt_quadratic	chr17-45585160-INV-706887	0.2774421289	TRUE	lrt_mle	lrt_mle	False	True	lrt_quadratic	0.985,1.055	0.9846563639097139	1.0553760947396902
Dislocation_of_foot_and_ankle	0.6501125992180086	0.2797202797	0.2797202797	188985	1136	187849	-0.05938346796	0.9423453406	TRUE	score_boot_mle		profile_penalized	two	FALSE			TRUE	FALSE	TRUE	firth	188985	1136	187849	firth_refit;firth_refit;inference=firth;ci=profile_penalized	chr17-45585160-INV-706887		TRUE	score_boot_mle	score_boot_mle	False	FALSE				
Allergy_to_insects	0.6502496341580578	0.2816934594	0.2816934594	190581	8008	182573	-0.02361152151	0.9766650494	TRUE	lrt_mle	0.936,1.020	lrt_quadratic	two	True	0.9355696586623372	1.0195655769234748	FALSE	TRUE	FALSE	mle	190581	8008	182573	ridge_seeded_refit;ridge_seeded_refit;inference=mle;ci=lrt_quadratic	chr17-45585160-INV-706887	0.2816934594	TRUE	lrt_mle	lrt_mle	False	True	lrt_quadratic	0.936,1.020	0.9355696586623372	1.0195655769234748
Basal_cell_carcinoma	0.6502496341580578	0.2817182817	0.2817182817	265725	8958	256767	-0.02068471773	0.9795277436	TRUE	score_boot_mle		profile_penalized	two	FALSE			TRUE	FALSE	TRUE	firth	265725	8958	256767	firth_refit;firth_refit;inference=firth;ci=profile_penalized	chr17-45585160-INV-706887		TRUE	score_boot_mle	score_boot_mle	False	FALSE				
Other_disorders_of_the_eyelids	0.6502496341580578	0.2826498913	0.2826498913	272507	14819	257688	-0.01735626884	0.9827934836	TRUE	lrt_mle	0.952,1.014	lrt_quadratic	two	True	0.9521633226967747	1.014408986680059	FALSE	TRUE	FALSE	mle	272507	14819	257688	ridge_seeded_refit;ridge_seeded_refit;inference=mle;ci=lrt_quadratic	chr17-45585160-INV-706887	0.2826498913	TRUE	lrt_mle	lrt_mle	False	True	lrt_quadratic	0.952,1.014	0.9521633226967747	1.014408986680059
Anxiety_and_anxiety_disorders	0.6502496341580578	0.2827850953	0.2827850953	324507	85422	239085	-0.008172894368	0.9918604129	TRUE	lrt_mle	0.977,1.007	lrt_quadratic	two	True	0.9771778492114289	1.006763589183199	FALSE	TRUE	FALSE	mle	324507	85422	239085	ridge_seeded_refit;ridge_seeded_refit;inference=mle;ci=lrt_quadratic	chr17-45585160-INV-706887	0.2827850953	TRUE	lrt_mle	lrt_mle	False	True	lrt_quadratic	0.977,1.007	0.9771778492114289	1.006763589183199
Pulmonary_collapse_Atelectasis	0.6502496341580578	0.2847147731	0.2847147731	225834	16202	209632	0.01703857708	1.017184562	TRUE	lrt_mle	0.986,1.049	lrt_quadratic	two	True	0.9859221452836374	1.049438271838531	FALSE	TRUE	FALSE	mle	225834	16202	209632	ridge_seeded_refit;ridge_seeded_refit;inference=mle;ci=lrt_quadratic	chr17-45585160-INV-706887	0.2847147731	TRUE	lrt_mle	lrt_mle	False	True	lrt_quadratic	0.986,1.049	0.9859221452836374	1.049438271838531
Renal_tubulo_interstitial_diseases	0.6502496341580578	0.2848755776	0.2848755776	241822	20707	221115	0.01483540276	1.014945994	TRUE	lrt_mle	0.988,1.043	lrt_quadratic	two	True	0.9877223028007479	1.0429200261213427	FALSE	TRUE	FALSE	mle	241822	20707	221115	ridge_seeded_refit;ridge_seeded_refit;inference=mle;ci=lrt_quadratic	chr17-45585160-INV-706887	0.2848755776	TRUE	lrt_mle	lrt_mle	False	True	lrt_quadratic	0.988,1.043	0.9877223028007479	1.0429200261213427
Abnormalities_of_heart_beat	0.6502496341580578	0.2851827263	0.2851827263	271981	62149	209832	-0.009628954795	0.9904172552	TRUE	lrt_mle	0.973,1.008	lrt_quadratic	two	True	0.9730815771860859	1.0080617723154273	FALSE	TRUE	FALSE	mle	271981	62149	209832	ridge_seeded_refit;ridge_seeded_refit;inference=mle;ci=lrt_quadratic	chr17-45585160-INV-706887	0.2851827263	TRUE	lrt_mle	lrt_mle	False	True	lrt_quadratic	0.973,1.008	0.9730815771860859	1.0080617723154273
Cutaneous_lupus_erythematosus	0.6502496341580578	0.2852366792	0.2852366792	189218	1369	187849	-0.05936952609	0.9423584788	TRUE	lrt_mle	0.845,1.051	lrt_quadratic	two	True	0.8451352044011579	1.0507661944234097	FALSE	TRUE	FALSE	mle	189218	1369	187849	ridge_seeded_refit;ridge_seeded_refit;inference=mle;ci=lrt_quadratic	chr17-45585160-INV-706887	0.2852366792	TRUE	lrt_mle	lrt_mle	False	True	lrt_quadratic	0.845,1.051	0.8451352044011579	1.0507661944234097
Difficulty_walking	0.6502496341580578	0.2859619489	0.2859619489	224055	9870	214185	0.02133299772	1.021562173	TRUE	lrt_mle	0.982,1.062	lrt_quadratic	two	True	0.9823057984064364	1.0623873693408232	FALSE	TRUE	FALSE	mle	224055	9870	214185	ridge_seeded_refit;ridge_seeded_refit;inference=mle;ci=lrt_quadratic	chr17-45585160-INV-706887	0.2859619489	TRUE	lrt_mle	lrt_mle	False	True	lrt_quadratic	0.982,1.062	0.9823057984064364	1.0623873693408232
Periapical_abscess	0.6502496341580578	0.2862183567	0.2862183567	203865	7266	196599	-0.02538841733	0.9749311583	TRUE	lrt_mle	0.930,1.021	lrt_quadratic	two	True	0.93048616673728	1.0214990801990227	FALSE	TRUE	FALSE	mle	203865	7266	196599	ridge_seeded_refit;ridge_seeded_refit;inference=mle;ci=lrt_quadratic	chr17-45585160-INV-706887	0.2862183567	TRUE	lrt_mle	lrt_mle	False	True	lrt_quadratic	0.930,1.021	0.93048616673728	1.0214990801990227
Deposits_accretions_on_teeth	0.6502496341580578	0.2864358986	0.2864358986	200604	4005	196599	-0.03387777758	0.9666896486	TRUE	lrt_mle	0.908,1.029	lrt_quadratic	two	True	0.9083118025350928	1.0288194803104846	FALSE	TRUE	FALSE	mle	200604	4005	196599	ridge_seeded_refit;ridge_seeded_refit;inference=mle;ci=lrt_quadratic	chr17-45585160-INV-706887	0.2864358986	TRUE	lrt_mle	lrt_mle	False	True	lrt_quadratic	0.908,1.029	0.9083118025350928	1.0288194803104846
Dermatitis_due_to_substances_taken_internally	0.6502496341580578	0.2868922725	0.2868922725	233772	3311	230461	-0.03498277323	0.9656220507	TRUE	lrt_mle	0.905,1.030	lrt_quadratic	two	True	0.9054119774235964	1.0298361055266745	FALSE	TRUE	FALSE	mle	233772	3311	230461	ridge_seeded_refit;ridge_seeded_refit;inference=mle;ci=lrt_quadratic	chr17-45585160-INV-706887	0.2868922725	TRUE	lrt_mle	lrt_mle	False	True	lrt_quadratic	0.905,1.030	0.9054119774235964	1.0298361055266745
Sleep_related_leg_cramps	0.6507636692925773	0.2877122877	0.2877122877	215370	1185	214185	0.05837062144	1.060107822	TRUE	score_boot_mle		profile_penalized	two	FALSE			TRUE	FALSE	TRUE	firth	215370	1185	214185	firth_refit;firth_refit;inference=firth;ci=profile_penalized	chr17-45585160-INV-706887		TRUE	score_boot_mle	score_boot_mle	False	FALSE				
Cortical_age_related_cataract	0.6521777334598361	0.2891366806	0.2891366806	262628	4940	257688	-0.02961877412	0.970815563	TRUE	lrt_mle	0.919,1.025	lrt_quadratic	two	True	0.9190785762710544	1.0254649403787932	FALSE	TRUE	FALSE	mle	262628	4940	257688	ridge_seeded_refit;ridge_seeded_refit;inference=mle;ci=lrt_quadratic	chr17-45585160-INV-706887	0.2891366806	TRUE	lrt_mle	lrt_mle	False	True	lrt_quadratic	0.919,1.025	0.9190785762710544	1.0254649403787932
Stroke_and_transient_cerebral_ischemic_attacks	0.6521777334598361	0.2898644342	0.2898644342	227241	17409	209832	0.01684854572	1.016991283	TRUE	lrt_mle	0.986,1.049	lrt_quadratic	two	True	0.985751159737344	1.0492214586173219	FALSE	TRUE	FALSE	mle	227241	17409	209832	ridge_seeded_refit;ridge_seeded_refit;inference=mle;ci=lrt_quadratic	chr17-45585160-INV-706887	0.2898644342	TRUE	lrt_mle	lrt_mle	False	True	lrt_quadratic	0.986,1.049	0.985751159737344	1.0492214586173219
Renal_failure	0.6521777334598361	0.2901209972	0.2901209972	260749	39634	221115	0.01176640299	1.011835899	TRUE	lrt_mle	0.990,1.034	lrt_quadratic	two	True	0.9900161406349052	1.0341365613407343	FALSE	TRUE	FALSE	mle	260749	39634	221115	ridge_seeded_refit;ridge_seeded_refit;inference=mle;ci=lrt_quadratic	chr17-45585160-INV-706887	0.2901209972	TRUE	lrt_mle	lrt_mle	False	True	lrt_quadratic	0.990,1.034	0.9900161406349052	1.0341365613407343
Impingement_syndrome_of_shoulder	0.6527133917396728	0.2909542831	0.2909542831	195361	7512	187849	-0.0233845174	0.9768867816	TRUE	lrt_mle	0.935,1.020	lrt_quadratic	two	True	0.935395777241945	1.0202181870444293	FALSE	TRUE	FALSE	mle	195361	7512	187849	ridge_seeded_refit;ridge_seeded_refit;inference=mle;ci=lrt_quadratic	chr17-45585160-INV-706887	0.2909542831	TRUE	lrt_mle	lrt_mle	False	True	lrt_quadratic	0.935,1.020	0.935395777241945	1.0202181870444293
Disorders_of_magnesium_metabolism	0.656146559057755	0.2930827839	0.2930827839	203980	11489	192491	-0.02015858514	0.9800432407	TRUE	lrt_mle	0.944,1.018	lrt_quadratic	two	True	0.9438974422460609	1.017573213603066	FALSE	TRUE	FALSE	mle	203980	11489	192491	ridge_seeded_refit;ridge_seeded_refit;inference=mle;ci=lrt_quadratic	chr17-45585160-INV-706887	0.2930827839	TRUE	lrt_mle	lrt_mle	False	True	lrt_quadratic	0.944,1.018	0.9438974422460609	1.017573213603066
Disorders_of_autonomic_nervous_system	0.6573187268337398	0.2946117601	0.2946117601	219081	4896	214185	-0.02808840975	0.972302402	TRUE	lrt_mle	0.923,1.025	lrt_quadratic	two	True	0.9225476212443906	1.024740554464076	FALSE	TRUE	FALSE	mle	219081	4896	214185	ridge_seeded_refit;ridge_seeded_refit;inference=mle;ci=lrt_quadratic	chr17-45585160-INV-706887	0.2946117601	TRUE	lrt_mle	lrt_mle	False	True	lrt_quadratic	0.923,1.025	0.9225476212443906	1.024740554464076
Sinusitis	0.6573187268337398	0.2948047526	0.2948047526	260750	51118	209632	-0.009883836453	0.9901648481	TRUE	lrt_mle	0.972,1.009	lrt_quadratic	two	True	0.9720238906630366	1.008644371696348	FALSE	TRUE	FALSE	mle	260750	51118	209632	ridge_seeded_refit;ridge_seeded_refit;inference=mle;ci=lrt_quadratic	chr17-45585160-INV-706887	0.2948047526	TRUE	lrt_mle	lrt_mle	False	True	lrt_quadratic	0.972,1.009	0.9720238906630366	1.008644371696348
Mixed_conductive_and_sensorineural_hearing_loss	0.6607793225823886	0.297522241	0.297522241	261597	3909	257688	-0.03110351266	0.9693752253	TRUE	lrt_mle	0.914,1.028	lrt_quadratic	two	True	0.9142771956893396	1.0277936842417328	FALSE	TRUE	FALSE	mle	261597	3909	257688	ridge_seeded_refit;ridge_seeded_refit;inference=mle;ci=lrt_quadratic	chr17-45585160-INV-706887	0.297522241	TRUE	lrt_mle	lrt_mle	False	True	lrt_quadratic	0.914,1.028	0.9142771956893396	1.0277936842417328
Radial_styloid_tenosynovitis_de_Quervain	0.6607793225823886	0.2975615181	0.2975615181	192158	4309	187849	0.03075371448	1.031231495	TRUE	lrt_mle	0.973,1.093	lrt_quadratic	two	True	0.9732533554582419	1.0926634784013276	FALSE	TRUE	FALSE	mle	192158	4309	187849	ridge_seeded_refit;ridge_seeded_refit;inference=mle;ci=lrt_quadratic	chr17-45585160-INV-706887	0.2975615181	TRUE	lrt_mle	lrt_mle	False	True	lrt_quadratic	0.973,1.093	0.9732533554582419	1.0926634784013276
Keratoderma	0.6613879429444445	0.2984384975	0.2984384975	235109	4648	230461	-0.02963063658	0.9708040468	TRUE	lrt_mle	0.918,1.027	lrt_quadratic	two	True	0.9180684195678852	1.0265689106239722	FALSE	TRUE	FALSE	mle	235109	4648	230461	ridge_seeded_refit;ridge_seeded_refit;inference=mle;ci=lrt_quadratic	chr17-45585160-INV-706887	0.2984384975	TRUE	lrt_mle	lrt_mle	False	True	lrt_quadratic	0.918,1.027	0.9180684195678852	1.0265689106239722
Contractures	0.6619618985296372	0.2993009131	0.2993009131	192396	4547	187849	-0.02960290451	0.9708309696	TRUE	lrt_mle	0.918,1.027	lrt_quadratic	two	True	0.9180503600909313	1.0266460452903148	FALSE	TRUE	FALSE	mle	192396	4547	187849	ridge_seeded_refit;ridge_seeded_refit;inference=mle;ci=lrt_quadratic	chr17-45585160-INV-706887	0.2993009131	TRUE	lrt_mle	lrt_mle	False	True	lrt_quadratic	0.918,1.027	0.9180503600909313	1.0266460452903148
Sepsis	0.6619744693102616	0.2999100376	0.2999100376	264115	16014	248101	0.01647052664	1.016606914	TRUE	lrt_mle	0.985,1.049	lrt_quadratic	two	True	0.9854365581220074	1.048763218803496	FALSE	TRUE	FALSE	mle	264115	16014	248101	ridge_seeded_refit;ridge_seeded_refit;inference=mle;ci=lrt_quadratic	chr17-45585160-INV-706887	0.2999100376	TRUE	lrt_mle	lrt_mle	False	True	lrt_quadratic	0.985,1.049	0.9854365581220074	1.048763218803496
Hypertrichosis_and_hirsutism	0.6650354453289157	0.3019030554	0.3019030554	233287	2826	230461	-0.03756057697	0.9631360721	TRUE	lrt_mle	0.897,1.034	lrt_quadratic	two	True	0.8968467272677485	1.034325113929416	FALSE	TRUE	FALSE	mle	233287	2826	230461	ridge_seeded_refit;ridge_seeded_refit;inference=mle;ci=lrt_quadratic	chr17-45585160-INV-706887	0.3019030554	TRUE	lrt_mle	lrt_mle	False	True	lrt_quadratic	0.897,1.034	0.8968467272677485	1.034325113929416
Other_symptoms_involving_nervous_system	0.6659206220266534	0.3029119329	0.3029119329	227808	13623	214185	0.01735420634	1.017505665	TRUE	lrt_mle	0.984,1.052	lrt_quadratic	two	True	0.9844599841752059	1.0516606016375085	FALSE	TRUE	FALSE	mle	227808	13623	214185	ridge_seeded_refit;ridge_seeded_refit;inference=mle;ci=lrt_quadratic	chr17-45585160-INV-706887	0.3029119329	TRUE	lrt_mle	lrt_mle	False	True	lrt_quadratic	0.984,1.052	0.9844599841752059	1.0516606016375085
Abnormal_reflex	0.6663096903178	0.3036963037	0.3036963037	215809	1624	214185	-0.04831681402	0.9528318688	TRUE	score_boot_mle		profile_penalized	two	FALSE			TRUE	FALSE	TRUE	firth	215809	1624	214185	firth_refit;firth_refit;inference=firth;ci=profile_penalized	chr17-45585160-INV-706887		TRUE	score_boot_mle	score_boot_mle	False	FALSE				
Subcapsular_cataract	0.6679450368111777	0.3050505592	0.3050505592	260200	2512	257688	-0.0386939925	0.9620450571	TRUE	lrt_mle	0.893,1.036	lrt_quadratic	two	True	0.8934764655660492	1.0358758485311281	FALSE	TRUE	FALSE	mle	260200	2512	257688	ridge_seeded_refit;ridge_seeded_refit;inference=mle;ci=lrt_quadratic	chr17-45585160-INV-706887	0.3050505592	TRUE	lrt_mle	lrt_mle	False	True	lrt_quadratic	0.893,1.036	0.8934764655660492	1.0358758485311281
Fracture_of_foot_and_toe	0.6701158119369565	0.3066645097	0.3066645097	198882	11033	187849	-0.01901769542	0.981162	TRUE	lrt_mle	0.946,1.018	lrt_quadratic	two	True	0.9460304304275974	1.0175982075326242	FALSE	TRUE	FALSE	mle	198882	11033	187849	ridge_seeded_refit;ridge_seeded_refit;inference=mle;ci=lrt_quadratic	chr17-45585160-INV-706887	0.3066645097	TRUE	lrt_mle	lrt_mle	False	True	lrt_quadratic	0.946,1.018	0.9460304304275974	1.0175982075326242
False_labor	0.6701158119369565	0.3076923077	0.3076923077	362873	3994	358879	-0.03451770357	0.9660712366	TRUE	score_boot_mle		profile_penalized	two	FALSE			TRUE	FALSE	TRUE	firth	211075	3994	207081	sex_restricted_to_0;sex_majority_restricted_to_0;firth_refit;firth_refit;inference=firth;ci=profile_penalized	chr17-45585160-INV-706887		TRUE	score_boot_mle	score_boot_mle	False	FALSE				
Tachypnea	0.6701158119369565	0.3084608585	0.3084608585	210966	1334	209632	0.05514985932	1.056698959	TRUE	lrt_mle	0.950,1.175	lrt_quadratic	two	True	0.950294833044138	1.175017111658327	FALSE	TRUE	FALSE	mle	210966	1334	209632	ridge_seeded_refit;ridge_seeded_refit;inference=mle;ci=lrt_quadratic	chr17-45585160-INV-706887	0.3084608585	TRUE	lrt_mle	lrt_mle	False	True	lrt_quadratic	0.950,1.175	0.950294833044138	1.175017111658327
Trigeminal_neuralgia	0.6701158119369565	0.3088369952	0.3088369952	215952	1767	214185	-0.04559572785	0.9554281371	TRUE	lrt_mle	0.875,1.043	lrt_quadratic	two	True	0.8751058483783318	1.0431228712255858	FALSE	TRUE	FALSE	mle	215952	1767	214185	ridge_seeded_refit;ridge_seeded_refit;inference=mle;ci=lrt_quadratic	chr17-45585160-INV-706887	0.3088369952	TRUE	lrt_mle	lrt_mle	False	True	lrt_quadratic	0.875,1.043	0.8751058483783318	1.0431228712255858
Benign_neoplasm_of_stomach	0.6701158119369565	0.3090962633	0.3090962633	262338	5571	256767	-0.02556261237	0.9747613449	TRUE	lrt_mle	0.928,1.024	lrt_quadratic	two	True	0.9279094763256431	1.0239788511977552	FALSE	TRUE	FALSE	mle	262338	5571	256767	ridge_seeded_refit;ridge_seeded_refit;inference=mle;ci=lrt_quadratic	chr17-45585160-INV-706887	0.3090962633	TRUE	lrt_mle	lrt_mle	False	True	lrt_quadratic	0.928,1.024	0.9279094763256431	1.0239788511977552
Restless_legs_syndrome	0.670440599709073	0.3098572325	0.3098572325	223475	9290	214185	-0.0197332078	0.9804602176	TRUE	lrt_mle	0.944,1.019	lrt_quadratic	two	True	0.9438212931853622	1.0185214564962837	FALSE	TRUE	FALSE	mle	223475	9290	214185	ridge_seeded_refit;ridge_seeded_refit;inference=mle;ci=lrt_quadratic	chr17-45585160-INV-706887	0.3098572325	TRUE	lrt_mle	lrt_mle	False	True	lrt_quadratic	0.944,1.019	0.9438212931853622	1.0185214564962837
Intestinal_infection	0.6707365946650296	0.3110143438	0.3110143438	211707	15108	196599	-0.01666749544	0.9834706387	TRUE	lrt_mle	0.952,1.016	lrt_quadratic	two	True	0.9522640656866928	1.0156998800327908	FALSE	TRUE	FALSE	mle	211707	15108	196599	ridge_seeded_refit;ridge_seeded_refit;inference=mle;ci=lrt_quadratic	chr17-45585160-INV-706887	0.3110143438	TRUE	lrt_mle	lrt_mle	False	True	lrt_quadratic	0.952,1.016	0.9522640656866928	1.0156998800327908
Pain_in_hip	0.6707365946650296	0.3112168885	0.3112168885	233629	45780	187849	-0.01063407912	0.9894222628	TRUE	lrt_mle	0.969,1.010	lrt_quadratic	two	True	0.9692664966979473	1.0099971653559818	FALSE	TRUE	FALSE	mle	233629	45780	187849	ridge_seeded_refit;ridge_seeded_refit;inference=mle;ci=lrt_quadratic	chr17-45585160-INV-706887	0.3112168885	TRUE	lrt_mle	lrt_mle	False	True	lrt_quadratic	0.969,1.010	0.9692664966979473	1.0099971653559818
Stimulant_use_disorders	0.670929330890625	0.3126734743	0.3126734743	250892	11807	239085	0.02017271637	1.020377561	TRUE	lrt_mle	0.981,1.061	lrt_quadratic	two	True	0.9811911018095836	1.0611290343885353	FALSE	TRUE	FALSE	mle	250892	11807	239085	ridge_seeded_refit;ridge_seeded_refit;inference=mle;ci=lrt_quadratic	chr17-45585160-INV-706887	0.3126734743	TRUE	lrt_mle	lrt_mle	False	True	lrt_quadratic	0.981,1.061	0.9811911018095836	1.0611290343885353
Other_cerebrovascular_disease	0.670929330890625	0.3130268552	0.3130268552	226983	17151	209832	0.01628426774	1.016417579	TRUE	lrt_mle	0.985,1.049	lrt_quadratic	two	True	0.9847661892516969	1.049086276843972	FALSE	TRUE	FALSE	mle	226983	17151	209832	ridge_seeded_refit;ridge_seeded_refit;inference=mle;ci=lrt_quadratic	chr17-45585160-INV-706887	0.3130268552	TRUE	lrt_mle	lrt_mle	False	True	lrt_quadratic	0.985,1.049	0.9847661892516969	1.049086276843972
Peripheral_vascular_disease	0.670929330890625	0.313141128	0.313141128	225905	16073	209832	0.01616308151	1.016294411	TRUE	lrt_mle	0.985,1.049	lrt_quadratic	two	True	0.9848713928385722	1.048720002195167	FALSE	TRUE	FALSE	mle	225905	16073	209832	ridge_seeded_refit;ridge_seeded_refit;inference=mle;ci=lrt_quadratic	chr17-45585160-INV-706887	0.313141128	TRUE	lrt_mle	lrt_mle	False	True	lrt_quadratic	0.985,1.049	0.9848713928385722	1.048720002195167
Fasciopathy	0.6744192360959065	0.3153847476	0.3153847476	207429	19580	187849	-0.01451626006	0.9855885929	TRUE	lrt_mle	0.958,1.014	lrt_quadratic	two	True	0.9580506669209425	1.0139180608497267	FALSE	TRUE	FALSE	mle	207429	19580	187849	ridge_seeded_refit;ridge_seeded_refit;inference=mle;ci=lrt_quadratic	chr17-45585160-INV-706887	0.3153847476	TRUE	lrt_mle	lrt_mle	False	True	lrt_quadratic	0.958,1.014	0.9580506669209425	1.0139180608497267
Gastric_ulcer	0.6785147311086304	0.3184414596	0.3184414596	201609	5010	196599	-0.02730449031	0.9730649076	TRUE	lrt_mle	0.922,1.027	lrt_quadratic	two	True	0.9222439350985657	1.0266864094415777	FALSE	TRUE	FALSE	mle	201609	5010	196599	ridge_seeded_refit;ridge_seeded_refit;inference=mle;ci=lrt_quadratic	chr17-45585160-INV-706887	0.3184414596	TRUE	lrt_mle	lrt_mle	False	True	lrt_quadratic	0.922,1.027	0.9222439350985657	1.0266864094415777
Pulmonary_embolism	0.6785147311086304	0.3199047024	0.3199047024	217201	7369	209832	0.02276279472	1.023023844	TRUE	lrt_mle	0.978,1.070	lrt_quadratic	two	True	0.9781509602912503	1.06995528103261	FALSE	TRUE	FALSE	mle	217201	7369	209832	ridge_seeded_refit;ridge_seeded_refit;inference=mle;ci=lrt_quadratic	chr17-45585160-INV-706887	0.3199047024	TRUE	lrt_mle	lrt_mle	False	True	lrt_quadratic	0.978,1.070	0.9781509602912503	1.06995528103261
Abnormal_findings_on_diagnostic_test_of_central_nervous_system	0.6785147311086304	0.321104762	0.321104762	223230	9045	214185	0.02032596675	1.020533946	TRUE	lrt_mle	0.980,1.062	lrt_quadratic	two	True	0.9803694643710948	1.062343914904284	FALSE	TRUE	FALSE	mle	223230	9045	214185	ridge_seeded_refit;ridge_seeded_refit;inference=mle;ci=lrt_quadratic	chr17-45585160-INV-706887	0.321104762	TRUE	lrt_mle	lrt_mle	False	True	lrt_quadratic	0.980,1.062	0.9803694643710948	1.062343914904284
Slurred_speech	0.6785147311086304	0.3212559092	0.3212559092	216112	1927	214185	0.04387549685	1.044852259	TRUE	lrt_mle	0.958,1.139	lrt_quadratic	two	True	0.9580810900099825	1.1394820911724637	FALSE	TRUE	FALSE	mle	216112	1927	214185	ridge_seeded_refit;ridge_seeded_refit;inference=mle;ci=lrt_quadratic	chr17-45585160-INV-706887	0.3212559092	TRUE	lrt_mle	lrt_mle	False	True	lrt_quadratic	0.958,1.139	0.9580810900099825	1.1394820911724637
Dehydration	0.6785147311086304	0.3224126897	0.3224126897	215355	22864	192491	0.01352772013	1.013619634	TRUE	lrt_mle	0.987,1.041	lrt_quadratic	two	True	0.9868204726464626	1.0411465817334884	FALSE	TRUE	FALSE	mle	215355	22864	192491	ridge_seeded_refit;ridge_seeded_refit;inference=mle;ci=lrt_quadratic	chr17-45585160-INV-706887	0.3224126897	TRUE	lrt_mle	lrt_mle	False	True	lrt_quadratic	0.987,1.041	0.9868204726464626	1.0411465817334884
Age_related_macular_degeneration	0.6785147311086304	0.3226045629	0.3226045629	261844	4156	257688	-0.0290871278	0.9713318308	TRUE	lrt_mle	0.917,1.029	lrt_quadratic	two	True	0.916930175025877	1.0289611479396796	FALSE	TRUE	FALSE	mle	261844	4156	257688	ridge_seeded_refit;ridge_seeded_refit;inference=mle;ci=lrt_quadratic	chr17-45585160-INV-706887	0.3226045629	TRUE	lrt_mle	lrt_mle	False	True	lrt_quadratic	0.917,1.029	0.916930175025877	1.0289611479396796
Other_nonthrombocytopenic_purpura	0.6785147311086304	0.3226773227	0.3226773227	266744	1793	264951	-0.04029041069	0.9605104561	TRUE	score_boot_mle		profile_penalized	two	FALSE			TRUE	FALSE	TRUE	firth	266744	1793	264951	firth_refit;firth_refit;inference=firth;ci=profile_penalized	chr17-45585160-INV-706887		TRUE	score_boot_mle	score_boot_mle	False	FALSE				
Abnormal_thyroid_function_studies	0.6785147311086304	0.3227457048	0.3227457048	198339	5848	192491	0.02470787588	1.025015645	TRUE	lrt_mle	0.976,1.076	lrt_quadratic	two	True	0.9760264004877469	1.076463784126965	FALSE	TRUE	FALSE	mle	198339	5848	192491	ridge_seeded_refit;ridge_seeded_refit;inference=mle;ci=lrt_quadratic	chr17-45585160-INV-706887	0.3227457048	TRUE	lrt_mle	lrt_mle	False	True	lrt_quadratic	0.976,1.076	0.9760264004877469	1.076463784126965
Gynecological_malignant_neoplasms	0.6785147311086304	0.3245093021	0.3245093021	261797	5030	256767	-0.02706977236	0.9732933302	TRUE	lrt_mle	0.922,1.027	lrt_quadratic	two	True	0.9222667948594739	1.027143026137283	FALSE	TRUE	FALSE	mle	153275	5003	148272	sex_restricted_to_0;sex_majority_restricted_to_0;ridge_seeded_refit;ridge_seeded_refit;inference=mle;ci=lrt_quadratic	chr17-45585160-INV-706887	0.3245093021	TRUE	lrt_mle	lrt_mle	False	True	lrt_quadratic	0.922,1.027	0.9222667948594739	1.027143026137283
Disorders_of_parathyroid_gland	0.6785147311086304	0.3245918101	0.3245918101	200984	8493	192491	-0.02168683119	0.9785466374	TRUE	lrt_mle	0.937,1.022	lrt_quadratic	two	True	0.9372205434973961	1.0216949768398103	FALSE	TRUE	FALSE	mle	200984	8493	192491	ridge_seeded_refit;ridge_seeded_refit;inference=mle;ci=lrt_quadratic	chr17-45585160-INV-706887	0.3245918101	TRUE	lrt_mle	lrt_mle	False	True	lrt_quadratic	0.937,1.022	0.9372205434973961	1.0216949768398103
Rhabdomyolysis	0.6785147311086304	0.3253879514	0.3253879514	189961	2112	187849	-0.0437374775	0.9572052124	TRUE	lrt_mle	0.877,1.044	lrt_quadratic	two	True	0.8773017168315376	1.0443862140712195	FALSE	TRUE	FALSE	mle	189961	2112	187849	ridge_seeded_refit;ridge_seeded_refit;inference=mle;ci=lrt_quadratic	chr17-45585160-INV-706887	0.3253879514	TRUE	lrt_mle	lrt_mle	False	True	lrt_quadratic	0.877,1.044	0.8773017168315376	1.0443862140712195
Hernia	0.6785147311086304	0.3265607631	0.3265607631	234412	37813	196599	-0.01074908937	0.9893084756	TRUE	lrt_mle	0.968,1.011	lrt_quadratic	two	True	0.9682901069449671	1.0107830834702984	FALSE	TRUE	FALSE	mle	234412	37813	196599	ridge_seeded_refit;ridge_seeded_refit;inference=mle;ci=lrt_quadratic	chr17-45585160-INV-706887	0.3265607631	TRUE	lrt_mle	lrt_mle	False	True	lrt_quadratic	0.968,1.011	0.9682901069449671	1.0107830834702984
Allergic_rhinitis_due_to_animal_hair_and_dander	0.6785147311086304	0.3267602583	0.3267602583	211799	2167	209632	-0.03951752274	0.9612531101	TRUE	lrt_mle	0.888,1.040	lrt_quadratic	two	True	0.8882536844332993	1.0402518534773617	FALSE	TRUE	FALSE	mle	211799	2167	209632	ridge_seeded_refit;ridge_seeded_refit;inference=mle;ci=lrt_quadratic	chr17-45585160-INV-706887	0.3267602583	TRUE	lrt_mle	lrt_mle	False	True	lrt_quadratic	0.888,1.040	0.8882536844332993	1.0402518534773617
Vitamin_B12_deficiency_anemia_due_to_intrinsic_factor_deficiency_Pernicious_anemia	0.6785147311086304	0.3279156187	0.3279156187	267153	2202	264951	0.03854064405	1.039292969	TRUE	lrt_mle	0.962,1.123	lrt_quadratic	two	True	0.9620666791518242	1.122718308341784	FALSE	TRUE	FALSE	mle	267153	2202	264951	ridge_seeded_refit;ridge_seeded_refit;inference=mle;ci=lrt_quadratic	chr17-45585160-INV-706887	0.3279156187	TRUE	lrt_mle	lrt_mle	False	True	lrt_quadratic	0.962,1.123	0.9620666791518242	1.122718308341784
Chills_without_fever	0.6785147311086304	0.3282410392	0.3282410392	187740	5167	182573	-0.02685630364	0.97350112	TRUE	lrt_mle	0.922,1.027	lrt_quadratic	two	True	0.922473788313137	1.0273510670205888	FALSE	TRUE	FALSE	mle	187740	5167	182573	ridge_seeded_refit;ridge_seeded_refit;inference=mle;ci=lrt_quadratic	chr17-45585160-INV-706887	0.3282410392	TRUE	lrt_mle	lrt_mle	False	True	lrt_quadratic	0.922,1.027	0.922473788313137	1.0273510670205888
Morphologic_lesions_in_glomerular_diseases	0.6785147311086304	0.3283618343	0.3283618343	223918	2803	221115	-0.03743278391	0.9632591621	TRUE	lrt_mle	0.894,1.038	lrt_quadratic	two	True	0.893602104630846	1.0383460473995654	FALSE	TRUE	FALSE	mle	223918	2803	221115	ridge_seeded_refit;ridge_seeded_refit;inference=mle;ci=lrt_quadratic	chr17-45585160-INV-706887	0.3283618343	TRUE	lrt_mle	lrt_mle	False	True	lrt_quadratic	0.894,1.038	0.893602104630846	1.0383460473995654
Inguinal_hernia	0.6785147311086304	0.3286109958	0.3286109958	205698	9099	196599	-0.02019391409	0.9800086174	TRUE	lrt_mle	0.941,1.021	lrt_quadratic	two	True	0.9410975123386952	1.020528561161779	FALSE	TRUE	FALSE	mle	205698	9099	196599	ridge_seeded_refit;ridge_seeded_refit;inference=mle;ci=lrt_quadratic	chr17-45585160-INV-706887	0.3286109958	TRUE	lrt_mle	lrt_mle	False	True	lrt_quadratic	0.941,1.021	0.9410975123386952	1.020528561161779
Acute_bronchitis	0.6785147311086304	0.3295733879	0.3295733879	235933	26301	209632	0.01216705495	1.012241375	TRUE	lrt_mle	0.988,1.037	lrt_quadratic	two	True	0.9877831790365622	1.0373051721760633	FALSE	TRUE	FALSE	mle	235933	26301	209632	ridge_seeded_refit;ridge_seeded_refit;inference=mle;ci=lrt_quadratic	chr17-45585160-INV-706887	0.3295733879	TRUE	lrt_mle	lrt_mle	False	True	lrt_quadratic	0.988,1.037	0.9877831790365622	1.0373051721760633
Poor_fetal_growth_and_uterine_size_date_discrepancy	0.6785147311086304	0.3296703297	0.3296703297	363369	4490	358879	-0.03102356399	0.9694527286	TRUE	score_boot_mle		profile_penalized	two	FALSE			TRUE	FALSE	TRUE	firth	211571	4490	207081	sex_restricted_to_0;sex_majority_restricted_to_0;firth_refit;firth_refit;inference=firth;ci=profile_penalized	chr17-45585160-INV-706887		TRUE	score_boot_mle	score_boot_mle	False	FALSE				
Chronic_cholecystitis	0.6785147311086304	0.3296703297	0.3296703297	198572	1973	196599	-0.03990254416	0.9608830783	TRUE	score_boot_mle		profile_penalized	two	FALSE			TRUE	FALSE	TRUE	firth	198572	1973	196599	firth_refit;firth_refit;inference=firth;ci=profile_penalized	chr17-45585160-INV-706887		TRUE	score_boot_mle	score_boot_mle	False	FALSE				
Bells_palsy	0.6817492737320224	0.3318633657	0.3318633657	216579	2394	214185	-0.03877372866	0.9619683504	TRUE	lrt_mle	0.890,1.040	lrt_quadratic	two	True	0.8895055457339973	1.0403342751378875	FALSE	TRUE	FALSE	mle	216579	2394	214185	ridge_seeded_refit;ridge_seeded_refit;inference=mle;ci=lrt_quadratic	chr17-45585160-INV-706887	0.3318633657	TRUE	lrt_mle	lrt_mle	False	True	lrt_quadratic	0.890,1.040	0.8895055457339973	1.0403342751378875
Telogen_effluvium	0.6821234840596262	0.3326673327	0.3326673327	231567	1106	230461	-0.05525942947	0.9462396337	TRUE	score_boot_mle		profile_penalized	two	FALSE			TRUE	FALSE	TRUE	firth	231567	1106	230461	firth_refit;firth_refit;inference=firth;ci=profile_penalized	chr17-45585160-INV-706887		TRUE	score_boot_mle	score_boot_mle	False	FALSE				
Visual_hallucinations	0.6837625666126865	0.3340900052	0.3340900052	240202	1117	239085	-0.05772202718	0.9439122929	TRUE	lrt_mle	0.840,1.061	lrt_quadratic	two	True	0.839584514742651	1.0612039658997994	FALSE	TRUE	FALSE	mle	240202	1117	239085	ridge_seeded_refit;ridge_seeded_refit;inference=mle;ci=lrt_quadratic	chr17-45585160-INV-706887	0.3340900052	TRUE	lrt_mle	lrt_mle	False	True	lrt_quadratic	0.840,1.061	0.839584514742651	1.0612039658997994
Weakness	0.6920718013891992	0.338780818	0.338780818	213554	30981	182573	-0.01160393087	0.9884631351	TRUE	lrt_mle	0.965,1.012	lrt_quadratic	two	True	0.9652389126692327	1.0122461460879435	FALSE	TRUE	FALSE	mle	213554	30981	182573	ridge_seeded_refit;ridge_seeded_refit;inference=mle;ci=lrt_quadratic	chr17-45585160-INV-706887	0.338780818	TRUE	lrt_mle	lrt_mle	False	True	lrt_quadratic	0.965,1.012	0.9652389126692327	1.0122461460879435
Gastrointestinal_obstruction	0.69210632831	0.3394706081	0.3394706081	211283	14684	196599	-0.01561436584	0.9845069063	TRUE	lrt_mle	0.953,1.017	lrt_quadratic	two	True	0.9534646679186822	1.0165597963623836	FALSE	TRUE	FALSE	mle	211283	14684	196599	ridge_seeded_refit;ridge_seeded_refit;inference=mle;ci=lrt_quadratic	chr17-45585160-INV-706887	0.3394706081	TRUE	lrt_mle	lrt_mle	False	True	lrt_quadratic	0.953,1.017	0.9534646679186822	1.0165597963623836
Anesthesia_of_skin	0.69210632831	0.340195466	0.340195466	237619	23434	214185	-0.01270340043	0.9873769472	TRUE	lrt_mle	0.962,1.013	lrt_quadratic	two	True	0.9619351958330812	1.0134915948912926	FALSE	TRUE	FALSE	mle	237619	23434	214185	ridge_seeded_refit;ridge_seeded_refit;inference=mle;ci=lrt_quadratic	chr17-45585160-INV-706887	0.340195466	TRUE	lrt_mle	lrt_mle	False	True	lrt_quadratic	0.962,1.013	0.9619351958330812	1.0134915948912926
Neuromuscular_dysfunction_of_bladder	0.69210632831	0.3406904442	0.3406904442	224780	3665	221115	-0.02974694246	0.9706911432	TRUE	lrt_mle	0.913,1.032	lrt_quadratic	two	True	0.9130743397726134	1.0319436812660445	FALSE	TRUE	FALSE	mle	224780	3665	221115	ridge_seeded_refit;ridge_seeded_refit;inference=mle;ci=lrt_quadratic	chr17-45585160-INV-706887	0.3406904442	TRUE	lrt_mle	lrt_mle	False	True	lrt_quadratic	0.913,1.032	0.9130743397726134	1.0319436812660445
Kidney_stone_disease	0.6960260603088235	0.3446356677	0.3446356677	241620	20505	221115	0.0128926602	1.012976129	TRUE	lrt_mle	0.986,1.040	lrt_quadratic	two	True	0.9862495191046095	1.0404270093735648	FALSE	TRUE	FALSE	mle	241620	20505	221115	ridge_seeded_refit;ridge_seeded_refit;inference=mle;ci=lrt_quadratic	chr17-45585160-INV-706887	0.3446356677	TRUE	lrt_mle	lrt_mle	False	True	lrt_quadratic	0.986,1.040	0.9862495191046095	1.0404270093735648
Metabolic_syndrome_Dysmetabolic_syndrome_X	0.6960260603088235	0.3447669261	0.3447669261	196814	4323	192491	0.02746133338	1.027841871	TRUE	lrt_mle	0.971,1.088	lrt_quadratic	two	True	0.970923870411859	1.0880965483706047	FALSE	TRUE	FALSE	mle	196814	4323	192491	ridge_seeded_refit;ridge_seeded_refit;inference=mle;ci=lrt_quadratic	chr17-45585160-INV-706887	0.3447669261	TRUE	lrt_mle	lrt_mle	False	True	lrt_quadratic	0.971,1.088	0.970923870411859	1.0880965483706047
Type_1_diabetes	0.6960260603088235	0.3449869215	0.3449869215	199657	7166	192491	-0.02270245469	0.9775533069	TRUE	lrt_mle	0.933,1.025	lrt_quadratic	two	True	0.932561488370232	1.0247157745207591	FALSE	TRUE	FALSE	mle	199657	7166	192491	ridge_seeded_refit;ridge_seeded_refit;inference=mle;ci=lrt_quadratic	chr17-45585160-INV-706887	0.3449869215	TRUE	lrt_mle	lrt_mle	False	True	lrt_quadratic	0.933,1.025	0.932561488370232	1.0247157745207591
Dysuria	0.6960260603088235	0.345157864	0.345157864	259508	38393	221115	-0.01015609364	0.9898953053	TRUE	lrt_mle	0.969,1.011	lrt_quadratic	two	True	0.9692409925876201	1.0109897569370954	FALSE	TRUE	FALSE	mle	259508	38393	221115	ridge_seeded_refit;ridge_seeded_refit;inference=mle;ci=lrt_quadratic	chr17-45585160-INV-706887	0.345157864	TRUE	lrt_mle	lrt_mle	False	True	lrt_quadratic	0.969,1.011	0.9692409925876201	1.0109897569370954
Premenstrual_dysphoric_disorder	0.6964241168806216	0.3466533467	0.3466533467	240913	1828	239085	-0.03941552789	0.9613511579	TRUE	score_boot_mle		profile_penalized	two	FALSE			TRUE	FALSE	TRUE	firth	142680	1825	140855	sex_restricted_to_0;sex_majority_restricted_to_0;firth_refit;firth_refit;inference=firth;ci=profile_penalized	chr17-45585160-INV-706887		TRUE	score_boot_mle	score_boot_mle	False	FALSE				
End_stage_renal_disease_CDK_stage_5	0.6964241168806216	0.3469514534	0.3469514534	226141	5026	221115	0.02837481115	1.028781211	TRUE	lrt_mle	0.970,1.091	lrt_quadratic	two	True	0.9697121934265472	1.0914483564746835	FALSE	TRUE	FALSE	mle	226141	5026	221115	ridge_seeded_refit;ridge_seeded_refit;inference=mle;ci=lrt_quadratic	chr17-45585160-INV-706887	0.3469514534	TRUE	lrt_mle	lrt_mle	False	True	lrt_quadratic	0.970,1.091	0.9697121934265472	1.0914483564746835
Hyperuricemia_without_signs_of_gout	0.6964241168806216	0.3472597921	0.3472597921	194209	1718	192491	0.04285810957	1.043789781	TRUE	lrt_mle	0.955,1.141	lrt_quadratic	two	True	0.9545533029730889	1.1413685360601853	FALSE	TRUE	FALSE	mle	194209	1718	192491	ridge_seeded_refit;ridge_seeded_refit;inference=mle;ci=lrt_quadratic	chr17-45585160-INV-706887	0.3472597921	TRUE	lrt_mle	lrt_mle	False	True	lrt_quadratic	0.955,1.141	0.9545533029730889	1.1413685360601853
Lumbosacral_sprain	0.696830706476951	0.34822691	0.34822691	189860	2011	187849	0.03983518759	1.04063925	TRUE	lrt_mle	0.958,1.131	lrt_quadratic	two	True	0.9575302492007997	1.1309617102108294	FALSE	TRUE	FALSE	mle	189860	2011	187849	ridge_seeded_refit;ridge_seeded_refit;inference=mle;ci=lrt_quadratic	chr17-45585160-INV-706887	0.34822691	TRUE	lrt_mle	lrt_mle	False	True	lrt_quadratic	0.958,1.131	0.9575302492007997	1.1309617102108294
Endometriosis	0.696830706476951	0.3494889374	0.3494889374	226946	5831	221115	0.02361232724	1.023893305	TRUE	lrt_mle	0.974,1.076	lrt_quadratic	two	True	0.9744778186856401	1.0758146370635078	FALSE	TRUE	FALSE	mle	131085	5827	125258	sex_restricted_to_0;sex_majority_restricted_to_0;ridge_seeded_refit;ridge_seeded_refit;inference=mle;ci=lrt_quadratic	chr17-45585160-INV-706887	0.3494889374	TRUE	lrt_mle	lrt_mle	False	True	lrt_quadratic	0.974,1.076	0.9744778186856401	1.0758146370635078
Problems_related_to_lifestyle	0.696830706476951	0.3499521657	0.3499521657	245487	6402	239085	0.0227755031	1.023036845	TRUE	lrt_mle	0.975,1.073	lrt_quadratic	two	True	0.97532633707966	1.0730812311487004	FALSE	TRUE	FALSE	mle	245487	6402	239085	ridge_seeded_refit;ridge_seeded_refit;inference=mle;ci=lrt_quadratic	chr17-45585160-INV-706887	0.3499521657	TRUE	lrt_mle	lrt_mle	False	True	lrt_quadratic	0.975,1.073	0.97532633707966	1.0730812311487004
Gross_hematuria	0.696830706476951	0.3500033904	0.3500033904	228847	7732	221115	-0.020436302	0.9797711039	TRUE	lrt_mle	0.939,1.023	lrt_quadratic	two	True	0.9386671111948074	1.0226750300295042	FALSE	TRUE	FALSE	mle	228847	7732	221115	ridge_seeded_refit;ridge_seeded_refit;inference=mle;ci=lrt_quadratic	chr17-45585160-INV-706887	0.3500033904	TRUE	lrt_mle	lrt_mle	False	True	lrt_quadratic	0.939,1.023	0.9386671111948074	1.0226750300295042
UterineUterovaginal_prolapse	0.6974343692524412	0.3514532015	0.3514532015	227959	6844	221115	-0.02183544943	0.9784012183	TRUE	lrt_mle	0.934,1.024	lrt_quadratic	two	True	0.9344793268550065	1.024387502676416	FALSE	TRUE	FALSE	mle	132096	6838	125258	sex_restricted_to_0;sex_majority_restricted_to_0;ridge_seeded_refit;ridge_seeded_refit;inference=mle;ci=lrt_quadratic	chr17-45585160-INV-706887	0.3514532015	TRUE	lrt_mle	lrt_mle	False	True	lrt_quadratic	0.934,1.024	0.9344793268550065	1.024387502676416
Intestinal_perforation	0.6974343692524412	0.3515781278	0.3515781278	198609	2010	196599	-0.03928044697	0.9614810269	TRUE	lrt_mle	0.885,1.044	lrt_quadratic	two	True	0.8852126990639368	1.0443204961363084	FALSE	TRUE	FALSE	mle	198609	2010	196599	ridge_seeded_refit;ridge_seeded_refit;inference=mle;ci=lrt_quadratic	chr17-45585160-INV-706887	0.3515781278	TRUE	lrt_mle	lrt_mle	False	True	lrt_quadratic	0.885,1.044	0.8852126990639368	1.0443204961363084
Inflammatory_myopathy	0.6977666520338129	0.352851086	0.352851086	190168	2319	187849	-0.03738561996	0.9633045942	TRUE	lrt_mle	0.890,1.042	lrt_quadratic	two	True	0.8902491093029005	1.0423551470960015	FALSE	TRUE	FALSE	mle	190168	2319	187849	ridge_seeded_refit;ridge_seeded_refit;inference=mle;ci=lrt_quadratic	chr17-45585160-INV-706887	0.352851086	TRUE	lrt_mle	lrt_mle	False	True	lrt_quadratic	0.890,1.042	0.8902491093029005	1.0423551470960015
Herpes_zoster	0.6977666520338129	0.353628214	0.353628214	259049	10948	248101	0.01694142513	1.017085745	TRUE	lrt_mle	0.981,1.054	lrt_quadratic	two	True	0.9813208776774913	1.054154085621604	FALSE	TRUE	FALSE	mle	259049	10948	248101	ridge_seeded_refit;ridge_seeded_refit;inference=mle;ci=lrt_quadratic	chr17-45585160-INV-706887	0.353628214	TRUE	lrt_mle	lrt_mle	False	True	lrt_quadratic	0.981,1.054	0.9813208776774913	1.054154085621604
Hepatic_failure	0.6977666520338129	0.3536538364	0.3536538364	198940	2341	196599	0.03710116952	1.037798009	TRUE	lrt_mle	0.960,1.122	lrt_quadratic	two	True	0.9595434135659121	1.12243457916439	FALSE	TRUE	FALSE	mle	198940	2341	196599	ridge_seeded_refit;ridge_seeded_refit;inference=mle;ci=lrt_quadratic	chr17-45585160-INV-706887	0.3536538364	TRUE	lrt_mle	lrt_mle	False	True	lrt_quadratic	0.960,1.122	0.9595434135659121	1.12243457916439
Microscopic_hematuria	0.6993848216651706	0.3551115275	0.3551115275	231343	10228	221115	0.01774209881	1.017900425	TRUE	lrt_mle	0.980,1.057	lrt_quadratic	two	True	0.9803333043077613	1.0569071460325605	FALSE	TRUE	FALSE	mle	231343	10228	221115	ridge_seeded_refit;ridge_seeded_refit;inference=mle;ci=lrt_quadratic	chr17-45585160-INV-706887	0.3551115275	TRUE	lrt_mle	lrt_mle	False	True	lrt_quadratic	0.980,1.057	0.9803333043077613	1.0569071460325605
Alcoholic_liver_disease	0.7030689053946237	0.3576230166	0.3576230166	242206	3121	239085	-0.0329149425	0.9676208595	TRUE	lrt_mle	0.902,1.038	lrt_quadratic	two	True	0.9020871697836972	1.0379153579628768	FALSE	TRUE	FALSE	mle	242206	3121	239085	ridge_seeded_refit;ridge_seeded_refit;inference=mle;ci=lrt_quadratic	chr17-45585160-INV-706887	0.3576230166	TRUE	lrt_mle	lrt_mle	False	True	lrt_quadratic	0.902,1.038	0.9020871697836972	1.0379153579628768
Blood_in_stool	0.7045869678202146	0.3590374795	0.3590374795	211963	15364	196599	-0.01489912705	0.9852113158	TRUE	lrt_mle	0.954,1.017	lrt_quadratic	two	True	0.9543383212107388	1.0170830565362095	FALSE	TRUE	FALSE	mle	211963	15364	196599	ridge_seeded_refit;ridge_seeded_refit;inference=mle;ci=lrt_quadratic	chr17-45585160-INV-706887	0.3590374795	TRUE	lrt_mle	lrt_mle	False	True	lrt_quadratic	0.954,1.017	0.9543383212107388	1.0170830565362095
Failure_to_thrive	0.7086841012198215	0.3617712823	0.3617712823	194794	2303	192491	0.03656587577	1.037242631	TRUE	lrt_mle	0.959,1.122	lrt_quadratic	two	True	0.958852849379586	1.1220410682438127	FALSE	TRUE	FALSE	mle	194794	2303	192491	ridge_seeded_refit;ridge_seeded_refit;inference=mle;ci=lrt_quadratic	chr17-45585160-INV-706887	0.3617712823	TRUE	lrt_mle	lrt_mle	False	True	lrt_quadratic	0.959,1.122	0.958852849379586	1.1220410682438127
Chronic_pain_syndrome	0.7093501660261101	0.363874368	0.363874368	194487	11914	182573	0.01644673507	1.016582727	TRUE	lrt_mle	0.981,1.053	lrt_quadratic	two	True	0.9811262913678993	1.0533205054271801	FALSE	TRUE	FALSE	mle	194487	11914	182573	ridge_seeded_refit;ridge_seeded_refit;inference=mle;ci=lrt_quadratic	chr17-45585160-INV-706887	0.363874368	TRUE	lrt_mle	lrt_mle	False	True	lrt_quadratic	0.981,1.053	0.9811262913678993	1.0533205054271801
Segmental_and_somatic_dysfunction	0.7093501660261101	0.3640122096	0.3640122096	192861	5012	187849	-0.02438597483	0.9759089608	TRUE	lrt_mle	0.926,1.029	lrt_quadratic	two	True	0.9258537068577736	1.0286703964529056	FALSE	TRUE	FALSE	mle	192861	5012	187849	ridge_seeded_refit;ridge_seeded_refit;inference=mle;ci=lrt_quadratic	chr17-45585160-INV-706887	0.3640122096	TRUE	lrt_mle	lrt_mle	False	True	lrt_quadratic	0.926,1.029	0.9258537068577736	1.0286703964529056
Spinal_stenosis	0.7093501660261101	0.3640511791	0.3640511791	216701	28852	187849	-0.01148515431	0.9885805483	TRUE	lrt_mle	0.964,1.013	lrt_quadratic	two	True	0.9643650422873635	1.0134041131953413	FALSE	TRUE	FALSE	mle	216701	28852	187849	ridge_seeded_refit;ridge_seeded_refit;inference=mle;ci=lrt_quadratic	chr17-45585160-INV-706887	0.3640511791	TRUE	lrt_mle	lrt_mle	False	True	lrt_quadratic	0.964,1.013	0.9643650422873635	1.0134041131953413
Inflammation_of_the_heart_Carditis	0.7095918455975178	0.364822061	0.364822061	214275	4443	209832	-0.02629025293	0.974052327	TRUE	lrt_mle	0.920,1.031	lrt_quadratic	two	True	0.920212299900579	1.031042440858429	FALSE	TRUE	FALSE	mle	214275	4443	209832	ridge_seeded_refit;ridge_seeded_refit;inference=mle;ci=lrt_quadratic	chr17-45585160-INV-706887	0.364822061	TRUE	lrt_mle	lrt_mle	False	True	lrt_quadratic	0.920,1.031	0.920212299900579	1.031042440858429
Trigeminal_nerve_disorders_CN5	0.7107005471954306	0.3670784244	0.3670784244	216959	2774	214185	-0.03231935866	0.9681973305	TRUE	lrt_mle	0.903,1.039	lrt_quadratic	two	True	0.9025334318298454	1.0386386118508406	FALSE	TRUE	FALSE	mle	216959	2774	214185	ridge_seeded_refit;ridge_seeded_refit;inference=mle;ci=lrt_quadratic	chr17-45585160-INV-706887	0.3670784244	TRUE	lrt_mle	lrt_mle	False	True	lrt_quadratic	0.903,1.039	0.9025334318298454	1.0386386118508406
Methicillin_resistant_Staphylococcus_aureus	0.7107005471954306	0.3673547472	0.3673547472	251427	3326	248101	0.02990109522	1.030352622	TRUE	lrt_mle	0.965,1.100	lrt_quadratic	two	True	0.9654975904934026	1.0995641380684322	FALSE	TRUE	FALSE	mle	251427	3326	248101	ridge_seeded_refit;ridge_seeded_refit;inference=mle;ci=lrt_quadratic	chr17-45585160-INV-706887	0.3673547472	TRUE	lrt_mle	lrt_mle	False	True	lrt_quadratic	0.965,1.100	0.9654975904934026	1.0995641380684322
Peptic_ulcer	0.7107005471954306	0.3677755355	0.3677755355	207393	10794	196599	-0.0171229296	0.9830228346	TRUE	lrt_mle	0.947,1.020	lrt_quadratic	two	True	0.9470670806463152	1.0203436621319657	FALSE	TRUE	FALSE	mle	207393	10794	196599	ridge_seeded_refit;ridge_seeded_refit;inference=mle;ci=lrt_quadratic	chr17-45585160-INV-706887	0.3677755355	TRUE	lrt_mle	lrt_mle	False	True	lrt_quadratic	0.947,1.020	0.9470670806463152	1.0203436621319657
Epistaxis	0.7107005471954306	0.3681786255	0.3681786255	218030	8398	209632	-0.0193093323	0.9808758987	TRUE	lrt_mle	0.940,1.023	lrt_quadratic	two	True	0.9404797892074268	1.0230071286111717	FALSE	TRUE	FALSE	mle	218030	8398	209632	ridge_seeded_refit;ridge_seeded_refit;inference=mle;ci=lrt_quadratic	chr17-45585160-INV-706887	0.3681786255	TRUE	lrt_mle	lrt_mle	False	True	lrt_quadratic	0.940,1.023	0.9404797892074268	1.0230071286111717
Threatened_abortion	0.7107005471954306	0.3686313686	0.3686313686	362413	3534	358879	-0.02962890882	0.9708057242	TRUE	score_boot_mle		profile_penalized	two	FALSE			TRUE	FALSE	TRUE	firth	210615	3534	207081	sex_restricted_to_0;sex_majority_restricted_to_0;firth_refit;firth_refit;inference=firth;ci=profile_penalized	chr17-45585160-INV-706887		TRUE	score_boot_mle	score_boot_mle	False	FALSE				
Symptoms_and_signs_involving_cognitive_functions_and_awareness	0.7110490847021053	0.3694603266	0.3694603266	245653	31468	214185	-0.01048643679	0.9895683542	TRUE	lrt_mle	0.967,1.012	lrt_quadratic	two	True	0.9671640512686506	1.0124916515974154	FALSE	TRUE	FALSE	mle	245653	31468	214185	ridge_seeded_refit;ridge_seeded_refit;inference=mle;ci=lrt_quadratic	chr17-45585160-INV-706887	0.3694603266	TRUE	lrt_mle	lrt_mle	False	True	lrt_quadratic	0.967,1.012	0.9671640512686506	1.0124916515974154
Ischemic_cardiomyopathy	0.7121318393839161	0.3712280982	0.3712280982	213073	3241	209832	0.03040354738	1.030870455	TRUE	lrt_mle	0.964,1.102	lrt_quadratic	two	True	0.9644100554960411	1.1019108408670835	FALSE	TRUE	FALSE	mle	213073	3241	209832	ridge_seeded_refit;ridge_seeded_refit;inference=mle;ci=lrt_quadratic	chr17-45585160-INV-706887	0.3712280982	TRUE	lrt_mle	lrt_mle	False	True	lrt_quadratic	0.964,1.102	0.9644100554960411	1.1019108408670835
Chorioretinal_scars	0.7121318393839161	0.3713212508	0.3713212508	260429	2741	257688	-0.03364368971	0.9669159654	TRUE	lrt_mle	0.898,1.041	lrt_quadratic	two	True	0.8981641339257666	1.0409305479718178	FALSE	TRUE	FALSE	mle	260429	2741	257688	ridge_seeded_refit;ridge_seeded_refit;inference=mle;ci=lrt_quadratic	chr17-45585160-INV-706887	0.3713212508	TRUE	lrt_mle	lrt_mle	False	True	lrt_quadratic	0.898,1.041	0.8981641339257666	1.0409305479718178
Malignant_neoplasm_of_male_genitalia	0.7159652194010453	0.3746253746	0.3746253746	264064	7297	256767	-0.02081843437	0.9793967732	TRUE	score_boot_mle		profile_penalized	two	FALSE			TRUE	FALSE	TRUE	firth	264064	7297	256767	firth_refit;firth_refit;inference=firth;ci=profile_penalized	chr17-45585160-INV-706887		TRUE	score_boot_mle	score_boot_mle	False	FALSE				
Chlamydia	0.7159652194010453	0.3746253746	0.3746253746	250509	2408	248101	-0.03904275502	0.9617095904	TRUE	score_boot_mle		profile_penalized	two	FALSE			TRUE	FALSE	TRUE	firth	250509	2408	248101	firth_refit;firth_refit;inference=firth;ci=profile_penalized	chr17-45585160-INV-706887		TRUE	score_boot_mle	score_boot_mle	False	FALSE				
Occipital_neuralgia	0.7161222206158262	0.3753603253	0.3753603253	190205	2356	187849	-0.03455550892	0.9660347147	TRUE	lrt_mle	0.895,1.043	lrt_quadratic	two	True	0.8949778807770198	1.0427331110209512	FALSE	TRUE	FALSE	mle	190205	2356	187849	ridge_seeded_refit;ridge_seeded_refit;inference=mle;ci=lrt_quadratic	chr17-45585160-INV-706887	0.3753603253	TRUE	lrt_mle	lrt_mle	False	True	lrt_quadratic	0.895,1.043	0.8949778807770198	1.0427331110209512
Vitamin_B_group_deficiency	0.7196778713597223	0.3778800856	0.3778800856	211629	19138	192491	-0.01287266616	0.9872098322	TRUE	lrt_mle	0.959,1.016	lrt_quadratic	two	True	0.9593644354659185	1.015863437120735	FALSE	TRUE	FALSE	mle	211629	19138	192491	ridge_seeded_refit;ridge_seeded_refit;inference=mle;ci=lrt_quadratic	chr17-45585160-INV-706887	0.3778800856	TRUE	lrt_mle	lrt_mle	False	True	lrt_quadratic	0.959,1.016	0.9593644354659185	1.015863437120735
Syncope_and_collapse	0.7198704161242635	0.3786374021	0.3786374021	211373	28800	182573	-0.01086048954	0.9891982727	TRUE	lrt_mle	0.966,1.013	lrt_quadratic	two	True	0.9655686652149184	1.013406149014401	FALSE	TRUE	FALSE	mle	211373	28800	182573	ridge_seeded_refit;ridge_seeded_refit;inference=mle;ci=lrt_quadratic	chr17-45585160-INV-706887	0.3786374021	TRUE	lrt_mle	lrt_mle	False	True	lrt_quadratic	0.966,1.013	0.9655686652149184	1.013406149014401
Arthralgia_of_temporomandibular_joint	0.7212724074906574	0.3800323168	0.3800323168	191461	3612	187849	0.02760826762	1.027992907	TRUE	lrt_mle	0.967,1.093	lrt_quadratic	two	True	0.9665393439780742	1.0933537515117469	FALSE	TRUE	FALSE	mle	191461	3612	187849	ridge_seeded_refit;ridge_seeded_refit;inference=mle;ci=lrt_quadratic	chr17-45585160-INV-706887	0.3800323168	TRUE	lrt_mle	lrt_mle	False	True	lrt_quadratic	0.967,1.093	0.9665393439780742	1.0933537515117469
Recurrent_pregnancy_loss	0.7226435918342513	0.3816183816	0.3816183816	359898	1019	358879	0.0534323951	1.054885674	TRUE	score_boot_mle		profile_penalized	two	FALSE			TRUE	FALSE	TRUE	firth	359898	1019	358879	firth_refit;firth_refit;inference=firth;ci=profile_penalized	chr17-45585160-INV-706887		TRUE	score_boot_mle	score_boot_mle	False	FALSE				
Cachexia	0.7226435918342513	0.3823951198	0.3823951198	193711	1220	192491	-0.05044868111	0.9508027216	TRUE	lrt_mle	0.849,1.065	lrt_quadratic	two	True	0.849041870947643	1.0647599915396708	FALSE	TRUE	FALSE	mle	193711	1220	192491	ridge_seeded_refit;ridge_seeded_refit;inference=mle;ci=lrt_quadratic	chr17-45585160-INV-706887	0.3823951198	TRUE	lrt_mle	lrt_mle	False	True	lrt_quadratic	0.849,1.065	0.849041870947643	1.0647599915396708
Inflammatory_bowel_disease	0.7226435918342513	0.3827310181	0.3827310181	203510	6911	196599	-0.01948769075	0.9807009668	TRUE	lrt_mle	0.939,1.025	lrt_quadratic	two	True	0.9387129284218914	1.0245671037199038	FALSE	TRUE	FALSE	mle	203510	6911	196599	ridge_seeded_refit;ridge_seeded_refit;inference=mle;ci=lrt_quadratic	chr17-45585160-INV-706887	0.3827310181	TRUE	lrt_mle	lrt_mle	False	True	lrt_quadratic	0.939,1.025	0.9387129284218914	1.0245671037199038
Encephalopathy	0.7237102519831904	0.3844437479	0.3844437479	222900	8715	214185	0.01853445247	1.018707282	TRUE	lrt_mle	0.977,1.062	lrt_quadratic	two	True	0.9770346621100915	1.0621573273927973	FALSE	TRUE	FALSE	mle	222900	8715	214185	ridge_seeded_refit;ridge_seeded_refit;inference=mle;ci=lrt_quadratic	chr17-45585160-INV-706887	0.3844437479	TRUE	lrt_mle	lrt_mle	False	True	lrt_quadratic	0.977,1.062	0.9770346621100915	1.0621573273927973
Separation_of_muscle_nontraumatic	0.7237102519831904	0.3846153846	0.3846153846	189131	1282	187849	0.0451679153	1.046203519	TRUE	score_boot_mle		profile_penalized	two	FALSE			TRUE	FALSE	TRUE	firth	189131	1282	187849	firth_refit;firth_refit;inference=firth;ci=profile_penalized	chr17-45585160-INV-706887		TRUE	score_boot_mle	score_boot_mle	False	FALSE				
Acute_cholecystitis	0.7255089624203768	0.3862326655	0.3862326655	199095	2496	196599	-0.03369242764	0.966868841	TRUE	lrt_mle	0.896,1.043	lrt_quadratic	two	True	0.8959191772261527	1.0434371531913411	FALSE	TRUE	FALSE	mle	199095	2496	196599	ridge_seeded_refit;ridge_seeded_refit;inference=mle;ci=lrt_quadratic	chr17-45585160-INV-706887	0.3862326655	TRUE	lrt_mle	lrt_mle	False	True	lrt_quadratic	0.896,1.043	0.8959191772261527	1.0434371531913411
Posttraumatic_stress_disorder	0.7266419910808547	0.3874982359	0.3874982359	254435	15350	239085	0.01376542636	1.013860606	TRUE	lrt_mle	0.983,1.046	lrt_quadratic	two	True	0.9826962333004751	1.0460132986241295	FALSE	TRUE	FALSE	mle	254435	15350	239085	ridge_seeded_refit;ridge_seeded_refit;inference=mle;ci=lrt_quadratic	chr17-45585160-INV-706887	0.3874982359	TRUE	lrt_mle	lrt_mle	False	True	lrt_quadratic	0.983,1.046	0.9826962333004751	1.0460132986241295
Helicobacter_H._pylori	0.7295611415022185	0.3897199899	0.3897199899	252228	4127	248101	-0.02876878141	0.9716411	TRUE	lrt_mle	0.910,1.037	lrt_quadratic	two	True	0.9099877990465683	1.0374715223226147	FALSE	TRUE	FALSE	mle	252228	4127	248101	ridge_seeded_refit;ridge_seeded_refit;inference=mle;ci=lrt_quadratic	chr17-45585160-INV-706887	0.3897199899	TRUE	lrt_mle	lrt_mle	False	True	lrt_quadratic	0.910,1.037	0.9099877990465683	1.0374715223226147
Occlusion_and_stenosis_of_cerebral_arteries	0.7338120641996593	0.3926596916	0.3926596916	212194	2362	209832	0.0350141925	1.035634407	TRUE	lrt_mle	0.956,1.122	lrt_quadratic	two	True	0.955740167212625	1.122207333776734	FALSE	TRUE	FALSE	mle	212194	2362	209832	ridge_seeded_refit;ridge_seeded_refit;inference=mle;ci=lrt_quadratic	chr17-45585160-INV-706887	0.3926596916	TRUE	lrt_mle	lrt_mle	False	True	lrt_quadratic	0.956,1.122	0.955740167212625	1.122207333776734
Plantar_wart	0.734897111525	0.3939102111	0.3939102111	251439	3338	248101	-0.02699056813	0.9733704222	TRUE	lrt_mle	0.915,1.036	lrt_quadratic	two	True	0.9148085030526272	1.0356812115560174	FALSE	TRUE	FALSE	mle	251439	3338	248101	ridge_seeded_refit;ridge_seeded_refit;inference=mle;ci=lrt_quadratic	chr17-45585160-INV-706887	0.3939102111	TRUE	lrt_mle	lrt_mle	False	True	lrt_quadratic	0.915,1.036	0.9148085030526272	1.0356812115560174
Secondary_malignant_neoplasm	0.7375179934165016	0.397085646	0.397085646	264080	7313	256767	-0.01883360932	0.9813426349	TRUE	lrt_mle	0.939,1.025	lrt_quadratic	two	True	0.939485332867806	1.0250648237224245	FALSE	TRUE	FALSE	mle	264080	7313	256767	ridge_seeded_refit;ridge_seeded_refit;inference=mle;ci=lrt_quadratic	chr17-45585160-INV-706887	0.397085646	TRUE	lrt_mle	lrt_mle	False	True	lrt_quadratic	0.939,1.025	0.939485332867806	1.0250648237224245
Secondary_hypothyroidism	0.7375179934165016	0.3978868823	0.3978868823	202805	10314	192491	-0.01631452268	0.9838178384	TRUE	lrt_mle	0.947,1.022	lrt_quadratic	two	True	0.9473015219761467	1.021741775592651	FALSE	TRUE	FALSE	mle	202805	10314	192491	ridge_seeded_refit;ridge_seeded_refit;inference=mle;ci=lrt_quadratic	chr17-45585160-INV-706887	0.3978868823	TRUE	lrt_mle	lrt_mle	False	True	lrt_quadratic	0.947,1.022	0.9473015219761467	1.021741775592651
Abnormal_coagulation_profile	0.7375179934165016	0.3992174816	0.3992174816	270572	5621	264951	0.0217720366	1.022010777	TRUE	lrt_mle	0.972,1.075	lrt_quadratic	two	True	0.9715656009212952	1.075075143696118	FALSE	TRUE	FALSE	mle	270572	5621	264951	ridge_seeded_refit;ridge_seeded_refit;inference=mle;ci=lrt_quadratic	chr17-45585160-INV-706887	0.3992174816	TRUE	lrt_mle	lrt_mle	False	True	lrt_quadratic	0.972,1.075	0.9715656009212952	1.075075143696118
Symptoms_involving_female_genital_tract	0.7375179934165016	0.399384997	0.399384997	226943	5828	221115	0.02144880343	1.021680482	TRUE	lrt_mle	0.972,1.074	lrt_quadratic	two	True	0.9719645495997129	1.0739393825359156	FALSE	TRUE	FALSE	mle	131059	5801	125258	sex_restricted_to_0;sex_majority_restricted_to_0;ridge_seeded_refit;ridge_seeded_refit;inference=mle;ci=lrt_quadratic	chr17-45585160-INV-706887	0.399384997	TRUE	lrt_mle	lrt_mle	False	True	lrt_quadratic	0.972,1.074	0.9719645495997129	1.0739393825359156
Platelet_defects	0.7375179934165016	0.399685338	0.399685338	278555	13604	264951	-0.01419218256	0.9859080517	TRUE	lrt_mle	0.954,1.019	lrt_quadratic	two	True	0.9538767409645712	1.0190149782523152	FALSE	TRUE	FALSE	mle	278555	13604	264951	ridge_seeded_refit;ridge_seeded_refit;inference=mle;ci=lrt_quadratic	chr17-45585160-INV-706887	0.399685338	TRUE	lrt_mle	lrt_mle	False	True	lrt_quadratic	0.954,1.019	0.9538767409645712	1.0190149782523152
White_matter_disease_unspecified	0.7375179934165016	0.3998157759	0.3998157759	216015	1830	214185	0.03702557222	1.037719557	TRUE	lrt_mle	0.952,1.131	lrt_quadratic	two	True	0.9520233426747062	1.1311297016732702	FALSE	TRUE	FALSE	mle	216015	1830	214185	ridge_seeded_refit;ridge_seeded_refit;inference=mle;ci=lrt_quadratic	chr17-45585160-INV-706887	0.3998157759	TRUE	lrt_mle	lrt_mle	False	True	lrt_quadratic	0.952,1.131	0.9520233426747062	1.1311297016732702
Antepartum_hemorrhage	0.7375179934165016	0.4005994006	0.4005994006	361144	2265	358879	-0.03672535848	0.9639408372	TRUE	score_boot_mle		profile_penalized	two	FALSE			TRUE	FALSE	TRUE	firth	209344	2263	207081	sex_restricted_to_0;sex_majority_restricted_to_0;firth_refit;firth_refit;inference=firth;ci=profile_penalized	chr17-45585160-INV-706887		TRUE	score_boot_mle	score_boot_mle	False	FALSE				
Other_mental_and_behavioral_problems	0.7375179934165016	0.4031514168	0.4031514168	250240	11155	239085	0.01587686992	1.016003577	TRUE	lrt_mle	0.979,1.055	lrt_quadratic	two	True	0.9788807481584894	1.054534242936594	FALSE	TRUE	FALSE	mle	250240	11155	239085	ridge_seeded_refit;ridge_seeded_refit;inference=mle;ci=lrt_quadratic	chr17-45585160-INV-706887	0.4031514168	TRUE	lrt_mle	lrt_mle	False	True	lrt_quadratic	0.979,1.055	0.9788807481584894	1.054534242936594
Enterococcus	0.7375179934165016	0.4039706318	0.4039706318	250018	1917	248101	0.03696955457	1.037661428	TRUE	lrt_mle	0.951,1.132	lrt_quadratic	two	True	0.9513679469289398	1.131782128329787	FALSE	TRUE	FALSE	mle	250018	1917	248101	ridge_seeded_refit;ridge_seeded_refit;inference=mle;ci=lrt_quadratic	chr17-45585160-INV-706887	0.4039706318	TRUE	lrt_mle	lrt_mle	False	True	lrt_quadratic	0.951,1.132	0.9513679469289398	1.131782128329787
Decreased_white_blood_cell_count	0.7375179934165016	0.4040391691	0.4040391691	275585	10634	264951	-0.01588751787	0.984238023	TRUE	lrt_mle	0.948,1.022	lrt_quadratic	two	True	0.9481854257473737	1.0216614384170168	FALSE	TRUE	FALSE	mle	275585	10634	264951	ridge_seeded_refit;ridge_seeded_refit;inference=mle;ci=lrt_quadratic	chr17-45585160-INV-706887	0.4040391691	TRUE	lrt_mle	lrt_mle	False	True	lrt_quadratic	0.948,1.022	0.9481854257473737	1.0216614384170168
Hypertensive_crisis	0.7375179934165016	0.4042351733	0.4042351733	214574	4742	209832	0.02593827919	1.026277604	TRUE	lrt_mle	0.966,1.091	lrt_quadratic	two	True	0.9655931285865469	1.0907759064858433	FALSE	TRUE	FALSE	mle	214574	4742	209832	ridge_seeded_refit;ridge_seeded_refit;inference=mle;ci=lrt_quadratic	chr17-45585160-INV-706887	0.4042351733	TRUE	lrt_mle	lrt_mle	False	True	lrt_quadratic	0.966,1.091	0.9655931285865469	1.0907759064858433
Adhesive_capsulitis_of_shoulder	0.7375179934165016	0.4052478334	0.4052478334	193225	5376	187849	-0.02209979468	0.9781426168	TRUE	lrt_mle	0.929,1.030	lrt_quadratic	two	True	0.9285389051308814	1.0303962207911628	FALSE	TRUE	FALSE	mle	193225	5376	187849	ridge_seeded_refit;ridge_seeded_refit;inference=mle;ci=lrt_quadratic	chr17-45585160-INV-706887	0.4052478334	TRUE	lrt_mle	lrt_mle	False	True	lrt_quadratic	0.929,1.030	0.9285389051308814	1.0303962207911628
Chronic_cystitis	0.7375179934165016	0.4055944056	0.4055944056	222923	1808	221115	-0.03646866178	0.9641883094	TRUE	score_boot_mle		profile_penalized	two	FALSE			TRUE	FALSE	TRUE	firth	222923	1808	221115	firth_refit;firth_refit;inference=firth;ci=profile_penalized	chr17-45585160-INV-706887		TRUE	score_boot_mle	score_boot_mle	False	FALSE				
Serous_retinal_detachment	0.7375179934165016	0.4055944056	0.4055944056	259253	1565	257688	-0.03993342276	0.960853408	TRUE	score_boot_mle		profile_penalized	two	FALSE			TRUE	FALSE	TRUE	firth	259253	1565	257688	firth_refit;firth_refit;inference=firth;ci=profile_penalized	chr17-45585160-INV-706887		TRUE	score_boot_mle	score_boot_mle	False	FALSE				
Instability_of_joint	0.7375179934165016	0.4061728421	0.4061728421	194408	6559	187849	-0.01946146369	0.980726688	TRUE	lrt_mle	0.937,1.027	lrt_quadratic	two	True	0.936709579579795	1.0268122133237314	FALSE	TRUE	FALSE	mle	194408	6559	187849	ridge_seeded_refit;ridge_seeded_refit;inference=mle;ci=lrt_quadratic	chr17-45585160-INV-706887	0.4061728421	TRUE	lrt_mle	lrt_mle	False	True	lrt_quadratic	0.937,1.027	0.936709579579795	1.0268122133237314
Viral_enteritis	0.7375179934165016	0.4068814287	0.4068814287	201747	5148	196599	-0.02302368114	0.9772393414	TRUE	lrt_mle	0.925,1.032	lrt_quadratic	two	True	0.9254903503823619	1.0318818882363154	FALSE	TRUE	FALSE	mle	201747	5148	196599	ridge_seeded_refit;ridge_seeded_refit;inference=mle;ci=lrt_quadratic	chr17-45585160-INV-706887	0.4068814287	TRUE	lrt_mle	lrt_mle	False	True	lrt_quadratic	0.925,1.032	0.9254903503823619	1.0318818882363154
Hypertrophy_of_nasal_turbinates	0.7375179934165016	0.4069500247	0.4069500247	215126	5494	209632	-0.02106126255	0.979158977	TRUE	lrt_mle	0.932,1.029	lrt_quadratic	two	True	0.931611881503463	1.0291327549479559	FALSE	TRUE	FALSE	mle	215126	5494	209632	ridge_seeded_refit;ridge_seeded_refit;inference=mle;ci=lrt_quadratic	chr17-45585160-INV-706887	0.4069500247	TRUE	lrt_mle	lrt_mle	False	True	lrt_quadratic	0.932,1.029	0.931611881503463	1.0291327549479559
Panic_disorder_episodic_paroxysmal_anxiety	0.7375179934165016	0.4074165032	0.4074165032	249334	10249	239085	0.01565420836	1.015777377	TRUE	lrt_mle	0.979,1.054	lrt_quadratic	two	True	0.9788460491940436	1.0541021043859389	FALSE	TRUE	FALSE	mle	249334	10249	239085	ridge_seeded_refit;ridge_seeded_refit;inference=mle;ci=lrt_quadratic	chr17-45585160-INV-706887	0.4074165032	TRUE	lrt_mle	lrt_mle	False	True	lrt_quadratic	0.979,1.054	0.9788460491940436	1.0541021043859389
Speech_disturbance	0.7402088276790775	0.4095777196	0.4095777196	222543	8358	214185	-0.01767610551	0.9824792004	TRUE	lrt_mle	0.942,1.025	lrt_quadratic	two	True	0.9420584461079766	1.0246342817293246	FALSE	TRUE	FALSE	mle	222543	8358	214185	ridge_seeded_refit;ridge_seeded_refit;inference=mle;ci=lrt_quadratic	chr17-45585160-INV-706887	0.4095777196	TRUE	lrt_mle	lrt_mle	False	True	lrt_quadratic	0.942,1.025	0.9420584461079766	1.0246342817293246
Thrombocytosis	0.7426192229032894	0.4115884116	0.4115884116	266205	1254	264951	0.04463908131	1.045650397	TRUE	score_boot_mle		profile_penalized	two	FALSE			TRUE	FALSE	TRUE	firth	266205	1254	264951	firth_refit;firth_refit;inference=firth;ci=profile_penalized	chr17-45585160-INV-706887		TRUE	score_boot_mle	score_boot_mle	False	FALSE				
Nasal_polyps	0.7454027744367816	0.413810656	0.413810656	212147	2515	209632	-0.0303192249	0.9701357926	TRUE	lrt_mle	0.902,1.043	lrt_quadratic	two	True	0.9020945013403355	1.0433091596357875	FALSE	TRUE	FALSE	mle	212147	2515	209632	ridge_seeded_refit;ridge_seeded_refit;inference=mle;ci=lrt_quadratic	chr17-45585160-INV-706887	0.413810656	TRUE	lrt_mle	lrt_mle	False	True	lrt_quadratic	0.902,1.043	0.9020945013403355	1.0433091596357875
Encephalitis_myelitis_and_encephalomyelitis	0.7455740980593443	0.4145854146	0.4145854146	215214	1029	214185	-0.04818178803	0.9529605345	TRUE	score_boot_mle		profile_penalized	two	FALSE			TRUE	FALSE	TRUE	firth	215214	1029	214185	firth_refit;firth_refit;inference=firth;ci=profile_penalized	chr17-45585160-INV-706887		TRUE	score_boot_mle	score_boot_mle	False	FALSE				
Otorrhea	0.7459642960166395	0.4155844156	0.4155844156	259098	1410	257688	-0.03966842443	0.9611080663	TRUE	score_boot_mle		profile_penalized	two	FALSE			TRUE	FALSE	TRUE	firth	259098	1410	257688	firth_refit;firth_refit;inference=firth;ci=profile_penalized	chr17-45585160-INV-706887		TRUE	score_boot_mle	score_boot_mle	False	FALSE				
Pain_in_ankle_and_joints_of_foot	0.7459642960166395	0.4162784141	0.4162784141	220917	33068	187849	-0.009486057652	0.9905587931	TRUE	lrt_mle	0.968,1.013	lrt_quadratic	two	True	0.9681600975885652	1.0134756895646069	FALSE	TRUE	FALSE	mle	220917	33068	187849	ridge_seeded_refit;ridge_seeded_refit;inference=mle;ci=lrt_quadratic	chr17-45585160-INV-706887	0.4162784141	TRUE	lrt_mle	lrt_mle	False	True	lrt_quadratic	0.968,1.013	0.9681600975885652	1.0134756895646069
Disorders_of_choroid	0.7459642960166395	0.4168424006	0.4168424006	260908	3220	257688	-0.02803040613	0.9723588007	TRUE	lrt_mle	0.909,1.040	lrt_quadratic	two	True	0.9087401069296646	1.0404312850914281	FALSE	TRUE	FALSE	mle	260908	3220	257688	ridge_seeded_refit;ridge_seeded_refit;inference=mle;ci=lrt_quadratic	chr17-45585160-INV-706887	0.4168424006	TRUE	lrt_mle	lrt_mle	False	True	lrt_quadratic	0.909,1.040	0.9087401069296646	1.0404312850914281
Congenital_malformations_of_the_urinary_system	0.7474660598654724	0.4183629542	0.4183629542	373898	4789	369109	-0.02212671123	0.9781162889	TRUE	lrt_mle	0.927,1.032	lrt_quadratic	two	True	0.9270798700064985	1.0319622996095634	FALSE	TRUE	FALSE	mle	373898	4789	369109	ridge_seeded_refit;ridge_seeded_refit;inference=mle;ci=lrt_quadratic	chr17-45585160-INV-706887	0.4183629542	TRUE	lrt_mle	lrt_mle	False	True	lrt_quadratic	0.927,1.032	0.9270798700064985	1.0319622996095634
Malignant_neoplasm_of_the_bladder	0.7502042673141462	0.4205794206	0.4205794206	258744	1977	256767	-0.03262453956	0.9679019002	TRUE	score_boot_mle		profile_penalized	two	FALSE			TRUE	FALSE	TRUE	firth	258744	1977	256767	firth_refit;firth_refit;inference=firth;ci=profile_penalized	chr17-45585160-INV-706887		TRUE	score_boot_mle	score_boot_mle	False	FALSE				
Atrioventricular_block_complete	0.7539092077212122	0.4245754246	0.4245754246	211508	1676	209832	0.03650179665	1.037176167	TRUE	score_boot_mle		profile_penalized	two	FALSE			TRUE	FALSE	TRUE	firth	211508	1676	209832	firth_refit;firth_refit;inference=firth;ci=profile_penalized	chr17-45585160-INV-706887		TRUE	score_boot_mle	score_boot_mle	False	FALSE				
Other_diseases_of_biliary_tract	0.7539092077212122	0.4247582677	0.4247582677	202347	5748	196599	0.02049440142	1.020705854	TRUE	lrt_mle	0.971,1.073	lrt_quadratic	two	True	0.9706109079769727	1.0733862882270289	FALSE	TRUE	FALSE	mle	202347	5748	196599	ridge_seeded_refit;ridge_seeded_refit;inference=mle;ci=lrt_quadratic	chr17-45585160-INV-706887	0.4247582677	TRUE	lrt_mle	lrt_mle	False	True	lrt_quadratic	0.971,1.073	0.9706109079769727	1.0733862882270289
Lichen_planus_nitidus_or_striatus	0.7539092077212122	0.4255744256	0.4255744256	231912	1451	230461	0.04041977298	1.04124777	TRUE	score_boot_mle		profile_penalized	two	FALSE			TRUE	FALSE	TRUE	firth	231912	1451	230461	firth_refit;firth_refit;inference=firth;ci=profile_penalized	chr17-45585160-INV-706887		TRUE	score_boot_mle	score_boot_mle	False	FALSE				
Cannabis_abuse_or_dependance	0.7539092077212122	0.426187829	0.426187829	247025	7940	239085	-0.01913648469	0.9810454554	TRUE	lrt_mle	0.936,1.028	lrt_quadratic	two	True	0.9358767613047816	1.0283941490955313	FALSE	TRUE	FALSE	mle	247025	7940	239085	ridge_seeded_refit;ridge_seeded_refit;inference=mle;ci=lrt_quadratic	chr17-45585160-INV-706887	0.426187829	TRUE	lrt_mle	lrt_mle	False	True	lrt_quadratic	0.936,1.028	0.9358767613047816	1.0283941490955313
Osteochondrosis	0.7539092077212122	0.4265734266	0.4265734266	188927	1078	187849	-0.04168827924	0.9591687268	TRUE	score_boot_mle		profile_penalized	two	FALSE			TRUE	FALSE	TRUE	firth	188927	1078	187849	firth_refit;firth_refit;inference=firth;ci=profile_penalized	chr17-45585160-INV-706887		TRUE	score_boot_mle	score_boot_mle	False	FALSE				
Congenital_malformations_of_cardiac_chambers_and_connections	0.7539092077212122	0.4282459035	0.4282459035	371947	2838	369109	0.02748093073	1.027862014	TRUE	lrt_mle	0.960,1.100	lrt_quadratic	two	True	0.9603002485874591	1.100177076993815	FALSE	TRUE	FALSE	mle	371947	2838	369109	ridge_seeded_refit;ridge_seeded_refit;inference=mle;ci=lrt_quadratic	chr17-45585160-INV-706887	0.4282459035	TRUE	lrt_mle	lrt_mle	False	True	lrt_quadratic	0.960,1.100	0.9603002485874591	1.100177076993815
Macrocytic_anemia	0.7539092077212122	0.4297930677	0.4297930677	272387	7436	264951	-0.0177503294	0.9824062797	TRUE	lrt_mle	0.940,1.027	lrt_quadratic	two	True	0.9400580547063402	1.026662229609683	FALSE	TRUE	FALSE	mle	272387	7436	264951	ridge_seeded_refit;ridge_seeded_refit;inference=mle;ci=lrt_quadratic	chr17-45585160-INV-706887	0.4297930677	TRUE	lrt_mle	lrt_mle	False	True	lrt_quadratic	0.940,1.027	0.9400580547063402	1.026662229609683
Dizziness_and_giddiness	0.7539092077212122	0.4298309428	0.4298309428	270856	56671	214185	-0.007332522098	0.9926942953	TRUE	lrt_mle	0.975,1.011	lrt_quadratic	two	True	0.9747870641408276	1.010930489421365	FALSE	TRUE	FALSE	mle	270856	56671	214185	ridge_seeded_refit;ridge_seeded_refit;inference=mle;ci=lrt_quadratic	chr17-45585160-INV-706887	0.4298309428	TRUE	lrt_mle	lrt_mle	False	True	lrt_quadratic	0.975,1.011	0.9747870641408276	1.010930489421365
Intestinal_malabsorption	0.7539092077212122	0.4304008282	0.4304008282	202299	5700	196599	-0.01926482436	0.9809195564	TRUE	lrt_mle	0.935,1.029	lrt_quadratic	two	True	0.9350542012508191	1.0290346537529178	FALSE	TRUE	FALSE	mle	202299	5700	196599	ridge_seeded_refit;ridge_seeded_refit;inference=mle;ci=lrt_quadratic	chr17-45585160-INV-706887	0.4304008282	TRUE	lrt_mle	lrt_mle	False	True	lrt_quadratic	0.935,1.029	0.9350542012508191	1.0290346537529178
Fasciculation	0.7539092077212122	0.4305694306	0.4305694306	215408	1223	214185	-0.03901623712	0.9617350932	TRUE	score_boot_mle		profile_penalized	two	FALSE			TRUE	FALSE	TRUE	firth	215408	1223	214185	firth_refit;firth_refit;inference=firth;ci=profile_penalized	chr17-45585160-INV-706887		TRUE	score_boot_mle	score_boot_mle	False	FALSE				
Dislocation	0.7539092077212122	0.4308863444	0.4308863444	196185	8336	187849	-0.01667118688	0.9834670083	TRUE	lrt_mle	0.944,1.025	lrt_quadratic	two	True	0.9435047366270407	1.0251218874989414	FALSE	TRUE	FALSE	mle	196185	8336	187849	ridge_seeded_refit;ridge_seeded_refit;inference=mle;ci=lrt_quadratic	chr17-45585160-INV-706887	0.4308863444	TRUE	lrt_mle	lrt_mle	False	True	lrt_quadratic	0.944,1.025	0.9435047366270407	1.0251218874989414
Prediabetes	0.7539092077212122	0.4309034396	0.4309034396	214776	22285	192491	0.01125044208	1.011313966	TRUE	lrt_mle	0.983,1.040	lrt_quadratic	two	True	0.9833944855702454	1.0400261069705576	FALSE	TRUE	FALSE	mle	214776	22285	192491	ridge_seeded_refit;ridge_seeded_refit;inference=mle;ci=lrt_quadratic	chr17-45585160-INV-706887	0.4309034396	TRUE	lrt_mle	lrt_mle	False	True	lrt_quadratic	0.983,1.040	0.9833944855702454	1.0400261069705576
Iron_deficiency	0.7557798603068472	0.4326615791	0.4326615791	226736	34245	192491	0.009179649691	1.009221912	TRUE	lrt_mle	0.986,1.033	lrt_quadratic	two	True	0.9863439214903192	1.032630551326677	FALSE	TRUE	FALSE	mle	226736	34245	192491	ridge_seeded_refit;ridge_seeded_refit;inference=mle;ci=lrt_quadratic	chr17-45585160-INV-706887	0.4326615791	TRUE	lrt_mle	lrt_mle	False	True	lrt_quadratic	0.986,1.033	0.9863439214903192	1.032630551326677
Hematuria	0.7563082075553796	0.4338918213	0.4338918213	255198	34083	221115	-0.008803853146	0.9912347873	TRUE	lrt_mle	0.970,1.013	lrt_quadratic	two	True	0.9696172408327226	1.0133342953886764	FALSE	TRUE	FALSE	mle	255198	34083	221115	ridge_seeded_refit;ridge_seeded_refit;inference=mle;ci=lrt_quadratic	chr17-45585160-INV-706887	0.4338918213	TRUE	lrt_mle	lrt_mle	False	True	lrt_quadratic	0.970,1.013	0.9696172408327226	1.0133342953886764
Sars_CoV_2	0.7563082075553796	0.4351139993	0.4351139993	276646	28545	248101	-0.009411213269	0.9906329336	TRUE	lrt_mle	0.967,1.014	lrt_quadratic	two	True	0.9674948151987671	1.0143244115760368	FALSE	TRUE	FALSE	mle	276646	28545	248101	ridge_seeded_refit;ridge_seeded_refit;inference=mle;ci=lrt_quadratic	chr17-45585160-INV-706887	0.4351139993	TRUE	lrt_mle	lrt_mle	False	True	lrt_quadratic	0.967,1.014	0.9674948151987671	1.0143244115760368
Thrombocytopenia	0.7563082075553796	0.4353693637	0.4353693637	278270	13319	264951	-0.01328037785	0.9868074173	TRUE	lrt_mle	0.954,1.020	lrt_quadratic	two	True	0.9544219525706862	1.0202917862381649	FALSE	TRUE	FALSE	mle	278270	13319	264951	ridge_seeded_refit;ridge_seeded_refit;inference=mle;ci=lrt_quadratic	chr17-45585160-INV-706887	0.4353693637	TRUE	lrt_mle	lrt_mle	False	True	lrt_quadratic	0.954,1.020	0.9544219525706862	1.0202917862381649
Persistent_atrial_fibrillation	0.7563082075553796	0.435721775	0.435721775	213777	3945	209832	0.02352758876	1.023806546	TRUE	lrt_mle	0.965,1.086	lrt_quadratic	two	True	0.9649928728719407	1.0862047512629003	FALSE	TRUE	FALSE	mle	213777	3945	209832	ridge_seeded_refit;ridge_seeded_refit;inference=mle;ci=lrt_quadratic	chr17-45585160-INV-706887	0.435721775	TRUE	lrt_mle	lrt_mle	False	True	lrt_quadratic	0.965,1.086	0.9649928728719407	1.0862047512629003
Traumatic_arthropathy	0.7571072461312303	0.4371890617	0.4371890617	189257	1408	187849	0.03931746642	1.040100628	TRUE	lrt_mle	0.942,1.149	lrt_quadratic	two	True	0.941890305743212	1.1485512806763536	FALSE	TRUE	FALSE	mle	189257	1408	187849	ridge_seeded_refit;ridge_seeded_refit;inference=mle;ci=lrt_quadratic	chr17-45585160-INV-706887	0.4371890617	TRUE	lrt_mle	lrt_mle	False	True	lrt_quadratic	0.942,1.149	0.941890305743212	1.1485512806763536
Malignant_neoplasm_of_connective_and_soft_tissue	0.7571072461312303	0.4375624376	0.4375624376	258445	1678	256767	-0.03223299861	0.9682809477	TRUE	score_boot_mle		profile_penalized	two	FALSE			TRUE	FALSE	TRUE	firth	258445	1678	256767	firth_refit;firth_refit;inference=firth;ci=profile_penalized	chr17-45585160-INV-706887		TRUE	score_boot_mle	score_boot_mle	False	FALSE				
Signs_and_symptoms_involving_emotional_state	0.764264243823307	0.4423954374	0.4423954374	248252	9167	239085	-0.0160001574	0.9841271652	TRUE	lrt_mle	0.945,1.025	lrt_quadratic	two	True	0.9447594515479313	1.0251353141866266	FALSE	TRUE	FALSE	mle	248252	9167	239085	ridge_seeded_refit;ridge_seeded_refit;inference=mle;ci=lrt_quadratic	chr17-45585160-INV-706887	0.4423954374	TRUE	lrt_mle	lrt_mle	False	True	lrt_quadratic	0.945,1.025	0.9447594515479313	1.0251353141866266
Epidermal_thickening	0.7643039222399061	0.4433807739	0.4433807739	254086	23625	230461	-0.01024725054	0.9898050737	TRUE	lrt_mle	0.964,1.016	lrt_quadratic	two	True	0.9642064046338537	1.0160833604928299	FALSE	TRUE	FALSE	mle	254086	23625	230461	ridge_seeded_refit;ridge_seeded_refit;inference=mle;ci=lrt_quadratic	chr17-45585160-INV-706887	0.4433807739	TRUE	lrt_mle	lrt_mle	False	True	lrt_quadratic	0.964,1.016	0.9642064046338537	1.0160833604928299
Other_disorders_of_the_circulatory_system	0.7643039222399061	0.4439021781	0.4439021781	217272	7440	209832	0.01743545919	1.017588344	TRUE	lrt_mle	0.973,1.064	lrt_quadratic	two	True	0.9731677935853638	1.064036484543287	FALSE	TRUE	FALSE	mle	217272	7440	209832	ridge_seeded_refit;ridge_seeded_refit;inference=mle;ci=lrt_quadratic	chr17-45585160-INV-706887	0.4439021781	TRUE	lrt_mle	lrt_mle	False	True	lrt_quadratic	0.973,1.064	0.9731677935853638	1.064036484543287
Hemiplegia_and_hemiparesis	0.7643039222399061	0.444675924	0.444675924	218595	4410	214185	0.02329692025	1.023570413	TRUE	lrt_mle	0.964,1.087	lrt_quadratic	two	True	0.9642122399870848	1.086582753629891	FALSE	TRUE	FALSE	mle	218595	4410	214185	ridge_seeded_refit;ridge_seeded_refit;inference=mle;ci=lrt_quadratic	chr17-45585160-INV-706887	0.444675924	TRUE	lrt_mle	lrt_mle	False	True	lrt_quadratic	0.964,1.087	0.9642122399870848	1.086582753629891
Diseases_of_lips	0.7643039222399061	0.4452052929	0.4452052929	199971	3372	196599	-0.02471046092	0.9755923432	TRUE	lrt_mle	0.916,1.039	lrt_quadratic	two	True	0.9156237806424545	1.0394885326560215	FALSE	TRUE	FALSE	mle	199971	3372	196599	ridge_seeded_refit;ridge_seeded_refit;inference=mle;ci=lrt_quadratic	chr17-45585160-INV-706887	0.4452052929	TRUE	lrt_mle	lrt_mle	False	True	lrt_quadratic	0.916,1.039	0.9156237806424545	1.0394885326560215
Cholecystitis	0.7654595282682812	0.4465762061	0.4465762061	202170	5571	196599	-0.01966333082	0.9805287315	TRUE	lrt_mle	0.932,1.031	lrt_quadratic	two	True	0.9321165202043548	1.0314553733896277	FALSE	TRUE	FALSE	mle	202170	5571	196599	ridge_seeded_refit;ridge_seeded_refit;inference=mle;ci=lrt_quadratic	chr17-45585160-INV-706887	0.4465762061	TRUE	lrt_mle	lrt_mle	False	True	lrt_quadratic	0.932,1.031	0.9321165202043548	1.0314553733896277
Angina_pectoris	0.7662622168158385	0.44844625	0.44844625	226523	16691	209832	0.01208650211	1.012159839	TRUE	lrt_mle	0.981,1.044	lrt_quadratic	two	True	0.9810171921740449	1.0442911173629998	FALSE	TRUE	FALSE	mle	226523	16691	209832	ridge_seeded_refit;ridge_seeded_refit;inference=mle;ci=lrt_quadratic	chr17-45585160-INV-706887	0.44844625	TRUE	lrt_mle	lrt_mle	False	True	lrt_quadratic	0.981,1.044	0.9810171921740449	1.0442911173629998
Dissociative_and_somatoform_disorders	0.7662622168158385	0.4492555913	0.4492555913	246473	7388	239085	0.01678681861	1.016928509	TRUE	lrt_mle	0.974,1.062	lrt_quadratic	two	True	0.9736571935378312	1.0621228901151223	FALSE	TRUE	FALSE	mle	246473	7388	239085	ridge_seeded_refit;ridge_seeded_refit;inference=mle;ci=lrt_quadratic	chr17-45585160-INV-706887	0.4492555913	TRUE	lrt_mle	lrt_mle	False	True	lrt_quadratic	0.974,1.062	0.9736571935378312	1.0621228901151223
Atrophic_conditions_of_skin	0.7662622168158385	0.4495817026	0.4495817026	235039	4578	230461	-0.02068875624	0.9795237878	TRUE	lrt_mle	0.928,1.033	lrt_quadratic	two	True	0.9283770721322662	1.0334883095029965	FALSE	TRUE	FALSE	mle	235039	4578	230461	ridge_seeded_refit;ridge_seeded_refit;inference=mle;ci=lrt_quadratic	chr17-45585160-INV-706887	0.4495817026	TRUE	lrt_mle	lrt_mle	False	True	lrt_quadratic	0.928,1.033	0.9283770721322662	1.0334883095029965
Chronic_pancreatitis	0.7662622168158385	0.4498385302	0.4498385302	198811	2212	196599	-0.03176992416	0.9687294377	TRUE	lrt_mle	0.892,1.052	lrt_quadratic	two	True	0.8921069132565573	1.0519330244881215	FALSE	TRUE	FALSE	mle	198811	2212	196599	ridge_seeded_refit;ridge_seeded_refit;inference=mle;ci=lrt_quadratic	chr17-45585160-INV-706887	0.4498385302	TRUE	lrt_mle	lrt_mle	False	True	lrt_quadratic	0.892,1.052	0.8921069132565573	1.0519330244881215
Sinoatrial_node_dysfunction	0.7667282278357032	0.4509164686	0.4509164686	213169	3337	209832	0.02481125156	1.025121612	TRUE	lrt_mle	0.961,1.093	lrt_quadratic	two	True	0.9610842206464553	1.0934258383786024	FALSE	TRUE	FALSE	mle	213169	3337	209832	ridge_seeded_refit;ridge_seeded_refit;inference=mle;ci=lrt_quadratic	chr17-45585160-INV-706887	0.4509164686	TRUE	lrt_mle	lrt_mle	False	True	lrt_quadratic	0.961,1.093	0.9610842206464553	1.0934258383786024
Osteoporosis	0.7667282278357032	0.4516835488	0.4516835488	212369	24520	187849	-0.01086931326	0.9891895443	TRUE	lrt_mle	0.962,1.018	lrt_quadratic	two	True	0.9615820547183045	1.0175896583366046	FALSE	TRUE	FALSE	mle	212369	24520	187849	ridge_seeded_refit;ridge_seeded_refit;inference=mle;ci=lrt_quadratic	chr17-45585160-INV-706887	0.4516835488	TRUE	lrt_mle	lrt_mle	False	True	lrt_quadratic	0.962,1.018	0.9615820547183045	1.0175896583366046
Urinary_urgency	0.7667282278357032	0.4522089001	0.4522089001	235468	14353	221115	-0.01229101711	0.9877842089	TRUE	lrt_mle	0.957,1.020	lrt_quadratic	two	True	0.9566317957575665	1.0199510906144607	FALSE	TRUE	FALSE	mle	235468	14353	221115	ridge_seeded_refit;ridge_seeded_refit;inference=mle;ci=lrt_quadratic	chr17-45585160-INV-706887	0.4522089001	TRUE	lrt_mle	lrt_mle	False	True	lrt_quadratic	0.957,1.020	0.9566317957575665	1.0199510906144607
Frequency_of_urination_and_polyuria	0.769732625550077	0.4553260183	0.4553260183	260188	39073	221115	-0.007993320065	0.9920385416	TRUE	lrt_mle	0.971,1.013	lrt_quadratic	two	True	0.9714375936060983	1.0130763668543221	FALSE	TRUE	FALSE	mle	260188	39073	221115	ridge_seeded_refit;ridge_seeded_refit;inference=mle;ci=lrt_quadratic	chr17-45585160-INV-706887	0.4553260183	TRUE	lrt_mle	lrt_mle	False	True	lrt_quadratic	0.971,1.013	0.9714375936060983	1.0130763668543221
Pancreatitis	0.769732625550077	0.455384206	0.455384206	202676	6077	196599	-0.0191123841	0.9810690995	TRUE	lrt_mle	0.933,1.032	lrt_quadratic	two	True	0.933051611890148	1.0315577034406778	FALSE	TRUE	FALSE	mle	202676	6077	196599	ridge_seeded_refit;ridge_seeded_refit;inference=mle;ci=lrt_quadratic	chr17-45585160-INV-706887	0.455384206	TRUE	lrt_mle	lrt_mle	False	True	lrt_quadratic	0.933,1.032	0.933051611890148	1.0315577034406778
Homicidal_ideations	0.7713077265293395	0.4575424575	0.4575424575	240341	1256	239085	-0.04125858483	0.9595809648	TRUE	score_boot_mle		profile_penalized	two	FALSE			TRUE	FALSE	TRUE	firth	240341	1256	239085	firth_refit;firth_refit;inference=firth;ci=profile_penalized	chr17-45585160-INV-706887		TRUE	score_boot_mle	score_boot_mle	False	FALSE				
Osteoporosis_and_low_bone_density	0.7713077265293395	0.4577222698	0.4577222698	212998	25149	187849	-0.01058618465	0.9894696518	TRUE	lrt_mle	0.962,1.018	lrt_quadratic	two	True	0.962206221761808	1.0175055717633774	FALSE	TRUE	FALSE	mle	212998	25149	187849	ridge_seeded_refit;ridge_seeded_refit;inference=mle;ci=lrt_quadratic	chr17-45585160-INV-706887	0.4577222698	TRUE	lrt_mle	lrt_mle	False	True	lrt_quadratic	0.962,1.018	0.962206221761808	1.0175055717633774
Malignant_neoplasm_of_the_prostate	0.7730924663904833	0.4605394605	0.4605394605	263712	6945	256767	-0.01782446174	0.9823334543	TRUE	score_boot_mle		profile_penalized	two	FALSE			TRUE	FALSE	TRUE	firth	115374	6879	108495	sex_restricted_to_1;sex_majority_restricted_to_1;firth_refit;firth_refit;inference=firth;ci=profile_penalized	chr17-45585160-INV-706887		TRUE	score_boot_mle	score_boot_mle	False	FALSE				
Hypercholesterolemia	0.7730924663904833	0.4621360443	0.4621360443	261502	69011	192491	-0.006770927405	0.9932519437	TRUE	lrt_mle	0.975,1.011	lrt_quadratic	two	True	0.9754872409875942	1.0113401612676296	FALSE	TRUE	FALSE	mle	261502	69011	192491	ridge_seeded_refit;ridge_seeded_refit;inference=mle;ci=lrt_quadratic	chr17-45585160-INV-706887	0.4621360443	TRUE	lrt_mle	lrt_mle	False	True	lrt_quadratic	0.975,1.011	0.9754872409875942	1.0113401612676296
Psoriatic_arthropathy	0.7730924663904833	0.4625374625	0.4625374625	232343	1882	230461	0.02957791684	1.030019688	TRUE	score_boot_mle		profile_penalized	two	FALSE			TRUE	FALSE	TRUE	firth	232343	1882	230461	firth_refit;firth_refit;inference=firth;ci=profile_penalized	chr17-45585160-INV-706887		TRUE	score_boot_mle	score_boot_mle	False	FALSE				
Current_tobacco_use_and_nicotine_dependence	0.7730924663904833	0.4635830662	0.4635830662	282945	43860	239085	-0.00767997781	0.9923494379	TRUE	lrt_mle	0.972,1.013	lrt_quadratic	two	True	0.9721778162015998	1.012939598522709	FALSE	TRUE	FALSE	mle	282945	43860	239085	ridge_seeded_refit;ridge_seeded_refit;inference=mle;ci=lrt_quadratic	chr17-45585160-INV-706887	0.4635830662	TRUE	lrt_mle	lrt_mle	False	True	lrt_quadratic	0.972,1.013	0.9721778162015998	1.012939598522709
Fracture_of_femur	0.7730924663904833	0.4639742382	0.4639742382	191023	3174	187849	-0.02456769962	0.97573163	TRUE	lrt_mle	0.914,1.042	lrt_quadratic	two	True	0.9136385424952677	1.0420447141215972	FALSE	TRUE	FALSE	mle	191023	3174	187849	ridge_seeded_refit;ridge_seeded_refit;inference=mle;ci=lrt_quadratic	chr17-45585160-INV-706887	0.4639742382	TRUE	lrt_mle	lrt_mle	False	True	lrt_quadratic	0.914,1.042	0.9136385424952677	1.0420447141215972
Acute_kidney_failure	0.7730924663904833	0.4645749377	0.4645749377	246182	25067	221115	0.009858198246	1.00990695	TRUE	lrt_mle	0.984,1.037	lrt_quadratic	two	True	0.9835747801341286	1.0369440829224772	FALSE	TRUE	FALSE	mle	246182	25067	221115	ridge_seeded_refit;ridge_seeded_refit;inference=mle;ci=lrt_quadratic	chr17-45585160-INV-706887	0.4645749377	TRUE	lrt_mle	lrt_mle	False	True	lrt_quadratic	0.984,1.037	0.9835747801341286	1.0369440829224772
Renal_colic	0.7730924663904833	0.46459667	0.46459667	223693	2578	221115	0.02642380161	1.026776006	TRUE	lrt_mle	0.957,1.102	lrt_quadratic	two	True	0.9565760410178099	1.1021277143412165	FALSE	TRUE	FALSE	mle	223693	2578	221115	ridge_seeded_refit;ridge_seeded_refit;inference=mle;ci=lrt_quadratic	chr17-45585160-INV-706887	0.46459667	TRUE	lrt_mle	lrt_mle	False	True	lrt_quadratic	0.957,1.102	0.9565760410178099	1.1021277143412165
Effusion_of_joint	0.7730924663904833	0.4655337141	0.4655337141	211954	24105	187849	-0.009918424007	0.9901306013	TRUE	lrt_mle	0.964,1.017	lrt_quadratic	two	True	0.9641033394414011	1.016860504063237	FALSE	TRUE	FALSE	mle	211954	24105	187849	ridge_seeded_refit;ridge_seeded_refit;inference=mle;ci=lrt_quadratic	chr17-45585160-INV-706887	0.4655337141	TRUE	lrt_mle	lrt_mle	False	True	lrt_quadratic	0.964,1.017	0.9641033394414011	1.016860504063237
Nystagmus	0.7730924663904833	0.4655344655	0.4655344655	258745	1057	257688	0.04402657951	1.04501013	TRUE	score_boot_mle		profile_penalized	two	FALSE			TRUE	FALSE	TRUE	firth	258745	1057	257688	firth_refit;firth_refit;inference=firth;ci=profile_penalized	chr17-45585160-INV-706887		TRUE	score_boot_mle	score_boot_mle	False	FALSE				
Disorder_of_patella	0.7730924663904833	0.4662287047	0.4662287047	200764	12915	187849	-0.01255245604	0.9875259974	TRUE	lrt_mle	0.955,1.021	lrt_quadratic	two	True	0.9547385546288013	1.0214394201176702	FALSE	TRUE	FALSE	mle	200764	12915	187849	ridge_seeded_refit;ridge_seeded_refit;inference=mle;ci=lrt_quadratic	chr17-45585160-INV-706887	0.4662287047	TRUE	lrt_mle	lrt_mle	False	True	lrt_quadratic	0.955,1.021	0.9547385546288013	1.0214394201176702
Drug_and_medical_agent_allergy	0.7730924663904833	0.4665334665	0.4665334665	183783	1210	182573	-0.04046211976	0.9603455419	TRUE	score_boot_mle		profile_penalized	two	FALSE			TRUE	FALSE	TRUE	firth	183783	1210	182573	firth_refit;firth_refit;inference=firth;ci=profile_penalized	chr17-45585160-INV-706887		TRUE	score_boot_mle	score_boot_mle	False	FALSE				
Bacterial_enteritis	0.7767841412356928	0.469793301	0.469793301	203150	6551	196599	0.01797289812	1.018135383	TRUE	lrt_mle	0.970,1.069	lrt_quadratic	two	True	0.9697064727762381	1.0689829205752452	FALSE	TRUE	FALSE	mle	203150	6551	196599	ridge_seeded_refit;ridge_seeded_refit;inference=mle;ci=lrt_quadratic	chr17-45585160-INV-706887	0.469793301	TRUE	lrt_mle	lrt_mle	False	True	lrt_quadratic	0.970,1.069	0.9697064727762381	1.0689829205752452
Abnormal_findings_on_radiological_and_other_examination_of_genitourinary_organs	0.7767841412356928	0.4701774565	0.4701774565	225433	4318	221115	-0.02163480109	0.9785975526	TRUE	lrt_mle	0.923,1.038	lrt_quadratic	two	True	0.9227934642589553	1.037776281442335	FALSE	TRUE	FALSE	mle	225433	4318	221115	ridge_seeded_refit;ridge_seeded_refit;inference=mle;ci=lrt_quadratic	chr17-45585160-INV-706887	0.4701774565	TRUE	lrt_mle	lrt_mle	False	True	lrt_quadratic	0.923,1.038	0.9227934642589553	1.037776281442335
Allergy_to_other_anti_infective_agents	0.7794926877180451	0.4725274725	0.4725274725	183783	1210	182573	-0.04046211976	0.9603455419	TRUE	score_boot_mle		profile_penalized	two	FALSE			TRUE	FALSE	TRUE	firth	183783	1210	182573	firth_refit;firth_refit;inference=firth;ci=profile_penalized	chr17-45585160-INV-706887		TRUE	score_boot_mle	score_boot_mle	False	FALSE				
Ischemic_heart_disease	0.7832197365742128	0.4758788134	0.4758788134	251213	41381	209832	0.008064500707	1.008097106	TRUE	lrt_mle	0.986,1.031	lrt_quadratic	two	True	0.9859933716115512	1.0306963567488754	FALSE	TRUE	FALSE	mle	251213	41381	209832	ridge_seeded_refit;ridge_seeded_refit;inference=mle;ci=lrt_quadratic	chr17-45585160-INV-706887	0.4758788134	TRUE	lrt_mle	lrt_mle	False	True	lrt_quadratic	0.986,1.031	0.9859933716115512	1.0306963567488754
Cerebral_degeneration	0.7832197365742128	0.476214735	0.476214735	216058	1873	214185	0.03114267947	1.031632686	TRUE	lrt_mle	0.947,1.124	lrt_quadratic	two	True	0.9469234760073547	1.1239197529514626	FALSE	TRUE	FALSE	mle	216058	1873	214185	ridge_seeded_refit;ridge_seeded_refit;inference=mle;ci=lrt_quadratic	chr17-45585160-INV-706887	0.476214735	TRUE	lrt_mle	lrt_mle	False	True	lrt_quadratic	0.947,1.124	0.9469234760073547	1.1239197529514626
Oligohydramnios	0.7833994921750373	0.4775224775	0.4775224775	359922	1043	358879	-0.04135031057	0.9594929505	TRUE	score_boot_mle		profile_penalized	two	FALSE			TRUE	FALSE	TRUE	firth	208124	1043	207081	sex_restricted_to_0;sex_majority_restricted_to_0;firth_refit;firth_refit;inference=firth;ci=profile_penalized	chr17-45585160-INV-706887		TRUE	score_boot_mle	score_boot_mle	False	FALSE				
Diffuse_goiter	0.7833994921750373	0.4777522883	0.4777522883	196248	3757	192491	-0.02314427107	0.9771215032	TRUE	lrt_mle	0.917,1.042	lrt_quadratic	two	True	0.9166392264848429	1.0415945603304113	FALSE	TRUE	FALSE	mle	196248	3757	192491	ridge_seeded_refit;ridge_seeded_refit;inference=mle;ci=lrt_quadratic	chr17-45585160-INV-706887	0.4777522883	TRUE	lrt_mle	lrt_mle	False	True	lrt_quadratic	0.917,1.042	0.9166392264848429	1.0415945603304113
Fusion_of_spine	0.7840583900010432	0.4795204795	0.4795204795	189334	1485	187849	-0.03464111522	0.9659520195	TRUE	score_boot_mle		profile_penalized	two	FALSE			TRUE	FALSE	TRUE	firth	189334	1485	187849	firth_refit;firth_refit;inference=firth;ci=profile_penalized	chr17-45585160-INV-706887		TRUE	score_boot_mle	score_boot_mle	False	FALSE				
Acquired_deformities_of_fingers_and_toes	0.7840583900010432	0.4795835731	0.4795835731	207683	19834	187849	-0.01046346073	0.9895910908	TRUE	lrt_mle	0.961,1.019	lrt_quadratic	two	True	0.9612971868615363	1.018717770592619	FALSE	TRUE	FALSE	mle	207683	19834	187849	ridge_seeded_refit;ridge_seeded_refit;inference=mle;ci=lrt_quadratic	chr17-45585160-INV-706887	0.4795835731	TRUE	lrt_mle	lrt_mle	False	True	lrt_quadratic	0.961,1.019	0.9612971868615363	1.018717770592619
Keratoconjunctivitis_sicca	0.7874999893	0.4827050877	0.4827050877	261573	3885	257688	-0.02200276453	0.9782375307	TRUE	lrt_mle	0.920,1.040	lrt_quadratic	two	True	0.919948587522523	1.0402197246793392	FALSE	TRUE	FALSE	mle	261573	3885	257688	ridge_seeded_refit;ridge_seeded_refit;inference=mle;ci=lrt_quadratic	chr17-45585160-INV-706887	0.4827050877	TRUE	lrt_mle	lrt_mle	False	True	lrt_quadratic	0.920,1.040	0.919948587522523	1.0402197246793392
Acquired_deformities_of_toe	0.7874999893	0.4831244237	0.4831244237	206440	18591	187849	-0.01069703538	0.9893599744	TRUE	lrt_mle	0.960,1.019	lrt_quadratic	two	True	0.9602196180495219	1.0193846705803684	FALSE	TRUE	FALSE	mle	206440	18591	187849	ridge_seeded_refit;ridge_seeded_refit;inference=mle;ci=lrt_quadratic	chr17-45585160-INV-706887	0.4831244237	TRUE	lrt_mle	lrt_mle	False	True	lrt_quadratic	0.960,1.019	0.9602196180495219	1.0193846705803684
Septic_shock	0.7883554292537556	0.4846358385	0.4846358385	185693	3120	182573	0.02459216437	1.024897046	TRUE	lrt_mle	0.957,1.098	lrt_quadratic	two	True	0.9565938572051893	1.0980772523939568	FALSE	TRUE	FALSE	mle	185693	3120	182573	ridge_seeded_refit;ridge_seeded_refit;inference=mle;ci=lrt_quadratic	chr17-45585160-INV-706887	0.4846358385	TRUE	lrt_mle	lrt_mle	False	True	lrt_quadratic	0.957,1.098	0.9565938572051893	1.0980772523939568
Peritoneal_abscess	0.7883554292537556	0.4865134865	0.4865134865	198069	1470	196599	-0.03229144415	0.9682243576	TRUE	score_boot_mle		profile_penalized	two	FALSE			TRUE	FALSE	TRUE	firth	198069	1470	196599	firth_refit;firth_refit;inference=firth;ci=profile_penalized	chr17-45585160-INV-706887		TRUE	score_boot_mle	score_boot_mle	False	FALSE				
Nicotine_dependence_current_and_history_of	0.7883554292537556	0.4870169883	0.4870169883	283579	44494	239085	-0.0072275525	0.9927985034	TRUE	lrt_mle	0.973,1.013	lrt_quadratic	two	True	0.9727694979888066	1.0132398995680372	FALSE	TRUE	FALSE	mle	283579	44494	239085	ridge_seeded_refit;ridge_seeded_refit;inference=mle;ci=lrt_quadratic	chr17-45585160-INV-706887	0.4870169883	TRUE	lrt_mle	lrt_mle	False	True	lrt_quadratic	0.973,1.013	0.9727694979888066	1.0132398995680372
Immunodeficiencies	0.7883554292537556	0.487686665	0.487686665	273289	8338	264951	-0.01440712056	0.9856961654	TRUE	lrt_mle	0.946,1.027	lrt_quadratic	two	True	0.9463947749376416	1.0266296435608897	FALSE	TRUE	FALSE	mle	273289	8338	264951	ridge_seeded_refit;ridge_seeded_refit;inference=mle;ci=lrt_quadratic	chr17-45585160-INV-706887	0.487686665	TRUE	lrt_mle	lrt_mle	False	True	lrt_quadratic	0.946,1.027	0.9463947749376416	1.0266296435608897
Dementias_and_cerebral_degeneration	0.7883554292537556	0.4878908925	0.4878908925	219661	5476	214185	0.01836700964	1.018536721	TRUE	lrt_mle	0.967,1.073	lrt_quadratic	two	True	0.9670267084675693	1.0727904846064082	FALSE	TRUE	FALSE	mle	219661	5476	214185	ridge_seeded_refit;ridge_seeded_refit;inference=mle;ci=lrt_quadratic	chr17-45585160-INV-706887	0.4878908925	TRUE	lrt_mle	lrt_mle	False	True	lrt_quadratic	0.967,1.073	0.9670267084675693	1.0727904846064082
Pathological_fracture	0.7883554292537556	0.4879611089	0.4879611089	193618	5769	187849	0.01742587566	1.017578592	TRUE	lrt_mle	0.969,1.069	lrt_quadratic	two	True	0.9686818387305149	1.068943537004381	FALSE	TRUE	FALSE	mle	193618	5769	187849	ridge_seeded_refit;ridge_seeded_refit;inference=mle;ci=lrt_quadratic	chr17-45585160-INV-706887	0.4879611089	TRUE	lrt_mle	lrt_mle	False	True	lrt_quadratic	0.969,1.069	0.9686818387305149	1.068943537004381
Disorders_of_the_gallbladder	0.7884282379513236	0.4887248877	0.4887248877	218483	21884	196599	-0.009541647788	0.9905037293	TRUE	lrt_mle	0.964,1.018	lrt_quadratic	two	True	0.9641065886974134	1.017623620923391	FALSE	TRUE	FALSE	mle	218483	21884	196599	ridge_seeded_refit;ridge_seeded_refit;inference=mle;ci=lrt_quadratic	chr17-45585160-INV-706887	0.4887248877	TRUE	lrt_mle	lrt_mle	False	True	lrt_quadratic	0.964,1.018	0.9641065886974134	1.017623620923391
Atrial_septal_defect	0.790167160516887	0.490523096	0.490523096	371602	2493	369109	0.02541715885	1.025742929	TRUE	lrt_mle	0.954,1.103	lrt_quadratic	two	True	0.9542441306728335	1.102598928962444	FALSE	TRUE	FALSE	mle	371602	2493	369109	ridge_seeded_refit;ridge_seeded_refit;inference=mle;ci=lrt_quadratic	chr17-45585160-INV-706887	0.490523096	TRUE	lrt_mle	lrt_mle	False	True	lrt_quadratic	0.954,1.103	0.9542441306728335	1.102598928962444
Lobar_pneumonia	0.7907446001734993	0.4921630423	0.4921630423	212986	3354	209632	0.02240434139	1.022657204	TRUE	lrt_mle	0.959,1.090	lrt_quadratic	two	True	0.9593248043112754	1.0901706608739516	FALSE	TRUE	FALSE	mle	212986	3354	209632	ridge_seeded_refit;ridge_seeded_refit;inference=mle;ci=lrt_quadratic	chr17-45585160-INV-706887	0.4921630423	TRUE	lrt_mle	lrt_mle	False	True	lrt_quadratic	0.959,1.090	0.9593248043112754	1.0901706608739516
Arteriovenous_malformation	0.7907446001734993	0.4923232105	0.4923232105	211316	1484	209832	0.03592678282	1.036579948	TRUE	lrt_mle	0.936,1.149	lrt_quadratic	two	True	0.9355442537616692	1.1485271645860389	FALSE	TRUE	FALSE	mle	211316	1484	209832	ridge_seeded_refit;ridge_seeded_refit;inference=mle;ci=lrt_quadratic	chr17-45585160-INV-706887	0.4923232105	TRUE	lrt_mle	lrt_mle	False	True	lrt_quadratic	0.936,1.149	0.9355442537616692	1.1485271645860389
Diseases_of_the_pancreas	0.7914347273437133	0.4934743423	0.4934743423	207449	10850	196599	-0.01304922218	0.9870355498	TRUE	lrt_mle	0.951,1.025	lrt_quadratic	two	True	0.9508511723812375	1.0245969136218727	FALSE	TRUE	FALSE	mle	207449	10850	196599	ridge_seeded_refit;ridge_seeded_refit;inference=mle;ci=lrt_quadratic	chr17-45585160-INV-706887	0.4934743423	TRUE	lrt_mle	lrt_mle	False	True	lrt_quadratic	0.951,1.025	0.9508511723812375	1.0245969136218727
Peritonitis	0.7955688626202623	0.4969044068	0.4969044068	199333	2734	196599	-0.02500484981	0.975305182	TRUE	lrt_mle	0.907,1.048	lrt_quadratic	two	True	0.9074259429950344	1.0482620706676398	FALSE	TRUE	FALSE	mle	199333	2734	196599	ridge_seeded_refit;ridge_seeded_refit;inference=mle;ci=lrt_quadratic	chr17-45585160-INV-706887	0.4969044068	TRUE	lrt_mle	lrt_mle	False	True	lrt_quadratic	0.907,1.048	0.9074259429950344	1.0482620706676398
Sedative_hypnotic_or_anxiolytic_related_abuse_or_dependance	0.7955688626202623	0.4975024975	0.4975024975	240968	1883	239085	-0.02957315179	0.9708598549	TRUE	score_boot_mle		profile_penalized	two	FALSE			TRUE	FALSE	TRUE	firth	240968	1883	239085	firth_refit;firth_refit;inference=firth;ci=profile_penalized	chr17-45585160-INV-706887		TRUE	score_boot_mle	score_boot_mle	False	FALSE				
Disorders_of_penis	0.7965059222564774	0.4988145566	0.4988145566	225803	4688	221115	-0.01986115641	0.9803347771	TRUE	lrt_mle	0.926,1.038	lrt_quadratic	two	True	0.9255053391201384	1.0384124591033284	FALSE	TRUE	FALSE	mle	100531	4674	95857	sex_restricted_to_1;sex_majority_restricted_to_1;ridge_seeded_refit;ridge_seeded_refit;inference=mle;ci=lrt_quadratic	chr17-45585160-INV-706887	0.4988145566	TRUE	lrt_mle	lrt_mle	False	True	lrt_quadratic	0.926,1.038	0.9255053391201384	1.0384124591033284
Retinal_vasculopathy	0.7965757494928778	0.4995844263	0.4995844263	259847	2159	257688	-0.02895459976	0.971460568	TRUE	lrt_mle	0.893,1.057	lrt_quadratic	two	True	0.8931410767731279	1.0566478910642327	FALSE	TRUE	FALSE	mle	259847	2159	257688	ridge_seeded_refit;ridge_seeded_refit;inference=mle;ci=lrt_quadratic	chr17-45585160-INV-706887	0.4995844263	TRUE	lrt_mle	lrt_mle	False	True	lrt_quadratic	0.893,1.057	0.8931410767731279	1.0566478910642327
Atrioventricular_block_first_degree	0.798937793631746	0.5028514683	0.5028514683	214519	4687	209832	0.01927337331	1.019460304	TRUE	lrt_mle	0.964,1.079	lrt_quadratic	two	True	0.9635734470275973	1.078588574808069	FALSE	TRUE	FALSE	mle	214519	4687	209832	ridge_seeded_refit;ridge_seeded_refit;inference=mle;ci=lrt_quadratic	chr17-45585160-INV-706887	0.5028514683	TRUE	lrt_mle	lrt_mle	False	True	lrt_quadratic	0.964,1.079	0.9635734470275973	1.078588574808069
Klebsiella	0.798937793631746	0.5034637856	0.5034637856	250232	2131	248101	0.02842403586	1.028831854	TRUE	lrt_mle	0.947,1.118	lrt_quadratic	two	True	0.9466333296001633	1.1181678795353998	FALSE	TRUE	FALSE	mle	250232	2131	248101	ridge_seeded_refit;ridge_seeded_refit;inference=mle;ci=lrt_quadratic	chr17-45585160-INV-706887	0.5034637856	TRUE	lrt_mle	lrt_mle	False	True	lrt_quadratic	0.947,1.118	0.9466333296001633	1.1181678795353998
Other_diseases_of_pericardium	0.798937793631746	0.5036103322	0.5036103322	214694	4862	209832	0.01880206453	1.018979936	TRUE	lrt_mle	0.964,1.077	lrt_quadratic	two	True	0.9643538160221954	1.0767003702363673	FALSE	TRUE	FALSE	mle	214694	4862	209832	ridge_seeded_refit;ridge_seeded_refit;inference=mle;ci=lrt_quadratic	chr17-45585160-INV-706887	0.5036103322	TRUE	lrt_mle	lrt_mle	False	True	lrt_quadratic	0.964,1.077	0.9643538160221954	1.0767003702363673
Chest_pain_on_breathing	0.798937793631746	0.5040732151	0.5040732151	201566	18993	182573	-0.009913327678	0.9901356474	TRUE	lrt_mle	0.962,1.019	lrt_quadratic	two	True	0.9617548596417821	1.0193539345249731	FALSE	TRUE	FALSE	mle	201566	18993	182573	ridge_seeded_refit;ridge_seeded_refit;inference=mle;ci=lrt_quadratic	chr17-45585160-INV-706887	0.5040732151	TRUE	lrt_mle	lrt_mle	False	True	lrt_quadratic	0.962,1.019	0.9617548596417821	1.0193539345249731
Symptoms_and_signs_involving_appearance_and_behavior	0.798937793631746	0.5047072844	0.5047072844	240552	1467	239085	0.03382906436	1.034407774	TRUE	lrt_mle	0.937,1.143	lrt_quadratic	two	True	0.9365412364675685	1.1425011544599677	FALSE	TRUE	FALSE	mle	240552	1467	239085	ridge_seeded_refit;ridge_seeded_refit;inference=mle;ci=lrt_quadratic	chr17-45585160-INV-706887	0.5047072844	TRUE	lrt_mle	lrt_mle	False	True	lrt_quadratic	0.937,1.143	0.9365412364675685	1.1425011544599677
Duodenal_ulcer	0.7989674571445246	0.5054543439	0.5054543439	198824	2225	196599	-0.02692841578	0.9734309213	TRUE	lrt_mle	0.899,1.054	lrt_quadratic	two	True	0.8992593475662837	1.0537202211500667	FALSE	TRUE	FALSE	mle	198824	2225	196599	ridge_seeded_refit;ridge_seeded_refit;inference=mle;ci=lrt_quadratic	chr17-45585160-INV-706887	0.5054543439	TRUE	lrt_mle	lrt_mle	False	True	lrt_quadratic	0.899,1.054	0.8992593475662837	1.0537202211500667
Paroxysmal_tachycardia	0.8007636392984195	0.5079938339	0.5079938339	222105	12273	209832	-0.01186940916	0.9882007544	TRUE	lrt_mle	0.954,1.024	lrt_quadratic	two	True	0.9540752866894451	1.0235468255238438	FALSE	TRUE	FALSE	mle	222105	12273	209832	ridge_seeded_refit;ridge_seeded_refit;inference=mle;ci=lrt_quadratic	chr17-45585160-INV-706887	0.5079938339	TRUE	lrt_mle	lrt_mle	False	True	lrt_quadratic	0.954,1.024	0.9540752866894451	1.0235468255238438
Pelvic_inflammatory_disease_PID	0.8007636392984195	0.5080505861	0.5080505861	224287	3172	221115	0.02477926676	1.025088824	TRUE	lrt_mle	0.953,1.103	lrt_quadratic	two	True	0.9525642623174482	1.1031351263342128	FALSE	TRUE	FALSE	mle	128421	3163	125258	sex_restricted_to_0;sex_majority_restricted_to_0;ridge_seeded_refit;ridge_seeded_refit;inference=mle;ci=lrt_quadratic	chr17-45585160-INV-706887	0.5080505861	TRUE	lrt_mle	lrt_mle	False	True	lrt_quadratic	0.953,1.103	0.9525642623174482	1.1031351263342128
Borrelia	0.8023394833829757	0.5104895105	0.5104895105	250680	2579	248101	0.02164410654	1.021880039	TRUE	score_boot_mle		profile_penalized	two	FALSE			TRUE	FALSE	TRUE	firth	250680	2579	248101	firth_refit;firth_refit;inference=firth;ci=profile_penalized	chr17-45585160-INV-706887		TRUE	score_boot_mle	score_boot_mle	False	FALSE				
Infections	0.8023394833829757	0.5111133158	0.5111133158	378956	130855	248101	-0.004354194453	0.9956552713	TRUE	lrt_mle	0.983,1.009	lrt_quadratic	two	True	0.9828079398876847	1.0086705439079853	FALSE	TRUE	FALSE	mle	378956	130855	248101	ridge_seeded_refit;ridge_seeded_refit;inference=mle;ci=lrt_quadratic	chr17-45585160-INV-706887	0.5111133158	TRUE	lrt_mle	lrt_mle	False	True	lrt_quadratic	0.983,1.009	0.9828079398876847	1.0086705439079853
Other_and_unspecified_disorders_of_metabolism	0.8023394833829757	0.5112445751	0.5112445751	203155	10664	192491	0.01244990998	1.012527733	TRUE	lrt_mle	0.976,1.051	lrt_quadratic	two	True	0.975606169496899	1.0508465829897369	FALSE	TRUE	FALSE	mle	203155	10664	192491	ridge_seeded_refit;ridge_seeded_refit;inference=mle;ci=lrt_quadratic	chr17-45585160-INV-706887	0.5112445751	TRUE	lrt_mle	lrt_mle	False	True	lrt_quadratic	0.976,1.051	0.975606169496899	1.0508465829897369
Sacrococcygeal_disorders	0.8028208299507845	0.5128697229	0.5128697229	200287	12438	187849	-0.01152309552	0.9885430411	TRUE	lrt_mle	0.955,1.023	lrt_quadratic	two	True	0.9550069350693607	1.0232568038622236	FALSE	TRUE	FALSE	mle	200287	12438	187849	ridge_seeded_refit;ridge_seeded_refit;inference=mle;ci=lrt_quadratic	chr17-45585160-INV-706887	0.5128697229	TRUE	lrt_mle	lrt_mle	False	True	lrt_quadratic	0.955,1.023	0.9550069350693607	1.0232568038622236
Neuroendocrine_tumors	0.8028208299507845	0.5130149515	0.5130149515	260132	3365	256767	-0.02150800047	0.9787216472	TRUE	lrt_mle	0.918,1.044	lrt_quadratic	two	True	0.9176399011689685	1.0438692361641304	FALSE	TRUE	FALSE	mle	260132	3365	256767	ridge_seeded_refit;ridge_seeded_refit;inference=mle;ci=lrt_quadratic	chr17-45585160-INV-706887	0.5130149515	TRUE	lrt_mle	lrt_mle	False	True	lrt_quadratic	0.918,1.044	0.9176399011689685	1.0438692361641304
Mineral_deficiencies	0.803969371530966	0.5148656992	0.5148656992	227095	34604	192491	0.007583141774	1.007611967	TRUE	lrt_mle	0.985,1.031	lrt_quadratic	two	True	0.9848779198727865	1.030870785877393	FALSE	TRUE	FALSE	mle	227095	34604	192491	ridge_seeded_refit;ridge_seeded_refit;inference=mle;ci=lrt_quadratic	chr17-45585160-INV-706887	0.5148656992	TRUE	lrt_mle	lrt_mle	False	True	lrt_quadratic	0.985,1.031	0.9848779198727865	1.030870785877393
Oligomenorrhea	0.803969371530966	0.5154845155	0.5154845155	231812	10697	221115	-0.01276856714	0.9873126052	TRUE	score_boot_mle		profile_penalized	two	FALSE			TRUE	FALSE	TRUE	firth	135940	10682	125258	sex_restricted_to_0;sex_majority_restricted_to_0;firth_refit;firth_refit;inference=firth;ci=profile_penalized	chr17-45585160-INV-706887		TRUE	score_boot_mle	score_boot_mle	False	FALSE				
Nocturia	0.803969371530966	0.5159475274	0.5159475274	233347	12232	221115	-0.0117319429	0.988336608	TRUE	lrt_mle	0.954,1.024	lrt_quadratic	two	True	0.9539642003211647	1.0239474923562575	FALSE	TRUE	FALSE	mle	233347	12232	221115	ridge_seeded_refit;ridge_seeded_refit;inference=mle;ci=lrt_quadratic	chr17-45585160-INV-706887	0.5159475274	TRUE	lrt_mle	lrt_mle	False	True	lrt_quadratic	0.954,1.024	0.9539642003211647	1.0239474923562575
Sedative_hypnotic_or_anxiolytic_related_disorders	0.8044923495520511	0.5177569894	0.5177569894	241153	2068	239085	-0.02660280342	0.9737479341	TRUE	lrt_mle	0.898,1.055	lrt_quadratic	two	True	0.8983324836518473	1.0554945483602285	FALSE	TRUE	FALSE	mle	241153	2068	239085	ridge_seeded_refit;ridge_seeded_refit;inference=mle;ci=lrt_quadratic	chr17-45585160-INV-706887	0.5177569894	TRUE	lrt_mle	lrt_mle	False	True	lrt_quadratic	0.898,1.055	0.8983324836518473	1.0554945483602285
Iron_deficiency_anemia_secondary_to_blood_loss	0.8044923495520511	0.5179312942	0.5179312942	273873	8922	264951	0.01367034326	1.01376421	TRUE	lrt_mle	0.973,1.057	lrt_quadratic	two	True	0.9726110747110238	1.0566586166613408	FALSE	TRUE	FALSE	mle	273873	8922	264951	ridge_seeded_refit;ridge_seeded_refit;inference=mle;ci=lrt_quadratic	chr17-45585160-INV-706887	0.5179312942	TRUE	lrt_mle	lrt_mle	False	True	lrt_quadratic	0.973,1.057	0.9726110747110238	1.0566586166613408
Systemic_vasculitis	0.8044923495520511	0.5184832189	0.5184832189	190640	2791	187849	-0.02326354546	0.9770049646	TRUE	lrt_mle	0.910,1.048	lrt_quadratic	two	True	0.9103924136083698	1.0484914929209075	FALSE	TRUE	FALSE	mle	190640	2791	187849	ridge_seeded_refit;ridge_seeded_refit;inference=mle;ci=lrt_quadratic	chr17-45585160-INV-706887	0.5184832189	TRUE	lrt_mle	lrt_mle	False	True	lrt_quadratic	0.910,1.048	0.9103924136083698	1.0484914929209075
Pure_hyperglyceridemia	0.8072896968263675	0.5221045835	0.5221045835	201452	8961	192491	-0.01307636454	0.9870087597	TRUE	lrt_mle	0.948,1.027	lrt_quadratic	two	True	0.9482705285786599	1.02732950388141	FALSE	TRUE	FALSE	mle	201452	8961	192491	ridge_seeded_refit;ridge_seeded_refit;inference=mle;ci=lrt_quadratic	chr17-45585160-INV-706887	0.5221045835	TRUE	lrt_mle	lrt_mle	False	True	lrt_quadratic	0.948,1.027	0.9482705285786599	1.02732950388141
Arterial_embolism_and_thrombosis	0.8072896968263675	0.5221992935	0.5221992935	214164	4332	209832	-0.01927167852	0.9809128331	TRUE	lrt_mle	0.925,1.041	lrt_quadratic	two	True	0.9246926230631197	1.040551164924813	FALSE	TRUE	FALSE	mle	214164	4332	209832	ridge_seeded_refit;ridge_seeded_refit;inference=mle;ci=lrt_quadratic	chr17-45585160-INV-706887	0.5221992935	TRUE	lrt_mle	lrt_mle	False	True	lrt_quadratic	0.925,1.041	0.9246926230631197	1.040551164924813
Medial_epicondylitis_Golfers_elbow	0.8072896968263675	0.5230791717	0.5230791717	190413	2564	187849	0.02313567536	1.023405381	TRUE	lrt_mle	0.953,1.099	lrt_quadratic	two	True	0.9532570626775803	1.0987157765844513	FALSE	TRUE	FALSE	mle	190413	2564	187849	ridge_seeded_refit;ridge_seeded_refit;inference=mle;ci=lrt_quadratic	chr17-45585160-INV-706887	0.5230791717	TRUE	lrt_mle	lrt_mle	False	True	lrt_quadratic	0.953,1.099	0.9532570626775803	1.0987157765844513
Psoriasis	0.8072896968263675	0.5238649186	0.5238649186	238620	8159	230461	0.01299141141	1.013076166	TRUE	lrt_mle	0.973,1.054	lrt_quadratic	two	True	0.9734036814794725	1.0543655612866973	FALSE	TRUE	FALSE	mle	238620	8159	230461	ridge_seeded_refit;ridge_seeded_refit;inference=mle;ci=lrt_quadratic	chr17-45585160-INV-706887	0.5238649186	TRUE	lrt_mle	lrt_mle	False	True	lrt_quadratic	0.973,1.054	0.9734036814794725	1.0543655612866973
Known_or_suspected_fetal_abnormality_affecting_management_of_mother	0.8072896968263675	0.5244755245	0.5244755245	369472	10593	358879	-0.01300163293	0.9870825232	TRUE	score_boot_mle		profile_penalized	two	FALSE			TRUE	FALSE	TRUE	firth	217662	10581	207081	sex_restricted_to_0;sex_majority_restricted_to_0;firth_refit;firth_refit;inference=firth;ci=profile_penalized	chr17-45585160-INV-706887		TRUE	score_boot_mle	score_boot_mle	False	FALSE				
Hypokalemia_Hypopotassemia	0.8072896968263675	0.5247015076	0.5247015076	219721	27230	192491	-0.008243015503	0.991790865	TRUE	lrt_mle	0.967,1.017	lrt_quadratic	two	True	0.9669186024457517	1.0173029222886862	FALSE	TRUE	FALSE	mle	219721	27230	192491	ridge_seeded_refit;ridge_seeded_refit;inference=mle;ci=lrt_quadratic	chr17-45585160-INV-706887	0.5247015076	TRUE	lrt_mle	lrt_mle	False	True	lrt_quadratic	0.967,1.017	0.9669186024457517	1.0173029222886862
Atherosclerosis_ASCVD	0.8074955345219886	0.5255713871	0.5255713871	252039	42207	209832	0.007177134406	1.007202952	TRUE	lrt_mle	0.985,1.030	lrt_quadratic	two	True	0.9851285359603311	1.0297720033572106	FALSE	TRUE	FALSE	mle	252039	42207	209832	ridge_seeded_refit;ridge_seeded_refit;inference=mle;ci=lrt_quadratic	chr17-45585160-INV-706887	0.5255713871	TRUE	lrt_mle	lrt_mle	False	True	lrt_quadratic	0.985,1.030	0.9851285359603311	1.0297720033572106
Chronic_obstructive_pulmonary_disease_COPD	0.8099507975444132	0.5283731058	0.5283731058	234430	24798	209632	0.008409816852	1.008445279	TRUE	lrt_mle	0.982,1.035	lrt_quadratic	two	True	0.9824231235014262	1.035156701636181	FALSE	TRUE	FALSE	mle	234430	24798	209632	ridge_seeded_refit;ridge_seeded_refit;inference=mle;ci=lrt_quadratic	chr17-45585160-INV-706887	0.5283731058	TRUE	lrt_mle	lrt_mle	False	True	lrt_quadratic	0.982,1.035	0.9824231235014262	1.035156701636181
Cirrhosis_of_liver	0.8099507975444132	0.5286460994	0.5286460994	202199	5600	196599	-0.01674082414	0.9833985248	TRUE	lrt_mle	0.933,1.036	lrt_quadratic	two	True	0.9334981428788417	1.0359663443280362	FALSE	TRUE	FALSE	mle	202199	5600	196599	ridge_seeded_refit;ridge_seeded_refit;inference=mle;ci=lrt_quadratic	chr17-45585160-INV-706887	0.5286460994	TRUE	lrt_mle	lrt_mle	False	True	lrt_quadratic	0.933,1.036	0.9334981428788417	1.0359663443280362
Suicide_ideation_and_attempt_or_self_harm	0.8100473082368201	0.5294475114	0.5294475114	249012	9927	239085	-0.01276753017	0.987313629	TRUE	lrt_mle	0.949,1.027	lrt_quadratic	two	True	0.9487967581523904	1.027394111104522	FALSE	TRUE	FALSE	mle	249012	9927	239085	ridge_seeded_refit;ridge_seeded_refit;inference=mle;ci=lrt_quadratic	chr17-45585160-INV-706887	0.5294475114	TRUE	lrt_mle	lrt_mle	False	True	lrt_quadratic	0.949,1.027	0.9487967581523904	1.027394111104522
Thrombosis_of_cerebral_or_precerebral_arteries	0.8104806057917828	0.5304695305	0.5304695305	210839	1007	209832	0.03949522489	1.040285531	TRUE	score_boot_mle		profile_penalized	two	FALSE			TRUE	FALSE	TRUE	firth	210839	1007	209832	firth_refit;firth_refit;inference=firth;ci=profile_penalized	chr17-45585160-INV-706887		TRUE	score_boot_mle	score_boot_mle	False	FALSE				
Pain_and_other_symptoms_associated_with_female_genital_organs	0.8138676418068151	0.5334282903	0.5334282903	241893	20778	221115	-0.009022411191	0.9910181686	TRUE	lrt_mle	0.963,1.020	lrt_quadratic	two	True	0.9632743911345669	1.0195610093933374	FALSE	TRUE	FALSE	mle	145943	20685	125258	sex_restricted_to_0;sex_majority_restricted_to_0;ridge_seeded_refit;ridge_seeded_refit;inference=mle;ci=lrt_quadratic	chr17-45585160-INV-706887	0.5334282903	TRUE	lrt_mle	lrt_mle	False	True	lrt_quadratic	0.963,1.020	0.9632743911345669	1.0195610093933374
Superior_glenoid_labrum_lesion	0.8155565365519836	0.5359737337	0.5359737337	190065	2216	187849	-0.02416345981	0.9761261393	TRUE	lrt_mle	0.904,1.054	lrt_quadratic	two	True	0.9042187781006252	1.0537518827818595	FALSE	TRUE	FALSE	mle	190065	2216	187849	ridge_seeded_refit;ridge_seeded_refit;inference=mle;ci=lrt_quadratic	chr17-45585160-INV-706887	0.5359737337	TRUE	lrt_mle	lrt_mle	False	True	lrt_quadratic	0.904,1.054	0.9042187781006252	1.0537518827818595
Mycobacteria	0.8155565365519836	0.5363691993	0.5363691993	250979	2878	248101	-0.02438229788	0.9759125491	TRUE	lrt_mle	0.903,1.054	lrt_quadratic	two	True	0.9033269371585394	1.054330679603363	FALSE	TRUE	FALSE	mle	250979	2878	248101	ridge_seeded_refit;ridge_seeded_refit;inference=mle;ci=lrt_quadratic	chr17-45585160-INV-706887	0.5363691993	TRUE	lrt_mle	lrt_mle	False	True	lrt_quadratic	0.903,1.054	0.9033269371585394	1.054330679603363
Psychotic_disorder	0.8155565365519836	0.5391748059	0.5391748059	248752	9667	239085	-0.01321420301	0.9868727213	TRUE	lrt_mle	0.946,1.029	lrt_quadratic	two	True	0.9461148021333793	1.0293864611278902	FALSE	TRUE	FALSE	mle	248752	9667	239085	ridge_seeded_refit;ridge_seeded_refit;inference=mle;ci=lrt_quadratic	chr17-45585160-INV-706887	0.5391748059	TRUE	lrt_mle	lrt_mle	False	True	lrt_quadratic	0.946,1.029	0.9461148021333793	1.0293864611278902
Psoriasis_vulgaris	0.8155565365519836	0.5404595405	0.5404595405	231519	1058	230461	-0.03299051951	0.9675477324	TRUE	score_boot_mle		profile_penalized	two	FALSE			TRUE	FALSE	TRUE	firth	231519	1058	230461	firth_refit;firth_refit;inference=firth;ci=profile_penalized	chr17-45585160-INV-706887		TRUE	score_boot_mle	score_boot_mle	False	FALSE				
Loss_of_teeth_and_edentulism	0.8155565365519836	0.541790371	0.541790371	200979	4380	196599	-0.01841517601	0.9817533473	TRUE	lrt_mle	0.925,1.042	lrt_quadratic	two	True	0.9253588195511165	1.0415847502211457	FALSE	TRUE	FALSE	mle	200979	4380	196599	ridge_seeded_refit;ridge_seeded_refit;inference=mle;ci=lrt_quadratic	chr17-45585160-INV-706887	0.541790371	TRUE	lrt_mle	lrt_mle	False	True	lrt_quadratic	0.925,1.042	0.9253588195511165	1.0415847502211457
Other_specified_diabetes	0.8155565365519836	0.5421494052	0.5421494052	197190	4699	192491	-0.01827992655	0.9818861379	TRUE	lrt_mle	0.926,1.041	lrt_quadratic	two	True	0.9258378419857778	1.0413274809599828	FALSE	TRUE	FALSE	mle	197190	4699	192491	ridge_seeded_refit;ridge_seeded_refit;inference=mle;ci=lrt_quadratic	chr17-45585160-INV-706887	0.5421494052	TRUE	lrt_mle	lrt_mle	False	True	lrt_quadratic	0.926,1.041	0.9258378419857778	1.0413274809599828
Inflammatory_diseases_of_prostate	0.8155565365519836	0.5422286606	0.5422286606	224336	3221	221115	0.02033216765	1.020540274	TRUE	lrt_mle	0.956,1.090	lrt_quadratic	two	True	0.9559443554910259	1.0895011255363685	FALSE	TRUE	FALSE	mle	99060	3203	95857	sex_restricted_to_1;sex_majority_restricted_to_1;ridge_seeded_refit;ridge_seeded_refit;inference=mle;ci=lrt_quadratic	chr17-45585160-INV-706887	0.5422286606	TRUE	lrt_mle	lrt_mle	False	True	lrt_quadratic	0.956,1.090	0.9559443554910259	1.0895011255363685
Chronic_liver_disease	0.8155565365519836	0.5424150486	0.5424150486	224216	27617	196599	0.007559994891	1.007588644	TRUE	lrt_mle	0.983,1.032	lrt_quadratic	two	True	0.9833757495469581	1.032397713271482	FALSE	TRUE	FALSE	mle	224216	27617	196599	ridge_seeded_refit;ridge_seeded_refit;inference=mle;ci=lrt_quadratic	chr17-45585160-INV-706887	0.5424150486	TRUE	lrt_mle	lrt_mle	False	True	lrt_quadratic	0.983,1.032	0.9833757495469581	1.032397713271482
Calcium_deposits_in_tendon_and_bursa	0.8155565365519836	0.5424987628	0.5424987628	190244	2395	187849	0.02327722752	1.023550257	TRUE	lrt_mle	0.950,1.103	lrt_quadratic	two	True	0.9496784303323674	1.1031682874491027	FALSE	TRUE	FALSE	mle	190244	2395	187849	ridge_seeded_refit;ridge_seeded_refit;inference=mle;ci=lrt_quadratic	chr17-45585160-INV-706887	0.5424987628	TRUE	lrt_mle	lrt_mle	False	True	lrt_quadratic	0.950,1.103	0.9496784303323674	1.1031682874491027
Tendinitis	0.8155565365519836	0.5431827286	0.5431827286	200347	12498	187849	-0.01068223254	0.9893746199	TRUE	lrt_mle	0.956,1.024	lrt_quadratic	two	True	0.9558853127043001	1.0240372202300827	FALSE	TRUE	FALSE	mle	200347	12498	187849	ridge_seeded_refit;ridge_seeded_refit;inference=mle;ci=lrt_quadratic	chr17-45585160-INV-706887	0.5431827286	TRUE	lrt_mle	lrt_mle	False	True	lrt_quadratic	0.956,1.024	0.9558853127043001	1.0240372202300827
Acquired_deformities_of_the_ankle_and_foot	0.8155565365519836	0.543417654	0.543417654	201608	13759	187849	-0.01040212874	0.9896517863	TRUE	lrt_mle	0.957,1.023	lrt_quadratic	two	True	0.9569981309629149	1.0234196143438936	FALSE	TRUE	FALSE	mle	201608	13759	187849	ridge_seeded_refit;ridge_seeded_refit;inference=mle;ci=lrt_quadratic	chr17-45585160-INV-706887	0.543417654	TRUE	lrt_mle	lrt_mle	False	True	lrt_quadratic	0.957,1.023	0.9569981309629149	1.0234196143438936
Complex_regional_pain_syndrome	0.8155565365519836	0.5434565435	0.5434565435	215406	1221	214185	0.03400216622	1.034586848	TRUE	score_boot_mle		profile_penalized	two	FALSE			TRUE	FALSE	TRUE	firth	215406	1221	214185	firth_refit;firth_refit;inference=firth;ci=profile_penalized	chr17-45585160-INV-706887		TRUE	score_boot_mle	score_boot_mle	False	FALSE				
Dysthymic_disorder	0.8166484417903005	0.5449285865	0.5449285865	252337	13252	239085	0.01009041257	1.010141492	TRUE	lrt_mle	0.978,1.044	lrt_quadratic	two	True	0.9776747455576049	1.0436863991767218	FALSE	TRUE	FALSE	mle	252337	13252	239085	ridge_seeded_refit;ridge_seeded_refit;inference=mle;ci=lrt_quadratic	chr17-45585160-INV-706887	0.5449285865	TRUE	lrt_mle	lrt_mle	False	True	lrt_quadratic	0.978,1.044	0.9776747455576049	1.0436863991767218
Suicidal_ideations	0.8207170577087313	0.5483916165	0.5483916165	248492	9407	239085	-0.01252319671	0.9875548922	TRUE	lrt_mle	0.948,1.029	lrt_quadratic	two	True	0.947981936729838	1.0287797977246464	FALSE	TRUE	FALSE	mle	248492	9407	239085	ridge_seeded_refit;ridge_seeded_refit;inference=mle;ci=lrt_quadratic	chr17-45585160-INV-706887	0.5483916165	TRUE	lrt_mle	lrt_mle	False	True	lrt_quadratic	0.948,1.029	0.947981936729838	1.0287797977246464
Lack_of_coordination	0.8220544499819292	0.5505739511	0.5505739511	219391	5206	214185	-0.01570163426	0.9844209937	TRUE	lrt_mle	0.935,1.037	lrt_quadratic	two	True	0.9349529687617458	1.0365063541111408	FALSE	TRUE	FALSE	mle	219391	5206	214185	ridge_seeded_refit;ridge_seeded_refit;inference=mle;ci=lrt_quadratic	chr17-45585160-INV-706887	0.5505739511	TRUE	lrt_mle	lrt_mle	False	True	lrt_quadratic	0.935,1.037	0.9349529687617458	1.0365063541111408
Complications_and_ill_defined_descriptions_of_heart_disease	0.8220544499819292	0.5512825548	0.5512825548	218644	8812	209832	0.01269923992	1.012780218	TRUE	lrt_mle	0.971,1.056	lrt_quadratic	two	True	0.9713447243890799	1.0559832607197996	FALSE	TRUE	FALSE	mle	218644	8812	209832	ridge_seeded_refit;ridge_seeded_refit;inference=mle;ci=lrt_quadratic	chr17-45585160-INV-706887	0.5512825548	TRUE	lrt_mle	lrt_mle	False	True	lrt_quadratic	0.971,1.056	0.9713447243890799	1.0559832607197996
Eustachian_tube_disorders	0.8220544499819292	0.5515333411	0.5515333411	269495	11807	257688	-0.01023051721	0.9898216365	TRUE	lrt_mle	0.957,1.024	lrt_quadratic	two	True	0.9570456723405492	1.0237200798785322	FALSE	TRUE	FALSE	mle	269495	11807	257688	ridge_seeded_refit;ridge_seeded_refit;inference=mle;ci=lrt_quadratic	chr17-45585160-INV-706887	0.5515333411	TRUE	lrt_mle	lrt_mle	False	True	lrt_quadratic	0.957,1.024	0.9570456723405492	1.0237200798785322
Hemo_onc_by_cell_of_origin	0.8228184252633651	0.5527959703	0.5527959703	265664	8897	256767	-0.01210909506	0.987963925	TRUE	lrt_mle	0.949,1.028	lrt_quadratic	two	True	0.949240714850124	1.0282668050676138	FALSE	TRUE	FALSE	mle	265664	8897	256767	ridge_seeded_refit;ridge_seeded_refit;inference=mle;ci=lrt_quadratic	chr17-45585160-INV-706887	0.5527959703	TRUE	lrt_mle	lrt_mle	False	True	lrt_quadratic	0.949,1.028	0.949240714850124	1.0282668050676138
Synovitis_and_tenosynovitis	0.8276270693198917	0.5571461438	0.5571461438	214370	26521	187849	-0.007555040459	0.9924734271	TRUE	lrt_mle	0.968,1.018	lrt_quadratic	two	True	0.9677540889889739	1.0178241711940945	FALSE	TRUE	FALSE	mle	214370	26521	187849	ridge_seeded_refit;ridge_seeded_refit;inference=mle;ci=lrt_quadratic	chr17-45585160-INV-706887	0.5571461438	TRUE	lrt_mle	lrt_mle	False	True	lrt_quadratic	0.968,1.018	0.9677540889889739	1.0178241711940945
Abdominal_tenderness	0.8276270693198917	0.5575354642	0.5575354642	200271	3672	196599	0.01905030586	1.019232921	TRUE	lrt_mle	0.956,1.086	lrt_quadratic	two	True	0.9563691612521175	1.086228821213701	FALSE	TRUE	FALSE	mle	200271	3672	196599	ridge_seeded_refit;ridge_seeded_refit;inference=mle;ci=lrt_quadratic	chr17-45585160-INV-706887	0.5575354642	TRUE	lrt_mle	lrt_mle	False	True	lrt_quadratic	0.956,1.086	0.9563691612521175	1.086228821213701
Attention_and_concentration_deficit	0.8285743905105121	0.5597986803	0.5597986803	217474	3289	214185	0.01848430205	1.018656194	TRUE	lrt_mle	0.957,1.084	lrt_quadratic	two	True	0.9572962805906058	1.0839491002754973	FALSE	TRUE	FALSE	mle	217474	3289	214185	ridge_seeded_refit;ridge_seeded_refit;inference=mle;ci=lrt_quadratic	chr17-45585160-INV-706887	0.5597986803	TRUE	lrt_mle	lrt_mle	False	True	lrt_quadratic	0.957,1.084	0.9572962805906058	1.0839491002754973
Acute_lower_respiratory_infection	0.8285743905105121	0.5602828268	0.5602828268	239956	30324	209632	0.00685909137	1.006882669	TRUE	lrt_mle	0.984,1.030	lrt_quadratic	two	True	0.9839077716461956	1.0303940450228906	FALSE	TRUE	FALSE	mle	239956	30324	209632	ridge_seeded_refit;ridge_seeded_refit;inference=mle;ci=lrt_quadratic	chr17-45585160-INV-706887	0.5602828268	TRUE	lrt_mle	lrt_mle	False	True	lrt_quadratic	0.984,1.030	0.9839077716461956	1.0303940450228906
Macular_cyst_hole_or_pseudohole	0.8285743905105121	0.5604395604	0.5604395604	259076	1388	257688	0.03135401449	1.031850729	TRUE	score_boot_mle		profile_penalized	two	FALSE			TRUE	FALSE	TRUE	firth	259076	1388	257688	firth_refit;firth_refit;inference=firth;ci=profile_penalized	chr17-45585160-INV-706887		TRUE	score_boot_mle	score_boot_mle	False	FALSE				
Drug_induced_headache	0.8318841319647376	0.5634365634	0.5634365634	215477	1292	214185	0.03105060816	1.031537707	TRUE	score_boot_mle		profile_penalized	two	FALSE			TRUE	FALSE	TRUE	firth	215477	1292	214185	firth_refit;firth_refit;inference=firth;ci=profile_penalized	chr17-45585160-INV-706887		TRUE	score_boot_mle	score_boot_mle	False	FALSE				
Psychoactive_substance_dependance	0.8363579377641128	0.5672290845	0.5672290845	259410	20325	239085	-0.008294515433	0.9917397891	TRUE	lrt_mle	0.964,1.020	lrt_quadratic	two	True	0.9639566560942255	1.0203236869222378	FALSE	TRUE	FALSE	mle	259410	20325	239085	ridge_seeded_refit;ridge_seeded_refit;inference=mle;ci=lrt_quadratic	chr17-45585160-INV-706887	0.5672290845	TRUE	lrt_mle	lrt_mle	False	True	lrt_quadratic	0.964,1.020	0.9639566560942255	1.0203236869222378
Hallucinations	0.8363864565165554	0.5684423109	0.5684423109	242850	3765	239085	-0.01884551834	0.9813309482	TRUE	lrt_mle	0.920,1.047	lrt_quadratic	two	True	0.9197926395970263	1.046986449308565	FALSE	TRUE	FALSE	mle	242850	3765	239085	ridge_seeded_refit;ridge_seeded_refit;inference=mle;ci=lrt_quadratic	chr17-45585160-INV-706887	0.5684423109	TRUE	lrt_mle	lrt_mle	False	True	lrt_quadratic	0.920,1.047	0.9197926395970263	1.046986449308565
Disorders_of_mineral_metabolism_and_mineral_deficiencies	0.8363864565165554	0.569970056	0.569970056	244980	52489	192491	-0.005613515703	0.9944022106	TRUE	lrt_mle	0.975,1.014	lrt_quadratic	two	True	0.975328947822306	1.0138484648951287	FALSE	TRUE	FALSE	mle	244980	52489	192491	ridge_seeded_refit;ridge_seeded_refit;inference=mle;ci=lrt_quadratic	chr17-45585160-INV-706887	0.569970056	TRUE	lrt_mle	lrt_mle	False	True	lrt_quadratic	0.975,1.014	0.975328947822306	1.0138484648951287
Tonsillitis_and_adenoiditis	0.8363864565165554	0.5708633186	0.5708633186	217937	8305	209632	-0.01214431023	0.9879291343	TRUE	lrt_mle	0.947,1.030	lrt_quadratic	two	True	0.9472993541185996	1.0303015304962682	FALSE	TRUE	FALSE	mle	217937	8305	209632	ridge_seeded_refit;ridge_seeded_refit;inference=mle;ci=lrt_quadratic	chr17-45585160-INV-706887	0.5708633186	TRUE	lrt_mle	lrt_mle	False	True	lrt_quadratic	0.947,1.030	0.9472993541185996	1.0303015304962682
Secondary_hypertension	0.8363864565165554	0.571014272	0.571014272	215288	5456	209832	-0.01543317801	0.9846853032	TRUE	lrt_mle	0.933,1.039	lrt_quadratic	two	True	0.9334918555214378	1.0386862408849435	FALSE	TRUE	FALSE	mle	215288	5456	209832	ridge_seeded_refit;ridge_seeded_refit;inference=mle;ci=lrt_quadratic	chr17-45585160-INV-706887	0.571014272	TRUE	lrt_mle	lrt_mle	False	True	lrt_quadratic	0.933,1.039	0.9334918555214378	1.0386862408849435
Abnormal_findings_on_diagnostic_imaging_of_skull_and_head	0.8363864565165554	0.5710605797	0.5710605797	218604	4419	214185	-0.01642766756	0.9837065307	TRUE	lrt_mle	0.929,1.041	lrt_quadratic	two	True	0.9293547746457821	1.0412369581167231	FALSE	TRUE	FALSE	mle	218604	4419	214185	ridge_seeded_refit;ridge_seeded_refit;inference=mle;ci=lrt_quadratic	chr17-45585160-INV-706887	0.5710605797	TRUE	lrt_mle	lrt_mle	False	True	lrt_quadratic	0.929,1.041	0.9293547746457821	1.0412369581167231
Premature_rupture_of_membranes	0.8372707292304	0.5724275724	0.5724275724	361842	2963	358879	0.02119845462	1.021424738	TRUE	score_boot_mle		profile_penalized	two	FALSE			TRUE	FALSE	TRUE	firth	210044	2963	207081	sex_restricted_to_0;sex_majority_restricted_to_0;firth_refit;firth_refit;inference=firth;ci=profile_penalized	chr17-45585160-INV-706887		TRUE	score_boot_mle	score_boot_mle	False	FALSE				
Atrioventricular_block_second_degree	0.8376151145403462	0.5734265734	0.5734265734	211070	1238	209832	0.02944085763	1.029878524	TRUE	score_boot_mle		profile_penalized	two	FALSE			TRUE	FALSE	TRUE	firth	211070	1238	209832	firth_refit;firth_refit;inference=firth;ci=profile_penalized	chr17-45585160-INV-706887		TRUE	score_boot_mle	score_boot_mle	False	FALSE				
Disorders_of_the_pituitary_gland_and_its_hypothalamic_control	0.8385992611074468	0.5748647624	0.5748647624	197549	5058	192491	0.01517086712	1.015286529	TRUE	lrt_mle	0.963,1.071	lrt_quadratic	two	True	0.962866156230942	1.0705607721864614	FALSE	TRUE	FALSE	mle	197549	5058	192491	ridge_seeded_refit;ridge_seeded_refit;inference=mle;ci=lrt_quadratic	chr17-45585160-INV-706887	0.5748647624	TRUE	lrt_mle	lrt_mle	False	True	lrt_quadratic	0.963,1.071	0.962866156230942	1.0705607721864614
Coronary_atherosclerosis_due_to_calcified_coronary_lesion	0.8400962432464192	0.5774225774	0.5774225774	212159	2327	209832	0.02107765961	1.021301362	TRUE	score_boot_mle		profile_penalized	two	FALSE			TRUE	FALSE	TRUE	firth	212159	2327	209832	firth_refit;firth_refit;inference=firth;ci=profile_penalized	chr17-45585160-INV-706887		TRUE	score_boot_mle	score_boot_mle	False	FALSE				
Excessive_fetal_growth	0.8400962432464192	0.5774225774	0.5774225774	360923	2044	358879	-0.02541945143	0.9749009027	TRUE	score_boot_mle		profile_penalized	two	FALSE			TRUE	FALSE	TRUE	firth	209124	2043	207081	sex_restricted_to_0;sex_majority_restricted_to_0;firth_refit;firth_refit;inference=firth;ci=profile_penalized	chr17-45585160-INV-706887		TRUE	score_boot_mle	score_boot_mle	False	FALSE				
Disorders_of_the_breast_associated_with_childbirth_and_disorders_of_lactation	0.8447896474116556	0.5814185814	0.5814185814	359953	1074	358879	-0.03364677503	0.9669129821	TRUE	score_boot_mle		profile_penalized	two	FALSE			TRUE	FALSE	TRUE	firth	208152	1071	207081	sex_restricted_to_0;sex_majority_restricted_to_0;firth_refit;firth_refit;inference=firth;ci=profile_penalized	chr17-45585160-INV-706887		TRUE	score_boot_mle	score_boot_mle	False	FALSE				
Loose_body_in_joint	0.8474063918335969	0.5844155844	0.5844155844	189442	1593	187849	-0.02487511233	0.9754317238	TRUE	score_boot_mle		profile_penalized	two	FALSE			TRUE	FALSE	TRUE	firth	189442	1593	187849	firth_refit;firth_refit;inference=firth;ci=profile_penalized	chr17-45585160-INV-706887		TRUE	score_boot_mle	score_boot_mle	False	FALSE				
Snoring	0.8474063918335969	0.5859048844	0.5859048844	225948	16316	209632	-0.008460935391	0.9915747576	TRUE	lrt_mle	0.962,1.022	lrt_quadratic	two	True	0.9618459405929699	1.0222224354107512	FALSE	TRUE	FALSE	mle	225948	16316	209632	ridge_seeded_refit;ridge_seeded_refit;inference=mle;ci=lrt_quadratic	chr17-45585160-INV-706887	0.5859048844	TRUE	lrt_mle	lrt_mle	False	True	lrt_quadratic	0.962,1.022	0.9618459405929699	1.0222224354107512
Suicide_and_self_inflicted_harm	0.8474063918335969	0.5860430053	0.5860430053	240751	1666	239085	-0.02589390214	0.97443847	TRUE	lrt_mle	0.888,1.070	lrt_quadratic	two	True	0.8877304041214884	1.069615648321986	FALSE	TRUE	FALSE	mle	240751	1666	239085	ridge_seeded_refit;ridge_seeded_refit;inference=mle;ci=lrt_quadratic	chr17-45585160-INV-706887	0.5860430053	TRUE	lrt_mle	lrt_mle	False	True	lrt_quadratic	0.888,1.070	0.8877304041214884	1.069615648321986
Obstructive_and_reflux_uropathy	0.8474063918335969	0.5863094361	0.5863094361	235089	13974	221115	0.008973107236	1.009013486	TRUE	lrt_mle	0.977,1.042	lrt_quadratic	two	True	0.9769258973814229	1.0421550070053098	FALSE	TRUE	FALSE	mle	235089	13974	221115	ridge_seeded_refit;ridge_seeded_refit;inference=mle;ci=lrt_quadratic	chr17-45585160-INV-706887	0.5863094361	TRUE	lrt_mle	lrt_mle	False	True	lrt_quadratic	0.977,1.042	0.9769258973814229	1.0421550070053098
Cellulitis_and_abscess	0.84972028664375	0.5893962443	0.5893962443	276852	46391	230461	0.005283940022	1.005297925	TRUE	lrt_mle	0.986,1.025	lrt_quadratic	two	True	0.9861915073429601	1.0247745085897102	FALSE	TRUE	FALSE	mle	276852	46391	230461	ridge_seeded_refit;ridge_seeded_refit;inference=mle;ci=lrt_quadratic	chr17-45585160-INV-706887	0.5893962443	TRUE	lrt_mle	lrt_mle	False	True	lrt_quadratic	0.986,1.025	0.9861915073429601	1.0247745085897102
Hypovolemia	0.84972028664375	0.5911695086	0.5911695086	197783	5292	192491	0.01468374408	1.01479208	TRUE	lrt_mle	0.962,1.071	lrt_quadratic	two	True	0.9618513149712185	1.0706467302331204	FALSE	TRUE	FALSE	mle	197783	5292	192491	ridge_seeded_refit;ridge_seeded_refit;inference=mle;ci=lrt_quadratic	chr17-45585160-INV-706887	0.5911695086	TRUE	lrt_mle	lrt_mle	False	True	lrt_quadratic	0.962,1.071	0.9618513149712185	1.0706467302331204
Pulpitis	0.84972028664375	0.5915854079	0.5915854079	198176	1577	196599	-0.02755879873	0.9728174804	TRUE	lrt_mle	0.880,1.076	lrt_quadratic	two	True	0.8796508263307867	1.0758517151583635	FALSE	TRUE	FALSE	mle	198176	1577	196599	ridge_seeded_refit;ridge_seeded_refit;inference=mle;ci=lrt_quadratic	chr17-45585160-INV-706887	0.5915854079	TRUE	lrt_mle	lrt_mle	False	True	lrt_quadratic	0.880,1.076	0.8796508263307867	1.0758517151583635
Abnormality_in_fetal_heart_rate_and_rhythm_complicating_labor_and_delivery	0.84972028664375	0.5924075924	0.5924075924	362004	3125	358879	-0.01993613745	0.9802612733	TRUE	score_boot_mle		profile_penalized	two	FALSE			TRUE	FALSE	TRUE	firth	210205	3124	207081	sex_restricted_to_0;sex_majority_restricted_to_0;firth_refit;firth_refit;inference=firth;ci=profile_penalized	chr17-45585160-INV-706887		TRUE	score_boot_mle	score_boot_mle	False	FALSE				
Gangrene	0.84972028664375	0.5935005651	0.5935005651	250723	2622	248101	-0.02079718747	0.9794175826	TRUE	lrt_mle	0.907,1.057	lrt_quadratic	two	True	0.9074081768839991	1.057141455757776	FALSE	TRUE	FALSE	mle	250723	2622	248101	ridge_seeded_refit;ridge_seeded_refit;inference=mle;ci=lrt_quadratic	chr17-45585160-INV-706887	0.5935005651	TRUE	lrt_mle	lrt_mle	False	True	lrt_quadratic	0.907,1.057	0.9074081768839991	1.057141455757776
Cerebrovascular_insufficiency	0.84972028664375	0.5939042018	0.5939042018	213454	3622	209832	0.01753028006	1.017684837	TRUE	lrt_mle	0.954,1.085	lrt_quadratic	two	True	0.9541732626218563	1.0854238622310142	FALSE	TRUE	FALSE	mle	213454	3622	209832	ridge_seeded_refit;ridge_seeded_refit;inference=mle;ci=lrt_quadratic	chr17-45585160-INV-706887	0.5939042018	TRUE	lrt_mle	lrt_mle	False	True	lrt_quadratic	0.954,1.085	0.9541732626218563	1.0854238622310142
Long_QT_syndrome	0.84972028664375	0.5940949621	0.5940949621	211764	1932	209832	-0.02434649233	0.9759474928	TRUE	lrt_mle	0.892,1.067	lrt_quadratic	two	True	0.8923569496117602	1.067368287103398	FALSE	TRUE	FALSE	mle	211764	1932	209832	ridge_seeded_refit;ridge_seeded_refit;inference=mle;ci=lrt_quadratic	chr17-45585160-INV-706887	0.5940949621	TRUE	lrt_mle	lrt_mle	False	True	lrt_quadratic	0.892,1.067	0.8923569496117602	1.067368287103398
Androgenic_alopecia	0.84972028664375	0.5944055944	0.5944055944	231816	1355	230461	-0.02768529081	0.9726944345	TRUE	score_boot_mle		profile_penalized	two	FALSE			TRUE	FALSE	TRUE	firth	231816	1355	230461	firth_refit;firth_refit;inference=firth;ci=profile_penalized	chr17-45585160-INV-706887		TRUE	score_boot_mle	score_boot_mle	False	FALSE				
Jaundice	0.84972028664375	0.5948816592	0.5948816592	185136	2563	182573	-0.0199115144	0.9802854106	TRUE	lrt_mle	0.911,1.055	lrt_quadratic	two	True	0.9109207484504094	1.0549320430929985	FALSE	TRUE	FALSE	mle	185136	2563	182573	ridge_seeded_refit;ridge_seeded_refit;inference=mle;ci=lrt_quadratic	chr17-45585160-INV-706887	0.5948816592	TRUE	lrt_mle	lrt_mle	False	True	lrt_quadratic	0.911,1.055	0.9109207484504094	1.0549320430929985
Macular_degeneration	0.8515535083169051	0.5969413381	0.5969413381	266348	8660	257688	-0.01119305264	0.9888693565	TRUE	lrt_mle	0.949,1.031	lrt_quadratic	two	True	0.9486844194145375	1.030756470989725	FALSE	TRUE	FALSE	mle	266348	8660	257688	ridge_seeded_refit;ridge_seeded_refit;inference=mle;ci=lrt_quadratic	chr17-45585160-INV-706887	0.5969413381	TRUE	lrt_mle	lrt_mle	False	True	lrt_quadratic	0.949,1.031	0.9486844194145375	1.030756470989725
Bilateral_hearing_loss	0.8522592269141558	0.5982129487	0.5982129487	285282	27594	257688	-0.006505092082	0.9935160202	TRUE	lrt_mle	0.970,1.018	lrt_quadratic	two	True	0.9697670036346694	1.0178466360942653	FALSE	TRUE	FALSE	mle	285282	27594	257688	ridge_seeded_refit;ridge_seeded_refit;inference=mle;ci=lrt_quadratic	chr17-45585160-INV-706887	0.5982129487	TRUE	lrt_mle	lrt_mle	False	True	lrt_quadratic	0.970,1.018	0.9697670036346694	1.0178466360942653
Toxic_polyneuropathy	0.8555097031744487	0.6012743675	0.6012743675	216454	2269	214185	0.02071366911	1.020929686	TRUE	lrt_mle	0.945,1.103	lrt_quadratic	two	True	0.9446170120644687	1.1034074239630929	FALSE	TRUE	FALSE	mle	216454	2269	214185	ridge_seeded_refit;ridge_seeded_refit;inference=mle;ci=lrt_quadratic	chr17-45585160-INV-706887	0.6012743675	TRUE	lrt_mle	lrt_mle	False	True	lrt_quadratic	0.945,1.103	0.9446170120644687	1.1034074239630929
Disorder_of_nervous_system	0.8563079869725744	0.6033501265	0.6033501265	224455	10270	214185	0.01001333577	1.010063637	TRUE	lrt_mle	0.973,1.049	lrt_quadratic	two	True	0.9726233198961831	1.0489451875772182	FALSE	TRUE	FALSE	mle	224455	10270	214185	ridge_seeded_refit;ridge_seeded_refit;inference=mle;ci=lrt_quadratic	chr17-45585160-INV-706887	0.6033501265	TRUE	lrt_mle	lrt_mle	False	True	lrt_quadratic	0.973,1.049	0.9726233198961831	1.0489451875772182
Malignant_neoplasm_of_the_uterus	0.8563079869725744	0.6033966034	0.6033966034	258465	1698	256767	0.02279290855	1.023054652	TRUE	score_boot_mle		profile_penalized	two	FALSE			TRUE	FALSE	TRUE	firth	149962	1690	148272	sex_restricted_to_0;sex_majority_restricted_to_0;firth_refit;firth_refit;inference=firth;ci=profile_penalized	chr17-45585160-INV-706887		TRUE	score_boot_mle	score_boot_mle	False	FALSE				
Maternal_infections_and_carrier_state_in_pregnancy	0.8580334394364342	0.6053946054	0.6053946054	367310	8431	358879	0.01120161572	1.011264589	TRUE	score_boot_mle		profile_penalized	two	FALSE			TRUE	FALSE	TRUE	firth	215494	8413	207081	sex_restricted_to_0;sex_majority_restricted_to_0;firth_refit;firth_refit;inference=firth;ci=profile_penalized	chr17-45585160-INV-706887		TRUE	score_boot_mle	score_boot_mle	False	FALSE				
Abnormal_forces_of_labor	0.8626557603043757	0.6103896104	0.6103896104	365501	6622	358879	-0.0123592981	0.9877167643	TRUE	score_boot_mle		profile_penalized	two	FALSE			TRUE	FALSE	TRUE	firth	213677	6596	207081	sex_restricted_to_0;sex_majority_restricted_to_0;firth_refit;firth_refit;inference=firth;ci=profile_penalized	chr17-45585160-INV-706887		TRUE	score_boot_mle	score_boot_mle	False	FALSE				
Pain_in_wrist	0.8626557603043757	0.6109380122	0.6109380122	204629	16780	187849	0.007894926036	1.007926173	TRUE	lrt_mle	0.978,1.039	lrt_quadratic	two	True	0.9777304630555308	1.039054431554741	FALSE	TRUE	FALSE	mle	204629	16780	187849	ridge_seeded_refit;ridge_seeded_refit;inference=mle;ci=lrt_quadratic	chr17-45585160-INV-706887	0.6109380122	TRUE	lrt_mle	lrt_mle	False	True	lrt_quadratic	0.978,1.039	0.9777304630555308	1.039054431554741
Coronary_atherosclerosis_Atherosclerotic_heart_disease	0.8626557603043757	0.6110150645	0.6110150645	246264	36432	209832	0.006053616629	1.006071977	TRUE	lrt_mle	0.983,1.030	lrt_quadratic	two	True	0.9828746100993603	1.0298168373600827	FALSE	TRUE	FALSE	mle	246264	36432	209832	ridge_seeded_refit;ridge_seeded_refit;inference=mle;ci=lrt_quadratic	chr17-45585160-INV-706887	0.6110150645	TRUE	lrt_mle	lrt_mle	False	True	lrt_quadratic	0.983,1.030	0.9828746100993603	1.0298168373600827
Otitis_media	0.8677755395846547	0.6166340339	0.6166340339	279512	21824	257688	0.006599744945	1.006621571	TRUE	lrt_mle	0.981,1.033	lrt_quadratic	two	True	0.9809454705878718	1.0329697400010607	FALSE	TRUE	FALSE	mle	279512	21824	257688	ridge_seeded_refit;ridge_seeded_refit;inference=mle;ci=lrt_quadratic	chr17-45585160-INV-706887	0.6166340339	TRUE	lrt_mle	lrt_mle	False	True	lrt_quadratic	0.981,1.033	0.9809454705878718	1.0329697400010607
Pancytopenia	0.8677755395846547	0.6184830141	0.6184830141	268299	3348	264951	0.01649959698	1.016636467	TRUE	lrt_mle	0.953,1.085	lrt_quadratic	two	True	0.9527171752852966	1.0848442045238265	FALSE	TRUE	FALSE	mle	268299	3348	264951	ridge_seeded_refit;ridge_seeded_refit;inference=mle;ci=lrt_quadratic	chr17-45585160-INV-706887	0.6184830141	TRUE	lrt_mle	lrt_mle	False	True	lrt_quadratic	0.953,1.085	0.9527171752852966	1.0848442045238265
Dyskinesia_of_esophagus	0.8677755395846547	0.6184837256	0.6184837256	199808	3209	196599	-0.01640943981	0.9837244616	TRUE	lrt_mle	0.922,1.049	lrt_quadratic	two	True	0.9222015003997862	1.0493518130169004	FALSE	TRUE	FALSE	mle	199808	3209	196599	ridge_seeded_refit;ridge_seeded_refit;inference=mle;ci=lrt_quadratic	chr17-45585160-INV-706887	0.6184837256	TRUE	lrt_mle	lrt_mle	False	True	lrt_quadratic	0.922,1.049	0.9222015003997862	1.0493518130169004
Chrystal_arthropathies	0.8677755395846547	0.6185363158	0.6185363158	200346	12497	187849	0.009154632128	1.009196664	TRUE	lrt_mle	0.973,1.046	lrt_quadratic	two	True	0.9734777099355665	1.0462262218293512	FALSE	TRUE	FALSE	mle	200346	12497	187849	ridge_seeded_refit;ridge_seeded_refit;inference=mle;ci=lrt_quadratic	chr17-45585160-INV-706887	0.6185363158	TRUE	lrt_mle	lrt_mle	False	True	lrt_quadratic	0.973,1.046	0.9734777099355665	1.0462262218293512
Protein_calorie_malnutrition	0.8677755395846547	0.6185966016	0.6185966016	202326	9835	192491	-0.01004530307	0.9900049825	TRUE	lrt_mle	0.952,1.030	lrt_quadratic	two	True	0.9516166641206015	1.0299418896973591	FALSE	TRUE	FALSE	mle	202326	9835	192491	ridge_seeded_refit;ridge_seeded_refit;inference=mle;ci=lrt_quadratic	chr17-45585160-INV-706887	0.6185966016	TRUE	lrt_mle	lrt_mle	False	True	lrt_quadratic	0.952,1.030	0.9516166641206015	1.0299418896973591
Opioid_abuse_or_dependence	0.8686364526371502	0.6208758351	0.6208758351	249365	10280	239085	0.009721086744	1.00976849	TRUE	lrt_mle	0.972,1.049	lrt_quadratic	two	True	0.9716105969865867	1.0494249512436262	FALSE	TRUE	FALSE	mle	249365	10280	239085	ridge_seeded_refit;ridge_seeded_refit;inference=mle;ci=lrt_quadratic	chr17-45585160-INV-706887	0.6208758351	TRUE	lrt_mle	lrt_mle	False	True	lrt_quadratic	0.972,1.049	0.9716105969865867	1.0494249512436262
Nasopharyngitis	0.8686364526371502	0.6213716213	0.6213716213	214598	4966	209632	-0.01358720998	0.9865046795	TRUE	lrt_mle	0.935,1.041	lrt_quadratic	two	True	0.9347229523283204	1.0411550077768779	FALSE	TRUE	FALSE	mle	214598	4966	209632	ridge_seeded_refit;ridge_seeded_refit;inference=mle;ci=lrt_quadratic	chr17-45585160-INV-706887	0.6213716213	TRUE	lrt_mle	lrt_mle	False	True	lrt_quadratic	0.935,1.041	0.9347229523283204	1.0411550077768779
Posterior_tibial_tendinitis	0.8686364526371502	0.6222985789	0.6222985789	191175	3326	187849	-0.0164750544	0.9836599171	TRUE	lrt_mle	0.921,1.050	lrt_quadratic	two	True	0.9212472084632579	1.0503009654347213	FALSE	TRUE	FALSE	mle	191175	3326	187849	ridge_seeded_refit;ridge_seeded_refit;inference=mle;ci=lrt_quadratic	chr17-45585160-INV-706887	0.6222985789	TRUE	lrt_mle	lrt_mle	False	True	lrt_quadratic	0.921,1.050	0.9212472084632579	1.0503009654347213
Lipoprotein_deficiencies	0.8686364526371502	0.6223776224	0.6223776224	366072	1690	364382	-0.01979458914	0.9804000374	TRUE	score_boot_mle		profile_penalized	two	FALSE			TRUE	FALSE	TRUE	firth	366072	1690	364382	firth_refit;firth_refit;inference=firth;ci=profile_penalized	chr17-45585160-INV-706887		TRUE	score_boot_mle	score_boot_mle	False	FALSE				
Hirsutism	0.8694853818575604	0.6237784827	0.6237784827	232262	1801	230461	0.02224264007	1.022491852	TRUE	lrt_mle	0.936,1.118	lrt_quadratic	two	True	0.9355364495316152	1.1175295069051232	FALSE	TRUE	FALSE	mle	232262	1801	230461	ridge_seeded_refit;ridge_seeded_refit;inference=mle;ci=lrt_quadratic	chr17-45585160-INV-706887	0.6237784827	TRUE	lrt_mle	lrt_mle	False	True	lrt_quadratic	0.936,1.118	0.9355364495316152	1.1175295069051232
Other_disorders_of_urethra_and_urinary_tract	0.8722785453204056	0.6267590952	0.6267590952	225749	4634	221115	0.01340593982	1.013496202	TRUE	lrt_mle	0.960,1.070	lrt_quadratic	two	True	0.9601886101073945	1.0697633166315654	FALSE	TRUE	FALSE	mle	225749	4634	221115	ridge_seeded_refit;ridge_seeded_refit;inference=mle;ci=lrt_quadratic	chr17-45585160-INV-706887	0.6267590952	TRUE	lrt_mle	lrt_mle	False	True	lrt_quadratic	0.960,1.070	0.9601886101073945	1.0697633166315654
Urethral_stricture	0.8722785453204056	0.6273726274	0.6273726274	222558	1443	221115	-0.02379888936	0.976482071	TRUE	score_boot_mle		profile_penalized	two	FALSE			TRUE	FALSE	TRUE	firth	222558	1443	221115	firth_refit;firth_refit;inference=firth;ci=profile_penalized	chr17-45585160-INV-706887		TRUE	score_boot_mle	score_boot_mle	False	FALSE				
Entropion_and_trichiasis_of_eyelid	0.8732729406325347	0.6293706294	0.6293706294	258765	1077	257688	-0.02741993069	0.9729525831	TRUE	score_boot_mle		profile_penalized	two	FALSE			TRUE	FALSE	TRUE	firth	258765	1077	257688	firth_refit;firth_refit;inference=firth;ci=profile_penalized	chr17-45585160-INV-706887		TRUE	score_boot_mle	score_boot_mle	False	FALSE				
Portal_hypertension	0.8732729406325347	0.6309421475	0.6309421475	199013	2414	196599	0.01883816791	1.019016726	TRUE	lrt_mle	0.944,1.100	lrt_quadratic	two	True	0.94363230184572	1.1004234225097937	FALSE	TRUE	FALSE	mle	199013	2414	196599	ridge_seeded_refit;ridge_seeded_refit;inference=mle;ci=lrt_quadratic	chr17-45585160-INV-706887	0.6309421475	TRUE	lrt_mle	lrt_mle	False	True	lrt_quadratic	0.944,1.100	0.94363230184572	1.1004234225097937
Chronic_bronchitis	0.8732729406325347	0.6312627707	0.6312627707	213765	4133	209632	-0.01446866907	0.9856354991	TRUE	lrt_mle	0.929,1.046	lrt_quadratic	two	True	0.9290858749208574	1.0456270656563733	FALSE	TRUE	FALSE	mle	213765	4133	209632	ridge_seeded_refit;ridge_seeded_refit;inference=mle;ci=lrt_quadratic	chr17-45585160-INV-706887	0.6312627707	TRUE	lrt_mle	lrt_mle	False	True	lrt_quadratic	0.929,1.046	0.9290858749208574	1.0456270656563733
Contracture_of_joint	0.8732729406325347	0.6312720528	0.6312720528	190793	2944	187849	-0.01702160584	0.9831224432	TRUE	lrt_mle	0.917,1.054	lrt_quadratic	two	True	0.9171040781656732	1.0538931854872324	FALSE	TRUE	FALSE	mle	190793	2944	187849	ridge_seeded_refit;ridge_seeded_refit;inference=mle;ci=lrt_quadratic	chr17-45585160-INV-706887	0.6312720528	TRUE	lrt_mle	lrt_mle	False	True	lrt_quadratic	0.917,1.054	0.9171040781656732	1.0538931854872324
Hypermetropia	0.8734974584662468	0.6322306126	0.6322306126	268769	11081	257688	0.008830492781	1.008869597	TRUE	lrt_mle	0.973,1.046	lrt_quadratic	two	True	0.9730372150349156	1.0460215161519428	FALSE	TRUE	FALSE	mle	268769	11081	257688	ridge_seeded_refit;ridge_seeded_refit;inference=mle;ci=lrt_quadratic	chr17-45585160-INV-706887	0.6322306126	TRUE	lrt_mle	lrt_mle	False	True	lrt_quadratic	0.973,1.046	0.9730372150349156	1.0460215161519428
Xerosis_cutis	0.8738389914885227	0.6345189048	0.6345189048	240538	10077	230461	-0.009292175899	0.990750863	TRUE	lrt_mle	0.954,1.029	lrt_quadratic	two	True	0.9535116971147712	1.0294443953004913	FALSE	TRUE	FALSE	mle	240538	10077	230461	ridge_seeded_refit;ridge_seeded_refit;inference=mle;ci=lrt_quadratic	chr17-45585160-INV-706887	0.6345189048	TRUE	lrt_mle	lrt_mle	False	True	lrt_quadratic	0.954,1.029	0.9535116971147712	1.0294443953004913
Coagulation_defects_purpura_and_other_hemorrhagic_conditions	0.8738389914885227	0.6352857341	0.6352857341	283980	19029	264951	-0.006725004781	0.9932975575	TRUE	lrt_mle	0.966,1.021	lrt_quadratic	two	True	0.9660739250536464	1.0212883425021195	FALSE	TRUE	FALSE	mle	283980	19029	264951	ridge_seeded_refit;ridge_seeded_refit;inference=mle;ci=lrt_quadratic	chr17-45585160-INV-706887	0.6352857341	TRUE	lrt_mle	lrt_mle	False	True	lrt_quadratic	0.966,1.021	0.9660739250536464	1.0212883425021195
Chronic_cough	0.8738389914885227	0.6357008764	0.6357008764	216092	6460	209632	-0.01136611687	0.9886982334	TRUE	lrt_mle	0.943,1.036	lrt_quadratic	two	True	0.943279784145776	1.0363035582451467	FALSE	TRUE	FALSE	mle	216092	6460	209632	ridge_seeded_refit;ridge_seeded_refit;inference=mle;ci=lrt_quadratic	chr17-45585160-INV-706887	0.6357008764	TRUE	lrt_mle	lrt_mle	False	True	lrt_quadratic	0.943,1.036	0.943279784145776	1.0363035582451467
Cardiac_arrhythmia_and_conduction_disorders	0.8738389914885227	0.6360103546	0.6360103546	263946	54114	209832	0.004669466956	1.004680386	TRUE	lrt_mle	0.985,1.024	lrt_quadratic	two	True	0.9854393272406771	1.024297133187755	FALSE	TRUE	FALSE	mle	263946	54114	209832	ridge_seeded_refit;ridge_seeded_refit;inference=mle;ci=lrt_quadratic	chr17-45585160-INV-706887	0.6360103546	TRUE	lrt_mle	lrt_mle	False	True	lrt_quadratic	0.985,1.024	0.9854393272406771	1.024297133187755
Cracked_tooth	0.8738389914885227	0.6413191151	0.6413191151	198313	1714	196599	-0.02179657167	0.9784392571	TRUE	lrt_mle	0.893,1.072	lrt_quadratic	two	True	0.8927042500693392	1.0724082244525612	FALSE	TRUE	FALSE	mle	198313	1714	196599	ridge_seeded_refit;ridge_seeded_refit;inference=mle;ci=lrt_quadratic	chr17-45585160-INV-706887	0.6413191151	TRUE	lrt_mle	lrt_mle	False	True	lrt_quadratic	0.893,1.072	0.8927042500693392	1.0724082244525612
Drusen_degenerative_of_macula	0.8738389914885227	0.6413332382	0.6413332382	261135	3447	257688	-0.01500538914	0.9851066307	TRUE	lrt_mle	0.925,1.049	lrt_quadratic	two	True	0.9248355798284453	1.049305514447449	FALSE	TRUE	FALSE	mle	261135	3447	257688	ridge_seeded_refit;ridge_seeded_refit;inference=mle;ci=lrt_quadratic	chr17-45585160-INV-706887	0.6413332382	TRUE	lrt_mle	lrt_mle	False	True	lrt_quadratic	0.925,1.049	0.9248355798284453	1.049305514447449
Abnormality_in_fetal_heart_rate_or_rhythm	0.8738389914885227	0.6413586414	0.6413586414	363878	4999	358879	-0.01427351233	0.9858278713	TRUE	score_boot_mle		profile_penalized	two	FALSE			TRUE	FALSE	TRUE	firth	212078	4997	207081	sex_restricted_to_0;sex_majority_restricted_to_0;firth_refit;firth_refit;inference=firth;ci=profile_penalized	chr17-45585160-INV-706887		TRUE	score_boot_mle	score_boot_mle	False	FALSE				
Papulosquamous_disorders	0.8738389914885227	0.6426870474	0.6426870474	241076	10615	230461	0.008464022359	1.008499943	TRUE	lrt_mle	0.973,1.045	lrt_quadratic	two	True	0.9730763358025396	1.0452131025681728	FALSE	TRUE	FALSE	mle	241076	10615	230461	ridge_seeded_refit;ridge_seeded_refit;inference=mle;ci=lrt_quadratic	chr17-45585160-INV-706887	0.6426870474	TRUE	lrt_mle	lrt_mle	False	True	lrt_quadratic	0.973,1.045	0.9730763358025396	1.0452131025681728
Pain_in_arm	0.8738389914885227	0.6450088511	0.6450088511	212484	29911	182573	-0.005658038577	0.994357938	TRUE	lrt_mle	0.971,1.019	lrt_quadratic	two	True	0.9707087873888661	1.018583247276137	FALSE	TRUE	FALSE	mle	212484	29911	182573	ridge_seeded_refit;ridge_seeded_refit;inference=mle;ci=lrt_quadratic	chr17-45585160-INV-706887	0.6450088511	TRUE	lrt_mle	lrt_mle	False	True	lrt_quadratic	0.971,1.019	0.9707087873888661	1.018583247276137
Transient_cerebral_ischemic_attack_TIA	0.8738389914885227	0.6459901127	0.6459901127	216763	6931	209832	0.01079378563	1.010852249	TRUE	lrt_mle	0.965,1.058	lrt_quadratic	two	True	0.9653520993406108	1.0584969664239454	FALSE	TRUE	FALSE	mle	216763	6931	209832	ridge_seeded_refit;ridge_seeded_refit;inference=mle;ci=lrt_quadratic	chr17-45585160-INV-706887	0.6459901127	TRUE	lrt_mle	lrt_mle	False	True	lrt_quadratic	0.965,1.058	0.9653520993406108	1.0584969664239454
Cannabis_use_disorders	0.8738389914885227	0.6466376615	0.6466376615	251860	12775	239085	-0.008592755303	0.9914440569	TRUE	lrt_mle	0.956,1.029	lrt_quadratic	two	True	0.9556826070440141	1.028543692984585	FALSE	TRUE	FALSE	mle	251860	12775	239085	ridge_seeded_refit;ridge_seeded_refit;inference=mle;ci=lrt_quadratic	chr17-45585160-INV-706887	0.6466376615	TRUE	lrt_mle	lrt_mle	False	True	lrt_quadratic	0.956,1.029	0.9556826070440141	1.028543692984585
Pelvic_muscle_wasting	0.8738389914885227	0.6473526474	0.6473526474	222454	1339	221115	0.02447971638	1.024781805	TRUE	score_boot_mle		profile_penalized	two	FALSE			TRUE	FALSE	TRUE	firth	222454	1339	221115	firth_refit;firth_refit;inference=firth;ci=profile_penalized	chr17-45585160-INV-706887		TRUE	score_boot_mle	score_boot_mle	False	FALSE				
Nonspecific_abnormal_results_of_function_study_of_liver	0.8738389914885227	0.6478304298	0.6478304298	204571	7972	196599	-0.009810313579	0.9902376506	TRUE	lrt_mle	0.949,1.033	lrt_quadratic	two	True	0.9494192164437002	1.0328109939485053	FALSE	TRUE	FALSE	mle	204571	7972	196599	ridge_seeded_refit;ridge_seeded_refit;inference=mle;ci=lrt_quadratic	chr17-45585160-INV-706887	0.6478304298	TRUE	lrt_mle	lrt_mle	False	True	lrt_quadratic	0.949,1.033	0.9494192164437002	1.0328109939485053
Genetic_susceptibility_to_malignant_neoplasm	0.8738389914885227	0.6483516484	0.6483516484	366729	2347	364382	-0.01650763168	0.9836278726	TRUE	score_boot_mle		profile_penalized	two	FALSE			TRUE	FALSE	TRUE	firth	366729	2347	364382	firth_refit;firth_refit;inference=firth;ci=profile_penalized	chr17-45585160-INV-706887		TRUE	score_boot_mle	score_boot_mle	False	FALSE				
Cerebral_palsy_and_other_paralytic_syndromes	0.8738389914885227	0.6487535032	0.6487535032	219705	5520	214185	0.01232625296	1.012402534	TRUE	lrt_mle	0.960,1.068	lrt_quadratic	two	True	0.9601048040922148	1.0675489666530131	FALSE	TRUE	FALSE	mle	219705	5520	214185	ridge_seeded_refit;ridge_seeded_refit;inference=mle;ci=lrt_quadratic	chr17-45585160-INV-706887	0.6487535032	TRUE	lrt_mle	lrt_mle	False	True	lrt_quadratic	0.960,1.068	0.9601048040922148	1.0675489666530131
Dislocation_of_finger	0.8738389914885227	0.6493506494	0.6493506494	188850	1001	187849	-0.02446989832	0.9758270625	TRUE	score_boot_mle		profile_penalized	two	FALSE			TRUE	FALSE	TRUE	firth	188850	1001	187849	firth_refit;firth_refit;inference=firth;ci=profile_penalized	chr17-45585160-INV-706887		TRUE	score_boot_mle	score_boot_mle	False	FALSE				
Other_disorders_of_arteries_and_arterioles	0.8738389914885227	0.6493554197	0.6493554197	215477	5645	209832	0.01189735664	1.011968412	TRUE	lrt_mle	0.961,1.065	lrt_quadratic	two	True	0.9613752935528658	1.0652240318013655	FALSE	TRUE	FALSE	mle	215477	5645	209832	ridge_seeded_refit;ridge_seeded_refit;inference=mle;ci=lrt_quadratic	chr17-45585160-INV-706887	0.6493554197	TRUE	lrt_mle	lrt_mle	False	True	lrt_quadratic	0.961,1.065	0.9613752935528658	1.0652240318013655
Pityriasis	0.8738389914885227	0.6503496503	0.6503496503	231524	1063	230461	-0.02683171231	0.97352506	TRUE	score_boot_mle		profile_penalized	two	FALSE			TRUE	FALSE	TRUE	firth	231524	1063	230461	firth_refit;firth_refit;inference=firth;ci=profile_penalized	chr17-45585160-INV-706887		TRUE	score_boot_mle	score_boot_mle	False	FALSE				
Hallux_valgus_Bunion	0.8738389914885227	0.6503503479	0.6503503479	199131	11282	187849	0.008688459695	1.008726314	TRUE	lrt_mle	0.972,1.047	lrt_quadratic	two	True	0.9715326032253838	1.0473439316423159	FALSE	TRUE	FALSE	mle	199131	11282	187849	ridge_seeded_refit;ridge_seeded_refit;inference=mle;ci=lrt_quadratic	chr17-45585160-INV-706887	0.6503503479	TRUE	lrt_mle	lrt_mle	False	True	lrt_quadratic	0.972,1.047	0.9715326032253838	1.0473439316423159
Escherichia_coli	0.8738389914885227	0.6512898044	0.6512898044	254114	6013	248101	0.01152019315	1.011586806	TRUE	lrt_mle	0.962,1.063	lrt_quadratic	two	True	0.9622924203368511	1.0634063458308922	FALSE	TRUE	FALSE	mle	254114	6013	248101	ridge_seeded_refit;ridge_seeded_refit;inference=mle;ci=lrt_quadratic	chr17-45585160-INV-706887	0.6512898044	TRUE	lrt_mle	lrt_mle	False	True	lrt_quadratic	0.962,1.063	0.9622924203368511	1.0634063458308922
Preterm_labor_with_preterm_delivery	0.8738389914885227	0.6513486513	0.6513486513	361023	2144	358879	0.01967909298	1.019874003	TRUE	score_boot_mle		profile_penalized	two	FALSE			TRUE	FALSE	TRUE	firth	209225	2144	207081	sex_restricted_to_0;sex_majority_restricted_to_0;firth_refit;firth_refit;inference=firth;ci=profile_penalized	chr17-45585160-INV-706887		TRUE	score_boot_mle	score_boot_mle	False	FALSE				
Nonexuadative_dry_age_related_macular_degeneration	0.8738389914885227	0.6513486513	0.6513486513	260816	3128	257688	-0.01642577418	0.9837083932	TRUE	score_boot_mle		profile_penalized	two	FALSE			TRUE	FALSE	TRUE	firth	260816	3128	257688	firth_refit;firth_refit;inference=firth;ci=profile_penalized	chr17-45585160-INV-706887		TRUE	score_boot_mle	score_boot_mle	False	FALSE				
Hemorrhage_from_respiratory_passages	0.8738389914885227	0.6515083799	0.6515083799	221453	11821	209632	-0.008300727687	0.9917336282	TRUE	lrt_mle	0.957,1.028	lrt_quadratic	two	True	0.9566469659760098	1.0281071537755175	FALSE	TRUE	FALSE	mle	221453	11821	209632	ridge_seeded_refit;ridge_seeded_refit;inference=mle;ci=lrt_quadratic	chr17-45585160-INV-706887	0.6515083799	TRUE	lrt_mle	lrt_mle	False	True	lrt_quadratic	0.957,1.028	0.9566469659760098	1.0281071537755175
Other_drug_use_during_pregnancy	0.8738389914885227	0.6523476523	0.6523476523	359931	1052	358879	-0.02600332081	0.974331854	TRUE	score_boot_mle		profile_penalized	two	FALSE			TRUE	FALSE	TRUE	firth	359931	1052	358879	firth_refit;firth_refit;inference=firth;ci=profile_penalized	chr17-45585160-INV-706887		TRUE	score_boot_mle	score_boot_mle	False	FALSE				
Ulcerative_colitis	0.8738389914885227	0.6523921003	0.6523921003	199949	3350	196599	-0.01423981484	0.9858610918	TRUE	lrt_mle	0.927,1.049	lrt_quadratic	two	True	0.9266306906912107	1.0488775108274564	FALSE	TRUE	FALSE	mle	199949	3350	196599	ridge_seeded_refit;ridge_seeded_refit;inference=mle;ci=lrt_quadratic	chr17-45585160-INV-706887	0.6523921003	TRUE	lrt_mle	lrt_mle	False	True	lrt_quadratic	0.927,1.049	0.9266306906912107	1.0488775108274564
Impaction_of_intestine	0.8745079452925701	0.6543456543	0.6543456543	197687	1088	196599	-0.02643512014	0.973911229	TRUE	score_boot_mle		profile_penalized	two	FALSE			TRUE	FALSE	TRUE	firth	197687	1088	196599	firth_refit;firth_refit;inference=firth;ci=profile_penalized	chr17-45585160-INV-706887		TRUE	score_boot_mle	score_boot_mle	False	FALSE				
Acute_pancreatitis	0.8745079452925701	0.6544858916	0.6544858916	201942	5343	196599	-0.01221253602	0.9878617343	TRUE	lrt_mle	0.936,1.042	lrt_quadratic	two	True	0.9364150905969028	1.0421348566326363	FALSE	TRUE	FALSE	mle	201942	5343	196599	ridge_seeded_refit;ridge_seeded_refit;inference=mle;ci=lrt_quadratic	chr17-45585160-INV-706887	0.6544858916	TRUE	lrt_mle	lrt_mle	False	True	lrt_quadratic	0.936,1.042	0.9364150905969028	1.0421348566326363
Psychoactive_substance_withdrawal	0.8793474201080291	0.6589093704	0.6589093704	244901	5816	239085	0.01145119471	1.011517011	TRUE	lrt_mle	0.961,1.064	lrt_quadratic	two	True	0.9613721332528085	1.0642774295105693	FALSE	TRUE	FALSE	mle	244901	5816	239085	ridge_seeded_refit;ridge_seeded_refit;inference=mle;ci=lrt_quadratic	chr17-45585160-INV-706887	0.6589093704	TRUE	lrt_mle	lrt_mle	False	True	lrt_quadratic	0.961,1.064	0.9613721332528085	1.0642774295105693
Hypersomnia	0.8831071840292475	0.6631059802	0.6631059802	229091	14906	214185	-0.007021209683	0.9930033814	TRUE	lrt_mle	0.962,1.025	lrt_quadratic	two	True	0.9621251421959999	1.024872620277629	FALSE	TRUE	FALSE	mle	229091	14906	214185	ridge_seeded_refit;ridge_seeded_refit;inference=mle;ci=lrt_quadratic	chr17-45585160-INV-706887	0.6631059802	TRUE	lrt_mle	lrt_mle	False	True	lrt_quadratic	0.962,1.025	0.9621251421959999	1.024872620277629
Pericarditis	0.8831071840292475	0.6633366633	0.6633366633	211054	1222	209832	-0.02271904106	0.977537093	TRUE	score_boot_mle		profile_penalized	two	FALSE			TRUE	FALSE	TRUE	firth	211054	1222	209832	firth_refit;firth_refit;inference=firth;ci=profile_penalized	chr17-45585160-INV-706887		TRUE	score_boot_mle	score_boot_mle	False	FALSE				
Ventral_hernia	0.883946164280606	0.6647726395	0.6647726395	202899	6300	196599	0.01050131395	1.010556646	TRUE	lrt_mle	0.964,1.060	lrt_quadratic	two	True	0.9636799262680863	1.0597136118267443	FALSE	TRUE	FALSE	mle	202899	6300	196599	ridge_seeded_refit;ridge_seeded_refit;inference=mle;ci=lrt_quadratic	chr17-45585160-INV-706887	0.6647726395	TRUE	lrt_mle	lrt_mle	False	True	lrt_quadratic	0.964,1.060	0.9636799262680863	1.0597136118267443
Inflammatory_diseases_of_uterus_except_cervix	0.8849491911998789	0.6663336663	0.6663336663	222178	1063	221115	-0.02321995066	0.9770475579	TRUE	score_boot_mle		profile_penalized	two	FALSE			TRUE	FALSE	TRUE	firth	126321	1063	125258	sex_restricted_to_0;sex_majority_restricted_to_0;firth_refit;firth_refit;inference=firth;ci=profile_penalized	chr17-45585160-INV-706887		TRUE	score_boot_mle	score_boot_mle	False	FALSE				
Stress_fracture	0.8852042757292623	0.6673326673	0.6673326673	190034	2185	187849	0.01762030764	1.017776461	TRUE	score_boot_mle		profile_penalized	two	FALSE			TRUE	FALSE	TRUE	firth	190034	2185	187849	firth_refit;firth_refit;inference=firth;ci=profile_penalized	chr17-45585160-INV-706887		TRUE	score_boot_mle	score_boot_mle	False	FALSE				
Pleurodynia	0.8853616982989131	0.6682584195	0.6682584195	193842	11269	182573	0.007927223613	1.007958727	TRUE	lrt_mle	0.972,1.045	lrt_quadratic	two	True	0.9720688422831475	1.0451737074856118	FALSE	TRUE	FALSE	mle	193842	11269	182573	ridge_seeded_refit;ridge_seeded_refit;inference=mle;ci=lrt_quadratic	chr17-45585160-INV-706887	0.6682584195	TRUE	lrt_mle	lrt_mle	False	True	lrt_quadratic	0.972,1.045	0.9720688422831475	1.0451737074856118
Retinal_detachments_and_breaks	0.8854018450770809	0.6690958337	0.6690958337	262637	4949	257688	0.01169197353	1.011760592	TRUE	lrt_mle	0.959,1.067	lrt_quadratic	two	True	0.9589405121289496	1.0674900916286132	FALSE	TRUE	FALSE	mle	262637	4949	257688	ridge_seeded_refit;ridge_seeded_refit;inference=mle;ci=lrt_quadratic	chr17-45585160-INV-706887	0.6690958337	TRUE	lrt_mle	lrt_mle	False	True	lrt_quadratic	0.959,1.067	0.9589405121289496	1.0674900916286132
Intestinal_obstruction	0.8877735691553549	0.6723543292	0.6723543292	205228	8629	196599	-0.008810489781	0.9912282088	TRUE	lrt_mle	0.952,1.033	lrt_quadratic	two	True	0.9515704317887236	1.0325387687507939	FALSE	TRUE	FALSE	mle	205228	8629	196599	ridge_seeded_refit;ridge_seeded_refit;inference=mle;ci=lrt_quadratic	chr17-45585160-INV-706887	0.6723543292	TRUE	lrt_mle	lrt_mle	False	True	lrt_quadratic	0.952,1.033	0.9515704317887236	1.0325387687507939
Hypertensive_retinopathy	0.8877735691553549	0.6725066873	0.6725066873	260065	2377	257688	0.01875769807	1.018934729	TRUE	lrt_mle	0.934,1.112	lrt_quadratic	two	True	0.9340592689348067	1.111522594113453	FALSE	TRUE	FALSE	mle	260065	2377	257688	ridge_seeded_refit;ridge_seeded_refit;inference=mle;ci=lrt_quadratic	chr17-45585160-INV-706887	0.6725066873	TRUE	lrt_mle	lrt_mle	False	True	lrt_quadratic	0.934,1.112	0.9340592689348067	1.111522594113453
Respiratory_infection	0.8880152176008402	0.6739275329	0.6739275329	302771	93139	209632	-0.003214972174	0.9967901903	TRUE	lrt_mle	0.982,1.012	lrt_quadratic	two	True	0.9819737875687943	1.0118301487134975	FALSE	TRUE	FALSE	mle	302771	93139	209632	ridge_seeded_refit;ridge_seeded_refit;inference=mle;ci=lrt_quadratic	chr17-45585160-INV-706887	0.6739275329	TRUE	lrt_mle	lrt_mle	False	True	lrt_quadratic	0.982,1.012	0.9819737875687943	1.0118301487134975
Malignant_neoplasm_of_the_head_and_neck	0.8880152176008402	0.6743087295	0.6743087295	259028	2261	256767	-0.01644938463	0.9836851677	TRUE	lrt_mle	0.911,1.062	lrt_quadratic	two	True	0.9110408169082655	1.0621220160858091	FALSE	TRUE	FALSE	mle	259028	2261	256767	ridge_seeded_refit;ridge_seeded_refit;inference=mle;ci=lrt_quadratic	chr17-45585160-INV-706887	0.6743087295	TRUE	lrt_mle	lrt_mle	False	True	lrt_quadratic	0.911,1.062	0.9110408169082655	1.0621220160858091
Systolic_heart_failure	0.8900597963711031	0.6766726255	0.6766726255	219181	9349	209832	-0.00900934001	0.9910311225	TRUE	lrt_mle	0.950,1.034	lrt_quadratic	two	True	0.9499425045826069	1.033896979031876	FALSE	TRUE	FALSE	mle	219181	9349	209832	ridge_seeded_refit;ridge_seeded_refit;inference=mle;ci=lrt_quadratic	chr17-45585160-INV-706887	0.6766726255	TRUE	lrt_mle	lrt_mle	False	True	lrt_quadratic	0.950,1.034	0.9499425045826069	1.033896979031876
Abnormal_electrocardiogram_ECG_EKG	0.8933214228308981	0.6799666254	0.6799666254	239060	29228	209832	0.00518622795	1.0051997	TRUE	lrt_mle	0.981,1.030	lrt_quadratic	two	True	0.9807327899885061	1.0302769996173275	FALSE	TRUE	FALSE	mle	239060	29228	209832	ridge_seeded_refit;ridge_seeded_refit;inference=mle;ci=lrt_quadratic	chr17-45585160-INV-706887	0.6799666254	TRUE	lrt_mle	lrt_mle	False	True	lrt_quadratic	0.981,1.030	0.9807327899885061	1.0302769996173275
Decreased_fetal_movements_affecting_management_of_mother	0.8966488057178229	0.6833166833	0.6833166833	361510	2631	358879	-0.01513953908	0.9849744876	TRUE	score_boot_mle		profile_penalized	two	FALSE			TRUE	FALSE	TRUE	firth	209712	2631	207081	sex_restricted_to_0;sex_majority_restricted_to_0;firth_refit;firth_refit;inference=firth;ci=profile_penalized	chr17-45585160-INV-706887		TRUE	score_boot_mle	score_boot_mle	False	FALSE				
Lyme_disease	0.9021241601733572	0.6883116883	0.6883116883	250536	2435	248101	0.01477580677	1.014885509	TRUE	score_boot_mle		profile_penalized	two	FALSE			TRUE	FALSE	TRUE	firth	250536	2435	248101	firth_refit;firth_refit;inference=firth;ci=profile_penalized	chr17-45585160-INV-706887		TRUE	score_boot_mle	score_boot_mle	False	FALSE				
Unilateral_hearing_loss	0.9057359442312649	0.6918930914	0.6918930914	267634	9946	257688	-0.007601112349	0.992427703	TRUE	lrt_mle	0.956,1.030	lrt_quadratic	two	True	0.9558112589234958	1.0304468969004348	FALSE	TRUE	FALSE	mle	267634	9946	257688	ridge_seeded_refit;ridge_seeded_refit;inference=mle;ci=lrt_quadratic	chr17-45585160-INV-706887	0.6918930914	TRUE	lrt_mle	lrt_mle	False	True	lrt_quadratic	0.956,1.030	0.9558112589234958	1.0304468969004348
Major_depressive_disorder	0.9095966004052444	0.69567142	0.69567142	304055	64970	239085	0.003313087064	1.003318581	TRUE	lrt_mle	0.987,1.020	lrt_quadratic	two	True	0.986800701810514	1.0201129508132942	FALSE	TRUE	FALSE	mle	304055	64970	239085	ridge_seeded_refit;ridge_seeded_refit;inference=mle;ci=lrt_quadratic	chr17-45585160-INV-706887	0.69567142	TRUE	lrt_mle	lrt_mle	False	True	lrt_quadratic	0.987,1.020	0.986800701810514	1.0201129508132942
Genetic_diseases_of_the_eye	0.9100219953808788	0.6973026973	0.6973026973	366556	2174	364382	0.01550761497	1.015628482	TRUE	score_boot_mle		profile_penalized	two	FALSE			TRUE	FALSE	TRUE	firth	366556	2174	364382	firth_refit;firth_refit;inference=firth;ci=profile_penalized	chr17-45585160-INV-706887		TRUE	score_boot_mle	score_boot_mle	False	FALSE				
Mononeuropathies	0.9100219953808788	0.6983741314	0.6983741314	251453	37268	214185	-0.004256092479	0.9957529518	TRUE	lrt_mle	0.975,1.017	lrt_quadratic	two	True	0.9745471376330886	1.017420197364618	FALSE	TRUE	FALSE	mle	251453	37268	214185	ridge_seeded_refit;ridge_seeded_refit;inference=mle;ci=lrt_quadratic	chr17-45585160-INV-706887	0.6983741314	TRUE	lrt_mle	lrt_mle	False	True	lrt_quadratic	0.975,1.017	0.9745471376330886	1.017420197364618
Other_disorders_of_liver	0.9100219953808788	0.6984854331	0.6984854331	216132	19533	196599	-0.005647654722	0.9943682633	TRUE	lrt_mle	0.966,1.023	lrt_quadratic	two	True	0.9663557614056185	1.0231927852520044	FALSE	TRUE	FALSE	mle	216132	19533	196599	ridge_seeded_refit;ridge_seeded_refit;inference=mle;ci=lrt_quadratic	chr17-45585160-INV-706887	0.6984854331	TRUE	lrt_mle	lrt_mle	False	True	lrt_quadratic	0.966,1.023	0.9663557614056185	1.0231927852520044
Microcytic_anemia	0.9130372586036687	0.7025908709	0.7025908709	296582	31631	264951	0.004482348909	1.00449241	TRUE	lrt_mle	0.982,1.028	lrt_quadratic	two	True	0.9816443710022752	1.027872242609337	FALSE	TRUE	FALSE	mle	296582	31631	264951	ridge_seeded_refit;ridge_seeded_refit;inference=mle;ci=lrt_quadratic	chr17-45585160-INV-706887	0.7025908709	TRUE	lrt_mle	lrt_mle	False	True	lrt_quadratic	0.982,1.028	0.9816443710022752	1.027872242609337
Acquired_deformities_of_limbs	0.9130372586036687	0.7028846925	0.7028846925	206100	18251	187849	-0.005747018992	0.9942694635	TRUE	lrt_mle	0.965,1.024	lrt_quadratic	two	True	0.9653370972346302	1.0240689692159965	FALSE	TRUE	FALSE	mle	206100	18251	187849	ridge_seeded_refit;ridge_seeded_refit;inference=mle;ci=lrt_quadratic	chr17-45585160-INV-706887	0.7028846925	TRUE	lrt_mle	lrt_mle	False	True	lrt_quadratic	0.965,1.024	0.9653370972346302	1.0240689692159965
Drugs_and_alcohol_during_pregnancy	0.9130372586036687	0.7032967033	0.7032967033	360912	2033	358879	0.01716863606	1.017316864	TRUE	score_boot_mle		profile_penalized	two	FALSE			TRUE	FALSE	TRUE	firth	360912	2033	358879	firth_refit;firth_refit;inference=firth;ci=profile_penalized	chr17-45585160-INV-706887		TRUE	score_boot_mle	score_boot_mle	False	FALSE				
Pneumothorax_and_air_leak	0.9131220154560555	0.7046069106	0.7046069106	213321	3689	209632	-0.01171836742	0.9883500252	TRUE	lrt_mle	0.930,1.050	lrt_quadratic	two	True	0.9302504658289449	1.0500782405037323	FALSE	TRUE	FALSE	mle	213321	3689	209632	ridge_seeded_refit;ridge_seeded_refit;inference=mle;ci=lrt_quadratic	chr17-45585160-INV-706887	0.7046069106	TRUE	lrt_mle	lrt_mle	False	True	lrt_quadratic	0.930,1.050	0.9302504658289449	1.0500782405037323
Disorders_of_thyroid_gland	0.9131220154560555	0.7056935611	0.7056935611	249811	57320	192491	0.003614221367	1.003620761	TRUE	lrt_mle	0.985,1.023	lrt_quadratic	two	True	0.984970678525617	1.0226239754628934	FALSE	TRUE	FALSE	mle	249811	57320	192491	ridge_seeded_refit;ridge_seeded_refit;inference=mle;ci=lrt_quadratic	chr17-45585160-INV-706887	0.7056935611	TRUE	lrt_mle	lrt_mle	False	True	lrt_quadratic	0.985,1.023	0.984970678525617	1.0226239754628934
Cellulitis_and_abscess_of_mouth	0.9131220154560555	0.706368886	0.706368886	198161	1562	196599	-0.01876428672	0.9814106665	TRUE	lrt_mle	0.890,1.082	lrt_quadratic	two	True	0.8901325314262621	1.0820488661310081	FALSE	TRUE	FALSE	mle	198161	1562	196599	ridge_seeded_refit;ridge_seeded_refit;inference=mle;ci=lrt_quadratic	chr17-45585160-INV-706887	0.706368886	TRUE	lrt_mle	lrt_mle	False	True	lrt_quadratic	0.890,1.082	0.8901325314262621	1.0820488661310081
Scrotal_varices_Varicocele	0.9131220154560555	0.7072927073	0.7072927073	211423	1591	209832	0.01823783377	1.018405159	TRUE	score_boot_mle		profile_penalized	two	FALSE			TRUE	FALSE	TRUE	firth	83239	1585	81654	sex_restricted_to_1;sex_majority_restricted_to_1;firth_refit;firth_refit;inference=firth;ci=profile_penalized	chr17-45585160-INV-706887		TRUE	score_boot_mle	score_boot_mle	False	FALSE				
Retinal_hemorrhage	0.9131220154560555	0.7079969892	0.7079969892	259674	1986	257688	-0.01611902769	0.9840101886	TRUE	lrt_mle	0.904,1.071	lrt_quadratic	two	True	0.9044140216171919	1.0706114989084499	FALSE	TRUE	FALSE	mle	259674	1986	257688	ridge_seeded_refit;ridge_seeded_refit;inference=mle;ci=lrt_quadratic	chr17-45585160-INV-706887	0.7079969892	TRUE	lrt_mle	lrt_mle	False	True	lrt_quadratic	0.904,1.071	0.9044140216171919	1.0706114989084499
Hypogammaglobulinemia_NOS	0.9131220154560555	0.7102897103	0.7102897103	266671	1720	264951	0.01567323867	1.015796708	TRUE	score_boot_mle		profile_penalized	two	FALSE			TRUE	FALSE	TRUE	firth	266671	1720	264951	firth_refit;firth_refit;inference=firth;ci=profile_penalized	chr17-45585160-INV-706887		TRUE	score_boot_mle	score_boot_mle	False	FALSE				
Stimulant_abuse_or_dependance	0.9131220154560555	0.7108136793	0.7108136793	249732	10647	239085	0.007815532149	1.007846153	TRUE	lrt_mle	0.967,1.050	lrt_quadratic	two	True	0.9670552511907348	1.050357636910056	FALSE	TRUE	FALSE	mle	249732	10647	239085	ridge_seeded_refit;ridge_seeded_refit;inference=mle;ci=lrt_quadratic	chr17-45585160-INV-706887	0.7108136793	TRUE	lrt_mle	lrt_mle	False	True	lrt_quadratic	0.967,1.050	0.9670552511907348	1.050357636910056
Iron_deficiency_anemia	0.9131220154560555	0.7128081214	0.7128081214	296592	31641	264951	0.004320603039	1.00432995	TRUE	lrt_mle	0.981,1.028	lrt_quadratic	two	True	0.9814880679039928	1.0277034250925574	FALSE	TRUE	FALSE	mle	296592	31641	264951	ridge_seeded_refit;ridge_seeded_refit;inference=mle;ci=lrt_quadratic	chr17-45585160-INV-706887	0.7128081214	TRUE	lrt_mle	lrt_mle	False	True	lrt_quadratic	0.981,1.028	0.9814880679039928	1.0277034250925574
Female_infertility	0.9131220154560555	0.7132867133	0.7132867133	225746	4631	221115	-0.01056580398	0.9894898181	TRUE	score_boot_mle		profile_penalized	two	FALSE			TRUE	FALSE	TRUE	firth	225746	4631	221115	firth_refit;firth_refit;inference=firth;ci=profile_penalized	chr17-45585160-INV-706887		TRUE	score_boot_mle	score_boot_mle	False	FALSE				
Cardiomyopathy	0.9131220154560555	0.7135137951	0.7135137951	221816	11984	209832	0.006822164353	1.006845488	TRUE	lrt_mle	0.971,1.044	lrt_quadratic	two	True	0.9708361055449114	1.0441904988623594	FALSE	TRUE	FALSE	mle	221816	11984	209832	ridge_seeded_refit;ridge_seeded_refit;inference=mle;ci=lrt_quadratic	chr17-45585160-INV-706887	0.7135137951	TRUE	lrt_mle	lrt_mle	False	True	lrt_quadratic	0.971,1.044	0.9708361055449114	1.0441904988623594
Edema_of_eyelid	0.9131220154560555	0.7142857143	0.7142857143	258807	1119	257688	-0.02279797411	0.977459936	TRUE	score_boot_mle		profile_penalized	two	FALSE			TRUE	FALSE	TRUE	firth	258807	1119	257688	firth_refit;firth_refit;inference=firth;ci=profile_penalized	chr17-45585160-INV-706887		TRUE	score_boot_mle	score_boot_mle	False	FALSE				
Fibrosis_and_cirrhosis_of_liver	0.9131220154560555	0.7150827018	0.7150827018	202834	6235	196599	-0.009190476568	0.9908516268	TRUE	lrt_mle	0.943,1.041	lrt_quadratic	two	True	0.9431443137531819	1.0409721311738214	FALSE	TRUE	FALSE	mle	202834	6235	196599	ridge_seeded_refit;ridge_seeded_refit;inference=mle;ci=lrt_quadratic	chr17-45585160-INV-706887	0.7150827018	TRUE	lrt_mle	lrt_mle	False	True	lrt_quadratic	0.943,1.041	0.9431443137531819	1.0409721311738214
Circumscribed_scleroderma	0.9131220154560555	0.7152847153	0.7152847153	232520	2059	230461	-0.01492558826	0.9851852462	TRUE	score_boot_mle		profile_penalized	two	FALSE			TRUE	FALSE	TRUE	firth	232520	2059	230461	firth_refit;firth_refit;inference=firth;ci=profile_penalized	chr17-45585160-INV-706887		TRUE	score_boot_mle	score_boot_mle	False	FALSE				
High_risk_sexual_behavior	0.9131220154560555	0.7158583154	0.7158583154	242264	3179	239085	0.01345681868	1.013547769	TRUE	lrt_mle	0.943,1.090	lrt_quadratic	two	True	0.9427051436269345	1.0897140928357238	FALSE	TRUE	FALSE	mle	242264	3179	239085	ridge_seeded_refit;ridge_seeded_refit;inference=mle;ci=lrt_quadratic	chr17-45585160-INV-706887	0.7158583154	TRUE	lrt_mle	lrt_mle	False	True	lrt_quadratic	0.943,1.090	0.9427051436269345	1.0897140928357238
Bleeding_in_pregnancy	0.9131220154560555	0.7182817183	0.7182817183	366131	7252	358879	-0.008391033502	0.991644073	TRUE	score_boot_mle		profile_penalized	two	FALSE			TRUE	FALSE	TRUE	firth	214330	7249	207081	sex_restricted_to_0;sex_majority_restricted_to_0;firth_refit;firth_refit;inference=firth;ci=profile_penalized	chr17-45585160-INV-706887		TRUE	score_boot_mle	score_boot_mle	False	FALSE				
Acute_gastritis	0.9131220154560555	0.7193915964	0.7193915964	200840	4241	196599	0.01104125676	1.011102436	TRUE	lrt_mle	0.952,1.074	lrt_quadratic	two	True	0.95199742442663	1.0738769986685428	FALSE	TRUE	FALSE	mle	200840	4241	196599	ridge_seeded_refit;ridge_seeded_refit;inference=mle;ci=lrt_quadratic	chr17-45585160-INV-706887	0.7193915964	TRUE	lrt_mle	lrt_mle	False	True	lrt_quadratic	0.952,1.074	0.95199742442663	1.0738769986685428
Conduct_disorders	0.9131220154560555	0.7197055262	0.7197055262	240313	1228	239085	-0.02066800539	0.979544114	TRUE	lrt_mle	0.875,1.097	lrt_quadratic	two	True	0.8749823193354891	1.0966012112333023	FALSE	TRUE	FALSE	mle	240313	1228	239085	ridge_seeded_refit;ridge_seeded_refit;inference=mle;ci=lrt_quadratic	chr17-45585160-INV-706887	0.7197055262	TRUE	lrt_mle	lrt_mle	False	True	lrt_quadratic	0.875,1.097	0.8749823193354891	1.0966012112333023
Hydronephrosis	0.9131220154560555	0.7200320263	0.7200320263	229145	8030	221115	0.00763331803	1.007662526	TRUE	lrt_mle	0.966,1.051	lrt_quadratic	two	True	0.9664663856270921	1.0506146737764939	FALSE	TRUE	FALSE	mle	229145	8030	221115	ridge_seeded_refit;ridge_seeded_refit;inference=mle;ci=lrt_quadratic	chr17-45585160-INV-706887	0.7200320263	TRUE	lrt_mle	lrt_mle	False	True	lrt_quadratic	0.966,1.051	0.9664663856270921	1.0506146737764939
High_risk_human_papillomavirus_HPV_DNA_test_positive	0.9131220154560555	0.7202797203	0.7202797203	187245	4672	182573	-0.01086274617	0.9891960404	TRUE	score_boot_mle		profile_penalized	two	FALSE			TRUE	FALSE	TRUE	firth	187245	4672	182573	firth_refit;firth_refit;inference=firth;ci=profile_penalized	chr17-45585160-INV-706887		TRUE	score_boot_mle	score_boot_mle	False	FALSE				
Nasal_congestion	0.9131220154560555	0.720751529	0.720751529	226232	16600	209632	-0.005517787614	0.9944974074	TRUE	lrt_mle	0.965,1.025	lrt_quadratic	two	True	0.9648598288235145	1.0250453628712732	FALSE	TRUE	FALSE	mle	226232	16600	209632	ridge_seeded_refit;ridge_seeded_refit;inference=mle;ci=lrt_quadratic	chr17-45585160-INV-706887	0.720751529	TRUE	lrt_mle	lrt_mle	False	True	lrt_quadratic	0.965,1.025	0.9648598288235145	1.0250453628712732
Nerve_root_lesions	0.9131220154560555	0.7212787213	0.7212787213	215396	1211	214185	0.02125206983	1.021479503	TRUE	score_boot_mle		profile_penalized	two	FALSE			TRUE	FALSE	TRUE	firth	215396	1211	214185	firth_refit;firth_refit;inference=firth;ci=profile_penalized	chr17-45585160-INV-706887		TRUE	score_boot_mle	score_boot_mle	False	FALSE				
Urge_incontinence	0.9131220154560555	0.7216743732	0.7216743732	231073	9958	221115	-0.007101966537	0.9929231928	TRUE	lrt_mle	0.955,1.032	lrt_quadratic	two	True	0.9548723584939047	1.032490319877191	FALSE	TRUE	FALSE	mle	231073	9958	221115	ridge_seeded_refit;ridge_seeded_refit;inference=mle;ci=lrt_quadratic	chr17-45585160-INV-706887	0.7216743732	TRUE	lrt_mle	lrt_mle	False	True	lrt_quadratic	0.955,1.032	0.9548723584939047	1.032490319877191
Food_allergy	0.9137209862193622	0.7236675494	0.7236675494	183953	1380	182573	-0.01840006898	0.9817681788	TRUE	lrt_mle	0.887,1.087	lrt_quadratic	two	True	0.8865651719332172	1.0871944752508211	FALSE	TRUE	FALSE	mle	183953	1380	182573	ridge_seeded_refit;ridge_seeded_refit;inference=mle;ci=lrt_quadratic	chr17-45585160-INV-706887	0.7236675494	TRUE	lrt_mle	lrt_mle	False	True	lrt_quadratic	0.887,1.087	0.8865651719332172	1.0871944752508211
Retinal_edema	0.9137209862193622	0.7239783206	0.7239783206	259147	1459	257688	-0.01820093739	0.9819636993	TRUE	lrt_mle	0.888,1.086	lrt_quadratic	two	True	0.8876159885089843	1.0863399479577094	FALSE	TRUE	FALSE	mle	259147	1459	257688	ridge_seeded_refit;ridge_seeded_refit;inference=mle;ci=lrt_quadratic	chr17-45585160-INV-706887	0.7239783206	TRUE	lrt_mle	lrt_mle	False	True	lrt_quadratic	0.888,1.086	0.8876159885089843	1.0863399479577094
Staphylococcus	0.9137209862193622	0.726725254	0.726725254	255830	7729	248101	0.007712575517	1.007742394	TRUE	lrt_mle	0.965,1.052	lrt_quadratic	two	True	0.9650834527974411	1.0522869600516196	FALSE	TRUE	FALSE	mle	255830	7729	248101	ridge_seeded_refit;ridge_seeded_refit;inference=mle;ci=lrt_quadratic	chr17-45585160-INV-706887	0.726725254	TRUE	lrt_mle	lrt_mle	False	True	lrt_quadratic	0.965,1.052	0.9650834527974411	1.0522869600516196
Viral_pneumonia	0.9137209862193622	0.7279621601	0.7279621601	214377	4745	209632	0.01020773821	1.010260015	TRUE	lrt_mle	0.954,1.070	lrt_quadratic	two	True	0.9537917640706214	1.0700714098614585	FALSE	TRUE	FALSE	mle	214377	4745	209632	ridge_seeded_refit;ridge_seeded_refit;inference=mle;ci=lrt_quadratic	chr17-45585160-INV-706887	0.7279621601	TRUE	lrt_mle	lrt_mle	False	True	lrt_quadratic	0.954,1.070	0.9537917640706214	1.0700714098614585
Symptoms_related_to_mental_disorders	0.9137209862193622	0.728136923	0.728136923	245623	6538	239085	-0.008588591913	0.9914481847	TRUE	lrt_mle	0.945,1.041	lrt_quadratic	two	True	0.9445796997372518	1.0406422064547156	FALSE	TRUE	FALSE	mle	245623	6538	239085	ridge_seeded_refit;ridge_seeded_refit;inference=mle;ci=lrt_quadratic	chr17-45585160-INV-706887	0.728136923	TRUE	lrt_mle	lrt_mle	False	True	lrt_quadratic	0.945,1.041	0.9445796997372518	1.0406422064547156
Scabies	0.9137209862193622	0.7284135387	0.7284135387	250002	1901	248101	-0.01595662269	0.9841700098	TRUE	lrt_mle	0.899,1.077	lrt_quadratic	two	True	0.899403809731246	1.0769251782843718	FALSE	TRUE	FALSE	mle	250002	1901	248101	ridge_seeded_refit;ridge_seeded_refit;inference=mle;ci=lrt_quadratic	chr17-45585160-INV-706887	0.7284135387	TRUE	lrt_mle	lrt_mle	False	True	lrt_quadratic	0.899,1.077	0.899403809731246	1.0769251782843718
Ovarian_cyst	0.9137209862193622	0.7289871117	0.7289871117	239407	18292	221115	-0.005307167264	0.9947068909	TRUE	lrt_mle	0.965,1.025	lrt_quadratic	two	True	0.9652875173169951	1.02502288798841	FALSE	TRUE	FALSE	mle	143530	18272	125258	sex_restricted_to_0;sex_majority_restricted_to_0;ridge_seeded_refit;ridge_seeded_refit;inference=mle;ci=lrt_quadratic	chr17-45585160-INV-706887	0.7289871117	TRUE	lrt_mle	lrt_mle	False	True	lrt_quadratic	0.965,1.025	0.9652875173169951	1.02502288798841
Nontraumatic_subarachnoid_hemorrhage	0.9137209862193622	0.7292707293	0.7292707293	211011	1179	209832	-0.01760799432	0.9825461205	TRUE	score_boot_mle		profile_penalized	two	FALSE			TRUE	FALSE	TRUE	firth	211011	1179	209832	firth_refit;firth_refit;inference=firth;ci=profile_penalized	chr17-45585160-INV-706887		TRUE	score_boot_mle	score_boot_mle	False	FALSE				
Impulse_disorders	0.9137209862193622	0.7302697303	0.7302697303	240132	1047	239085	-0.0189843323	0.9811947352	TRUE	score_boot_mle		profile_penalized	two	FALSE			TRUE	FALSE	TRUE	firth	240132	1047	239085	firth_refit;firth_refit;inference=firth;ci=profile_penalized	chr17-45585160-INV-706887		TRUE	score_boot_mle	score_boot_mle	False	FALSE				
Urinary_tract_infection_UTI	0.9137209862193622	0.7312269251	0.7312269251	271227	50112	221115	-0.003376434988	0.9966292588	TRUE	lrt_mle	0.978,1.016	lrt_quadratic	two	True	0.9776121593102173	1.016016290258289	FALSE	TRUE	FALSE	mle	271227	50112	221115	ridge_seeded_refit;ridge_seeded_refit;inference=mle;ci=lrt_quadratic	chr17-45585160-INV-706887	0.7312269251	TRUE	lrt_mle	lrt_mle	False	True	lrt_quadratic	0.978,1.016	0.9776121593102173	1.016016290258289
Rheumatic_heart_disease	0.9137209862193622	0.7313099598	0.7313099598	219240	9408	209832	-0.007060493703	0.992964373	TRUE	lrt_mle	0.954,1.034	lrt_quadratic	two	True	0.953743634487654	1.0337979834859021	FALSE	TRUE	FALSE	mle	219240	9408	209832	ridge_seeded_refit;ridge_seeded_refit;inference=mle;ci=lrt_quadratic	chr17-45585160-INV-706887	0.7313099598	TRUE	lrt_mle	lrt_mle	False	True	lrt_quadratic	0.954,1.034	0.953743634487654	1.0337979834859021
Pain_in_leg	0.916971714761206	0.7347476183	0.7347476183	211502	28929	182573	-0.00425581112	0.995753232	TRUE	lrt_mle	0.972,1.021	lrt_quadratic	two	True	0.9715383647841763	1.0205716366955515	FALSE	TRUE	FALSE	mle	211502	28929	182573	ridge_seeded_refit;ridge_seeded_refit;inference=mle;ci=lrt_quadratic	chr17-45585160-INV-706887	0.7347476183	TRUE	lrt_mle	lrt_mle	False	True	lrt_quadratic	0.972,1.021	0.9715383647841763	1.0205716366955515
Drug_induced_psychotic_disorder	0.9201084659019317	0.7380997721	0.7380997721	240162	1077	239085	-0.02133266944	0.9788932625	TRUE	lrt_mle	0.864,1.109	lrt_quadratic	two	True	0.8638317416276882	1.1092808625071169	FALSE	TRUE	FALSE	mle	240162	1077	239085	ridge_seeded_refit;ridge_seeded_refit;inference=mle;ci=lrt_quadratic	chr17-45585160-INV-706887	0.7380997721	TRUE	lrt_mle	lrt_mle	False	True	lrt_quadratic	0.864,1.109	0.8638317416276882	1.1092808625071169
Fractures	0.9256786298153061	0.7437317226	0.7437317226	235131	47282	187849	-0.00328694916	0.9967184469	TRUE	lrt_mle	0.977,1.017	lrt_quadratic	two	True	0.9772690658713489	1.0165549050626626	FALSE	TRUE	FALSE	mle	235131	47282	187849	ridge_seeded_refit;ridge_seeded_refit;inference=mle;ci=lrt_quadratic	chr17-45585160-INV-706887	0.7437317226	TRUE	lrt_mle	lrt_mle	False	True	lrt_quadratic	0.977,1.017	0.9772690658713489	1.0165549050626626
Threatened_premature_labor	0.9256786298153061	0.7442557443	0.7442557443	361301	2422	358879	0.01472872376	1.014837726	TRUE	score_boot_mle		profile_penalized	two	FALSE			TRUE	FALSE	TRUE	firth	209503	2422	207081	sex_restricted_to_0;sex_majority_restricted_to_0;firth_refit;firth_refit;inference=firth;ci=profile_penalized	chr17-45585160-INV-706887		TRUE	score_boot_mle	score_boot_mle	False	FALSE				
Squamous_blepharitis	0.9264471420825057	0.7462537463	0.7462537463	259396	1708	257688	0.01467978735	1.014788065	TRUE	score_boot_mle		profile_penalized	two	FALSE			TRUE	FALSE	TRUE	firth	259396	1708	257688	firth_refit;firth_refit;inference=firth;ci=profile_penalized	chr17-45585160-INV-706887		TRUE	score_boot_mle	score_boot_mle	False	FALSE				
Pseudomonas	0.9264471420825057	0.7465754933	0.7465754933	249930	1829	248101	0.01448286365	1.014588248	TRUE	lrt_mle	0.929,1.108	lrt_quadratic	two	True	0.9292698107403001	1.1077399717734886	FALSE	TRUE	FALSE	mle	249930	1829	248101	ridge_seeded_refit;ridge_seeded_refit;inference=mle;ci=lrt_quadratic	chr17-45585160-INV-706887	0.7465754933	TRUE	lrt_mle	lrt_mle	False	True	lrt_quadratic	0.929,1.108	0.9292698107403001	1.1077399717734886
Pulmonary_tuberculosis	0.9264471420825057	0.7480902108	0.7480902108	210700	1068	209632	-0.02135337173	0.9788729974	TRUE	lrt_mle	0.859,1.115	lrt_quadratic	two	True	0.8592730382705739	1.1151197609660297	FALSE	TRUE	FALSE	mle	210700	1068	209632	ridge_seeded_refit;ridge_seeded_refit;inference=mle;ci=lrt_quadratic	chr17-45585160-INV-706887	0.7480902108	TRUE	lrt_mle	lrt_mle	False	True	lrt_quadratic	0.859,1.115	0.8592730382705739	1.1151197609660297
Arterial_dissection	0.9264471420825057	0.7482517483	0.7482517483	211252	1420	209832	0.01608085817	1.016210851	TRUE	score_boot_mle		profile_penalized	two	FALSE			TRUE	FALSE	TRUE	firth	211252	1420	209832	firth_refit;firth_refit;inference=firth;ci=profile_penalized	chr17-45585160-INV-706887		TRUE	score_boot_mle	score_boot_mle	False	FALSE				
Corpus_luteum_cyst_or_hematoma	0.9266381871275085	0.7492507493	0.7492507493	222367	1252	221115	-0.01729911763	0.982849653	TRUE	score_boot_mle		profile_penalized	two	FALSE			TRUE	FALSE	TRUE	firth	126508	1250	125258	sex_restricted_to_0;sex_majority_restricted_to_0;firth_refit;firth_refit;inference=firth;ci=profile_penalized	chr17-45585160-INV-706887		TRUE	score_boot_mle	score_boot_mle	False	FALSE				
Pyogenic_arthritis_Septic_arthritis	0.9275706328338155	0.7518984558	0.7518984558	190099	2250	187849	-0.01269250951	0.9873877007	TRUE	lrt_mle	0.913,1.068	lrt_quadratic	two	True	0.9126684417744972	1.0682241510912414	FALSE	TRUE	FALSE	mle	190099	2250	187849	ridge_seeded_refit;ridge_seeded_refit;inference=mle;ci=lrt_quadratic	chr17-45585160-INV-706887	0.7518984558	TRUE	lrt_mle	lrt_mle	False	True	lrt_quadratic	0.913,1.068	0.9126684417744972	1.0682241510912414
Vitamin_B12_deficiency	0.9275706328338155	0.7539787111	0.7539787111	196250	3759	192491	0.009671310329	1.009718229	TRUE	lrt_mle	0.950,1.073	lrt_quadratic	two	True	0.9504570246455524	1.0726743815816737	FALSE	TRUE	FALSE	mle	196250	3759	192491	ridge_seeded_refit;ridge_seeded_refit;inference=mle;ci=lrt_quadratic	chr17-45585160-INV-706887	0.7539787111	TRUE	lrt_mle	lrt_mle	False	True	lrt_quadratic	0.950,1.073	0.9504570246455524	1.0726743815816737
Edema	0.9275706328338155	0.7542114294	0.7542114294	225375	42802	182573	-0.003365386237	0.9966402703	TRUE	lrt_mle	0.976,1.018	lrt_quadratic	two	True	0.9758632164730585	1.0178596873743733	FALSE	TRUE	FALSE	mle	225375	42802	182573	ridge_seeded_refit;ridge_seeded_refit;inference=mle;ci=lrt_quadratic	chr17-45585160-INV-706887	0.7542114294	TRUE	lrt_mle	lrt_mle	False	True	lrt_quadratic	0.976,1.018	0.9758632164730585	1.0178596873743733
Anemia_secondary_to_chronic_diseases_and_conditions	0.9275706328338155	0.7556877784	0.7556877784	281917	16966	264951	0.005003428895	1.005015967	TRUE	lrt_mle	0.974,1.037	lrt_quadratic	two	True	0.9738345927459587	1.0371957428332441	FALSE	TRUE	FALSE	mle	281917	16966	264951	ridge_seeded_refit;ridge_seeded_refit;inference=mle;ci=lrt_quadratic	chr17-45585160-INV-706887	0.7556877784	TRUE	lrt_mle	lrt_mle	False	True	lrt_quadratic	0.974,1.037	0.9738345927459587	1.0371957428332441
Secondary_thrombocytopenia	0.9275706328338155	0.7581541501	0.7581541501	267758	2807	264951	0.01126668221	1.01133039	TRUE	lrt_mle	0.941,1.087	lrt_quadratic	two	True	0.9413398506546117	1.086524869472991	FALSE	TRUE	FALSE	mle	267758	2807	264951	ridge_seeded_refit;ridge_seeded_refit;inference=mle;ci=lrt_quadratic	chr17-45585160-INV-706887	0.7581541501	TRUE	lrt_mle	lrt_mle	False	True	lrt_quadratic	0.941,1.087	0.9413398506546117	1.086524869472991
Fecal_incontinence_and_encopresis	0.9275706328338155	0.7591517371	0.7591517371	202808	6209	196599	0.00741832488	1.007445909	TRUE	lrt_mle	0.961,1.056	lrt_quadratic	two	True	0.9607849482500574	1.0563729802846362	FALSE	TRUE	FALSE	mle	202808	6209	196599	ridge_seeded_refit;ridge_seeded_refit;inference=mle;ci=lrt_quadratic	chr17-45585160-INV-706887	0.7591517371	TRUE	lrt_mle	lrt_mle	False	True	lrt_quadratic	0.961,1.056	0.9607849482500574	1.0563729802846362
Rheumatoid_arthritis_with_rheumatoid_factor	0.9275706328338155	0.7593643325	0.7593643325	190200	2351	187849	-0.01228791656	0.9877872716	TRUE	lrt_mle	0.913,1.069	lrt_quadratic	two	True	0.913097799176602	1.0685861852045968	FALSE	TRUE	FALSE	mle	190200	2351	187849	ridge_seeded_refit;ridge_seeded_refit;inference=mle;ci=lrt_quadratic	chr17-45585160-INV-706887	0.7593643325	TRUE	lrt_mle	lrt_mle	False	True	lrt_quadratic	0.913,1.069	0.913097799176602	1.0685861852045968
Hyperglyceridemia	0.9275706328338155	0.7597094213	0.7597094213	235292	42801	192491	-0.003269302827	0.9967360355	TRUE	lrt_mle	0.976,1.018	lrt_quadratic	two	True	0.976071954345838	1.0178375888062572	FALSE	TRUE	FALSE	mle	235292	42801	192491	ridge_seeded_refit;ridge_seeded_refit;inference=mle;ci=lrt_quadratic	chr17-45585160-INV-706887	0.7597094213	TRUE	lrt_mle	lrt_mle	False	True	lrt_quadratic	0.976,1.018	0.976071954345838	1.0178375888062572
Post_traumatic_headache	0.9275706328338155	0.7597920486	0.7597920486	216602	2417	214185	0.01200494201	1.012077291	TRUE	lrt_mle	0.937,1.093	lrt_quadratic	two	True	0.9371143727352095	1.0930367432706838	FALSE	TRUE	FALSE	mle	216602	2417	214185	ridge_seeded_refit;ridge_seeded_refit;inference=mle;ci=lrt_quadratic	chr17-45585160-INV-706887	0.7597920486	TRUE	lrt_mle	lrt_mle	False	True	lrt_quadratic	0.937,1.093	0.9371143727352095	1.0930367432706838
Glomerular_diseases	0.9275706328338155	0.7598268419	0.7598268419	225331	4216	221115	-0.009628602469	0.9904176041	TRUE	lrt_mle	0.931,1.053	lrt_quadratic	two	True	0.9311268678642136	1.0534837564806434	FALSE	TRUE	FALSE	mle	225331	4216	221115	ridge_seeded_refit;ridge_seeded_refit;inference=mle;ci=lrt_quadratic	chr17-45585160-INV-706887	0.7598268419	TRUE	lrt_mle	lrt_mle	False	True	lrt_quadratic	0.931,1.053	0.9311268678642136	1.0534837564806434
Bursitis	0.9275706328338155	0.7599781275	0.7599781275	207479	19630	187849	-0.004444046664	0.9955658135	TRUE	lrt_mle	0.968,1.024	lrt_quadratic	two	True	0.9675827205477491	1.0243581948715252	FALSE	TRUE	FALSE	mle	207479	19630	187849	ridge_seeded_refit;ridge_seeded_refit;inference=mle;ci=lrt_quadratic	chr17-45585160-INV-706887	0.7599781275	TRUE	lrt_mle	lrt_mle	False	True	lrt_quadratic	0.968,1.024	0.9675827205477491	1.0243581948715252
Acute_tonsillitis_and_adenoiditis	0.9275706328338155	0.7601513208	0.7601513208	214077	4445	209632	0.008771961034	1.008810547	TRUE	lrt_mle	0.954,1.067	lrt_quadratic	two	True	0.9535670352013138	1.0672545117781753	FALSE	TRUE	FALSE	mle	214077	4445	209632	ridge_seeded_refit;ridge_seeded_refit;inference=mle;ci=lrt_quadratic	chr17-45585160-INV-706887	0.7601513208	TRUE	lrt_mle	lrt_mle	False	True	lrt_quadratic	0.954,1.067	0.9535670352013138	1.0672545117781753
Elevated_prostate_specific_antigen_PSA	0.9284197765551111	0.7616935268	0.7616935268	230721	9606	221115	0.006417308459	1.006437944	TRUE	lrt_mle	0.966,1.049	lrt_quadratic	two	True	0.9655494466104085	1.049057961424927	FALSE	TRUE	FALSE	mle	105441	9584	95857	sex_restricted_to_1;sex_majority_restricted_to_1;ridge_seeded_refit;ridge_seeded_refit;inference=mle;ci=lrt_quadratic	chr17-45585160-INV-706887	0.7616935268	TRUE	lrt_mle	lrt_mle	False	True	lrt_quadratic	0.966,1.049	0.9655494466104085	1.049057961424927
Congenital_malformations_of_heart_valves	0.9292682899338514	0.7632367632	0.7632367632	370536	1427	369109	-0.01515592167	0.9849583513	TRUE	score_boot_mle		profile_penalized	two	FALSE			TRUE	FALSE	TRUE	firth	370536	1427	369109	firth_refit;firth_refit;inference=firth;ci=profile_penalized	chr17-45585160-INV-706887		TRUE	score_boot_mle	score_boot_mle	False	FALSE				
Sensorineural_hearing_loss	0.930377509290133	0.7649959101	0.7649959101	285246	27558	257688	-0.003698872862	0.9963079595	TRUE	lrt_mle	0.972,1.021	lrt_quadratic	two	True	0.9724358613979098	1.020766088180805	FALSE	TRUE	FALSE	mle	285246	27558	257688	ridge_seeded_refit;ridge_seeded_refit;inference=mle;ci=lrt_quadratic	chr17-45585160-INV-706887	0.7649959101	TRUE	lrt_mle	lrt_mle	False	True	lrt_quadratic	0.972,1.021	0.9724358613979098	1.020766088180805
Sequelae_of_cancer	0.9307932572685493	0.7661862455	0.7661862455	263305	6538	256767	-0.00704736921	0.9929774053	TRUE	lrt_mle	0.948,1.040	lrt_quadratic	two	True	0.9479087941776405	1.0401888171320495	FALSE	TRUE	FALSE	mle	263305	6538	256767	ridge_seeded_refit;ridge_seeded_refit;inference=mle;ci=lrt_quadratic	chr17-45585160-INV-706887	0.7661862455	TRUE	lrt_mle	lrt_mle	False	True	lrt_quadratic	0.948,1.040	0.9479087941776405	1.0401888171320495
Vascular_disorders_of_intestine	0.9316969675064062	0.7701143408	0.7701143408	199755	3156	196599	-0.009916624779	0.9901323828	TRUE	lrt_mle	0.926,1.058	lrt_quadratic	two	True	0.9264198728002653	1.0582265820073347	FALSE	TRUE	FALSE	mle	199755	3156	196599	ridge_seeded_refit;ridge_seeded_refit;inference=mle;ci=lrt_quadratic	chr17-45585160-INV-706887	0.7701143408	TRUE	lrt_mle	lrt_mle	False	True	lrt_quadratic	0.926,1.058	0.9264198728002653	1.0582265820073347
Anal_fissure	0.9316969675064062	0.770323091	0.770323091	199835	3236	196599	0.009606562093	1.009652853	TRUE	lrt_mle	0.947,1.077	lrt_quadratic	two	True	0.9465938200364621	1.0769126762158945	FALSE	TRUE	FALSE	mle	199835	3236	196599	ridge_seeded_refit;ridge_seeded_refit;inference=mle;ci=lrt_quadratic	chr17-45585160-INV-706887	0.770323091	TRUE	lrt_mle	lrt_mle	False	True	lrt_quadratic	0.947,1.077	0.9465938200364621	1.0769126762158945
Retinal_occlusions	0.9316969675064062	0.7715299439	0.7715299439	259987	2299	257688	-0.01158286972	0.9884839535	TRUE	lrt_mle	0.914,1.069	lrt_quadratic	two	True	0.9141462036298766	1.068866798744417	FALSE	TRUE	FALSE	mle	259987	2299	257688	ridge_seeded_refit;ridge_seeded_refit;inference=mle;ci=lrt_quadratic	chr17-45585160-INV-706887	0.7715299439	TRUE	lrt_mle	lrt_mle	False	True	lrt_quadratic	0.914,1.069	0.9141462036298766	1.068866798744417
Hammer_toe	0.9316969675064062	0.7717919996	0.7717919996	196099	8250	187849	-0.006351715843	0.9936684137	TRUE	lrt_mle	0.952,1.037	lrt_quadratic	two	True	0.9519192437955556	1.0372486140460118	FALSE	TRUE	FALSE	mle	196099	8250	187849	ridge_seeded_refit;ridge_seeded_refit;inference=mle;ci=lrt_quadratic	chr17-45585160-INV-706887	0.7717919996	TRUE	lrt_mle	lrt_mle	False	True	lrt_quadratic	0.952,1.037	0.9519192437955556	1.0372486140460118
Malignant_neoplasm_of_the_endocrine_glands	0.9316969675064062	0.7719714856	0.7719714856	259978	3211	256767	0.009493208172	1.009538412	TRUE	lrt_mle	0.947,1.076	lrt_quadratic	two	True	0.946758217352551	1.0764816040873129	FALSE	TRUE	FALSE	mle	259978	3211	256767	ridge_seeded_refit;ridge_seeded_refit;inference=mle;ci=lrt_quadratic	chr17-45585160-INV-706887	0.7719714856	TRUE	lrt_mle	lrt_mle	False	True	lrt_quadratic	0.947,1.076	0.946758217352551	1.0764816040873129
Mixed_hyperlipidemia	0.9316969675064062	0.7744319816	0.7744319816	229866	37375	192491	-0.003242806918	0.9967624453	TRUE	lrt_mle	0.975,1.019	lrt_quadratic	two	True	0.9748997271547304	1.019115448173425	FALSE	TRUE	FALSE	mle	229866	37375	192491	ridge_seeded_refit;ridge_seeded_refit;inference=mle;ci=lrt_quadratic	chr17-45585160-INV-706887	0.7744319816	TRUE	lrt_mle	lrt_mle	False	True	lrt_quadratic	0.975,1.019	0.9748997271547304	1.019115448173425
Rheumatic_fever_and_chronic_rheumatic_heart_diseases	0.9316969675064062	0.7779384213	0.7779384213	219496	9664	209832	-0.005726073619	0.9942902891	TRUE	lrt_mle	0.955,1.035	lrt_quadratic	two	True	0.9554979623203631	1.0346575481819007	FALSE	TRUE	FALSE	mle	219496	9664	209832	ridge_seeded_refit;ridge_seeded_refit;inference=mle;ci=lrt_quadratic	chr17-45585160-INV-706887	0.7779384213	TRUE	lrt_mle	lrt_mle	False	True	lrt_quadratic	0.955,1.035	0.9554979623203631	1.0346575481819007
Elevated_C_reactive_protein_CRP	0.9316969675064062	0.7786436108	0.7786436108	185452	2879	182573	0.009803213026	1.009851422	TRUE	lrt_mle	0.943,1.081	lrt_quadratic	two	True	0.9431286016577469	1.081294632110142	FALSE	TRUE	FALSE	mle	185452	2879	182573	ridge_seeded_refit;ridge_seeded_refit;inference=mle;ci=lrt_quadratic	chr17-45585160-INV-706887	0.7786436108	TRUE	lrt_mle	lrt_mle	False	True	lrt_quadratic	0.943,1.081	0.9431286016577469	1.081294632110142
Disorders_of_phosphorus_metabolism	0.9316969675064062	0.7788435103	0.7788435103	198643	6152	192491	0.007309753337	1.007336535	TRUE	lrt_mle	0.957,1.060	lrt_quadratic	two	True	0.9572343887839136	1.0600610532085961	FALSE	TRUE	FALSE	mle	198643	6152	192491	ridge_seeded_refit;ridge_seeded_refit;inference=mle;ci=lrt_quadratic	chr17-45585160-INV-706887	0.7788435103	TRUE	lrt_mle	lrt_mle	False	True	lrt_quadratic	0.957,1.060	0.9572343887839136	1.0600610532085961
Pain_in_hand_and_fingers	0.9316969675064062	0.778865585	0.778865585	209628	27055	182573	0.003556158931	1.00356249	TRUE	lrt_mle	0.979,1.029	lrt_quadratic	two	True	0.9789587401644326	1.0287845944305414	FALSE	TRUE	FALSE	mle	209628	27055	182573	ridge_seeded_refit;ridge_seeded_refit;inference=mle;ci=lrt_quadratic	chr17-45585160-INV-706887	0.778865585	TRUE	lrt_mle	lrt_mle	False	True	lrt_quadratic	0.979,1.029	0.9789587401644326	1.0287845944305414
Spontaneous_abortion_or_history_of_recurrent_pregnancy_loss	0.9316969675064062	0.7792207792	0.7792207792	362966	4087	358879	0.009814533306	1.009862854	TRUE	score_boot_mle		profile_penalized	two	FALSE			TRUE	FALSE	TRUE	firth	211145	4064	207081	sex_restricted_to_0;sex_majority_restricted_to_0;firth_refit;firth_refit;inference=firth;ci=profile_penalized	chr17-45585160-INV-706887		TRUE	score_boot_mle	score_boot_mle	False	FALSE				
Disorders_of_diaphragm	0.9316969675064062	0.7794362265	0.7794362265	211582	1950	209632	-0.0122480678	0.9878266345	TRUE	lrt_mle	0.907,1.076	lrt_quadratic	two	True	0.906679280875934	1.0762366366810217	FALSE	TRUE	FALSE	mle	211582	1950	209632	ridge_seeded_refit;ridge_seeded_refit;inference=mle;ci=lrt_quadratic	chr17-45585160-INV-706887	0.7794362265	TRUE	lrt_mle	lrt_mle	False	True	lrt_quadratic	0.907,1.076	0.906679280875934	1.0762366366810217
Abnormality_of_gait_and_mobility	0.9316969675064062	0.7795848605	0.7795848605	232446	18261	214185	0.004224225599	1.00423316	TRUE	lrt_mle	0.975,1.034	lrt_quadratic	two	True	0.974959259086936	1.0343860327273093	FALSE	TRUE	FALSE	mle	232446	18261	214185	ridge_seeded_refit;ridge_seeded_refit;inference=mle;ci=lrt_quadratic	chr17-45585160-INV-706887	0.7795848605	TRUE	lrt_mle	lrt_mle	False	True	lrt_quadratic	0.975,1.034	0.974959259086936	1.0343860327273093
Stricture_or_kinking_of_ureter	0.9316969675064062	0.7802197802	0.7802197802	222234	1119	221115	0.01690910614	1.017052874	TRUE	score_boot_mle		profile_penalized	two	FALSE			TRUE	FALSE	TRUE	firth	222234	1119	221115	firth_refit;firth_refit;inference=firth;ci=profile_penalized	chr17-45585160-INV-706887		TRUE	score_boot_mle	score_boot_mle	False	FALSE				
Graves_disease_Toxic_diffuse_goiter	0.9316969675064062	0.780536967	0.780536967	194949	2458	192491	0.01110065537	1.011162496	TRUE	lrt_mle	0.935,1.093	lrt_quadratic	two	True	0.9352068436521029	1.0932871169392606	FALSE	TRUE	FALSE	mle	194949	2458	192491	ridge_seeded_refit;ridge_seeded_refit;inference=mle;ci=lrt_quadratic	chr17-45585160-INV-706887	0.780536967	TRUE	lrt_mle	lrt_mle	False	True	lrt_quadratic	0.935,1.093	0.9352068436521029	1.0932871169392606
Mononeuritis_of_upper_limb	0.9316969675064062	0.7806557146	0.7806557146	239461	25276	214185	0.003593841558	1.003600307	TRUE	lrt_mle	0.979,1.029	lrt_quadratic	two	True	0.9785324866346273	1.0293103093336873	FALSE	TRUE	FALSE	mle	239461	25276	214185	ridge_seeded_refit;ridge_seeded_refit;inference=mle;ci=lrt_quadratic	chr17-45585160-INV-706887	0.7806557146	TRUE	lrt_mle	lrt_mle	False	True	lrt_quadratic	0.979,1.029	0.9785324866346273	1.0293103093336873
Retention_of_urine	0.9316969675064062	0.7815870498	0.7815870498	239141	18026	221115	-0.00411878512	0.9958896854	TRUE	lrt_mle	0.967,1.025	lrt_quadratic	two	True	0.9673106627094884	1.0253130703549014	FALSE	TRUE	FALSE	mle	239141	18026	221115	ridge_seeded_refit;ridge_seeded_refit;inference=mle;ci=lrt_quadratic	chr17-45585160-INV-706887	0.7815870498	TRUE	lrt_mle	lrt_mle	False	True	lrt_quadratic	0.967,1.025	0.9673106627094884	1.0253130703549014
Cyst_or_abscess_of_Bartholins_gland	0.9316969675064062	0.7822177822	0.7822177822	222232	1117	221115	0.01896383838	1.019144794	TRUE	score_boot_mle		profile_penalized	two	FALSE			TRUE	FALSE	TRUE	firth	126374	1116	125258	sex_restricted_to_0;sex_majority_restricted_to_0;firth_refit;firth_refit;inference=firth;ci=profile_penalized	chr17-45585160-INV-706887		TRUE	score_boot_mle	score_boot_mle	False	FALSE				
Bacterial_infections	0.9323749828091106	0.78363695	0.78363695	299894	51793	248101	0.002581655007	1.00258499	TRUE	lrt_mle	0.984,1.021	lrt_quadratic	two	True	0.9842787520151075	1.0212316996714736	FALSE	TRUE	FALSE	mle	299894	51793	248101	ridge_seeded_refit;ridge_seeded_refit;inference=mle;ci=lrt_quadratic	chr17-45585160-INV-706887	0.78363695	TRUE	lrt_mle	lrt_mle	False	True	lrt_quadratic	0.984,1.021	0.9842787520151075	1.0212316996714736
Malignant_neoplasm_of_the_thoracic_and_respiratory_organs	0.9334306381317443	0.7853750948	0.7853750948	260204	3437	256767	-0.008750058197	0.9912881122	TRUE	lrt_mle	0.931,1.056	lrt_quadratic	two	True	0.9307854928781356	1.055723503222789	FALSE	TRUE	FALSE	mle	260204	3437	256767	ridge_seeded_refit;ridge_seeded_refit;inference=mle;ci=lrt_quadratic	chr17-45585160-INV-706887	0.7853750948	TRUE	lrt_mle	lrt_mle	False	True	lrt_quadratic	0.931,1.056	0.9307854928781356	1.055723503222789
Pyuria	0.9347959808204104	0.7882117882	0.7882117882	183752	1179	182573	0.01734859976	1.017499961	TRUE	score_boot_mle		profile_penalized	two	FALSE			TRUE	FALSE	TRUE	firth	183752	1179	182573	firth_refit;firth_refit;inference=firth;ci=profile_penalized	chr17-45585160-INV-706887		TRUE	score_boot_mle	score_boot_mle	False	FALSE				
Exostosis	0.9347959808204104	0.7883094419	0.7883094419	200910	13061	187849	-0.004722436027	0.9952886971	TRUE	lrt_mle	0.962,1.030	lrt_quadratic	two	True	0.9615642758777583	1.0301959167047317	FALSE	TRUE	FALSE	mle	200910	13061	187849	ridge_seeded_refit;ridge_seeded_refit;inference=mle;ci=lrt_quadratic	chr17-45585160-INV-706887	0.7883094419	TRUE	lrt_mle	lrt_mle	False	True	lrt_quadratic	0.962,1.030	0.9615642758777583	1.0301959167047317
Hernia_of_the_abdominal_wall	0.9347959808204104	0.7890802901	0.7890802901	217131	20532	196599	0.003778540574	1.003785688	TRUE	lrt_mle	0.976,1.032	lrt_quadratic	two	True	0.9763773107499067	1.0319634600870848	FALSE	TRUE	FALSE	mle	217131	20532	196599	ridge_seeded_refit;ridge_seeded_refit;inference=mle;ci=lrt_quadratic	chr17-45585160-INV-706887	0.7890802901	TRUE	lrt_mle	lrt_mle	False	True	lrt_quadratic	0.976,1.032	0.9763773107499067	1.0319634600870848
Placenta_previa	0.9371486085755388	0.7922077922	0.7922077922	360047	1168	358879	0.01497088101	1.015083506	TRUE	score_boot_mle		profile_penalized	two	FALSE			TRUE	FALSE	TRUE	firth	208248	1167	207081	sex_restricted_to_0;sex_majority_restricted_to_0;firth_refit;firth_refit;inference=firth;ci=profile_penalized	chr17-45585160-INV-706887		TRUE	score_boot_mle	score_boot_mle	False	FALSE				
Pressure_ulcer	0.9371486085755388	0.7927747573	0.7927747573	233617	3156	230461	-0.009028706092	0.9910119303	TRUE	lrt_mle	0.926,1.060	lrt_quadratic	two	True	0.9264565469442475	1.0600655251520859	FALSE	TRUE	FALSE	mle	233617	3156	230461	ridge_seeded_refit;ridge_seeded_refit;inference=mle;ci=lrt_quadratic	chr17-45585160-INV-706887	0.7927747573	TRUE	lrt_mle	lrt_mle	False	True	lrt_quadratic	0.926,1.060	0.9264565469442475	1.0600655251520859
Delirium	0.9372161096853606	0.7936862041	0.7936862041	242012	2927	239085	0.009320020376	1.009363587	TRUE	lrt_mle	0.941,1.082	lrt_quadratic	two	True	0.9412682492952342	1.0823852302895824	FALSE	TRUE	FALSE	mle	242012	2927	239085	ridge_seeded_refit;ridge_seeded_refit;inference=mle;ci=lrt_quadratic	chr17-45585160-INV-706887	0.7936862041	TRUE	lrt_mle	lrt_mle	False	True	lrt_quadratic	0.941,1.082	0.9412682492952342	1.0823852302895824
Contracture_of_muscle	0.9391780262703225	0.7962037962	0.7962037962	188863	1014	187849	-0.01498082212	0.9851308321	TRUE	score_boot_mle		profile_penalized	two	FALSE			TRUE	FALSE	TRUE	firth	188863	1014	187849	firth_refit;firth_refit;inference=firth;ci=profile_penalized	chr17-45585160-INV-706887		TRUE	score_boot_mle	score_boot_mle	False	FALSE				
Noninflammatory_disorders_of_ovary_fallopian_tube_and_broad_ligament	0.9423918318809626	0.8001725603	0.8001725603	241373	20258	221115	-0.003704916306	0.9963019384	TRUE	lrt_mle	0.968,1.025	lrt_quadratic	two	True	0.9681265454173714	1.0252973200814925	FALSE	TRUE	FALSE	mle	145496	20238	125258	sex_restricted_to_0;sex_majority_restricted_to_0;ridge_seeded_refit;ridge_seeded_refit;inference=mle;ci=lrt_quadratic	chr17-45585160-INV-706887	0.8001725603	TRUE	lrt_mle	lrt_mle	False	True	lrt_quadratic	0.968,1.025	0.9681265454173714	1.0252973200814925
Amenorrhea	0.9423918318809626	0.8011988012	0.8011988012	230783	9668	221115	-0.005542837741	0.9944724954	TRUE	score_boot_mle		profile_penalized	two	FALSE			TRUE	FALSE	TRUE	firth	134912	9654	125258	sex_restricted_to_0;sex_majority_restricted_to_0;firth_refit;firth_refit;inference=firth;ci=profile_penalized	chr17-45585160-INV-706887		TRUE	score_boot_mle	score_boot_mle	False	FALSE				
Dislocation_of_shoulder	0.9423918318809626	0.802956764	0.802956764	189996	2147	187849	-0.01013541215	0.989915778	TRUE	lrt_mle	0.914,1.072	lrt_quadratic	two	True	0.9141618043887498	1.071947266803504	FALSE	TRUE	FALSE	mle	189996	2147	187849	ridge_seeded_refit;ridge_seeded_refit;inference=mle;ci=lrt_quadratic	chr17-45585160-INV-706887	0.802956764	TRUE	lrt_mle	lrt_mle	False	True	lrt_quadratic	0.914,1.072	0.9141618043887498	1.071947266803504
Articular_cartilage_disorder	0.9423918318809626	0.8031968032	0.8031968032	189624	1775	187849	0.01129906618	1.011363142	TRUE	score_boot_mle		profile_penalized	two	FALSE			TRUE	FALSE	TRUE	firth	189624	1775	187849	firth_refit;firth_refit;inference=firth;ci=profile_penalized	chr17-45585160-INV-706887		TRUE	score_boot_mle	score_boot_mle	False	FALSE				
Obsessive_compulsive_disorder	0.9423918318809626	0.8032236671	0.8032236671	241786	2701	239085	-0.00873218806	0.9913058268	TRUE	lrt_mle	0.926,1.062	lrt_quadratic	two	True	0.9255035382027885	1.0617865860158497	FALSE	TRUE	FALSE	mle	241786	2701	239085	ridge_seeded_refit;ridge_seeded_refit;inference=mle;ci=lrt_quadratic	chr17-45585160-INV-706887	0.8032236671	TRUE	lrt_mle	lrt_mle	False	True	lrt_quadratic	0.926,1.062	0.9255035382027885	1.0617865860158497
Esophageal_ulcer	0.9448660314117522	0.8061938062	0.8061938062	198511	1912	196599	-0.009896422065	0.9901523864	TRUE	score_boot_mle		profile_penalized	two	FALSE			TRUE	FALSE	TRUE	firth	198511	1912	196599	firth_refit;firth_refit;inference=firth;ci=profile_penalized	chr17-45585160-INV-706887		TRUE	score_boot_mle	score_boot_mle	False	FALSE				
Persistent_headache_syndromes_non_migraine	0.946196812801921	0.8081918082	0.8081918082	215649	1464	214185	-0.01136641076	0.9886979428	TRUE	score_boot_mle		profile_penalized	two	FALSE			TRUE	FALSE	TRUE	firth	215649	1464	214185	firth_refit;firth_refit;inference=firth;ci=profile_penalized	chr17-45585160-INV-706887		TRUE	score_boot_mle	score_boot_mle	False	FALSE				
Disorders_resulting_from_impaired_renal_function	0.9466746020068085	0.8098577546	0.8098577546	225897	4782	221115	-0.007221681941	0.9928043317	TRUE	lrt_mle	0.936,1.053	lrt_quadratic	two	True	0.9360856855475793	1.0529596343053342	FALSE	TRUE	FALSE	mle	225897	4782	221115	ridge_seeded_refit;ridge_seeded_refit;inference=mle;ci=lrt_quadratic	chr17-45585160-INV-706887	0.8098577546	TRUE	lrt_mle	lrt_mle	False	True	lrt_quadratic	0.936,1.053	0.9360856855475793	1.0529596343053342
Pinguecula	0.9466746020068085	0.8108991684	0.8108991684	259270	1582	257688	0.01151692401	1.011583499	TRUE	lrt_mle	0.921,1.112	lrt_quadratic	two	True	0.9205125225437345	1.1116645896917434	FALSE	TRUE	FALSE	mle	259270	1582	257688	ridge_seeded_refit;ridge_seeded_refit;inference=mle;ci=lrt_quadratic	chr17-45585160-INV-706887	0.8108991684	TRUE	lrt_mle	lrt_mle	False	True	lrt_quadratic	0.921,1.112	0.9205125225437345	1.1116645896917434
Corneal_ulcer	0.9466746020068085	0.8111888112	0.8111888112	258782	1094	257688	-0.01383838243	0.9862569278	TRUE	score_boot_mle		profile_penalized	two	FALSE			TRUE	FALSE	TRUE	firth	258782	1094	257688	firth_refit;firth_refit;inference=firth;ci=profile_penalized	chr17-45585160-INV-706887		TRUE	score_boot_mle	score_boot_mle	False	FALSE				
Lattice_degeneration_of_retina	0.947612128493305	0.8128559826	0.8128559826	259931	2243	257688	0.009854622752	1.009903339	TRUE	lrt_mle	0.931,1.096	lrt_quadratic	two	True	0.9307817908529957	1.0957506528833667	FALSE	TRUE	FALSE	mle	259931	2243	257688	ridge_seeded_refit;ridge_seeded_refit;inference=mle;ci=lrt_quadratic	chr17-45585160-INV-706887	0.8128559826	TRUE	lrt_mle	lrt_mle	False	True	lrt_quadratic	0.931,1.096	0.9307817908529957	1.0957506528833667
Hemorrhage_in_early_pregnancy	0.9483114976398727	0.8151848152	0.8151848152	364612	5733	358879	-0.005924744664	0.994092772	TRUE	score_boot_mle		profile_penalized	two	FALSE			TRUE	FALSE	TRUE	firth	212813	5732	207081	sex_restricted_to_0;sex_majority_restricted_to_0;firth_refit;firth_refit;inference=firth;ci=profile_penalized	chr17-45585160-INV-706887		TRUE	score_boot_mle	score_boot_mle	False	FALSE				
Umbilical_cord_complications	0.9483114976398727	0.8151848152	0.8151848152	364041	5162	358879	-0.006742822699	0.9932798591	TRUE	score_boot_mle		profile_penalized	two	FALSE			TRUE	FALSE	TRUE	firth	212240	5159	207081	sex_restricted_to_0;sex_majority_restricted_to_0;firth_refit;firth_refit;inference=firth;ci=profile_penalized	chr17-45585160-INV-706887		TRUE	score_boot_mle	score_boot_mle	False	FALSE				
Premature_depolarization_Premature_beats	0.9487795502805497	0.8175534042	0.8175534042	222947	13115	209832	-0.004011707251	0.9959963289	TRUE	lrt_mle	0.963,1.031	lrt_quadratic	two	True	0.9626213676785309	1.0305284304752964	FALSE	TRUE	FALSE	mle	222947	13115	209832	ridge_seeded_refit;ridge_seeded_refit;inference=mle;ci=lrt_quadratic	chr17-45585160-INV-706887	0.8175534042	TRUE	lrt_mle	lrt_mle	False	True	lrt_quadratic	0.963,1.031	0.9626213676785309	1.0305284304752964
Behavioral_and_emotional_disorders_with_onset_usually_in_childhood_and_adolescence	0.9487795502805497	0.8178123352	0.8178123352	242119	3034	239085	-0.007563886428	0.9924646478	TRUE	lrt_mle	0.931,1.058	lrt_quadratic	two	True	0.9306057652354698	1.0584353910905642	FALSE	TRUE	FALSE	mle	242119	3034	239085	ridge_seeded_refit;ridge_seeded_refit;inference=mle;ci=lrt_quadratic	chr17-45585160-INV-706887	0.8178123352	TRUE	lrt_mle	lrt_mle	False	True	lrt_quadratic	0.931,1.058	0.9306057652354698	1.0584353910905642
Rheumatoid_arthritis_without_rheumatoid_factor	0.9487795502805497	0.8181818182	0.8181818182	189444	1595	187849	0.01126778866	1.011331509	TRUE	score_boot_mle		profile_penalized	two	FALSE			TRUE	FALSE	TRUE	firth	189444	1595	187849	firth_refit;firth_refit;inference=firth;ci=profile_penalized	chr17-45585160-INV-706887		TRUE	score_boot_mle	score_boot_mle	False	FALSE				
Abnormal_posture	0.9494402002361141	0.8196170188	0.8196170188	216203	2018	214185	-0.009481805012	0.9905630056	TRUE	lrt_mle	0.913,1.075	lrt_quadratic	two	True	0.9130385960888511	1.0746698684908889	FALSE	TRUE	FALSE	mle	216203	2018	214185	ridge_seeded_refit;ridge_seeded_refit;inference=mle;ci=lrt_quadratic	chr17-45585160-INV-706887	0.8196170188	TRUE	lrt_mle	lrt_mle	False	True	lrt_quadratic	0.913,1.075	0.9130385960888511	1.0746698684908889
Hyperlipidemia	0.9511403698530826	0.8233326188	0.8233326188	310624	118133	192491	-0.001736026011	0.99826548	TRUE	lrt_mle	0.983,1.014	lrt_quadratic	two	True	0.9831670103018294	1.0135958165182175	FALSE	TRUE	FALSE	mle	310624	118133	192491	ridge_seeded_refit;ridge_seeded_refit;inference=mle;ci=lrt_quadratic	chr17-45585160-INV-706887	0.8233326188	TRUE	lrt_mle	lrt_mle	False	True	lrt_quadratic	0.983,1.014	0.9831670103018294	1.0135958165182175
Atrial_flutter	0.9511403698530826	0.8237429048	0.8237429048	215223	5391	209832	-0.005891309274	0.9941260105	TRUE	lrt_mle	0.944,1.047	lrt_quadratic	two	True	0.9439024810211828	1.0470218529392545	FALSE	TRUE	FALSE	mle	215223	5391	209832	ridge_seeded_refit;ridge_seeded_refit;inference=mle;ci=lrt_quadratic	chr17-45585160-INV-706887	0.8237429048	TRUE	lrt_mle	lrt_mle	False	True	lrt_quadratic	0.944,1.047	0.9439024810211828	1.0470218529392545
Other_symptomsdisorders_or_the_urinary_system	0.9511403698530826	0.8261791146	0.8261791146	238474	17359	221115	0.003274537747	1.003279905	TRUE	lrt_mle	0.974,1.033	lrt_quadratic	two	True	0.9743832158914927	1.033033565402829	FALSE	TRUE	FALSE	mle	238474	17359	221115	ridge_seeded_refit;ridge_seeded_refit;inference=mle;ci=lrt_quadratic	chr17-45585160-INV-706887	0.8261791146	TRUE	lrt_mle	lrt_mle	False	True	lrt_quadratic	0.974,1.033	0.9743832158914927	1.033033565402829
Phlebitis_and_thrombophlebitis	0.9511403698530826	0.8268244091	0.8268244091	214590	4758	209832	0.006017336949	1.006035477	TRUE	lrt_mle	0.953,1.062	lrt_quadratic	two	True	0.9532381021853013	1.06175716187334	FALSE	TRUE	FALSE	mle	214590	4758	209832	ridge_seeded_refit;ridge_seeded_refit;inference=mle;ci=lrt_quadratic	chr17-45585160-INV-706887	0.8268244091	TRUE	lrt_mle	lrt_mle	False	True	lrt_quadratic	0.953,1.062	0.9532381021853013	1.06175716187334
Sudden_or_transient_visual_loss	0.9511403698530826	0.8271728272	0.8271728272	258762	1074	257688	-0.01250770968	0.9875701866	TRUE	score_boot_mle		profile_penalized	two	FALSE			TRUE	FALSE	TRUE	firth	258762	1074	257688	firth_refit;firth_refit;inference=firth;ci=profile_penalized	chr17-45585160-INV-706887		TRUE	score_boot_mle	score_boot_mle	False	FALSE				
Bacterial_infection_of_the_skin	0.9511403698530826	0.8272784132	0.8272784132	233670	3209	230461	-0.007094714593	0.9929303935	TRUE	lrt_mle	0.932,1.058	lrt_quadratic	two	True	0.9316255258743281	1.0582693785398574	FALSE	TRUE	FALSE	mle	233670	3209	230461	ridge_seeded_refit;ridge_seeded_refit;inference=mle;ci=lrt_quadratic	chr17-45585160-INV-706887	0.8272784132	TRUE	lrt_mle	lrt_mle	False	True	lrt_quadratic	0.932,1.058	0.9316255258743281	1.0582693785398574
Nerve_root_and_plexus_disorders	0.9511403698530826	0.8285424175	0.8285424175	217776	3591	214185	-0.0068027503	0.993220336	TRUE	lrt_mle	0.934,1.056	lrt_quadratic	two	True	0.9339172614387472	1.056289113208855	FALSE	TRUE	FALSE	mle	217776	3591	214185	ridge_seeded_refit;ridge_seeded_refit;inference=mle;ci=lrt_quadratic	chr17-45585160-INV-706887	0.8285424175	TRUE	lrt_mle	lrt_mle	False	True	lrt_quadratic	0.934,1.056	0.9339172614387472	1.056289113208855
Treponema_pallidum_syphilis	0.9511403698530826	0.8289371507	0.8289371507	250306	2205	248101	-0.009925784207	0.9901233138	TRUE	lrt_mle	0.905,1.083	lrt_quadratic	two	True	0.9048696556865018	1.0834092737976038	FALSE	TRUE	FALSE	mle	250306	2205	248101	ridge_seeded_refit;ridge_seeded_refit;inference=mle;ci=lrt_quadratic	chr17-45585160-INV-706887	0.8289371507	TRUE	lrt_mle	lrt_mle	False	True	lrt_quadratic	0.905,1.083	0.9048696556865018	1.0834092737976038
Renal_sclerosis_unspecified	0.9511403698530826	0.8293823585	0.8293823585	222737	1622	221115	0.01081911358	1.010877852	TRUE	lrt_mle	0.916,1.115	lrt_quadratic	two	True	0.9161427043693624	1.1154092331326628	FALSE	TRUE	FALSE	mle	222737	1622	221115	ridge_seeded_refit;ridge_seeded_refit;inference=mle;ci=lrt_quadratic	chr17-45585160-INV-706887	0.8293823585	TRUE	lrt_mle	lrt_mle	False	True	lrt_quadratic	0.916,1.115	0.9161427043693624	1.1154092331326628
Candidiasis	0.9511403698530826	0.8297550902	0.8297550902	271561	23460	248101	0.002889452206	1.002893631	TRUE	lrt_mle	0.977,1.030	lrt_quadratic	two	True	0.9768236009086289	1.0296594324258492	FALSE	TRUE	FALSE	mle	271561	23460	248101	ridge_seeded_refit;ridge_seeded_refit;inference=mle;ci=lrt_quadratic	chr17-45585160-INV-706887	0.8297550902	TRUE	lrt_mle	lrt_mle	False	True	lrt_quadratic	0.977,1.030	0.9768236009086289	1.0296594324258492
Fracture_of_bones_in_thorax	0.9530594536187695	0.8329176896	0.8329176896	198984	11135	187849	0.003883000797	1.003890549	TRUE	lrt_mle	0.968,1.041	lrt_quadratic	two	True	0.9683200829717986	1.040767668584845	FALSE	TRUE	FALSE	mle	198984	11135	187849	ridge_seeded_refit;ridge_seeded_refit;inference=mle;ci=lrt_quadratic	chr17-45585160-INV-706887	0.8329176896	TRUE	lrt_mle	lrt_mle	False	True	lrt_quadratic	0.968,1.041	0.9683200829717986	1.040767668584845
Narcolepsy	0.9530594536187695	0.8331668332	0.8331668332	215205	1020	214185	-0.01097723353	0.9890827964	TRUE	score_boot_mle		profile_penalized	two	FALSE			TRUE	FALSE	TRUE	firth	215205	1020	214185	firth_refit;firth_refit;inference=firth;ci=profile_penalized	chr17-45585160-INV-706887		TRUE	score_boot_mle	score_boot_mle	False	FALSE				
Cartilage_tear_of_knee	0.954080753533368	0.8362188332	0.8362188332	198942	11093	187849	-0.003811530759	0.9961957239	TRUE	lrt_mle	0.961,1.033	lrt_quadratic	two	True	0.9608399447740327	1.0328524805019716	FALSE	TRUE	FALSE	mle	198942	11093	187849	ridge_seeded_refit;ridge_seeded_refit;inference=mle;ci=lrt_quadratic	chr17-45585160-INV-706887	0.8362188332	TRUE	lrt_mle	lrt_mle	False	True	lrt_quadratic	0.961,1.033	0.9608399447740327	1.0328524805019716
Neutropenia	0.954080753533368	0.8362255826	0.8362255826	270257	5306	264951	-0.005478047565	0.9945369296	TRUE	lrt_mle	0.944,1.048	lrt_quadratic	two	True	0.9442013555446053	1.0475559037098765	FALSE	TRUE	FALSE	mle	270257	5306	264951	ridge_seeded_refit;ridge_seeded_refit;inference=mle;ci=lrt_quadratic	chr17-45585160-INV-706887	0.8362255826	TRUE	lrt_mle	lrt_mle	False	True	lrt_quadratic	0.944,1.048	0.9442013555446053	1.0475559037098765
Coma_and_other_alteration_of_consciousness	0.954080753533368	0.8366688103	0.8366688103	225232	11047	214185	0.003835819416	1.003843186	TRUE	lrt_mle	0.968,1.041	lrt_quadratic	two	True	0.9678946951008138	1.0411268357493482	FALSE	TRUE	FALSE	mle	225232	11047	214185	ridge_seeded_refit;ridge_seeded_refit;inference=mle;ci=lrt_quadratic	chr17-45585160-INV-706887	0.8366688103	TRUE	lrt_mle	lrt_mle	False	True	lrt_quadratic	0.968,1.041	0.9678946951008138	1.0411268357493482
Cyst_of_kidney	0.9540945597302278	0.8376963248	0.8376963248	233238	12123	221115	-0.003707851449	0.9962990141	TRUE	lrt_mle	0.962,1.032	lrt_quadratic	two	True	0.961572428797351	1.0322797283464498	FALSE	TRUE	FALSE	mle	233238	12123	221115	ridge_seeded_refit;ridge_seeded_refit;inference=mle;ci=lrt_quadratic	chr17-45585160-INV-706887	0.8376963248	TRUE	lrt_mle	lrt_mle	False	True	lrt_quadratic	0.962,1.032	0.961572428797351	1.0322797283464498
Pneumonia	0.9540945597302278	0.8387381777	0.8387381777	239312	29680	209632	0.002455294157	1.002458311	TRUE	lrt_mle	0.979,1.026	lrt_quadratic	two	True	0.9790315491204209	1.026445639995403	FALSE	TRUE	FALSE	mle	239312	29680	209632	ridge_seeded_refit;ridge_seeded_refit;inference=mle;ci=lrt_quadratic	chr17-45585160-INV-706887	0.8387381777	TRUE	lrt_mle	lrt_mle	False	True	lrt_quadratic	0.979,1.026	0.9790315491204209	1.026445639995403
Orthopnea	0.9540945597302278	0.839315856	0.839315856	211187	1555	209632	0.01036877257	1.010422715	TRUE	lrt_mle	0.914,1.117	lrt_quadratic	two	True	0.9140628994337402	1.116940708072202	FALSE	TRUE	FALSE	mle	211187	1555	209632	ridge_seeded_refit;ridge_seeded_refit;inference=mle;ci=lrt_quadratic	chr17-45585160-INV-706887	0.839315856	TRUE	lrt_mle	lrt_mle	False	True	lrt_quadratic	0.914,1.117	0.9140628994337402	1.116940708072202
Epiphora	0.9540945597302278	0.8401598402	0.8401598402	259397	1709	257688	0.01011824407	1.010169607	TRUE	score_boot_mle		profile_penalized	two	FALSE			TRUE	FALSE	TRUE	firth	259397	1709	257688	firth_refit;firth_refit;inference=firth;ci=profile_penalized	chr17-45585160-INV-706887		TRUE	score_boot_mle	score_boot_mle	False	FALSE				
Fungal_infections	0.9556446041280164	0.8448524572	0.8448524572	301319	53218	248101	0.001819001777	1.001820657	TRUE	lrt_mle	0.984,1.020	lrt_quadratic	two	True	0.9837342844455234	1.0202395555287618	FALSE	TRUE	FALSE	mle	301319	53218	248101	ridge_seeded_refit;ridge_seeded_refit;inference=mle;ci=lrt_quadratic	chr17-45585160-INV-706887	0.8448524572	TRUE	lrt_mle	lrt_mle	False	True	lrt_quadratic	0.984,1.020	0.9837342844455234	1.0202395555287618
Bladder_neck_obstruction	0.9556446041280164	0.8451548452	0.8451548452	222693	1578	221115	0.009741502017	1.009789105	TRUE	score_boot_mle		profile_penalized	two	FALSE			TRUE	FALSE	TRUE	firth	222693	1578	221115	firth_refit;firth_refit;inference=firth;ci=profile_penalized	chr17-45585160-INV-706887		TRUE	score_boot_mle	score_boot_mle	False	FALSE				
Chronic_venous_hypertension	0.9556446041280164	0.8461538462	0.8461538462	211005	1173	209832	0.01485278199	1.014963633	TRUE	score_boot_mle		profile_penalized	two	FALSE			TRUE	FALSE	TRUE	firth	211005	1173	209832	firth_refit;firth_refit;inference=firth;ci=profile_penalized	chr17-45585160-INV-706887		TRUE	score_boot_mle	score_boot_mle	False	FALSE				
Abnormal_results_of_cardiovascular_function_studies	0.9556446041280164	0.8461753617	0.8461753617	246094	36262	209832	0.002239367612	1.002241877	TRUE	lrt_mle	0.980,1.025	lrt_quadratic	two	True	0.9798216850145247	1.025175085539879	FALSE	TRUE	FALSE	mle	246094	36262	209832	ridge_seeded_refit;ridge_seeded_refit;inference=mle;ci=lrt_quadratic	chr17-45585160-INV-706887	0.8461753617	TRUE	lrt_mle	lrt_mle	False	True	lrt_quadratic	0.980,1.025	0.9798216850145247	1.025175085539879
Acute_nasopharyngitis	0.9556446041280164	0.8471358764	0.8471358764	214357	4725	209632	-0.005431117788	0.9945836041	TRUE	lrt_mle	0.941,1.051	lrt_quadratic	two	True	0.9411524678534948	1.051048134355098	FALSE	TRUE	FALSE	mle	214357	4725	209632	ridge_seeded_refit;ridge_seeded_refit;inference=mle;ci=lrt_quadratic	chr17-45585160-INV-706887	0.8471358764	TRUE	lrt_mle	lrt_mle	False	True	lrt_quadratic	0.941,1.051	0.9411524678534948	1.051048134355098
Deficiency_anemias	0.9556446041280164	0.8474337689	0.8474337689	300616	35665	264951	0.002136600805	1.002138885	TRUE	lrt_mle	0.981,1.024	lrt_quadratic	two	True	0.9805619126239682	1.024190652140891	FALSE	TRUE	FALSE	mle	300616	35665	264951	ridge_seeded_refit;ridge_seeded_refit;inference=mle;ci=lrt_quadratic	chr17-45585160-INV-706887	0.8474337689	TRUE	lrt_mle	lrt_mle	False	True	lrt_quadratic	0.981,1.024	0.9805619126239682	1.024190652140891
Reaction_to_severe_stress_and_adjustment_disorders	0.9556446041280164	0.8486725767	0.8486725767	279427	40342	239085	0.001964025009	1.001965955	TRUE	lrt_mle	0.982,1.022	lrt_quadratic	two	True	0.9819549842341626	1.0223847233697156	FALSE	TRUE	FALSE	mle	279427	40342	239085	ridge_seeded_refit;ridge_seeded_refit;inference=mle;ci=lrt_quadratic	chr17-45585160-INV-706887	0.8486725767	TRUE	lrt_mle	lrt_mle	False	True	lrt_quadratic	0.982,1.022	0.9819549842341626	1.0223847233697156
Chondromalacia	0.9556446041280164	0.8496158709	0.8496158709	194840	6991	187849	-0.004326604	0.9956827423	TRUE	lrt_mle	0.952,1.041	lrt_quadratic	two	True	0.9521332765790044	1.0412241097280144	FALSE	TRUE	FALSE	mle	194840	6991	187849	ridge_seeded_refit;ridge_seeded_refit;inference=mle;ci=lrt_quadratic	chr17-45585160-INV-706887	0.8496158709	TRUE	lrt_mle	lrt_mle	False	True	lrt_quadratic	0.952,1.041	0.9521332765790044	1.0412241097280144
Abscess_or_ulceration_of_vulva	0.9556446041280164	0.8496399562	0.8496399562	222839	1724	221115	0.009269682962	1.00931278	TRUE	lrt_mle	0.917,1.111	lrt_quadratic	two	True	0.9170753907507372	1.110827198292579	FALSE	TRUE	FALSE	mle	126981	1723	125258	sex_restricted_to_0;sex_majority_restricted_to_0;ridge_seeded_refit;ridge_seeded_refit;inference=mle;ci=lrt_quadratic	chr17-45585160-INV-706887	0.8496399562	TRUE	lrt_mle	lrt_mle	False	True	lrt_quadratic	0.917,1.111	0.9170753907507372	1.110827198292579
Hearing_impairment	0.9556446041280164	0.8505295406	0.8505295406	297470	39782	257688	-0.00198651492	0.9980154569	TRUE	lrt_mle	0.978,1.019	lrt_quadratic	two	True	0.9776065961192476	1.0188503802602984	FALSE	TRUE	FALSE	mle	297470	39782	257688	ridge_seeded_refit;ridge_seeded_refit;inference=mle;ci=lrt_quadratic	chr17-45585160-INV-706887	0.8505295406	TRUE	lrt_mle	lrt_mle	False	True	lrt_quadratic	0.978,1.019	0.9776065961192476	1.0188503802602984
Bullous_disorders	0.9556446041280164	0.8511488511	0.8511488511	231492	1031	230461	0.01068889395	1.010746224	TRUE	score_boot_mle		profile_penalized	two	FALSE			TRUE	FALSE	TRUE	firth	231492	1031	230461	firth_refit;firth_refit;inference=firth;ci=profile_penalized	chr17-45585160-INV-706887		TRUE	score_boot_mle	score_boot_mle	False	FALSE				
Nontraumatic_Intracranial_hemorrhage	0.9556446041280164	0.8519785076	0.8519785076	213328	3496	209832	0.006224879222	1.006244294	TRUE	lrt_mle	0.943,1.074	lrt_quadratic	two	True	0.9425555730659011	1.074236478182517	FALSE	TRUE	FALSE	mle	213328	3496	209832	ridge_seeded_refit;ridge_seeded_refit;inference=mle;ci=lrt_quadratic	chr17-45585160-INV-706887	0.8519785076	TRUE	lrt_mle	lrt_mle	False	True	lrt_quadratic	0.943,1.074	0.9425555730659011	1.074236478182517
Visual_discomfort	0.957238679637449	0.8546863678	0.8546863678	260430	2742	257688	-0.006785840841	0.993237131	TRUE	lrt_mle	0.924,1.068	lrt_quadratic	two	True	0.9236639285023077	1.0680508006521092	FALSE	TRUE	FALSE	mle	260430	2742	257688	ridge_seeded_refit;ridge_seeded_refit;inference=mle;ci=lrt_quadratic	chr17-45585160-INV-706887	0.8546863678	TRUE	lrt_mle	lrt_mle	False	True	lrt_quadratic	0.924,1.068	0.9236639285023077	1.0680508006521092
Tobacco_use_during_pregnancy	0.957238679637449	0.8551448551	0.8551448551	360052	1173	358879	0.01028355592	1.010336613	TRUE	score_boot_mle		profile_penalized	two	FALSE			TRUE	FALSE	TRUE	firth	208246	1165	207081	sex_restricted_to_0;sex_majority_restricted_to_0;firth_refit;firth_refit;inference=firth;ci=profile_penalized	chr17-45585160-INV-706887		TRUE	score_boot_mle	score_boot_mle	False	FALSE				
Rheumatoid_arthritis	0.9588978871611787	0.858352117	0.858352117	196271	8422	187849	0.003863108673	1.00387058	TRUE	lrt_mle	0.962,1.047	lrt_quadratic	two	True	0.9621728595741337	1.0473753562604982	FALSE	TRUE	FALSE	mle	196271	8422	187849	ridge_seeded_refit;ridge_seeded_refit;inference=mle;ci=lrt_quadratic	chr17-45585160-INV-706887	0.858352117	TRUE	lrt_mle	lrt_mle	False	True	lrt_quadratic	0.962,1.047	0.9621728595741337	1.0473753562604982
Endothelial_corneal_dystrophy_Fuchs_dystrophy	0.9588978871611787	0.8591408591	0.8591408591	258872	1184	257688	0.009537892778	1.009583523	TRUE	score_boot_mle		profile_penalized	two	FALSE			TRUE	FALSE	TRUE	firth	258872	1184	257688	firth_refit;firth_refit;inference=firth;ci=profile_penalized	chr17-45585160-INV-706887		TRUE	score_boot_mle	score_boot_mle	False	FALSE				
Dementias	0.9588978871611787	0.859895045	0.859895045	218085	3900	214185	0.005523960178	1.005539245	TRUE	lrt_mle	0.946,1.069	lrt_quadratic	two	True	0.9457142915011039	1.0691486668668948	FALSE	TRUE	FALSE	mle	218085	3900	214185	ridge_seeded_refit;ridge_seeded_refit;inference=mle;ci=lrt_quadratic	chr17-45585160-INV-706887	0.859895045	TRUE	lrt_mle	lrt_mle	False	True	lrt_quadratic	0.946,1.069	0.9457142915011039	1.0691486668668948
Acute_upper_respiratory_infection	0.9588978871611787	0.8601235378	0.8601235378	292791	83159	209632	-0.00139871655	0.9986022612	TRUE	lrt_mle	0.983,1.014	lrt_quadratic	two	True	0.9831870684821838	1.0142591456266508	FALSE	TRUE	FALSE	mle	292791	83159	209632	ridge_seeded_refit;ridge_seeded_refit;inference=mle;ci=lrt_quadratic	chr17-45585160-INV-706887	0.8601235378	TRUE	lrt_mle	lrt_mle	False	True	lrt_quadratic	0.983,1.014	0.9831870684821838	1.0142591456266508
Fatty_liver_disease_FLD	0.9613752603183756	0.8632220888	0.8632220888	216433	19834	196599	0.002455409883	1.002458427	TRUE	lrt_mle	0.975,1.031	lrt_quadratic	two	True	0.9748420516258308	1.0308571485277942	FALSE	TRUE	FALSE	mle	216433	19834	196599	ridge_seeded_refit;ridge_seeded_refit;inference=mle;ci=lrt_quadratic	chr17-45585160-INV-706887	0.8632220888	TRUE	lrt_mle	lrt_mle	False	True	lrt_quadratic	0.975,1.031	0.9748420516258308	1.0308571485277942
Opioid_use_disorders	0.9626093303297787	0.8660657629	0.8660657629	251103	12018	239085	0.003085054098	1.003089818	TRUE	lrt_mle	0.968,1.040	lrt_quadratic	two	True	0.9677648025461972	1.0397042544596842	FALSE	TRUE	FALSE	mle	251103	12018	239085	ridge_seeded_refit;ridge_seeded_refit;inference=mle;ci=lrt_quadratic	chr17-45585160-INV-706887	0.8660657629	TRUE	lrt_mle	lrt_mle	False	True	lrt_quadratic	0.968,1.040	0.9677648025461972	1.0397042544596842
Bronchospasm	0.9626093303297787	0.8674786925	0.8674786925	215143	5511	209632	0.004162087907	1.004170761	TRUE	lrt_mle	0.956,1.054	lrt_quadratic	two	True	0.9562595645334439	1.0544824391804688	FALSE	TRUE	FALSE	mle	215143	5511	209632	ridge_seeded_refit;ridge_seeded_refit;inference=mle;ci=lrt_quadratic	chr17-45585160-INV-706887	0.8674786925	TRUE	lrt_mle	lrt_mle	False	True	lrt_quadratic	0.956,1.054	0.9562595645334439	1.0544824391804688
Problems_associated_with_amniotic_cavity_and_membranes	0.9626093303297787	0.8681318681	0.8681318681	362066	3187	358879	-0.006291311998	0.9937284369	TRUE	score_boot_mle		profile_penalized	two	FALSE			TRUE	FALSE	TRUE	firth	210256	3175	207081	sex_restricted_to_0;sex_majority_restricted_to_0;firth_refit;firth_refit;inference=firth;ci=profile_penalized	chr17-45585160-INV-706887		TRUE	score_boot_mle	score_boot_mle	False	FALSE				
Facial_nerve_disorders_and_weakness	0.9626093303297787	0.8686788099	0.8686788099	219826	5641	214185	0.00433639819	1.004345814	TRUE	lrt_mle	0.954,1.057	lrt_quadratic	two	True	0.9540217140129567	1.0573244814270182	FALSE	TRUE	FALSE	mle	219826	5641	214185	ridge_seeded_refit;ridge_seeded_refit;inference=mle;ci=lrt_quadratic	chr17-45585160-INV-706887	0.8686788099	TRUE	lrt_mle	lrt_mle	False	True	lrt_quadratic	0.954,1.057	0.9540217140129567	1.0573244814270182
Intestinal_fistula	0.9626093303297787	0.8710603388	0.8710603388	198168	1569	196599	0.007734399164	1.007764387	TRUE	lrt_mle	0.918,1.106	lrt_quadratic	two	True	0.917905516093054	1.1064200418033736	FALSE	TRUE	FALSE	mle	198168	1569	196599	ridge_seeded_refit;ridge_seeded_refit;inference=mle;ci=lrt_quadratic	chr17-45585160-INV-706887	0.8710603388	TRUE	lrt_mle	lrt_mle	False	True	lrt_quadratic	0.918,1.106	0.917905516093054	1.1064200418033736
Other_nutritional_deficiencies	0.9626093303297787	0.8716735414	0.8716735414	194542	2051	192491	0.006705109596	1.006727639	TRUE	lrt_mle	0.928,1.092	lrt_quadratic	two	True	0.9280669317341208	1.0920554378273968	FALSE	TRUE	FALSE	mle	194542	2051	192491	ridge_seeded_refit;ridge_seeded_refit;inference=mle;ci=lrt_quadratic	chr17-45585160-INV-706887	0.8716735414	TRUE	lrt_mle	lrt_mle	False	True	lrt_quadratic	0.928,1.092	0.9280669317341208	1.0920554378273968
Malignant_neoplasm_of_the_cervix	0.9626093303297787	0.8720839438	0.8720839438	258634	1867	256767	-0.007299111622	0.9927274622	TRUE	lrt_mle	0.908,1.085	lrt_quadratic	two	True	0.9083281175343679	1.084968961303178	FALSE	TRUE	FALSE	mle	150131	1859	148272	sex_restricted_to_0;sex_majority_restricted_to_0;ridge_seeded_refit;ridge_seeded_refit;inference=mle;ci=lrt_quadratic	chr17-45585160-INV-706887	0.8720839438	TRUE	lrt_mle	lrt_mle	False	True	lrt_quadratic	0.908,1.085	0.9083281175343679	1.084968961303178
Atypical_face_pain	0.9626093303297787	0.8721278721	0.8721278721	215266	1081	214185	0.01014216165	1.010193768	TRUE	score_boot_mle		profile_penalized	two	FALSE			TRUE	FALSE	TRUE	firth	215266	1081	214185	firth_refit;firth_refit;inference=firth;ci=profile_penalized	chr17-45585160-INV-706887		TRUE	score_boot_mle	score_boot_mle	False	FALSE				
Streptococcus	0.9626093303297787	0.8722275974	0.8722275974	261321	13220	248101	0.002763582058	1.002767404	TRUE	lrt_mle	0.970,1.037	lrt_quadratic	two	True	0.9695579348129812	1.0371143703367538	FALSE	TRUE	FALSE	mle	261321	13220	248101	ridge_seeded_refit;ridge_seeded_refit;inference=mle;ci=lrt_quadratic	chr17-45585160-INV-706887	0.8722275974	TRUE	lrt_mle	lrt_mle	False	True	lrt_quadratic	0.970,1.037	0.9695579348129812	1.0371143703367538
Ileus	0.9635398437222892	0.874418201	0.874418201	200517	3918	196599	-0.004864874514	0.9951469398	TRUE	lrt_mle	0.937,1.057	lrt_quadratic	two	True	0.9368855600007541	1.057031375140378	FALSE	TRUE	FALSE	mle	200517	3918	196599	ridge_seeded_refit;ridge_seeded_refit;inference=mle;ci=lrt_quadratic	chr17-45585160-INV-706887	0.874418201	TRUE	lrt_mle	lrt_mle	False	True	lrt_quadratic	0.937,1.057	0.9368855600007541	1.057031375140378
Sprains_and_strains	0.9635398437222892	0.8748274242	0.8748274242	246741	58892	187849	-0.001454413065	0.9985466441	TRUE	lrt_mle	0.981,1.017	lrt_quadratic	two	True	0.980639828762555	1.0167804439106438	FALSE	TRUE	FALSE	mle	246741	58892	187849	ridge_seeded_refit;ridge_seeded_refit;inference=mle;ci=lrt_quadratic	chr17-45585160-INV-706887	0.8748274242	TRUE	lrt_mle	lrt_mle	False	True	lrt_quadratic	0.981,1.017	0.980639828762555	1.0167804439106438
Flat_foot_pes_planus	0.9638519496987964	0.8759894201	0.8759894201	194966	7117	187849	0.003733845837	1.003740825	TRUE	lrt_mle	0.958,1.052	lrt_quadratic	two	True	0.957757096390578	1.0519323200191848	FALSE	TRUE	FALSE	mle	194966	7117	187849	ridge_seeded_refit;ridge_seeded_refit;inference=mle;ci=lrt_quadratic	chr17-45585160-INV-706887	0.8759894201	TRUE	lrt_mle	lrt_mle	False	True	lrt_quadratic	0.958,1.052	0.957757096390578	1.0519323200191848
Hypomagnesemia	0.9653177268272095	0.8809436865	0.8809436865	202247	9756	192491	0.003093600519	1.003098391	TRUE	lrt_mle	0.963,1.045	lrt_quadratic	two	True	0.9633004135583709	1.0445405889388764	FALSE	TRUE	FALSE	mle	202247	9756	192491	ridge_seeded_refit;ridge_seeded_refit;inference=mle;ci=lrt_quadratic	chr17-45585160-INV-706887	0.8809436865	TRUE	lrt_mle	lrt_mle	False	True	lrt_quadratic	0.963,1.045	0.9633004135583709	1.0445405889388764
Proteinuria	0.9653177268272095	0.8812812676	0.8812812676	192849	10276	182573	0.003023081902	1.003027656	TRUE	lrt_mle	0.964,1.044	lrt_quadratic	two	True	0.9640125247470447	1.043621792164442	FALSE	TRUE	FALSE	mle	192849	10276	182573	ridge_seeded_refit;ridge_seeded_refit;inference=mle;ci=lrt_quadratic	chr17-45585160-INV-706887	0.8812812676	TRUE	lrt_mle	lrt_mle	False	True	lrt_quadratic	0.964,1.044	0.9640125247470447	1.043621792164442
Other_abnormal_findings_in_urine	0.9653177268272095	0.8832029332	0.8832029332	198546	15973	182573	0.002340726518	1.002343468	TRUE	lrt_mle	0.972,1.034	lrt_quadratic	two	True	0.9715257817520947	1.0341387197622036	FALSE	TRUE	FALSE	mle	198546	15973	182573	ridge_seeded_refit;ridge_seeded_refit;inference=mle;ci=lrt_quadratic	chr17-45585160-INV-706887	0.8832029332	TRUE	lrt_mle	lrt_mle	False	True	lrt_quadratic	0.972,1.034	0.9715257817520947	1.0341387197622036
Costochondritis_Tietzes_disease	0.9653177268272095	0.8832395143	0.8832395143	192949	5100	187849	-0.004142966925	0.9958656033	TRUE	lrt_mle	0.942,1.052	lrt_quadratic	two	True	0.942298916860305	1.0524773849749045	FALSE	TRUE	FALSE	mle	192949	5100	187849	ridge_seeded_refit;ridge_seeded_refit;inference=mle;ci=lrt_quadratic	chr17-45585160-INV-706887	0.8832395143	TRUE	lrt_mle	lrt_mle	False	True	lrt_quadratic	0.942,1.052	0.942298916860305	1.0524773849749045
Primary_pulmonary_hypertension	0.9653177268272095	0.8837908691	0.8837908691	211225	1393	209832	-0.007798988492	0.9922313447	TRUE	lrt_mle	0.894,1.102	lrt_quadratic	two	True	0.8937069219912145	1.10161733919917	FALSE	TRUE	FALSE	mle	211225	1393	209832	ridge_seeded_refit;ridge_seeded_refit;inference=mle;ci=lrt_quadratic	chr17-45585160-INV-706887	0.8837908691	TRUE	lrt_mle	lrt_mle	False	True	lrt_quadratic	0.894,1.102	0.8937069219912145	1.10161733919917
Placental_disorders	0.9653177268272095	0.8841158841	0.8841158841	362854	3975	358879	-0.004736991472	0.9952742104	TRUE	score_boot_mle		profile_penalized	two	FALSE			TRUE	FALSE	TRUE	firth	211054	3973	207081	sex_restricted_to_0;sex_majority_restricted_to_0;firth_refit;firth_refit;inference=firth;ci=profile_penalized	chr17-45585160-INV-706887		TRUE	score_boot_mle	score_boot_mle	False	FALSE				
Ventricular_tachycardia	0.9653177268272095	0.88413519	0.88413519	215333	5501	209832	0.00381375659	1.003821038	TRUE	lrt_mle	0.954,1.057	lrt_quadratic	two	True	0.9536306658242096	1.0566529715035198	FALSE	TRUE	FALSE	mle	215333	5501	209832	ridge_seeded_refit;ridge_seeded_refit;inference=mle;ci=lrt_quadratic	chr17-45585160-INV-706887	0.88413519	TRUE	lrt_mle	lrt_mle	False	True	lrt_quadratic	0.954,1.057	0.9536306658242096	1.0566529715035198
Disorders_of_fluid_electrolyte_and_acid_base_balance	0.9653177268272095	0.8846551315	0.8846551315	252227	59736	192491	-0.001367105354	0.9986338287	TRUE	lrt_mle	0.980,1.017	lrt_quadratic	two	True	0.9803581979826206	1.017250149887888	FALSE	TRUE	FALSE	mle	252227	59736	192491	ridge_seeded_refit;ridge_seeded_refit;inference=mle;ci=lrt_quadratic	chr17-45585160-INV-706887	0.8846551315	TRUE	lrt_mle	lrt_mle	False	True	lrt_quadratic	0.980,1.017	0.9803581979826206	1.017250149887888
Achilles_tendinitis	0.9653177268272095	0.8857831547	0.8857831547	193707	5858	187849	0.003592401401	1.003598862	TRUE	lrt_mle	0.956,1.054	lrt_quadratic	two	True	0.9555911452618844	1.054018426622959	FALSE	TRUE	FALSE	mle	193707	5858	187849	ridge_seeded_refit;ridge_seeded_refit;inference=mle;ci=lrt_quadratic	chr17-45585160-INV-706887	0.8857831547	TRUE	lrt_mle	lrt_mle	False	True	lrt_quadratic	0.956,1.054	0.9555911452618844	1.054018426622959
Staphylococcus_aureus	0.9653177268272095	0.886121195	0.886121195	254303	6202	248101	0.003518913136	1.003525112	TRUE	lrt_mle	0.956,1.053	lrt_quadratic	two	True	0.9563422788830068	1.0530357929467933	FALSE	TRUE	FALSE	mle	254303	6202	248101	ridge_seeded_refit;ridge_seeded_refit;inference=mle;ci=lrt_quadratic	chr17-45585160-INV-706887	0.886121195	TRUE	lrt_mle	lrt_mle	False	True	lrt_quadratic	0.956,1.053	0.9563422788830068	1.0530357929467933
Other_disorders_of_bladder	0.9656001637722221	0.8872606792	0.8872606792	236611	15496	221115	-0.002259266249	0.997743284	TRUE	lrt_mle	0.967,1.029	lrt_quadratic	two	True	0.9670614458170578	1.0293985609883638	FALSE	TRUE	FALSE	mle	236611	15496	221115	ridge_seeded_refit;ridge_seeded_refit;inference=mle;ci=lrt_quadratic	chr17-45585160-INV-706887	0.8872606792	TRUE	lrt_mle	lrt_mle	False	True	lrt_quadratic	0.967,1.029	0.9670614458170578	1.0293985609883638
Wheelchair_dependence	0.9659217383655104	0.8884366764	0.8884366764	184401	1828	182573	-0.006482606091	0.9935383607	TRUE	lrt_mle	0.908,1.088	lrt_quadratic	two	True	0.9075064831306227	1.0877260851245438	FALSE	TRUE	FALSE	mle	184401	1828	182573	ridge_seeded_refit;ridge_seeded_refit;inference=mle;ci=lrt_quadratic	chr17-45585160-INV-706887	0.8884366764	TRUE	lrt_mle	lrt_mle	False	True	lrt_quadratic	0.908,1.088	0.9075064831306227	1.0877260851245438
Balanoposthitis	0.9676433135690592	0.8911088911	0.8911088911	222263	1148	221115	0.008806476347	1.008845367	TRUE	score_boot_mle		profile_penalized	two	FALSE			TRUE	FALSE	TRUE	firth	97003	1146	95857	sex_restricted_to_1;sex_majority_restricted_to_1;firth_refit;firth_refit;inference=firth;ci=profile_penalized	chr17-45585160-INV-706887		TRUE	score_boot_mle	score_boot_mle	False	FALSE				
Permanent_atrial_fibrillation	0.9676433135690592	0.8941058941	0.8941058941	210852	1020	209832	0.00824833058	1.008282442	TRUE	score_boot_mle		profile_penalized	two	FALSE			TRUE	FALSE	TRUE	firth	210852	1020	209832	firth_refit;firth_refit;inference=firth;ci=profile_penalized	chr17-45585160-INV-706887		TRUE	score_boot_mle	score_boot_mle	False	FALSE				
Neisseria_gonorrhea	0.9676433135690592	0.8941058941	0.8941058941	249586	1485	248101	-0.006049973279	0.993968291	TRUE	score_boot_mle		profile_penalized	two	FALSE			TRUE	FALSE	TRUE	firth	249586	1485	248101	firth_refit;firth_refit;inference=firth;ci=profile_penalized	chr17-45585160-INV-706887		TRUE	score_boot_mle	score_boot_mle	False	FALSE				
Cyst_of_bone	0.9676433135690592	0.8961038961	0.8961038961	189227	1378	187849	0.00666425361	1.006686509	TRUE	score_boot_mle		profile_penalized	two	FALSE			TRUE	FALSE	TRUE	firth	189227	1378	187849	firth_refit;firth_refit;inference=firth;ci=profile_penalized	chr17-45585160-INV-706887		TRUE	score_boot_mle	score_boot_mle	False	FALSE				
Abnormality_of_the_peritoneum	0.9676433135690592	0.8964006824	0.8964006824	201997	5398	196599	-0.003428537079	0.9965773336	TRUE	lrt_mle	0.946,1.049	lrt_quadratic	two	True	0.9464508752462982	1.049358617448102	FALSE	TRUE	FALSE	mle	201997	5398	196599	ridge_seeded_refit;ridge_seeded_refit;inference=mle;ci=lrt_quadratic	chr17-45585160-INV-706887	0.8964006824	TRUE	lrt_mle	lrt_mle	False	True	lrt_quadratic	0.946,1.049	0.9464508752462982	1.049358617448102
Chronic_nonalcoholic_liver_disease	0.9676433135690592	0.8969417305	0.8969417305	208558	11959	196599	-0.002359902943	0.9976428794	TRUE	lrt_mle	0.963,1.034	lrt_quadratic	two	True	0.9626459155927132	1.0339121568724803	FALSE	TRUE	FALSE	mle	208558	11959	196599	ridge_seeded_refit;ridge_seeded_refit;inference=mle;ci=lrt_quadratic	chr17-45585160-INV-706887	0.8969417305	TRUE	lrt_mle	lrt_mle	False	True	lrt_quadratic	0.963,1.034	0.9626459155927132	1.0339121568724803
Iodine_related_thyroid_disorders	0.9676433135690592	0.8973744874	0.8973744874	194182	1691	192491	0.006037220701	1.006055481	TRUE	lrt_mle	0.918,1.103	lrt_quadratic	two	True	0.9178653815027739	1.1027190393577424	FALSE	TRUE	FALSE	mle	194182	1691	192491	ridge_seeded_refit;ridge_seeded_refit;inference=mle;ci=lrt_quadratic	chr17-45585160-INV-706887	0.8973744874	TRUE	lrt_mle	lrt_mle	False	True	lrt_quadratic	0.918,1.103	0.9178653815027739	1.1027190393577424
Alcoholic_hepatitis	0.9676433135690592	0.8981018981	0.8981018981	197691	1092	196599	0.009525117236	1.009570626	TRUE	score_boot_mle		profile_penalized	two	FALSE			TRUE	FALSE	TRUE	firth	197691	1092	196599	firth_refit;firth_refit;inference=firth;ci=profile_penalized	chr17-45585160-INV-706887		TRUE	score_boot_mle	score_boot_mle	False	FALSE				
Inborn_error_of_lipid_metabolism	0.9676433135690592	0.8990524785	0.8990524785	367010	2628	364382	-0.004530222502	0.9954800235	TRUE	lrt_mle	0.928,1.068	lrt_quadratic	two	True	0.928186844709789	1.067651931065091	FALSE	TRUE	FALSE	mle	367010	2628	364382	ridge_seeded_refit;ridge_seeded_refit;inference=mle;ci=lrt_quadratic	chr17-45585160-INV-706887	0.8990524785	TRUE	lrt_mle	lrt_mle	False	True	lrt_quadratic	0.928,1.068	0.928186844709789	1.067651931065091
Disorders_of_iron_metabolism	0.9676433135690592	0.8991008991	0.8991008991	194632	2141	192491	0.005082492646	1.00509543	TRUE	score_boot_mle		profile_penalized	two	FALSE			TRUE	FALSE	TRUE	firth	194632	2141	192491	firth_refit;firth_refit;inference=firth;ci=profile_penalized	chr17-45585160-INV-706887		TRUE	score_boot_mle	score_boot_mle	False	FALSE				
Conductive_hearing_loss	0.9676433135690592	0.9003129458	0.9003129458	261328	3640	257688	-0.003892163965	0.9961154007	TRUE	lrt_mle	0.937,1.059	lrt_quadratic	two	True	0.9372637359112724	1.0586624164248433	FALSE	TRUE	FALSE	mle	261328	3640	257688	ridge_seeded_refit;ridge_seeded_refit;inference=mle;ci=lrt_quadratic	chr17-45585160-INV-706887	0.9003129458	TRUE	lrt_mle	lrt_mle	False	True	lrt_quadratic	0.937,1.059	0.9372637359112724	1.0586624164248433
Abnormal_results_of_function_study_of_kidney	0.9676433135690592	0.901037007	0.901037007	224347	3232	221115	-0.004240131561	0.9957688451	TRUE	lrt_mle	0.931,1.065	lrt_quadratic	two	True	0.9313958406978772	1.0645909607440953	FALSE	TRUE	FALSE	mle	224347	3232	221115	ridge_seeded_refit;ridge_seeded_refit;inference=mle;ci=lrt_quadratic	chr17-45585160-INV-706887	0.901037007	TRUE	lrt_mle	lrt_mle	False	True	lrt_quadratic	0.931,1.065	0.9313958406978772	1.0645909607440953
Meningitis	0.9676433135690592	0.9036037492	0.9036037492	215541	1356	214185	0.006356478271	1.006376724	TRUE	lrt_mle	0.908,1.115	lrt_quadratic	two	True	0.9079986538930959	1.1154136686941767	FALSE	TRUE	FALSE	mle	215541	1356	214185	ridge_seeded_refit;ridge_seeded_refit;inference=mle;ci=lrt_quadratic	chr17-45585160-INV-706887	0.9036037492	TRUE	lrt_mle	lrt_mle	False	True	lrt_quadratic	0.908,1.115	0.9079986538930959	1.1154136686941767
Parasomnias	0.9676433135690592	0.9038184303	0.9038184303	217360	3175	214185	-0.00401025477	0.9959977756	TRUE	lrt_mle	0.933,1.063	lrt_quadratic	two	True	0.9332753300721955	1.0629355957054238	FALSE	TRUE	FALSE	mle	217360	3175	214185	ridge_seeded_refit;ridge_seeded_refit;inference=mle;ci=lrt_quadratic	chr17-45585160-INV-706887	0.9038184303	TRUE	lrt_mle	lrt_mle	False	True	lrt_quadratic	0.933,1.063	0.9332753300721955	1.0629355957054238
Inflammatory_diseases_of_female_pelvic_organs	0.9676433135690592	0.9043360753	0.9043360753	253618	32503	221115	0.001482912824	1.001484013	TRUE	lrt_mle	0.978,1.026	lrt_quadratic	two	True	0.9775555736434167	1.0259981683925494	FALSE	TRUE	FALSE	mle	157723	32465	125258	sex_restricted_to_0;sex_majority_restricted_to_0;ridge_seeded_refit;ridge_seeded_refit;inference=mle;ci=lrt_quadratic	chr17-45585160-INV-706887	0.9043360753	TRUE	lrt_mle	lrt_mle	False	True	lrt_quadratic	0.978,1.026	0.9775555736434167	1.0259981683925494
Treponema	0.9676433135690592	0.9054533657	0.9054533657	250316	2215	248101	-0.005433000437	0.9945817316	TRUE	lrt_mle	0.909,1.088	lrt_quadratic	two	True	0.9092953297576184	1.0878674820996044	FALSE	TRUE	FALSE	mle	250316	2215	248101	ridge_seeded_refit;ridge_seeded_refit;inference=mle;ci=lrt_quadratic	chr17-45585160-INV-706887	0.9054533657	TRUE	lrt_mle	lrt_mle	False	True	lrt_quadratic	0.909,1.088	0.9092953297576184	1.0878674820996044
Pelvic_organ_prolapse_and_fistulas	0.9676433135690592	0.90557717	0.90557717	230052	8937	221115	-0.002443388391	0.9975595943	TRUE	lrt_mle	0.958,1.039	lrt_quadratic	two	True	0.9580877241741891	1.0386576500009765	FALSE	TRUE	FALSE	mle	230052	8937	221115	ridge_seeded_refit;ridge_seeded_refit;inference=mle;ci=lrt_quadratic	chr17-45585160-INV-706887	0.90557717	TRUE	lrt_mle	lrt_mle	False	True	lrt_quadratic	0.958,1.039	0.9580877241741891	1.0386576500009765
Personality_disorders	0.9676433135690592	0.9069205177	0.9069205177	244348	5263	239085	0.003088351832	1.003093126	TRUE	lrt_mle	0.952,1.056	lrt_quadratic	two	True	0.9524849708550986	1.0563902314707807	FALSE	TRUE	FALSE	mle	244348	5263	239085	ridge_seeded_refit;ridge_seeded_refit;inference=mle;ci=lrt_quadratic	chr17-45585160-INV-706887	0.9069205177	TRUE	lrt_mle	lrt_mle	False	True	lrt_quadratic	0.952,1.056	0.9524849708550986	1.0563902314707807
Urethritis	0.9676433135690592	0.9072849431	0.9072849431	223169	2054	221115	-0.005085794046	0.9949271167	TRUE	lrt_mle	0.913,1.084	lrt_quadratic	two	True	0.9133150730470848	1.08383185252665	FALSE	TRUE	FALSE	mle	223169	2054	221115	ridge_seeded_refit;ridge_seeded_refit;inference=mle;ci=lrt_quadratic	chr17-45585160-INV-706887	0.9072849431	TRUE	lrt_mle	lrt_mle	False	True	lrt_quadratic	0.913,1.084	0.9133150730470848	1.08383185252665
Pain_in_elbow	0.9676433135690592	0.9089659447	0.9089659447	206844	18995	187849	-0.001674793355	0.9983266083	TRUE	lrt_mle	0.970,1.027	lrt_quadratic	two	True	0.9700743150582525	1.0274017169884349	FALSE	TRUE	FALSE	mle	206844	18995	187849	ridge_seeded_refit;ridge_seeded_refit;inference=mle;ci=lrt_quadratic	chr17-45585160-INV-706887	0.9089659447	TRUE	lrt_mle	lrt_mle	False	True	lrt_quadratic	0.970,1.027	0.9700743150582525	1.0274017169884349
Vaginitis_and_vulvovaginitis	0.9676433135690592	0.9091802856	0.9091802856	242201	21086	221115	0.001700751419	1.001702199	TRUE	lrt_mle	0.973,1.031	lrt_quadratic	two	True	0.9728541504202616	1.0314056779017255	FALSE	TRUE	FALSE	mle	146326	21068	125258	sex_restricted_to_0;sex_majority_restricted_to_0;ridge_seeded_refit;ridge_seeded_refit;inference=mle;ci=lrt_quadratic	chr17-45585160-INV-706887	0.9091802856	TRUE	lrt_mle	lrt_mle	False	True	lrt_quadratic	0.973,1.031	0.9728541504202616	1.0314056779017255
Bipolar_II_disorder	0.9676433135690592	0.9094259401	0.9094259401	241164	2079	239085	-0.004663455094	0.9953474019	TRUE	lrt_mle	0.919,1.079	lrt_quadratic	two	True	0.9185049770538637	1.0786184890415154	FALSE	TRUE	FALSE	mle	241164	2079	239085	ridge_seeded_refit;ridge_seeded_refit;inference=mle;ci=lrt_quadratic	chr17-45585160-INV-706887	0.9094259401	TRUE	lrt_mle	lrt_mle	False	True	lrt_quadratic	0.919,1.079	0.9185049770538637	1.0786184890415154
Infection_of_the_skin	0.9677839069282126	0.9118847346	0.9118847346	305375	74914	230461	-0.0009054114792	0.9990949983	TRUE	lrt_mle	0.983,1.015	lrt_quadratic	two	True	0.9832012408790144	1.015245683274247	FALSE	TRUE	FALSE	mle	305375	74914	230461	ridge_seeded_refit;ridge_seeded_refit;inference=mle;ci=lrt_quadratic	chr17-45585160-INV-706887	0.9118847346	TRUE	lrt_mle	lrt_mle	False	True	lrt_quadratic	0.983,1.015	0.9832012408790144	1.015245683274247
Sleep_disorders	0.9677839069282126	0.9119702625	0.9119702625	298055	83870	214185	-0.0008804005704	0.9991199869	TRUE	lrt_mle	0.984,1.015	lrt_quadratic	two	True	0.9836465112580821	1.0148368715132332	FALSE	TRUE	FALSE	mle	298055	83870	214185	ridge_seeded_refit;ridge_seeded_refit;inference=mle;ci=lrt_quadratic	chr17-45585160-INV-706887	0.9119702625	TRUE	lrt_mle	lrt_mle	False	True	lrt_quadratic	0.984,1.015	0.9836465112580821	1.0148368715132332
Abnormal_intraocular_pressure	0.9677839069282126	0.9127775479	0.9127775479	279044	21356	257688	0.001589979075	1.001591244	TRUE	lrt_mle	0.973,1.030	lrt_quadratic	two	True	0.9734974220215996	1.0304958152814536	FALSE	TRUE	FALSE	mle	279044	21356	257688	ridge_seeded_refit;ridge_seeded_refit;inference=mle;ci=lrt_quadratic	chr17-45585160-INV-706887	0.9127775479	TRUE	lrt_mle	lrt_mle	False	True	lrt_quadratic	0.973,1.030	0.9734974220215996	1.0304958152814536
Fibrosclerosis_of_breast	0.9677839069282126	0.9130869131	0.9130869131	222282	1167	221115	-0.00510348986	0.9949095108	TRUE	score_boot_mle		profile_penalized	two	FALSE			TRUE	FALSE	TRUE	firth	126422	1164	125258	sex_restricted_to_0;sex_majority_restricted_to_0;firth_refit;firth_refit;inference=firth;ci=profile_penalized	chr17-45585160-INV-706887		TRUE	score_boot_mle	score_boot_mle	False	FALSE				
Congenital_malformation_of_aortic_and_mitral_valves	0.9679075750653474	0.9140859141	0.9140859141	370378	1269	369109	-0.004167630655	0.9958410419	TRUE	score_boot_mle		profile_penalized	two	FALSE			TRUE	FALSE	TRUE	firth	370378	1269	369109	firth_refit;firth_refit;inference=firth;ci=profile_penalized	chr17-45585160-INV-706887		TRUE	score_boot_mle	score_boot_mle	False	FALSE				
Other_disorders_of_ear	0.969322515762235	0.916522032	0.916522032	265181	7493	257688	-0.002278588285	0.9977240057	TRUE	lrt_mle	0.956,1.041	lrt_quadratic	two	True	0.9561062508024442	1.0411533140462503	FALSE	TRUE	FALSE	mle	265181	7493	257688	ridge_seeded_refit;ridge_seeded_refit;inference=mle;ci=lrt_quadratic	chr17-45585160-INV-706887	0.916522032	TRUE	lrt_mle	lrt_mle	False	True	lrt_quadratic	0.956,1.041	0.9561062508024442	1.0411533140462503
Hypocalcemia	0.969322515762235	0.9171893996	0.9171893996	197900	5409	192491	-0.002795612863	0.9972082912	TRUE	lrt_mle	0.946,1.051	lrt_quadratic	two	True	0.9460177018837743	1.0511688883887709	FALSE	TRUE	FALSE	mle	197900	5409	192491	ridge_seeded_refit;ridge_seeded_refit;inference=mle;ci=lrt_quadratic	chr17-45585160-INV-706887	0.9171893996	TRUE	lrt_mle	lrt_mle	False	True	lrt_quadratic	0.946,1.051	0.9460177018837743	1.0511688883887709
Lateral_epicondylitis_Tennis_elbow	0.9705257444927816	0.919212624	0.919212624	196325	8476	187849	-0.002104591503	0.9978976216	TRUE	lrt_mle	0.958,1.039	lrt_quadratic	two	True	0.9581278568751794	1.039318141147016	FALSE	TRUE	FALSE	mle	196325	8476	187849	ridge_seeded_refit;ridge_seeded_refit;inference=mle;ci=lrt_quadratic	chr17-45585160-INV-706887	0.919212624	TRUE	lrt_mle	lrt_mle	False	True	lrt_quadratic	0.958,1.039	0.9581278568751794	1.039318141147016
Acute_pyelonephritis	0.9716404548468269	0.9211541231	0.9211541231	227016	5901	221115	0.002580105295	1.002583437	TRUE	lrt_mle	0.953,1.055	lrt_quadratic	two	True	0.9526476865605576	1.0551367117009878	FALSE	TRUE	FALSE	mle	227016	5901	221115	ridge_seeded_refit;ridge_seeded_refit;inference=mle;ci=lrt_quadratic	chr17-45585160-INV-706887	0.9211541231	TRUE	lrt_mle	lrt_mle	False	True	lrt_quadratic	0.953,1.055	0.9526476865605576	1.0551367117009878
Hypoparathyroidism	0.9724278375754067	0.9250749251	0.9250749251	193746	1255	192491	-0.004509281479	0.9955008701	TRUE	score_boot_mle		profile_penalized	two	FALSE			TRUE	FALSE	TRUE	firth	193746	1255	192491	firth_refit;firth_refit;inference=firth;ci=profile_penalized	chr17-45585160-INV-706887		TRUE	score_boot_mle	score_boot_mle	False	FALSE				
Plantar_fascial_fibromatosis_Plantar_fasciitis	0.9724278375754067	0.9255273232	0.9255273232	204718	16869	187849	0.001442488297	1.001443529	TRUE	lrt_mle	0.972,1.032	lrt_quadratic	two	True	0.9716071197492439	1.0321961642301243	FALSE	TRUE	FALSE	mle	204718	16869	187849	ridge_seeded_refit;ridge_seeded_refit;inference=mle;ci=lrt_quadratic	chr17-45585160-INV-706887	0.9255273232	TRUE	lrt_mle	lrt_mle	False	True	lrt_quadratic	0.972,1.032	0.9716071197492439	1.0321961642301243
Hypertension	0.9724278375754067	0.9257987515	0.9257987515	334308	124476	209832	-0.0007040677039	0.9992961801	TRUE	lrt_mle	0.985,1.014	lrt_quadratic	two	True	0.9845986412828795	1.0142131155579917	FALSE	TRUE	FALSE	mle	334308	124476	209832	ridge_seeded_refit;ridge_seeded_refit;inference=mle;ci=lrt_quadratic	chr17-45585160-INV-706887	0.9257987515	TRUE	lrt_mle	lrt_mle	False	True	lrt_quadratic	0.985,1.014	0.9845986412828795	1.0142131155579917
Ectopic_pregnancy	0.9724278375754067	0.9260739261	0.9260739261	360198	1319	358879	-0.003998219037	0.9960097632	TRUE	score_boot_mle		profile_penalized	two	FALSE			TRUE	FALSE	TRUE	firth	208399	1318	207081	sex_restricted_to_0;sex_majority_restricted_to_0;firth_refit;firth_refit;inference=firth;ci=profile_penalized	chr17-45585160-INV-706887		TRUE	score_boot_mle	score_boot_mle	False	FALSE				
Diarrhea	0.9724278375754067	0.9263328079	0.9263328079	244911	48312	196599	0.0009012246411	1.000901631	TRUE	lrt_mle	0.982,1.020	lrt_quadratic	two	True	0.981961706415828	1.0202068656291268	FALSE	TRUE	FALSE	mle	244911	48312	196599	ridge_seeded_refit;ridge_seeded_refit;inference=mle;ci=lrt_quadratic	chr17-45585160-INV-706887	0.9263328079	TRUE	lrt_mle	lrt_mle	False	True	lrt_quadratic	0.982,1.020	0.981961706415828	1.0202068656291268
Megaloblastic_anemia	0.9737538100150764	0.9291241666	0.9291241666	269146	4195	264951	0.002590122727	1.00259348	TRUE	lrt_mle	0.947,1.061	lrt_quadratic	two	True	0.9469738199293279	1.0614799110276705	FALSE	TRUE	FALSE	mle	269146	4195	264951	ridge_seeded_refit;ridge_seeded_refit;inference=mle;ci=lrt_quadratic	chr17-45585160-INV-706887	0.9291241666	TRUE	lrt_mle	lrt_mle	False	True	lrt_quadratic	0.947,1.061	0.9469738199293279	1.0614799110276705
Malignant_neoplasm_of_the_urinary_tract	0.9737538100150764	0.9295273753	0.9295273753	260720	3953	256767	-0.002625653175	0.9973777908	TRUE	lrt_mle	0.941,1.057	lrt_quadratic	two	True	0.940997845833671	1.057135743785199	FALSE	TRUE	FALSE	mle	260720	3953	256767	ridge_seeded_refit;ridge_seeded_refit;inference=mle;ci=lrt_quadratic	chr17-45585160-INV-706887	0.9295273753	TRUE	lrt_mle	lrt_mle	False	True	lrt_quadratic	0.941,1.057	0.940997845833671	1.057135743785199
Overactive_bladder	0.9737538100150764	0.9302588814	0.9302588814	228338	7223	221115	-0.002007023665	0.9979949891	TRUE	lrt_mle	0.954,1.044	lrt_quadratic	two	True	0.9541315711555478	1.0438748997510947	FALSE	TRUE	FALSE	mle	228338	7223	221115	ridge_seeded_refit;ridge_seeded_refit;inference=mle;ci=lrt_quadratic	chr17-45585160-INV-706887	0.9302588814	TRUE	lrt_mle	lrt_mle	False	True	lrt_quadratic	0.954,1.044	0.9541315711555478	1.0438748997510947
Hallux_rigidus	0.9743117228770257	0.931680034	0.931680034	190788	2939	187849	0.002956585895	1.002960961	TRUE	lrt_mle	0.937,1.073	lrt_quadratic	two	True	0.9374085872996922	1.0730973694177524	FALSE	TRUE	FALSE	mle	190788	2939	187849	ridge_seeded_refit;ridge_seeded_refit;inference=mle;ci=lrt_quadratic	chr17-45585160-INV-706887	0.931680034	TRUE	lrt_mle	lrt_mle	False	True	lrt_quadratic	0.937,1.073	0.9374085872996922	1.0730973694177524
Prostatitis	0.975120361084762	0.933342187	0.933342187	223837	2722	221115	0.003024186935	1.003028764	TRUE	lrt_mle	0.934,1.077	lrt_quadratic	two	True	0.9344080181838742	1.076688858227305	FALSE	TRUE	FALSE	mle	98566	2709	95857	sex_restricted_to_1;sex_majority_restricted_to_1;ridge_seeded_refit;ridge_seeded_refit;inference=mle;ci=lrt_quadratic	chr17-45585160-INV-706887	0.933342187	TRUE	lrt_mle	lrt_mle	False	True	lrt_quadratic	0.934,1.077	0.9344080181838742	1.076688858227305
Preterm_labor_including_history_of	0.9759907077114176	0.9350649351	0.9350649351	363065	4186	358879	0.003375280717	1.003380983	TRUE	score_boot_mle		profile_penalized	two	FALSE			TRUE	FALSE	TRUE	firth	211267	4186	207081	sex_restricted_to_0;sex_majority_restricted_to_0;firth_refit;firth_refit;inference=firth;ci=profile_penalized	chr17-45585160-INV-706887		TRUE	score_boot_mle	score_boot_mle	False	FALSE				
Other_disorders_of_the_kidney_and_ureters	0.9795335277018061	0.9393521159	0.9393521159	246425	25310	221115	-0.0009961609999	0.999004335	TRUE	lrt_mle	0.974,1.025	lrt_quadratic	two	True	0.9736944519730598	1.024972114541645	FALSE	TRUE	FALSE	mle	246425	25310	221115	ridge_seeded_refit;ridge_seeded_refit;inference=mle;ci=lrt_quadratic	chr17-45585160-INV-706887	0.9393521159	TRUE	lrt_mle	lrt_mle	False	True	lrt_quadratic	0.974,1.025	0.9736944519730598	1.024972114541645
Infective_and_reactive_arthropathies	0.9818366111083571	0.9424557443	0.9424557443	190734	2885	187849	0.002536045445	1.002539264	TRUE	lrt_mle	0.936,1.074	lrt_quadratic	two	True	0.9358277723407841	1.0740063561098536	FALSE	TRUE	FALSE	mle	190734	2885	187849	ridge_seeded_refit;ridge_seeded_refit;inference=mle;ci=lrt_quadratic	chr17-45585160-INV-706887	0.9424557443	TRUE	lrt_mle	lrt_mle	False	True	lrt_quadratic	0.936,1.074	0.9358277723407841	1.0740063561098536
Typical_atrial_flutter	0.9836103176230551	0.9450549451	0.9450549451	211277	1445	209832	0.004047823776	1.004056027	TRUE	score_boot_mle		profile_penalized	two	FALSE			TRUE	FALSE	TRUE	firth	211277	1445	209832	firth_refit;firth_refit;inference=firth;ci=profile_penalized	chr17-45585160-INV-706887		TRUE	score_boot_mle	score_boot_mle	False	FALSE				
Fracture_of_lower_limb	0.9849658383753075	0.9484609886	0.9484609886	200589	12740	187849	-0.001129605692	0.9988710321	TRUE	lrt_mle	0.965,1.034	lrt_quadratic	two	True	0.9652377173352829	1.0336762859492574	FALSE	TRUE	FALSE	mle	200589	12740	187849	ridge_seeded_refit;ridge_seeded_refit;inference=mle;ci=lrt_quadratic	chr17-45585160-INV-706887	0.9484609886	TRUE	lrt_mle	lrt_mle	False	True	lrt_quadratic	0.965,1.034	0.9652377173352829	1.0336762859492574
Generalized_epilepsy	0.9849658383753075	0.9489236153	0.9489236153	216061	1876	214185	-0.002892018077	0.9971121598	TRUE	lrt_mle	0.913,1.089	lrt_quadratic	two	True	0.9126731031827208	1.0893633829151577	FALSE	TRUE	FALSE	mle	216061	1876	214185	ridge_seeded_refit;ridge_seeded_refit;inference=mle;ci=lrt_quadratic	chr17-45585160-INV-706887	0.9489236153	TRUE	lrt_mle	lrt_mle	False	True	lrt_quadratic	0.913,1.089	0.9126731031827208	1.0893633829151577
Barretts_esophagus	0.9849658383753075	0.9490509491	0.9490509491	200662	4063	196599	-0.001680187245	0.9983212235	TRUE	score_boot_mle		profile_penalized	two	FALSE			TRUE	FALSE	TRUE	firth	200662	4063	196599	firth_refit;firth_refit;inference=firth;ci=profile_penalized	chr17-45585160-INV-706887		TRUE	score_boot_mle	score_boot_mle	False	FALSE				
Dysmenorrhea	0.9855920184713076	0.953046953	0.953046953	228456	7341	221115	0.001366313148	1.001367247	TRUE	score_boot_mle		profile_penalized	two	FALSE			TRUE	FALSE	TRUE	firth	132593	7335	125258	sex_restricted_to_0;sex_majority_restricted_to_0;firth_refit;firth_refit;inference=firth;ci=profile_penalized	chr17-45585160-INV-706887		TRUE	score_boot_mle	score_boot_mle	False	FALSE				
Genetic_disorders_relating_to_growth_and_musculoskeletal_system	0.9855920184713076	0.953046953	0.953046953	365807	1425	364382	0.003485234527	1.003491315	TRUE	score_boot_mle		profile_penalized	two	FALSE			TRUE	FALSE	TRUE	firth	365807	1425	364382	firth_refit;firth_refit;inference=firth;ci=profile_penalized	chr17-45585160-INV-706887		TRUE	score_boot_mle	score_boot_mle	False	FALSE				
Dermatochalasis_of_eyelid	0.9855920184713076	0.9530856469	0.9530856469	263138	5450	257688	-0.001475333496	0.9985257543	TRUE	lrt_mle	0.951,1.049	lrt_quadratic	two	True	0.9506349227098323	1.0488292173247982	FALSE	TRUE	FALSE	mle	263138	5450	257688	ridge_seeded_refit;ridge_seeded_refit;inference=mle;ci=lrt_quadratic	chr17-45585160-INV-706887	0.9530856469	TRUE	lrt_mle	lrt_mle	False	True	lrt_quadratic	0.951,1.049	0.9506349227098323	1.0488292173247982
Hemorrhagic_stroke	0.9855920184713076	0.954519936	0.954519936	212375	2543	209832	-0.002246993981	0.9977555286	TRUE	lrt_mle	0.924,1.078	lrt_quadratic	two	True	0.9236078774289687	1.0778557862275626	FALSE	TRUE	FALSE	mle	212375	2543	209832	ridge_seeded_refit;ridge_seeded_refit;inference=mle;ci=lrt_quadratic	chr17-45585160-INV-706887	0.954519936	TRUE	lrt_mle	lrt_mle	False	True	lrt_quadratic	0.924,1.078	0.9236078774289687	1.0778557862275626
Social_phobia	0.9855920184713076	0.955044955	0.955044955	240372	1287	239085	-0.003003480249	0.9970010257	TRUE	score_boot_mle		profile_penalized	two	FALSE			TRUE	FALSE	TRUE	firth	240372	1287	239085	firth_refit;firth_refit;inference=firth;ci=profile_penalized	chr17-45585160-INV-706887		TRUE	score_boot_mle	score_boot_mle	False	FALSE				
Chronic_prostatitis	0.9855920184713076	0.955044955	0.955044955	222161	1046	221115	0.003881594723	1.003889138	TRUE	score_boot_mle		profile_penalized	two	FALSE			TRUE	FALSE	TRUE	firth	96901	1044	95857	sex_restricted_to_1;sex_majority_restricted_to_1;firth_refit;firth_refit;inference=firth;ci=profile_penalized	chr17-45585160-INV-706887		TRUE	score_boot_mle	score_boot_mle	False	FALSE				
Disorders_of_the_middle_ear	0.9857991773042254	0.9568752544	0.9568752544	287844	30156	257688	-0.0006163702	0.9993838197	TRUE	lrt_mle	0.977,1.022	lrt_quadratic	two	True	0.9773046973136676	1.0219617503708411	FALSE	TRUE	FALSE	mle	287844	30156	257688	ridge_seeded_refit;ridge_seeded_refit;inference=mle;ci=lrt_quadratic	chr17-45585160-INV-706887	0.9568752544	TRUE	lrt_mle	lrt_mle	False	True	lrt_quadratic	0.977,1.022	0.9773046973136676	1.0219617503708411
Genetic_susceptibility_to_malignant_neoplasm_of_breast	0.9857991773042254	0.957042957	0.957042957	366050	1668	364382	-0.001498140571	0.9985029811	TRUE	score_boot_mle		profile_penalized	two	FALSE			TRUE	FALSE	TRUE	firth	366050	1668	364382	firth_refit;firth_refit;inference=firth;ci=profile_penalized	chr17-45585160-INV-706887		TRUE	score_boot_mle	score_boot_mle	False	FALSE				
Uterine_inertia	0.9859024652213884	0.958041958	0.958041958	361343	2464	358879	-0.002083054152	0.9979191139	TRUE	score_boot_mle		profile_penalized	two	FALSE			TRUE	FALSE	TRUE	firth	209543	2462	207081	sex_restricted_to_0;sex_majority_restricted_to_0;firth_refit;firth_refit;inference=firth;ci=profile_penalized	chr17-45585160-INV-706887		TRUE	score_boot_mle	score_boot_mle	False	FALSE				
Meralgia_paresthetica	0.9873024312892221	0.9603023648	0.9603023648	216063	1878	214185	-0.002164061251	0.9978382786	TRUE	lrt_mle	0.916,1.087	lrt_quadratic	two	True	0.9163300944580992	1.0865966711600465	FALSE	TRUE	FALSE	mle	216063	1878	214185	ridge_seeded_refit;ridge_seeded_refit;inference=mle;ci=lrt_quadratic	chr17-45585160-INV-706887	0.9603023648	TRUE	lrt_mle	lrt_mle	False	True	lrt_quadratic	0.916,1.087	0.9163300944580992	1.0865966711600465
Anisometropia	0.9902129705131086	0.964035964	0.964035964	258895	1207	257688	-0.00201152666	0.9979904951	TRUE	score_boot_mle		profile_penalized	two	FALSE			TRUE	FALSE	TRUE	firth	258895	1207	257688	firth_refit;firth_refit;inference=firth;ci=profile_penalized	chr17-45585160-INV-706887		TRUE	score_boot_mle	score_boot_mle	False	FALSE				
Circadian_rhythm_sleep_disorder	0.9905277636913085	0.9656258817	0.9656258817	216382	2197	214185	0.001741728723	1.001743246	TRUE	lrt_mle	0.925,1.084	lrt_quadratic	two	True	0.9254525598683122	1.084323038533503	FALSE	TRUE	FALSE	mle	216382	2197	214185	ridge_seeded_refit;ridge_seeded_refit;inference=mle;ci=lrt_quadratic	chr17-45585160-INV-706887	0.9656258817	TRUE	lrt_mle	lrt_mle	False	True	lrt_quadratic	0.925,1.084	0.9254525598683122	1.084323038533503
Mood_affective_disorders	0.9905277636913085	0.9661483201	0.9661483201	326322	87237	239085	-0.0003227447914	0.9996773073	TRUE	lrt_mle	0.985,1.015	lrt_quadratic	two	True	0.9848874475894399	1.0146892633739548	FALSE	TRUE	FALSE	mle	326322	87237	239085	ridge_seeded_refit;ridge_seeded_refit;inference=mle;ci=lrt_quadratic	chr17-45585160-INV-706887	0.9661483201	TRUE	lrt_mle	lrt_mle	False	True	lrt_quadratic	0.985,1.015	0.9848874475894399	1.0146892633739548
Neisseria	0.9915322772138189	0.968031968	0.968031968	249629	1528	248101	0.003188807166	1.003193897	TRUE	score_boot_mle		profile_penalized	two	FALSE			TRUE	FALSE	TRUE	firth	249629	1528	248101	firth_refit;firth_refit;inference=firth;ci=profile_penalized	chr17-45585160-INV-706887		TRUE	score_boot_mle	score_boot_mle	False	FALSE				
Atrial_premature_depolarization_Supraventricular_premature_beats	0.9916514462612874	0.9690522793	0.9690522793	214600	4768	209832	-0.001071609911	0.9989289641	TRUE	lrt_mle	0.946,1.054	lrt_quadratic	two	True	0.9462885385916243	1.0544976870573068	FALSE	TRUE	FALSE	mle	214600	4768	209832	ridge_seeded_refit;ridge_seeded_refit;inference=mle;ci=lrt_quadratic	chr17-45585160-INV-706887	0.9690522793	TRUE	lrt_mle	lrt_mle	False	True	lrt_quadratic	0.946,1.054	0.9462885385916243	1.0544976870573068
Cystoid_macular_degeneration	0.9928503986175486	0.9715934751	0.9715934751	259495	1807	257688	-0.001668056561	0.9983333339	TRUE	lrt_mle	0.911,1.094	lrt_quadratic	two	True	0.9107581847638199	1.094329386431704	FALSE	TRUE	FALSE	mle	259495	1807	257688	ridge_seeded_refit;ridge_seeded_refit;inference=mle;ci=lrt_quadratic	chr17-45585160-INV-706887	0.9715934751	TRUE	lrt_mle	lrt_mle	False	True	lrt_quadratic	0.911,1.094	0.9107581847638199	1.094329386431704
Abnormality_of_urination	0.9928503986175486	0.9736695859	0.9736695859	302190	81075	221115	0.0002659038656	1.000265939	TRUE	lrt_mle	0.985,1.016	lrt_quadratic	two	True	0.9845959914501592	1.0161852758433152	FALSE	TRUE	FALSE	mle	302190	81075	221115	ridge_seeded_refit;ridge_seeded_refit;inference=mle;ci=lrt_quadratic	chr17-45585160-INV-706887	0.9736695859	TRUE	lrt_mle	lrt_mle	False	True	lrt_quadratic	0.985,1.016	0.9845959914501592	1.0161852758433152
Cerebral_atherosclerosis	0.9928503986175486	0.973967974	0.973967974	211082	1250	209832	0.001846806041	1.001848512	TRUE	lrt_mle	0.897,1.119	lrt_quadratic	two	True	0.8966614553554814	1.1193750281988724	FALSE	TRUE	FALSE	mle	211082	1250	209832	ridge_seeded_refit;ridge_seeded_refit;inference=mle;ci=lrt_quadratic	chr17-45585160-INV-706887	0.973967974	TRUE	lrt_mle	lrt_mle	False	True	lrt_quadratic	0.897,1.119	0.8966614553554814	1.1193750281988724
Malignant_neoplasm_of_external_female_genital_organs_and_cervix	0.9928503986175486	0.9744758697	0.9744758697	259010	2243	256767	0.00131815973	1.001319029	TRUE	lrt_mle	0.924,1.086	lrt_quadratic	two	True	0.9236429279844143	1.0855274990238393	FALSE	TRUE	FALSE	mle	150506	2234	148272	sex_restricted_to_0;sex_majority_restricted_to_0;ridge_seeded_refit;ridge_seeded_refit;inference=mle;ci=lrt_quadratic	chr17-45585160-INV-706887	0.9744758697	TRUE	lrt_mle	lrt_mle	False	True	lrt_quadratic	0.924,1.086	0.9236429279844143	1.0855274990238393
Abnormal_results_of_pulmonary_function_studies	0.9928503986175486	0.9747492063	0.9747492063	212091	2459	209632	-0.001230228576	0.9987705278	TRUE	lrt_mle	0.926,1.078	lrt_quadratic	two	True	0.9255124674890329	1.0778272603912877	FALSE	TRUE	FALSE	mle	212091	2459	209632	ridge_seeded_refit;ridge_seeded_refit;inference=mle;ci=lrt_quadratic	chr17-45585160-INV-706887	0.9747492063	TRUE	lrt_mle	lrt_mle	False	True	lrt_quadratic	0.926,1.078	0.9255124674890329	1.0778272603912877
Essential_hypertension	0.9932545757809083	0.9763380058	0.9763380058	331018	121186	209832	0.0002273176776	1.000227344	TRUE	lrt_mle	0.985,1.015	lrt_quadratic	two	True	0.9853149509855743	1.0153654298220063	FALSE	TRUE	FALSE	mle	331018	121186	209832	ridge_seeded_refit;ridge_seeded_refit;inference=mle;ci=lrt_quadratic	chr17-45585160-INV-706887	0.9763380058	TRUE	lrt_mle	lrt_mle	False	True	lrt_quadratic	0.985,1.015	0.9853149509855743	1.0153654298220063
Wheezing	0.9932545757809083	0.9769568708	0.9769568708	221989	12357	209632	0.0005137624014	1.000513894	TRUE	lrt_mle	0.966,1.036	lrt_quadratic	two	True	0.9662352512125325	1.0360086238119277	FALSE	TRUE	FALSE	mle	221989	12357	209632	ridge_seeded_refit;ridge_seeded_refit;inference=mle;ci=lrt_quadratic	chr17-45585160-INV-706887	0.9769568708	TRUE	lrt_mle	lrt_mle	False	True	lrt_quadratic	0.966,1.036	0.9662352512125325	1.0360086238119277
Disorders_of_the_retina	0.9947715693873148	0.9793557839	0.9793557839	284456	26768	257688	0.0003334843916	1.00033354	TRUE	lrt_mle	0.975,1.026	lrt_quadratic	two	True	0.9753825232151708	1.025922822522819	FALSE	TRUE	FALSE	mle	284456	26768	257688	ridge_seeded_refit;ridge_seeded_refit;inference=mle;ci=lrt_quadratic	chr17-45585160-INV-706887	0.9793557839	TRUE	lrt_mle	lrt_mle	False	True	lrt_quadratic	0.975,1.026	0.9753825232151708	1.025922822522819
Joint_derangements_and_related_disorders	0.9950376955719556	0.9806314581	0.9806314581	203074	15225	187849	-0.0003834410698	0.9996166324	TRUE	lrt_mle	0.969,1.031	lrt_quadratic	two	True	0.9691463863917145	1.0310448719307084	FALSE	TRUE	FALSE	mle	203074	15225	187849	ridge_seeded_refit;ridge_seeded_refit;inference=mle;ci=lrt_quadratic	chr17-45585160-INV-706887	0.9806314581	TRUE	lrt_mle	lrt_mle	False	True	lrt_quadratic	0.969,1.031	0.9691463863917145	1.0310448719307084
Bipolar_disorder	0.9950376955719556	0.9814936053	0.9814936053	253400	14315	239085	0.0003873232204	1.000387398	TRUE	lrt_mle	0.968,1.034	lrt_quadratic	two	True	0.9681780436722041	1.0336682938615327	FALSE	TRUE	FALSE	mle	253400	14315	239085	ridge_seeded_refit;ridge_seeded_refit;inference=mle;ci=lrt_quadratic	chr17-45585160-INV-706887	0.9814936053	TRUE	lrt_mle	lrt_mle	False	True	lrt_quadratic	0.968,1.034	0.9681780436722041	1.0336682938615327
Atopic_dermatitis	0.9950376955719556	0.9823646689	0.9823646689	237785	7324	230461	-0.0005090440403	0.9994910855	TRUE	lrt_mle	0.955,1.046	lrt_quadratic	two	True	0.9553808754485519	1.0456378766491599	FALSE	TRUE	FALSE	mle	237785	7324	230461	ridge_seeded_refit;ridge_seeded_refit;inference=mle;ci=lrt_quadratic	chr17-45585160-INV-706887	0.9823646689	TRUE	lrt_mle	lrt_mle	False	True	lrt_quadratic	0.955,1.046	0.9553808754485519	1.0456378766491599
Ventricular_premature_depolarization	0.9950376955719556	0.983246	0.983246	218499	8667	209832	0.000437026306	1.000437122	TRUE	lrt_mle	0.960,1.042	lrt_quadratic	two	True	0.9604511236091768	1.042087837792537	FALSE	TRUE	FALSE	mle	218499	8667	209832	ridge_seeded_refit;ridge_seeded_refit;inference=mle;ci=lrt_quadratic	chr17-45585160-INV-706887	0.983246	TRUE	lrt_mle	lrt_mle	False	True	lrt_quadratic	0.960,1.042	0.9604511236091768	1.042087837792537
Pneumonia_due_to_fungus	0.9958904651779005	0.985014985	0.985014985	210678	1046	209632	0.0001142144474	1.000114221	TRUE	score_boot_mle		profile_penalized	two	FALSE			TRUE	FALSE	TRUE	firth	210678	1046	209632	firth_refit;firth_refit;inference=firth;ci=profile_penalized	chr17-45585160-INV-706887		TRUE	score_boot_mle	score_boot_mle	False	FALSE				
Trigger_finger	0.9958904651779005	0.9859043256	0.9859043256	198197	10348	187849	-0.0003459893343	0.9996540705	TRUE	lrt_mle	0.962,1.039	lrt_quadratic	two	True	0.9620110919252197	1.0387699986842813	FALSE	TRUE	FALSE	mle	198197	10348	187849	ridge_seeded_refit;ridge_seeded_refit;inference=mle;ci=lrt_quadratic	chr17-45585160-INV-706887	0.9859043256	TRUE	lrt_mle	lrt_mle	False	True	lrt_quadratic	0.962,1.039	0.9620110919252197	1.0387699986842813
Bipolar_I_disorder	0.9965065338476542	0.9874226092	0.9874226092	246425	7340	239085	-0.0003596265114	0.9996404381	TRUE	lrt_mle	0.956,1.045	lrt_quadratic	two	True	0.9559282995944047	1.045351420186683	FALSE	TRUE	FALSE	mle	246425	7340	239085	ridge_seeded_refit;ridge_seeded_refit;inference=mle;ci=lrt_quadratic	chr17-45585160-INV-706887	0.9874226092	TRUE	lrt_mle	lrt_mle	False	True	lrt_quadratic	0.956,1.045	0.9559282995944047	1.045351420186683
Disorders_and_findings_from_impaired_renal_function	0.9982239636085478	0.9900343413	0.9900343413	228567	7452	221115	-0.0002941740517	0.9997058692	TRUE	lrt_mle	0.955,1.047	lrt_quadratic	two	True	0.9546073503565814	1.0469349775759529	FALSE	TRUE	FALSE	mle	228567	7452	221115	ridge_seeded_refit;ridge_seeded_refit;inference=mle;ci=lrt_quadratic	chr17-45585160-INV-706887	0.9900343413	TRUE	lrt_mle	lrt_mle	False	True	lrt_quadratic	0.955,1.047	0.9546073503565814	1.0469349775759529
Impetigo	0.999000999	0.9925130972	0.9925130972	233093	2632	230461	0.0003342477603	1.000334304	TRUE	lrt_mle	0.933,1.073	lrt_quadratic	two	True	0.9328781868326513	1.0726681501805109	FALSE	TRUE	FALSE	mle	233093	2632	230461	ridge_seeded_refit;ridge_seeded_refit;inference=mle;ci=lrt_quadratic	chr17-45585160-INV-706887	0.9925130972	TRUE	lrt_mle	lrt_mle	False	True	lrt_quadratic	0.933,1.073	0.9328781868326513	1.0726681501805109
Transplated_organ	0.999000999	0.9942355906	0.9942355906	186175	3602	182573	-0.0002398894793	0.9997601393	TRUE	lrt_mle	0.937,1.067	lrt_quadratic	two	True	0.9367687058491059	1.0669873255543212	FALSE	TRUE	FALSE	mle	186175	3602	182573	ridge_seeded_refit;ridge_seeded_refit;inference=mle;ci=lrt_quadratic	chr17-45585160-INV-706887	0.9942355906	TRUE	lrt_mle	lrt_mle	False	True	lrt_quadratic	0.937,1.067	0.9367687058491059	1.0669873255543212
Alteration_of_consciousness	0.999000999	0.9947027746	0.9947027746	224452	10267	214185	0.0001275324378	1.000127541	TRUE	lrt_mle	0.963,1.038	lrt_quadratic	two	True	0.9631734294561168	1.0384994714526474	FALSE	TRUE	FALSE	mle	224452	10267	214185	ridge_seeded_refit;ridge_seeded_refit;inference=mle;ci=lrt_quadratic	chr17-45585160-INV-706887	0.9947027746	TRUE	lrt_mle	lrt_mle	False	True	lrt_quadratic	0.963,1.038	0.9631734294561168	1.0384994714526474
Varicella_zoster_virus	0.999000999	0.9955320085	0.9955320085	260759	12658	248101	-9.59E-05	0.9999040585	TRUE	lrt_mle	0.967,1.034	lrt_quadratic	two	True	0.9668989135951815	1.0340359310932485	FALSE	TRUE	FALSE	mle	260759	12658	248101	ridge_seeded_refit;ridge_seeded_refit;inference=mle;ci=lrt_quadratic	chr17-45585160-INV-706887	0.9955320085	TRUE	lrt_mle	lrt_mle	False	True	lrt_quadratic	0.967,1.034	0.9668989135951815	1.0340359310932485
Disorders_of_facial_and_cranial_nerves	0.999000999	0.9958763175	0.9958763175	223472	9287	214185	0.0001051488441	1.000105154	TRUE	lrt_mle	0.961,1.041	lrt_quadratic	two	True	0.961010165100741	1.0407905723842772	FALSE	TRUE	FALSE	mle	223472	9287	214185	ridge_seeded_refit;ridge_seeded_refit;inference=mle;ci=lrt_quadratic	chr17-45585160-INV-706887	0.9958763175	TRUE	lrt_mle	lrt_mle	False	True	lrt_quadratic	0.961,1.041	0.961010165100741	1.0407905723842772
Inflammatory_disease_of_cervix_vagina_and_vulva	0.999000999	0.9970594574	0.9970594574	250895	29780	221115	-4.71E-05	0.9999528571	TRUE	lrt_mle	0.975,1.025	lrt_quadratic	two	True	0.9752167400069178	1.0253164895729616	FALSE	TRUE	FALSE	mle	155010	29752	125258	sex_restricted_to_0;sex_majority_restricted_to_0;ridge_seeded_refit;ridge_seeded_refit;inference=mle;ci=lrt_quadratic	chr17-45585160-INV-706887	0.9970594574	TRUE	lrt_mle	lrt_mle	False	True	lrt_quadratic	0.975,1.025	0.9752167400069178	1.0253164895729616
Chronic_migraine_without_aura	0.999000999	0.997287554	0.997287554	220370	6185	214185	-8.20E-05	0.9999179576	TRUE	lrt_mle	0.954,1.048	lrt_quadratic	two	True	0.9537459635953203	1.0483252895542536	FALSE	TRUE	FALSE	mle	220370	6185	214185	ridge_seeded_refit;ridge_seeded_refit;inference=mle;ci=lrt_quadratic	chr17-45585160-INV-706887	0.997287554	TRUE	lrt_mle	lrt_mle	False	True	lrt_quadratic	0.954,1.048	0.9537459635953203	1.0483252895542536
Cyst_and_pseudocyst_of_pancreas	0.999000999	0.9987581916	0.9987581916	199661	3062	196599	5.27E-05	1.000052687	TRUE	lrt_mle	0.936,1.069	lrt_quadratic	two	True	0.9358378554727663	1.0686738089362096	FALSE	TRUE	FALSE	mle	199661	3062	196599	ridge_seeded_refit;ridge_seeded_refit;inference=mle;ci=lrt_quadratic	chr17-45585160-INV-706887	0.9987581916	TRUE	lrt_mle	lrt_mle	False	True	lrt_quadratic	0.936,1.069	0.9358378554727663	1.0686738089362096
Spontaneous_abortion	0.999000999	0.999000999	0.999000999	362432	3553	358879	0.0003529056702	1.000352968	TRUE	score_boot_mle		profile_penalized	two	FALSE			TRUE	FALSE	TRUE	firth	210630	3549	207081	sex_restricted_to_0;sex_majority_restricted_to_0;firth_refit;firth_refit;inference=firth;ci=profile_penalized	chr17-45585160-INV-706887		TRUE	score_boot_mle	score_boot_mle	False	FALSE				
