consensus	phy_group	category	z_hat	se_z	p_hat	p_lcl95	p_ucl95	model
0	1	Single/Inverted	6.893318231184906	1.2184426026815445	0.9989864864864871	0.9890691018722015	0.9999068741601348	no_covariates
1	1	Recurrent/Inverted	1.6761585720822838	0.0626652673995518	0.8423951924452724	0.8253948368910904	0.8580250298888343	no_covariates
1	0	Recurrent/Direct	1.2909583331734003	0.35345228327496	0.7843093528388565	0.6452425229570288	0.8790776690964307	no_covariates
0	0	Single/Direct	1.2087480113737514	0.20581408484522293	0.7700773491214667	0.6911182467385603	0.8337087868760039	no_covariates
