consensus	phy_group	category	z_hat	se_z	p_hat	p_lcl95	p_ucl95	model
0	1	Single/Inverted	4.59954480050385	1.2188524002833572	0.9900437121595045	0.9011968383866119	0.9990784168145684	adjusted
0	0	Single/Direct	1.407793809948896	0.578147615787299	0.8034177363321383	0.5682278546378698	0.9269640593951355	adjusted
1	0	Recurrent/Direct	1.2182833967833904	0.5094329128390744	0.7717613180710069	0.5547285719368196	0.9017455556146112	adjusted
1	1	Recurrent/Inverted	0.9731119748337579	0.4291782861201271	0.7257393456398166	0.5329328849183131	0.8598809360959402	adjusted
