consensus	phy_group	category	z_hat	se_z	p_hat	p_lcl95	p_ucl95	model
0	1	Single/Inverted	4.599544800503919	1.218852400283743	0.9900437121595052	0.9011968383865506	0.9990784168145693	adjusted
0	0	Single/Direct	1.4077938099489105	0.5781476157876261	0.8034177363321406	0.5682278546377161	0.9269640593951799	adjusted
1	0	Recurrent/Direct	1.2182833967834048	0.5094329128394648	0.7717613180710096	0.5547285719366342	0.9017455556146803	adjusted
1	1	Recurrent/Inverted	0.973111974833767	0.4291782861203931	0.7257393456398185	0.5329328849181856	0.859880936096004	adjusted
