consensus	phy_group	category	z_hat	se_z	p_hat	p_lcl95	p_ucl95	model
0	1	Single/Inverted	4.486011204126445	1.1050622879632315	0.9888600074263827	0.9105272012853425	0.998710143075552	no_covariates
1	1	Recurrent/Inverted	1.3582201912757537	0.20516321121391945	0.7954702798931863	0.7223403407051519	0.8532522483582692	no_covariates
0	0	Single/Direct	1.2012151124799013	0.11714121499980966	0.7687408747194321	0.7254419479569633	0.8070277867169998	no_covariates
1	0	Recurrent/Direct	1.1700426737911784	0.24594342258108726	0.7631527291285896	0.6655204368818565	0.8391735603710779	no_covariates
