consensus	phy_group	category	z_hat	se_z	p_hat	p_lcl95	p_ucl95	model
0	1	Single/Inverted	1.7483736913509804	0.49929973116285514	0.8517475594862427	0.6834659930955076	0.938601244579404	adjusted
1	0	Recurrent/Direct	1.3779528784101602	0.479656337109432	0.7986620223091798	0.6077409974278402	0.9103633312428273	adjusted
0	0	Single/Direct	1.2772158531075255	0.5025152289810769	0.7819754803547497	0.5725556922964011	0.9056930617921061	adjusted
1	1	Recurrent/Inverted	1.0294003250599326	0.4212827930931086	0.7367996198219454	0.5507461873296102	0.8647264979532483	adjusted
