consensus	phy_group	category	z_hat	se_z	p_hat	p_lcl95	p_ucl95	model
0	1	Single/Inverted	1.3506734652620924	0.03988870441009504	0.7942397097176347	0.7811689711713217	0.8067228996264053	no_covariates
1	0	Recurrent/Direct	1.2758183963785767	0.18436475309689132	0.7817371343156065	0.7139126598358325	0.8371499425053437	no_covariates
1	1	Recurrent/Inverted	1.112311295646289	0.3972427055010515	0.7525597572445124	0.5826631622259846	0.8688589113567023	no_covariates
0	0	Single/Direct	1.108522064773005	0.18522485572971753	0.7518534759685492	0.6781933112874382	0.8132948049934207	no_covariates
