consensus	phy_group	category	z_hat	se_z	p_hat	p_lcl95	p_ucl95	model
0	1	Single/Inverted	1.3920994204456867	0.022538303799900513	0.8009271921667033	0.7937900768303029	0.8078770727319322	no_covariates
1	0	Recurrent/Direct	1.2758183963785745	0.18436475309689265	0.7817371343156061	0.7139126598358315	0.8371499425053437	no_covariates
0	0	Single/Direct	1.1156217359165193	0.16007136932799787	0.7531756906077351	0.6903768835458514	0.8068018292495746	no_covariates
1	1	Recurrent/Inverted	1.1123112956462857	0.39724270550105034	0.7525597572445117	0.5826631622259844	0.8688589113567017	no_covariates
