A	B	diff_logit	se_logit	z_value	p_value	diff_prob	diff_prob_lcl95	diff_prob_ucl95	q_value_fdr	model
Single/Direct	Single/Inverted	0.40138595379612735	0.1204249603938814	3.3330793922064776	0.0008589042941298253	0.07602597901802477	0.032308744688923086	0.11974321334712645	0.005153425764778952	no_covariates
Recurrent/Direct	Single/Inverted	0.4038829036671535	0.20034368338626085	2.0159502752501104	0.04380517565987563	0.07645143450277003	0.007134810312875994	0.14576805869266407	0.13141552697962688	no_covariates
Recurrent/Inverted	Single/Direct	-0.16921560443743836	0.40651580222646194	-0.4162583680896411	0.677220953095081	-0.030222776205305002	-0.17818364796183483	0.11773809555122483	0.8126651437140971	no_covariates
Recurrent/Direct	Recurrent/Inverted	0.17171255430846452	0.37866102289548725	0.45347301128444434	0.6502081730402474	0.030648231690050265	-0.10705740779964976	0.1683538711797503	0.8126651437140971	no_covariates
Recurrent/Inverted	Single/Inverted	0.232170349358689	0.40175488442504675	0.5778905456020753	0.563338018748853	0.04580320281271977	-0.10182859317513704	0.19343499880057657	0.8126651437140971	no_covariates
Recurrent/Direct	Single/Direct	0.002496949871026166	0.20972768480392753	0.011905676035858315	0.9905008693148376	0.00042545548474526296	-0.06958930562628822	0.07044021659577875	0.9905008693148375	no_covariates
