gene_name	inv_id	k_inverted	delta	direction	target_identity	p_direct	mean_abs_delta	power_nominal	power_fdr
PDXDC1	16:14954790-15100859	58	0.05	down	0.95	1.0	0.05050090744101631	0.015	0.0
PDXDC1	16:14954790-15100859	58	0.1	down	0.9	1.0	0.10055989110707803	0.194	0.0125
PDXDC1	16:14954790-15100859	58	0.15	down	0.85	1.0	0.14988233514821536	0.5035	0.0895
PDXDC1	16:14954790-15100859	58	0.2	down	0.8	1.0	0.19883575317604357	0.7725	0.2835
PDXDC1	16:14954790-15100859	58	0.25	down	0.75	1.0	0.2500120992135511	0.928	0.576
PDXDC1	16:14954790-15100859	58	0.3	down	0.7	1.0	0.3033605565638234	0.982	0.824
PDXDC1	16:14954790-15100859	58	0.35	down	0.65	1.0	0.3501506352087115	0.995	0.9365
PDXDC1	16:14954790-15100859	58	0.4	down	0.6	1.0	0.39987295825771324	0.9995	0.99
PDXDC1	16:14954790-15100859	58	0.45	down	0.55	1.0	0.45116212946158496	1.0	0.9965
PDXDC1	16:14954790-15100859	58	0.5	down	0.5	1.0	0.5009664246823956	1.0	1.0
PDXDC1	16:14954790-15100859	58	0.55	down	0.44999999999999996	1.0	0.5486445856019359	1.0	1.0
PDXDC1	16:14954790-15100859	58	0.6	down	0.4	1.0	0.6023227465214761	1.0	1.0
PDXDC1	16:14954790-15100859	58	0.65	down	0.35	1.0	0.6499606775559589	1.0	1.0
PDXDC1	16:14954790-15100859	58	0.7	down	0.30000000000000004	1.0	0.6994721718088324	1.0	1.0
NTAN1	16:14954790-15100859	58	0.05	up	0.925	0.875	0.0584879764065336	0.0	0.0
NTAN1	16:14954790-15100859	58	0.05	down	0.825	0.875	0.06322005444646099	0.0015	0.001
NTAN1	16:14954790-15100859	58	0.1	up	0.975	0.875	0.09907577132486392	0.0	0.0
NTAN1	16:14954790-15100859	58	0.1	down	0.775	0.875	0.10425846944948579	0.0125	0.0045
NTAN1	16:14954790-15100859	58	0.15	down	0.725	0.875	0.14984308832425894	0.07	0.0365
NTAN1	16:14954790-15100859	58	0.2	down	0.675	0.875	0.20035322141560796	0.2185	0.1515
NTAN1	16:14954790-15100859	58	0.25	down	0.625	0.875	0.25081548699334544	0.5215	0.4015
NTAN1	16:14954790-15100859	58	0.3	down	0.575	0.875	0.3010973986690865	0.8185	0.735
NTAN1	16:14954790-15100859	58	0.35	down	0.525	0.875	0.34983030852994557	0.9465	0.9105
NTAN1	16:14954790-15100859	58	0.4	down	0.475	0.875	0.3987026618269812	0.987	0.978
NTAN1	16:14954790-15100859	58	0.45	down	0.425	0.875	0.45227223230490016	0.998	0.9965
NTAN1	16:14954790-15100859	58	0.5	down	0.375	0.875	0.499310647307925	1.0	1.0
NTAN1	16:14954790-15100859	58	0.55	down	0.32499999999999996	0.875	0.5512719298245614	1.0	1.0
NTAN1	16:14954790-15100859	58	0.6	down	0.275	0.875	0.5992425892316999	1.0	1.0
NTAN1	16:14954790-15100859	58	0.65	down	0.22499999999999998	0.875	0.6503387779794314	1.0	1.0
NTAN1	16:14954790-15100859	58	0.7	down	0.17500000000000004	0.875	0.7001176648517846	1.0	1.0
RRN3	16:14954790-15100859	58	0.05	up	0.925	0.875	0.05836388384754993	0.0	0.0
RRN3	16:14954790-15100859	58	0.05	down	0.825	0.875	0.0666909407138536	0.0	0.0
RRN3	16:14954790-15100859	58	0.1	up	0.975	0.875	0.09985420447670905	0.0	0.0
RRN3	16:14954790-15100859	58	0.1	down	0.775	0.875	0.10593179068360557	0.0075	0.0
RRN3	16:14954790-15100859	58	0.15	down	0.725	0.875	0.15087371445856018	0.0465	0.001
RRN3	16:14954790-15100859	58	0.2	down	0.675	0.875	0.1959040381125227	0.153	0.012
RRN3	16:14954790-15100859	58	0.25	down	0.625	0.875	0.2510666969147005	0.351	0.0545
RRN3	16:14954790-15100859	58	0.3	down	0.575	0.875	0.2999004839685421	0.5705	0.1505
RRN3	16:14954790-15100859	58	0.35	down	0.525	0.875	0.35080973986690867	0.7785	0.3485
RRN3	16:14954790-15100859	58	0.4	down	0.475	0.875	0.40073623714458556	0.9225	0.5705
RRN3	16:14954790-15100859	58	0.45	down	0.425	0.875	0.4485810647307925	0.971	0.783
RRN3	16:14954790-15100859	58	0.5	down	0.375	0.875	0.49707773744706596	0.9965	0.914
RRN3	16:14954790-15100859	58	0.55	down	0.32499999999999996	0.875	0.549686630369026	0.998	0.978
RRN3	16:14954790-15100859	58	0.6	down	0.275	0.875	0.6001591046581972	1.0	0.997
RRN3	16:14954790-15100859	58	0.65	down	0.22499999999999998	0.875	0.6505665456745312	1.0	1.0
RRN3	16:14954790-15100859	58	0.7	down	0.17500000000000004	0.875	0.7001633393829402	1.0	1.0
SULT1A2	16:28471892-28637651	30	0.05	down	0.95	1.0	0.04680114942528735	0.002	0.0
SULT1A2	16:28471892-28637651	30	0.1	down	0.9	1.0	0.10083218390804598	0.068	0.007
SULT1A2	16:28471892-28637651	30	0.15	down	0.85	1.0	0.1487218390804598	0.23	0.0295
SULT1A2	16:28471892-28637651	30	0.2	down	0.8	1.0	0.20057126436781614	0.4515	0.1115
SULT1A2	16:28471892-28637651	30	0.25	down	0.75	1.0	0.24781149425287355	0.6445	0.2485
SULT1A2	16:28471892-28637651	30	0.3	down	0.7	1.0	0.29834597701149423	0.817	0.4585
SULT1A2	16:28471892-28637651	30	0.35	down	0.65	1.0	0.34734942528735635	0.9195	0.664
SULT1A2	16:28471892-28637651	30	0.4	down	0.6	1.0	0.39707931034482763	0.9585	0.8095
SULT1A2	16:28471892-28637651	30	0.45	down	0.55	1.0	0.45727356321839085	0.988	0.9035
SULT1A2	16:28471892-28637651	30	0.5	down	0.5	1.0	0.498651724137931	0.9945	0.947
SULT1A2	16:28471892-28637651	30	0.55	down	0.44999999999999996	1.0	0.5463827586206896	1.0	0.9755
SULT1A2	16:28471892-28637651	30	0.6	down	0.4	1.0	0.5995574712643678	0.9995	0.991
SULT1A2	16:28471892-28637651	30	0.65	down	0.35	1.0	0.6509770114942528	1.0	0.9965
SULT1A2	16:28471892-28637651	30	0.7	down	0.30000000000000004	1.0	0.6967091954022989	1.0	0.999
ZNF92	7:65219157-65531823	26	0.05	up	0.5657232704402516	0.5157232704402516	0.08142666666666667	0.0845	0.0425
ZNF92	7:65219157-65531823	26	0.05	down	0.4657232704402516	0.5157232704402516	0.09050765360425739	0.0595	0.0185
ZNF92	7:65219157-65531823	26	0.1	up	0.6157232704402515	0.5157232704402516	0.10482702467343978	0.1615	0.0695
ZNF92	7:65219157-65531823	26	0.1	down	0.4157232704402516	0.5157232704402516	0.12030671504596033	0.1765	0.0695
ZNF92	7:65219157-65531823	26	0.15	up	0.6657232704402516	0.5157232704402516	0.14988335752298018	0.32	0.155
ZNF92	7:65219157-65531823	26	0.15	down	0.36572327044025155	0.5157232704402516	0.1556188388969521	0.3215	0.1745
ZNF92	7:65219157-65531823	26	0.2	up	0.7157232704402516	0.5157232704402516	0.19732574746008708	0.5245	0.3265
ZNF92	7:65219157-65531823	26	0.2	down	0.31572327044025156	0.5157232704402516	0.2044506434446057	0.549	0.3705
ZNF92	7:65219157-65531823	26	0.25	up	0.7657232704402516	0.5157232704402516	0.2506438993710692	0.747	0.528
ZNF92	7:65219157-65531823	26	0.25	down	0.26572327044025157	0.5157232704402516	0.251380251572327	0.7415	0.5705
ZNF92	7:65219157-65531823	26	0.3	up	0.8157232704402515	0.5157232704402516	0.2979247605224964	0.8655	0.72
ZNF92	7:65219157-65531823	26	0.3	down	0.21572327044025158	0.5157232704402516	0.29638209966134493	0.872	0.7725
ZNF92	7:65219157-65531823	26	0.35	up	0.8657232704402515	0.5157232704402516	0.34911672955974843	0.958	0.8805
ZNF92	7:65219157-65531823	26	0.35	down	0.1657232704402516	0.5157232704402516	0.3492601935171747	0.9585	0.912
ZNF92	7:65219157-65531823	26	0.4	up	0.9157232704402516	0.5157232704402516	0.4001182680212869	0.9935	0.968
ZNF92	7:65219157-65531823	26	0.4	down	0.11572327044025155	0.5157232704402516	0.4002232704402516	0.997	0.986
ZNF92	7:65219157-65531823	26	0.45	up	0.9657232704402516	0.5157232704402516	0.44829057571359454	1.0	0.999
ZNF92	7:65219157-65531823	26	0.45	down	0.06572327044025156	0.5157232704402516	0.4510325012094824	1.0	0.9985
ZNF92	7:65219157-65531823	26	0.5	down	0.01572327044025157	0.5157232704402516	0.4999863473633285	1.0	1.0
SPPL2C	17:45585159-46292045	10	0.05	up	0.5656494522691706	0.5156494522691706	0.15712269170579032	0.055	0.055
SPPL2C	17:45585159-46292045	10	0.05	down	0.4656494522691706	0.5156494522691706	0.1489516431924883	0.0175	0.0175
SPPL2C	17:45585159-46292045	10	0.1	up	0.6156494522691706	0.5156494522691706	0.17258122065727702	0.0735	0.0735
SPPL2C	17:45585159-46292045	10	0.1	down	0.4156494522691706	0.5156494522691706	0.1675511737089202	0.012	0.012
SPPL2C	17:45585159-46292045	10	0.15	up	0.6656494522691706	0.5156494522691706	0.19683865414710489	0.119	0.119
SPPL2C	17:45585159-46292045	10	0.15	down	0.36564945226917056	0.5156494522691706	0.19524491392801252	0.0095	0.0095
SPPL2C	17:45585159-46292045	10	0.2	up	0.7156494522691705	0.5156494522691706	0.2306115805946792	0.191	0.191
SPPL2C	17:45585159-46292045	10	0.2	down	0.31564945226917057	0.5156494522691706	0.2285377151799687	0.025	0.025
SPPL2C	17:45585159-46292045	10	0.25	up	0.7656494522691706	0.5156494522691706	0.2612552425665102	0.246	0.246
SPPL2C	17:45585159-46292045	10	0.25	down	0.2656494522691706	0.5156494522691706	0.2679976525821597	0.07	0.07
SPPL2C	17:45585159-46292045	10	0.3	up	0.8156494522691706	0.5156494522691706	0.3069410015649453	0.3585	0.3585
SPPL2C	17:45585159-46292045	10	0.3	down	0.2156494522691706	0.5156494522691706	0.3093998435054773	0.146	0.146
SPPL2C	17:45585159-46292045	10	0.35	up	0.8656494522691706	0.5156494522691706	0.3532738654147106	0.485	0.485
SPPL2C	17:45585159-46292045	10	0.35	down	0.1656494522691706	0.5156494522691706	0.3515491392801252	0.2805	0.2805
SPPL2C	17:45585159-46292045	10	0.4	up	0.9156494522691706	0.5156494522691706	0.40008528951486705	0.645	0.645
SPPL2C	17:45585159-46292045	10	0.4	down	0.11564945226917056	0.5156494522691706	0.4008757433489828	0.492	0.492
SPPL2C	17:45585159-46292045	10	0.45	up	0.9656494522691705	0.5156494522691706	0.452294992175274	0.849	0.849
SPPL2C	17:45585159-46292045	10	0.45	down	0.06564945226917057	0.5156494522691706	0.4519605633802817	0.755	0.755
SPPL2C	17:45585159-46292045	10	0.5	down	0.015649452269170583	0.5156494522691706	0.5003605633802817	0.974	0.974
MAPT	17:45585159-46292045	10	0.05	up	0.6305946791862286	0.5805946791862285	0.1538600938967136	0.0875	0.0855
MAPT	17:45585159-46292045	10	0.05	down	0.5305946791862285	0.5805946791862285	0.1490273865414711	0.0305	0.027
MAPT	17:45585159-46292045	10	0.1	up	0.6805946791862285	0.5805946791862285	0.1720815336463224	0.135	0.134
MAPT	17:45585159-46292045	10	0.1	down	0.48059467918622856	0.5805946791862285	0.1623028169014085	0.0175	0.011
MAPT	17:45585159-46292045	10	0.15	up	0.7305946791862286	0.5805946791862285	0.18718497652582158	0.177	0.177
MAPT	17:45585159-46292045	10	0.15	down	0.4305946791862285	0.5805946791862285	0.19866510172143978	0.065	0.028
MAPT	17:45585159-46292045	10	0.2	up	0.7805946791862286	0.5805946791862285	0.2221776212832551	0.273	0.273
MAPT	17:45585159-46292045	10	0.2	down	0.3805946791862285	0.5805946791862285	0.22085696400625984	0.121	0.065
MAPT	17:45585159-46292045	10	0.25	up	0.8305946791862285	0.5805946791862285	0.25965712050078243	0.3755	0.3755
MAPT	17:45585159-46292045	10	0.25	down	0.33059467918622853	0.5805946791862285	0.2658428794992176	0.2235	0.1585
MAPT	17:45585159-46292045	10	0.3	up	0.8805946791862285	0.5805946791862285	0.3027514866979656	0.5285	0.5285
MAPT	17:45585159-46292045	10	0.3	down	0.28059467918622855	0.5805946791862285	0.3047460093896714	0.325	0.26
MAPT	17:45585159-46292045	10	0.35	up	0.9305946791862285	0.5805946791862285	0.35449718309859146	0.7075	0.7075
MAPT	17:45585159-46292045	10	0.35	down	0.23059467918622856	0.5805946791862285	0.3557532081377152	0.4975	0.4405
MAPT	17:45585159-46292045	10	0.4	up	0.9805946791862286	0.5805946791862285	0.39923865414710474	0.9025	0.9025
MAPT	17:45585159-46292045	10	0.4	down	0.1805946791862285	0.5805946791862285	0.3976046948356808	0.5995	0.5625
MAPT	17:45585159-46292045	10	0.45	down	0.13059467918622852	0.5805946791862285	0.45265555555555564	0.769	0.7505
MAPT	17:45585159-46292045	10	0.5	down	0.08059467918622853	0.5805946791862285	0.4984946791862286	0.8945	0.8885
MAPT	17:45585159-46292045	10	0.55	down	0.03059467918622849	0.5805946791862285	0.5502391236306731	0.986	0.9855
CRHR1	17:45585159-46292045	10	0.05	up	0.9424100156494523	0.8924100156494522	0.11011799687010952	0.003	0.0
CRHR1	17:45585159-46292045	10	0.05	down	0.8424100156494522	0.8924100156494522	0.13739538341158056	0.0425	0.013
CRHR1	17:45585159-46292045	10	0.1	up	0.9924100156494522	0.8924100156494522	0.10727496087636935	0.0	0.0
CRHR1	17:45585159-46292045	10	0.1	down	0.7924100156494522	0.8924100156494522	0.16334475743348975	0.089	0.021
CRHR1	17:45585159-46292045	10	0.15	down	0.7424100156494522	0.8924100156494522	0.19590719874804374	0.175	0.049
CRHR1	17:45585159-46292045	10	0.2	down	0.6924100156494521	0.8924100156494522	0.23138560250391227	0.267	0.0995
CRHR1	17:45585159-46292045	10	0.25	down	0.6424100156494522	0.8924100156494522	0.27435320813771513	0.3615	0.2115
CRHR1	17:45585159-46292045	10	0.3	down	0.5924100156494523	0.8924100156494522	0.3204305946791861	0.4635	0.33
CRHR1	17:45585159-46292045	10	0.35	down	0.5424100156494522	0.8924100156494522	0.35814374021909223	0.5445	0.4315
CRHR1	17:45585159-46292045	10	0.4	down	0.4924100156494522	0.8924100156494522	0.40244100156494517	0.628	0.546
CRHR1	17:45585159-46292045	10	0.45	down	0.4424100156494522	0.8924100156494522	0.45423881064162747	0.725	0.6695
CRHR1	17:45585159-46292045	10	0.5	down	0.3924100156494522	0.8924100156494522	0.5060162754303599	0.8095	0.781
CRHR1	17:45585159-46292045	10	0.55	down	0.34241001564945217	0.8924100156494522	0.5491262910798121	0.8505	0.8235
CRHR1	17:45585159-46292045	10	0.6	down	0.29241001564945224	0.8924100156494522	0.6000842723004693	0.9115	0.9
CRHR1	17:45585159-46292045	10	0.65	down	0.2424100156494522	0.8924100156494522	0.6535433489827855	0.957	0.95
CRHR1	17:45585159-46292045	10	0.7	down	0.19241001564945226	0.8924100156494522	0.695150938967136	0.9725	0.9705
KANSL1	17:45585159-46292045	10	0.05	up	0.648982785602504	0.598982785602504	0.14974866979655713	0.0975	0.0955
KANSL1	17:45585159-46292045	10	0.05	down	0.5489827856025039	0.598982785602504	0.14644209702660407	0.0385	0.0335
KANSL1	17:45585159-46292045	10	0.1	up	0.6989827856025039	0.598982785602504	0.16691478873239435	0.161	0.161
KANSL1	17:45585159-46292045	10	0.1	down	0.498982785602504	0.598982785602504	0.15672730829420972	0.035	0.0175
KANSL1	17:45585159-46292045	10	0.15	up	0.748982785602504	0.598982785602504	0.1900585289514867	0.2205	0.2205
KANSL1	17:45585159-46292045	10	0.15	down	0.44898278560250393	0.598982785602504	0.18955641627543038	0.0635	0.034
KANSL1	17:45585159-46292045	10	0.2	up	0.798982785602504	0.598982785602504	0.2224322378716745	0.327	0.327
KANSL1	17:45585159-46292045	10	0.2	down	0.39898278560250394	0.598982785602504	0.22866165884194056	0.1535	0.1135
KANSL1	17:45585159-46292045	10	0.25	up	0.848982785602504	0.598982785602504	0.2655490610328638	0.4545	0.4545
KANSL1	17:45585159-46292045	10	0.25	down	0.34898278560250395	0.598982785602504	0.2614711267605634	0.238	0.1835
KANSL1	17:45585159-46292045	10	0.3	up	0.8989827856025039	0.598982785602504	0.30589976525821594	0.602	0.602
KANSL1	17:45585159-46292045	10	0.3	down	0.29898278560250396	0.598982785602504	0.3048363067292645	0.383	0.292
KANSL1	17:45585159-46292045	10	0.35	up	0.9489827856025039	0.598982785602504	0.3501798122065727	0.7695	0.7695
KANSL1	17:45585159-46292045	10	0.35	down	0.24898278560250398	0.598982785602504	0.3500883411580595	0.526	0.4155
KANSL1	17:45585159-46292045	10	0.4	up	0.998982785602504	0.598982785602504	0.39981721439749596	0.994	0.994
KANSL1	17:45585159-46292045	10	0.4	down	0.19898278560250393	0.598982785602504	0.4031698748043819	0.7015	0.5775
KANSL1	17:45585159-46292045	10	0.45	down	0.14898278560250394	0.598982785602504	0.45123035993740224	0.8365	0.7215
KANSL1	17:45585159-46292045	10	0.5	down	0.09898278560250395	0.598982785602504	0.49832824726134584	0.9325	0.846
KANSL1	17:45585159-46292045	10	0.55	down	0.04898278560250391	0.598982785602504	0.5509716744913928	0.988	0.966
LINC02210CRHR1	17:45585159-46292045	10	0.05	down	0.95	1.0	0.048277777777777774	0.029	0.0015
LINC02210CRHR1	17:45585159-46292045	10	0.1	down	0.9	1.0	0.10191111111111109	0.102	0.0115
LINC02210CRHR1	17:45585159-46292045	10	0.15	down	0.85	1.0	0.15748888888888887	0.2145	0.0415
LINC02210CRHR1	17:45585159-46292045	10	0.2	down	0.8	1.0	0.20394444444444446	0.321	0.0975
LINC02210CRHR1	17:45585159-46292045	10	0.25	down	0.75	1.0	0.24816666666666662	0.419	0.16
LINC02210CRHR1	17:45585159-46292045	10	0.3	down	0.7	1.0	0.2981777777777778	0.521	0.234
LINC02210CRHR1	17:45585159-46292045	10	0.35	down	0.65	1.0	0.3529777777777778	0.6385	0.3345
LINC02210CRHR1	17:45585159-46292045	10	0.4	down	0.6	1.0	0.4034333333333333	0.7125	0.4345
LINC02210CRHR1	17:45585159-46292045	10	0.45	down	0.55	1.0	0.4555888888888889	0.7985	0.5205
LINC02210CRHR1	17:45585159-46292045	10	0.5	down	0.5	1.0	0.5038111111111111	0.8545	0.6245
LINC02210CRHR1	17:45585159-46292045	10	0.55	down	0.44999999999999996	1.0	0.553911111111111	0.895	0.7145
LINC02210CRHR1	17:45585159-46292045	10	0.6	down	0.4	1.0	0.5977111111111111	0.9345	0.786
LINC02210CRHR1	17:45585159-46292045	10	0.65	down	0.35	1.0	0.6578333333333334	0.9645	0.856
LINC02210CRHR1	17:45585159-46292045	10	0.7	down	0.30000000000000004	1.0	0.7055	0.98	0.9165
STH	17:45585159-46292045	10	0.05	down	0.95	1.0	0.05185555555555555	0.029	0.001
STH	17:45585159-46292045	10	0.1	down	0.9	1.0	0.09603333333333332	0.095	0.017
STH	17:45585159-46292045	10	0.15	down	0.85	1.0	0.15198888888888887	0.192	0.0435
STH	17:45585159-46292045	10	0.2	down	0.8	1.0	0.20328888888888888	0.32	0.097
STH	17:45585159-46292045	10	0.25	down	0.75	1.0	0.24937777777777775	0.425	0.162
STH	17:45585159-46292045	10	0.3	down	0.7	1.0	0.30885555555555555	0.555	0.2515
STH	17:45585159-46292045	10	0.35	down	0.65	1.0	0.3507111111111111	0.629	0.3235
STH	17:45585159-46292045	10	0.4	down	0.6	1.0	0.40507777777777776	0.7265	0.437
STH	17:45585159-46292045	10	0.45	down	0.55	1.0	0.4544444444444445	0.79	0.5345
STH	17:45585159-46292045	10	0.5	down	0.5	1.0	0.5007888888888888	0.8545	0.607
STH	17:45585159-46292045	10	0.55	down	0.44999999999999996	1.0	0.5484111111111111	0.8965	0.6985
STH	17:45585159-46292045	10	0.6	down	0.4	1.0	0.595488888888889	0.93	0.7765
STH	17:45585159-46292045	10	0.65	down	0.35	1.0	0.6528777777777779	0.9655	0.8665
STH	17:45585159-46292045	10	0.7	down	0.30000000000000004	1.0	0.6997555555555556	0.98	0.901
KLF13	15:30618103-32153204	10	0.05	up	0.7272300469483568	0.6772300469483568	0.14679749608763695	0.001	0.001
KLF13	15:30618103-32153204	10	0.05	down	0.6272300469483567	0.6772300469483568	0.16168458528951485	0.034	0.0255
KLF13	15:30618103-32153204	10	0.1	up	0.7772300469483567	0.6772300469483568	0.16001111111111113	0.0	0.0
KLF13	15:30618103-32153204	10	0.1	down	0.5772300469483568	0.6772300469483568	0.18077331768388102	0.1	0.0705
KLF13	15:30618103-32153204	10	0.15	up	0.8272300469483568	0.6772300469483568	0.1784363067292645	0.0	0.0
KLF13	15:30618103-32153204	10	0.15	down	0.5272300469483567	0.6772300469483568	0.21225813771517993	0.1875	0.122
KLF13	15:30618103-32153204	10	0.2	up	0.8772300469483567	0.6772300469483568	0.21883865414710488	0.0	0.0
KLF13	15:30618103-32153204	10	0.2	down	0.47723004694835675	0.6772300469483568	0.24175203442879495	0.2835	0.177
KLF13	15:30618103-32153204	10	0.25	up	0.9272300469483568	0.6772300469483568	0.25708348982785606	0.0	0.0
KLF13	15:30618103-32153204	10	0.25	down	0.42723004694835676	0.6772300469483568	0.2724655712050078	0.39	0.24
KLF13	15:30618103-32153204	10	0.3	up	0.9772300469483568	0.6772300469483568	0.2979533646322378	0.0	0.0
KLF13	15:30618103-32153204	10	0.3	down	0.37723004694835677	0.6772300469483568	0.3070831768388106	0.4985	0.346
KLF13	15:30618103-32153204	10	0.35	down	0.3272300469483568	0.6772300469483568	0.35730516431924875	0.6355	0.457
KLF13	15:30618103-32153204	10	0.4	down	0.27723004694835673	0.6772300469483568	0.4054215179968701	0.7555	0.5805
KLF13	15:30618103-32153204	10	0.45	down	0.22723004694835675	0.6772300469483568	0.44698161189358365	0.8435	0.69
KLF13	15:30618103-32153204	10	0.5	down	0.17723004694835676	0.6772300469483568	0.5022544600938967	0.9195	0.82
KLF13	15:30618103-32153204	10	0.55	down	0.1272300469483567	0.6772300469483568	0.5504967136150234	0.9705	0.9075
KLF13	15:30618103-32153204	10	0.6	down	0.07723004694835678	0.6772300469483568	0.6027856025039123	0.995	0.9745
KLF13	15:30618103-32153204	10	0.65	down	0.027230046948356734	0.6772300469483568	0.6499411580594678	0.9995	0.998
TRPM1	15:30618103-32153204	10	0.05	up	0.28657289002557546	0.23657289002557544	0.10229937482239274	0.0755	0.013
TRPM1	15:30618103-32153204	10	0.05	down	0.18657289002557542	0.23657289002557544	0.09785316851378233	0.015	0.002
TRPM1	15:30618103-32153204	10	0.1	up	0.33657289002557544	0.23657289002557544	0.13253671497584543	0.1605	0.033
TRPM1	15:30618103-32153204	10	0.1	down	0.13657289002557543	0.23657289002557544	0.12089312304631997	0.0015	0.0005
TRPM1	15:30618103-32153204	10	0.15	up	0.38657289002557543	0.23657289002557544	0.16681511793123047	0.244	0.0635
TRPM1	15:30618103-32153204	10	0.15	down	0.08657289002557544	0.23657289002557544	0.15605075305484511	0.002	0.0
TRPM1	15:30618103-32153204	10	0.2	up	0.4365728900255754	0.23657289002557544	0.20328471156578573	0.3375	0.101
TRPM1	15:30618103-32153204	10	0.2	down	0.03657289002557543	0.23657289002557544	0.19965947712418294	0.0	0.0
TRPM1	15:30618103-32153204	10	0.25	up	0.48657289002557547	0.23657289002557544	0.25055379369138964	0.446	0.162
TRPM1	15:30618103-32153204	10	0.3	up	0.5365728900255754	0.23657289002557544	0.31198536516055697	0.592	0.2565
TRPM1	15:30618103-32153204	10	0.35	up	0.5865728900255754	0.23657289002557544	0.3584840011366865	0.6945	0.3345
TRPM1	15:30618103-32153204	10	0.4	up	0.6365728900255755	0.23657289002557544	0.38883495311167954	0.7475	0.395
TRPM1	15:30618103-32153204	10	0.45	up	0.6865728900255754	0.23657289002557544	0.45957664109121915	0.8535	0.5455
TRPM1	15:30618103-32153204	10	0.5	up	0.7365728900255755	0.23657289002557544	0.502203495311168	0.9025	0.641
TRPM1	15:30618103-32153204	10	0.55	up	0.7865728900255755	0.23657289002557544	0.5555604433077579	0.9425	0.746
TRPM1	15:30618103-32153204	10	0.6	up	0.8365728900255754	0.23657289002557544	0.6065159988633134	0.974	0.833
TRPM1	15:30618103-32153204	10	0.65	up	0.8865728900255755	0.23657289002557544	0.6509159988633134	0.9905	0.9125
TRPM1	15:30618103-32153204	10	0.7	up	0.9365728900255754	0.23657289002557544	0.7057382210855355	0.9995	0.977
OTUD7A	15:30618103-32153204	10	0.05	up	0.5190923317683881	0.4690923317683881	0.11841197183098592	0.0225	0.0
OTUD7A	15:30618103-32153204	10	0.05	down	0.4190923317683881	0.4690923317683881	0.1256663536776213	0.0105	0.0
OTUD7A	15:30618103-32153204	10	0.1	up	0.5690923317683881	0.4690923317683881	0.13595078247261347	0.0335	0.0
OTUD7A	15:30618103-32153204	10	0.1	down	0.36909233176838807	0.4690923317683881	0.1518729264475743	0.0185	0.0
OTUD7A	15:30618103-32153204	10	0.15	up	0.6190923317683881	0.4690923317683881	0.17384968701095463	0.0675	0.0
OTUD7A	15:30618103-32153204	10	0.15	down	0.31909233176838814	0.4690923317683881	0.17955641627543037	0.04	0.0
OTUD7A	15:30618103-32153204	10	0.2	up	0.6690923317683881	0.4690923317683881	0.22048943661971834	0.1265	0.0
OTUD7A	15:30618103-32153204	10	0.2	down	0.2690923317683881	0.4690923317683881	0.22144890453834115	0.1155	0.0
OTUD7A	15:30618103-32153204	10	0.25	up	0.7190923317683882	0.4690923317683881	0.2604632237871674	0.176	0.0
OTUD7A	15:30618103-32153204	10	0.25	down	0.2190923317683881	0.4690923317683881	0.25810273865414707	0.2055	0.0
OTUD7A	15:30618103-32153204	10	0.3	up	0.7690923317683881	0.4690923317683881	0.2995215179968701	0.2425	0.0
OTUD7A	15:30618103-32153204	10	0.3	down	0.16909233176838812	0.4690923317683881	0.3015823943661972	0.3355	0.0
OTUD7A	15:30618103-32153204	10	0.35	up	0.819092331768388	0.4690923317683881	0.35477660406885764	0.365	0.0
OTUD7A	15:30618103-32153204	10	0.35	down	0.11909233176838813	0.4690923317683881	0.35138646322378714	0.54	0.0
OTUD7A	15:30618103-32153204	10	0.4	up	0.8690923317683881	0.4690923317683881	0.39616525821596243	0.4675	0.0
OTUD7A	15:30618103-32153204	10	0.4	down	0.06909233176838808	0.4690923317683881	0.40076525821596237	0.776	0.0
OTUD7A	15:30618103-32153204	10	0.45	up	0.9190923317683881	0.4690923317683881	0.44815211267605626	0.65	0.0
OTUD7A	15:30618103-32153204	10	0.45	down	0.019092331768388093	0.4690923317683881	0.45034788732394354	0.9745	0.0
OTUD7A	15:30618103-32153204	10	0.5	up	0.9690923317683882	0.4690923317683881	0.5020632237871673	0.865	0.0
FAN1	15:30618103-32153204	10	0.05	up	0.7921752738654148	0.7421752738654147	0.1494103286384977	0.014	0.0015
FAN1	15:30618103-32153204	10	0.05	down	0.6921752738654147	0.7421752738654147	0.17155719874804384	0.076	0.015
FAN1	15:30618103-32153204	10	0.1	up	0.8421752738654147	0.7421752738654147	0.15981729264475747	0.008	0.0015
FAN1	15:30618103-32153204	10	0.1	down	0.6421752738654147	0.7421752738654147	0.18425109546165888	0.121	0.0285
FAN1	15:30618103-32153204	10	0.15	up	0.8921752738654147	0.7421752738654147	0.1775735524256651	0.0015	0.0
FAN1	15:30618103-32153204	10	0.15	down	0.5921752738654147	0.7421752738654147	0.21461721439749612	0.184	0.062
FAN1	15:30618103-32153204	10	0.2	up	0.9421752738654148	0.7421752738654147	0.20656361502347417	0.0	0.0
FAN1	15:30618103-32153204	10	0.2	down	0.5421752738654146	0.7421752738654147	0.247735289514867	0.275	0.095
FAN1	15:30618103-32153204	10	0.25	up	0.9921752738654147	0.7421752738654147	0.2507446791862284	0.0	0.0
FAN1	15:30618103-32153204	10	0.25	down	0.4921752738654147	0.7421752738654147	0.28454241001564945	0.368	0.161
FAN1	15:30618103-32153204	10	0.3	down	0.4421752738654147	0.7421752738654147	0.3147379499217527	0.429	0.211
FAN1	15:30618103-32153204	10	0.35	down	0.39217527386541473	0.7421752738654147	0.35684600938967137	0.541	0.2975
FAN1	15:30618103-32153204	10	0.4	down	0.3421752738654147	0.7421752738654147	0.40375406885759	0.6545	0.396
FAN1	15:30618103-32153204	10	0.45	down	0.2921752738654147	0.7421752738654147	0.45111118935837247	0.7505	0.5115
FAN1	15:30618103-32153204	10	0.5	down	0.2421752738654147	0.7421752738654147	0.5021093114241002	0.847	0.65
FAN1	15:30618103-32153204	10	0.55	down	0.19217527386541466	0.7421752738654147	0.5487979655712051	0.909	0.76
FAN1	15:30618103-32153204	10	0.6	down	0.14217527386541473	0.7421752738654147	0.5998600938967136	0.9645	0.8715
FAN1	15:30618103-32153204	10	0.65	down	0.09217527386541469	0.7421752738654147	0.652797496087637	0.987	0.949
FAN1	15:30618103-32153204	10	0.7	down	0.04217527386541475	0.7421752738654147	0.7013530516431925	0.9995	0.996
MTMR10	15:30618103-32153204	10	0.05	up	0.447887323943662	0.397887323943662	0.10376572769953052	0.147	0.0485
MTMR10	15:30618103-32153204	10	0.05	down	0.347887323943662	0.397887323943662	0.10214405320813773	0.095	0.017
MTMR10	15:30618103-32153204	10	0.1	up	0.497887323943662	0.397887323943662	0.12944021909233175	0.244	0.08
MTMR10	15:30618103-32153204	10	0.1	down	0.297887323943662	0.397887323943662	0.12660000000000002	0.1605	0.033
MTMR10	15:30618103-32153204	10	0.15	up	0.547887323943662	0.397887323943662	0.16876494522691704	0.3795	0.1485
MTMR10	15:30618103-32153204	10	0.15	down	0.247887323943662	0.397887323943662	0.1645653364632238	0.306	0.106
MTMR10	15:30618103-32153204	10	0.2	up	0.597887323943662	0.397887323943662	0.21450586854460094	0.53	0.2485
MTMR10	15:30618103-32153204	10	0.2	down	0.19788732394366199	0.397887323943662	0.20876416275430365	0.4955	0.228
MTMR10	15:30618103-32153204	10	0.25	up	0.647887323943662	0.397887323943662	0.2499273082942097	0.627	0.326
MTMR10	15:30618103-32153204	10	0.25	down	0.147887323943662	0.397887323943662	0.2524453834115806	0.6745	0.407
MTMR10	15:30618103-32153204	10	0.3	up	0.697887323943662	0.397887323943662	0.30305406885759	0.7545	0.438
MTMR10	15:30618103-32153204	10	0.3	down	0.09788732394366201	0.397887323943662	0.2987973395931143	0.8565	0.631
MTMR10	15:30618103-32153204	10	0.35	up	0.747887323943662	0.397887323943662	0.35513763693270733	0.8515	0.585
MTMR10	15:30618103-32153204	10	0.35	down	0.04788732394366202	0.397887323943662	0.34653599374021915	0.964	0.861
MTMR10	15:30618103-32153204	10	0.4	up	0.797887323943662	0.397887323943662	0.40446455399061026	0.9155	0.696
MTMR10	15:30618103-32153204	10	0.45	up	0.847887323943662	0.397887323943662	0.45426400625978086	0.9545	0.8155
MTMR10	15:30618103-32153204	10	0.5	up	0.897887323943662	0.397887323943662	0.5034015649452268	0.986	0.9115
MTMR10	15:30618103-32153204	10	0.55	up	0.947887323943662	0.397887323943662	0.5511237871674491	0.9985	0.9755
MTMR10	15:30618103-32153204	10	0.6	up	0.997887323943662	0.397887323943662	0.5996348982785603	1.0	0.9995
DEFB136	8:7301024-12598379	41	0.05	up	0.9085365853658537	0.8585365853658536	0.06566097560975609	0.0	0.0
DEFB136	8:7301024-12598379	41	0.05	down	0.8085365853658536	0.8585365853658536	0.07314451219512196	0.047	0.007
DEFB136	8:7301024-12598379	41	0.1	up	0.9585365853658536	0.8585365853658536	0.10165609756097564	0.0	0.0
DEFB136	8:7301024-12598379	41	0.1	down	0.7585365853658537	0.8585365853658536	0.1091158536585366	0.1515	0.0315
DEFB136	8:7301024-12598379	41	0.15	down	0.7085365853658536	0.8585365853658536	0.15358353658536586	0.3625	0.139
DEFB136	8:7301024-12598379	41	0.2	down	0.6585365853658536	0.8585365853658536	0.2009109756097561	0.592	0.331
DEFB136	8:7301024-12598379	41	0.25	down	0.6085365853658536	0.8585365853658536	0.25191341463414635	0.8185	0.5825
DEFB136	8:7301024-12598379	41	0.3	down	0.5585365853658537	0.8585365853658536	0.2987256097560976	0.943	0.8035
DEFB136	8:7301024-12598379	41	0.35	down	0.5085365853658537	0.8585365853658536	0.3511939024390244	0.9895	0.927
DEFB136	8:7301024-12598379	41	0.4	down	0.4585365853658536	0.8585365853658536	0.39977439024390243	0.9965	0.9655
DEFB136	8:7301024-12598379	41	0.45	down	0.40853658536585363	0.8585365853658536	0.4508213414634146	0.9985	0.9895
DEFB136	8:7301024-12598379	41	0.5	down	0.35853658536585364	0.8585365853658536	0.49849207317073174	0.998	0.997
DEFB136	8:7301024-12598379	41	0.55	down	0.3085365853658536	0.8585365853658536	0.5463865853658536	0.9995	0.9985
DEFB136	8:7301024-12598379	41	0.6	down	0.25853658536585367	0.8585365853658536	0.6014579268292684	1.0	1.0
DEFB136	8:7301024-12598379	41	0.65	down	0.20853658536585362	0.8585365853658536	0.6495079268292683	1.0	1.0
DEFB136	8:7301024-12598379	41	0.7	down	0.1585365853658537	0.8585365853658536	0.6993914634146341	1.0	1.0
FAM167A	8:7301024-12598379	41	0.05	down	0.9012195121951219	0.9512195121951219	0.06071341463414632	0.0015	0.0
FAM167A	8:7301024-12598379	41	0.1	down	0.8512195121951219	0.9512195121951219	0.10370060975609754	0.0165	0.0005
FAM167A	8:7301024-12598379	41	0.15	down	0.8012195121951219	0.9512195121951219	0.15179024390243898	0.086	0.0095
FAM167A	8:7301024-12598379	41	0.2	down	0.751219512195122	0.9512195121951219	0.20156280487804876	0.236	0.0585
FAM167A	8:7301024-12598379	41	0.25	down	0.7012195121951219	0.9512195121951219	0.24905365853658534	0.462	0.184
FAM167A	8:7301024-12598379	41	0.3	down	0.6512195121951219	0.9512195121951219	0.297305487804878	0.6775	0.3825
FAM167A	8:7301024-12598379	41	0.35	down	0.6012195121951219	0.9512195121951219	0.3562896341463414	0.875	0.644
FAM167A	8:7301024-12598379	41	0.4	down	0.5512195121951219	0.9512195121951219	0.39735	0.937	0.7755
FAM167A	8:7301024-12598379	41	0.45	down	0.501219512195122	0.9512195121951219	0.44807804878048774	0.9765	0.9025
FAM167A	8:7301024-12598379	41	0.5	down	0.4512195121951219	0.9512195121951219	0.503595731707317	0.995	0.957
FAM167A	8:7301024-12598379	41	0.55	down	0.40121951219512186	0.9512195121951219	0.5479335365853658	0.998	0.989
FAM167A	8:7301024-12598379	41	0.6	down	0.35121951219512193	0.9512195121951219	0.5968085365853658	1.0	0.9985
FAM167A	8:7301024-12598379	41	0.65	down	0.3012195121951219	0.9512195121951219	0.6527951219512195	1.0	0.9995
FAM167A	8:7301024-12598379	41	0.7	down	0.25121951219512195	0.9512195121951219	0.7020609756097561	1.0	1.0
MFHAS1	8:7301024-12598379	41	0.05	up	0.8634146341463415	0.8134146341463414	0.07216829268292685	0.0	0.0
MFHAS1	8:7301024-12598379	41	0.05	down	0.7634146341463414	0.8134146341463414	0.07758841463414631	0.009	0.0
MFHAS1	8:7301024-12598379	41	0.1	up	0.9134146341463414	0.8134146341463414	0.10336707317073174	0.0	0.0
MFHAS1	8:7301024-12598379	41	0.1	down	0.7134146341463414	0.8134146341463414	0.11372073170731703	0.0335	0.0025
MFHAS1	8:7301024-12598379	41	0.15	up	0.9634146341463414	0.8134146341463414	0.1492469512195122	0.0	0.0
MFHAS1	8:7301024-12598379	41	0.15	down	0.6634146341463414	0.8134146341463414	0.1553115853658536	0.1075	0.0105
MFHAS1	8:7301024-12598379	41	0.2	down	0.6134146341463413	0.8134146341463414	0.20164451219512192	0.2595	0.0515
MFHAS1	8:7301024-12598379	41	0.25	down	0.5634146341463414	0.8134146341463414	0.24996280487804873	0.456	0.14
MFHAS1	8:7301024-12598379	41	0.3	down	0.5134146341463415	0.8134146341463414	0.30154512195121946	0.682	0.3175
MFHAS1	8:7301024-12598379	41	0.35	down	0.46341463414634143	0.8134146341463414	0.3501189024390243	0.8185	0.5335
MFHAS1	8:7301024-12598379	41	0.4	down	0.4134146341463414	0.8134146341463414	0.3991268292682926	0.929	0.7325
MFHAS1	8:7301024-12598379	41	0.45	down	0.3634146341463414	0.8134146341463414	0.4476865853658536	0.9745	0.8795
MFHAS1	8:7301024-12598379	41	0.5	down	0.3134146341463414	0.8134146341463414	0.5015634146341463	0.996	0.966
MFHAS1	8:7301024-12598379	41	0.55	down	0.26341463414634136	0.8134146341463414	0.5527256097560976	1.0	0.9945
MFHAS1	8:7301024-12598379	41	0.6	down	0.21341463414634143	0.8134146341463414	0.6016353658536584	1.0	0.999
MFHAS1	8:7301024-12598379	41	0.65	down	0.1634146341463414	0.8134146341463414	0.6492207317073171	1.0	1.0
MFHAS1	8:7301024-12598379	41	0.7	down	0.11341463414634145	0.8134146341463414	0.7004390243902439	1.0	1.0
TNKS	8:7301024-12598379	41	0.05	up	0.30121951219512194	0.25121951219512195	0.07316402439024391	0.0155	0.003
TNKS	8:7301024-12598379	41	0.05	down	0.20121951219512196	0.25121951219512195	0.06907743902439026	0.001	0.0005
TNKS	8:7301024-12598379	41	0.1	up	0.35121951219512193	0.25121951219512195	0.10455	0.052	0.0105
TNKS	8:7301024-12598379	41	0.1	down	0.15121951219512195	0.25121951219512195	0.10384024390243903	0.0	0.0
TNKS	8:7301024-12598379	41	0.15	up	0.401219512195122	0.25121951219512195	0.15140426829268294	0.127	0.03
TNKS	8:7301024-12598379	41	0.15	down	0.10121951219512196	0.25121951219512195	0.15005731707317074	0.0	0.0
TNKS	8:7301024-12598379	41	0.2	up	0.45121951219512196	0.25121951219512195	0.20237134146341465	0.3025	0.111
TNKS	8:7301024-12598379	41	0.2	down	0.05121951219512194	0.25121951219512195	0.19964512195121956	0.027	0.0
TNKS	8:7301024-12598379	41	0.25	up	0.501219512195122	0.25121951219512195	0.24814146341463414	0.528	0.237
TNKS	8:7301024-12598379	41	0.25	down	0.0012195121951219523	0.25121951219512195	0.25003963414634145	0.989	0.0
TNKS	8:7301024-12598379	41	0.3	up	0.551219512195122	0.25121951219512195	0.30044085365853657	0.74	0.467
TNKS	8:7301024-12598379	41	0.35	up	0.6012195121951219	0.25121951219512195	0.3501268292682927	0.878	0.6755
TNKS	8:7301024-12598379	41	0.4	up	0.651219512195122	0.25121951219512195	0.4012603658536586	0.9575	0.839
TNKS	8:7301024-12598379	41	0.45	up	0.7012195121951219	0.25121951219512195	0.44523048780487806	0.984	0.9305
TNKS	8:7301024-12598379	41	0.5	up	0.751219512195122	0.25121951219512195	0.500780487804878	0.998	0.9855
TNKS	8:7301024-12598379	41	0.55	up	0.801219512195122	0.25121951219512195	0.5498463414634146	1.0	0.9985
TNKS	8:7301024-12598379	41	0.6	up	0.8512195121951219	0.25121951219512195	0.6006085365853658	1.0	1.0
TNKS	8:7301024-12598379	41	0.65	up	0.901219512195122	0.25121951219512195	0.6494408536585367	1.0	1.0
TNKS	8:7301024-12598379	41	0.7	up	0.9512195121951219	0.25121951219512195	0.7008884146341463	1.0	1.0
CLDN23	8:7301024-12598379	41	0.05	up	0.3317073170731707	0.2817073170731707	0.0686737804878049	0.027	0.0035
CLDN23	8:7301024-12598379	41	0.05	down	0.23170731707317072	0.2817073170731707	0.06857499999999998	0.0015	0.0
CLDN23	8:7301024-12598379	41	0.1	up	0.38170731707317074	0.2817073170731707	0.10663109756097565	0.1085	0.0265
CLDN23	8:7301024-12598379	41	0.1	down	0.1817073170731707	0.2817073170731707	0.10258292682926827	0.012	0.0
CLDN23	8:7301024-12598379	41	0.15	up	0.43170731707317067	0.2817073170731707	0.14903048780487807	0.22	0.0605
CLDN23	8:7301024-12598379	41	0.15	down	0.1317073170731707	0.2817073170731707	0.15126707317073168	0.138	0.0
CLDN23	8:7301024-12598379	41	0.2	up	0.4817073170731707	0.2817073170731707	0.1995085365853659	0.4775	0.2055
CLDN23	8:7301024-12598379	41	0.2	down	0.0817073170731707	0.2817073170731707	0.19932073170731707	0.544	0.0015
CLDN23	8:7301024-12598379	41	0.25	up	0.5317073170731708	0.2817073170731707	0.25136402439024397	0.716	0.413
CLDN23	8:7301024-12598379	41	0.25	down	0.031707317073170704	0.2817073170731707	0.2489103658536585	0.974	0.158
CLDN23	8:7301024-12598379	41	0.3	up	0.5817073170731707	0.2817073170731707	0.297984756097561	0.8655	0.6185
CLDN23	8:7301024-12598379	41	0.35	up	0.6317073170731706	0.2817073170731707	0.34895548780487806	0.9635	0.819
CLDN23	8:7301024-12598379	41	0.4	up	0.6817073170731707	0.2817073170731707	0.39550609756097566	0.989	0.924
CLDN23	8:7301024-12598379	41	0.45	up	0.7317073170731707	0.2817073170731707	0.44991707317073176	0.9965	0.9805
CLDN23	8:7301024-12598379	41	0.5	up	0.7817073170731708	0.2817073170731707	0.49978658536585374	1.0	0.9955
CLDN23	8:7301024-12598379	41	0.55	up	0.8317073170731708	0.2817073170731707	0.552694512195122	1.0	1.0
CLDN23	8:7301024-12598379	41	0.6	up	0.8817073170731706	0.2817073170731707	0.6032231707317074	1.0	1.0
CLDN23	8:7301024-12598379	41	0.65	up	0.9317073170731707	0.2817073170731707	0.6493932926829268	1.0	1.0
CLDN23	8:7301024-12598379	41	0.7	up	0.9817073170731707	0.2817073170731707	0.700368292682927	1.0	1.0
PINX1	8:7301024-12598379	41	0.05	up	0.48292682926829267	0.4329268292682927	0.07798048780487805	0.1045	0.024
PINX1	8:7301024-12598379	41	0.05	down	0.3829268292682927	0.4329268292682927	0.07357134146341465	0.035	0.0005
PINX1	8:7301024-12598379	41	0.1	up	0.5329268292682927	0.4329268292682927	0.11080000000000001	0.219	0.073
PINX1	8:7301024-12598379	41	0.1	down	0.33292682926829265	0.4329268292682927	0.1060859756097561	0.1015	0.0075
PINX1	8:7301024-12598379	41	0.15	up	0.5829268292682926	0.4329268292682927	0.1480670731707317	0.3935	0.17
PINX1	8:7301024-12598379	41	0.15	down	0.2829268292682927	0.4329268292682927	0.1492030487804878	0.368	0.083
PINX1	8:7301024-12598379	41	0.2	up	0.6329268292682927	0.4329268292682927	0.2002262195121951	0.6235	0.3655
PINX1	8:7301024-12598379	41	0.2	down	0.23292682926829267	0.4329268292682927	0.20116036585365854	0.7015	0.359
PINX1	8:7301024-12598379	41	0.25	up	0.6829268292682926	0.4329268292682927	0.2467225609756098	0.8115	0.568
PINX1	8:7301024-12598379	41	0.25	down	0.18292682926829268	0.4329268292682927	0.25192012195121954	0.922	0.721
PINX1	8:7301024-12598379	41	0.3	up	0.7329268292682927	0.4329268292682927	0.2996371951219512	0.929	0.771
PINX1	8:7301024-12598379	41	0.3	down	0.1329268292682927	0.4329268292682927	0.29994634146341465	0.99	0.935
PINX1	8:7301024-12598379	41	0.35	up	0.7829268292682927	0.4329268292682927	0.3537780487804878	0.9845	0.915
PINX1	8:7301024-12598379	41	0.35	down	0.0829268292682927	0.4329268292682927	0.3500932926829268	0.9995	0.9955
PINX1	8:7301024-12598379	41	0.4	up	0.8329268292682928	0.4329268292682927	0.39902134146341467	0.997	0.9785
PINX1	8:7301024-12598379	41	0.4	down	0.03292682926829266	0.4329268292682927	0.39993231707317073	1.0	1.0
PINX1	8:7301024-12598379	41	0.45	up	0.8829268292682927	0.4329268292682927	0.4470524390243903	1.0	0.998
PINX1	8:7301024-12598379	41	0.5	up	0.9329268292682926	0.4329268292682927	0.49919085365853666	1.0	1.0
PINX1	8:7301024-12598379	41	0.55	up	0.9829268292682927	0.4329268292682927	0.5499359756097563	1.0	1.0
MTMR9	8:7301024-12598379	41	0.05	up	0.49878048780487805	0.44878048780487806	0.05931463414634148	0.0705	0.0205
MTMR9	8:7301024-12598379	41	0.05	down	0.39878048780487807	0.44878048780487806	0.06372682926829269	0.0515	0.0035
MTMR9	8:7301024-12598379	41	0.1	up	0.5487804878048781	0.44878048780487806	0.10318963414634146	0.261	0.1145
MTMR9	8:7301024-12598379	41	0.1	down	0.348780487804878	0.44878048780487806	0.10621707317073173	0.263	0.067
MTMR9	8:7301024-12598379	41	0.15	up	0.598780487804878	0.44878048780487806	0.1515853658536585	0.515	0.31
MTMR9	8:7301024-12598379	41	0.15	down	0.2987804878048781	0.44878048780487806	0.1514719512195122	0.5795	0.274
MTMR9	8:7301024-12598379	41	0.2	up	0.6487804878048781	0.44878048780487806	0.20112682926829267	0.754	0.558
MTMR9	8:7301024-12598379	41	0.2	down	0.24878048780487805	0.44878048780487806	0.20108536585365855	0.8375	0.608
MTMR9	8:7301024-12598379	41	0.25	up	0.698780487804878	0.44878048780487806	0.249415243902439	0.894	0.7655
MTMR9	8:7301024-12598379	41	0.25	down	0.19878048780487806	0.44878048780487806	0.25086707317073176	0.966	0.874
MTMR9	8:7301024-12598379	41	0.3	up	0.748780487804878	0.44878048780487806	0.30212256097560974	0.9805	0.926
MTMR9	8:7301024-12598379	41	0.3	down	0.14878048780487807	0.44878048780487806	0.30113475609756096	0.996	0.9805
MTMR9	8:7301024-12598379	41	0.35	up	0.7987804878048781	0.44878048780487806	0.3485853658536585	0.999	0.979
MTMR9	8:7301024-12598379	41	0.35	down	0.09878048780487808	0.44878048780487806	0.3503707317073171	1.0	0.9985
MTMR9	8:7301024-12598379	41	0.4	up	0.8487804878048781	0.44878048780487806	0.40027073170731703	0.9995	0.9955
MTMR9	8:7301024-12598379	41	0.4	down	0.04878048780487804	0.44878048780487806	0.4007304878048781	1.0	1.0
MTMR9	8:7301024-12598379	41	0.45	up	0.8987804878048781	0.44878048780487806	0.44887378048780485	1.0	0.9995
MTMR9	8:7301024-12598379	41	0.5	up	0.948780487804878	0.44878048780487806	0.5009926829268292	1.0	1.0
MTMR9	8:7301024-12598379	41	0.55	up	0.998780487804878	0.44878048780487806	0.5500975609756097	1.0	1.0
CTSB	8:7301024-12598379	41	0.05	up	0.3853658536585366	0.3353658536585366	0.06604329268292682	0.0325	0.006
CTSB	8:7301024-12598379	41	0.05	down	0.2853658536585366	0.3353658536585366	0.06854939024390246	0.0075	0.0
CTSB	8:7301024-12598379	41	0.1	up	0.43536585365853664	0.3353658536585366	0.10217499999999999	0.0955	0.029
CTSB	8:7301024-12598379	41	0.1	down	0.2353658536585366	0.3353658536585366	0.10560853658536587	0.0605	0.0
CTSB	8:7301024-12598379	41	0.15	up	0.4853658536585366	0.3353658536585366	0.15180975609756098	0.282	0.106
CTSB	8:7301024-12598379	41	0.15	down	0.1853658536585366	0.3353658536585366	0.14906158536585368	0.2445	0.0105
CTSB	8:7301024-12598379	41	0.2	up	0.5353658536585366	0.3353658536585366	0.19824451219512196	0.515	0.253
CTSB	8:7301024-12598379	41	0.2	down	0.1353658536585366	0.3353658536585366	0.19937134146341465	0.6115	0.114
CTSB	8:7301024-12598379	41	0.25	up	0.5853658536585367	0.3353658536585366	0.24873780487804875	0.7345	0.47
CTSB	8:7301024-12598379	41	0.25	down	0.0853658536585366	0.3353658536585366	0.2503414634146342	0.9325	0.545
CTSB	8:7301024-12598379	41	0.3	up	0.6353658536585366	0.3353658536585366	0.2976939024390243	0.881	0.686
CTSB	8:7301024-12598379	41	0.3	down	0.03536585365853662	0.3353658536585366	0.30039390243902436	1.0	0.9755
CTSB	8:7301024-12598379	41	0.35	up	0.6853658536585365	0.3353658536585366	0.3508237804878048	0.97	0.875
CTSB	8:7301024-12598379	41	0.4	up	0.7353658536585366	0.3353658536585366	0.39747073170731706	0.9945	0.954
CTSB	8:7301024-12598379	41	0.45	up	0.7853658536585366	0.3353658536585366	0.4495256097560975	0.997	0.99
CTSB	8:7301024-12598379	41	0.5	up	0.8353658536585367	0.3353658536585366	0.498175	1.0	0.9985
CTSB	8:7301024-12598379	41	0.55	up	0.8853658536585367	0.3353658536585366	0.5491682926829268	1.0	1.0
CTSB	8:7301024-12598379	41	0.6	up	0.9353658536585365	0.3353658536585366	0.6004585365853657	1.0	1.0
CTSB	8:7301024-12598379	41	0.65	up	0.9853658536585366	0.3353658536585366	0.648648170731707	1.0	1.0
FDFT1	8:7301024-12598379	41	0.05	up	0.3304878048780488	0.2804878048780488	0.061623170731707304	0.028	0.0055
FDFT1	8:7301024-12598379	41	0.05	down	0.23048780487804882	0.2804878048780488	0.06655792682926832	0.002	0.0005
FDFT1	8:7301024-12598379	41	0.1	up	0.3804878048780488	0.2804878048780488	0.10447987804878046	0.1155	0.0285
FDFT1	8:7301024-12598379	41	0.1	down	0.1804878048780488	0.2804878048780488	0.10459695121951222	0.0255	0.0
FDFT1	8:7301024-12598379	41	0.15	up	0.43048780487804883	0.2804878048780488	0.14760609756097556	0.2815	0.0985
FDFT1	8:7301024-12598379	41	0.15	down	0.1304878048780488	0.2804878048780488	0.15095304878048785	0.2035	0.0
FDFT1	8:7301024-12598379	41	0.2	up	0.4804878048780488	0.2804878048780488	0.19887987804878046	0.529	0.244
FDFT1	8:7301024-12598379	41	0.2	down	0.0804878048780488	0.2804878048780488	0.20043719512195124	0.674	0.0195
FDFT1	8:7301024-12598379	41	0.25	up	0.5304878048780488	0.2804878048780488	0.2533878048780488	0.756	0.499
FDFT1	8:7301024-12598379	41	0.25	down	0.030487804878048808	0.2804878048780488	0.25014329268292684	0.9885	0.4975
FDFT1	8:7301024-12598379	41	0.3	up	0.5804878048780489	0.2804878048780488	0.30145731707317075	0.892	0.7005
FDFT1	8:7301024-12598379	41	0.35	up	0.6304878048780488	0.2804878048780488	0.3459256097560976	0.9595	0.848
FDFT1	8:7301024-12598379	41	0.4	up	0.6804878048780488	0.2804878048780488	0.402230487804878	0.9915	0.951
FDFT1	8:7301024-12598379	41	0.45	up	0.7304878048780488	0.2804878048780488	0.4469664634146342	0.999	0.982
FDFT1	8:7301024-12598379	41	0.5	up	0.7804878048780488	0.2804878048780488	0.5032134146341464	1.0	0.999
FDFT1	8:7301024-12598379	41	0.55	up	0.8304878048780489	0.2804878048780488	0.551519512195122	1.0	1.0
FDFT1	8:7301024-12598379	41	0.6	up	0.8804878048780488	0.2804878048780488	0.6000945121951219	1.0	1.0
FDFT1	8:7301024-12598379	41	0.65	up	0.9304878048780488	0.2804878048780488	0.6516664634146341	1.0	1.0
FDFT1	8:7301024-12598379	41	0.7	up	0.9804878048780488	0.2804878048780488	0.6998884146341462	1.0	1.0
BLK	8:7301024-12598379	41	0.05	up	0.601219512195122	0.551219512195122	0.06968353658536583	0.2315	0.206
BLK	8:7301024-12598379	41	0.05	down	0.501219512195122	0.551219512195122	0.06366646341463418	0.187	0.092
BLK	8:7301024-12598379	41	0.1	up	0.651219512195122	0.551219512195122	0.10340365853658534	0.443	0.4115
BLK	8:7301024-12598379	41	0.1	down	0.451219512195122	0.551219512195122	0.10184085365853665	0.532	0.326
BLK	8:7301024-12598379	41	0.15	up	0.701219512195122	0.551219512195122	0.1514445121951219	0.702	0.6755
BLK	8:7301024-12598379	41	0.15	down	0.401219512195122	0.551219512195122	0.14962621951219518	0.8745	0.771
BLK	8:7301024-12598379	41	0.2	up	0.751219512195122	0.551219512195122	0.19871707317073165	0.8665	0.852
BLK	8:7301024-12598379	41	0.2	down	0.351219512195122	0.551219512195122	0.20072439024390248	0.981	0.9595
BLK	8:7301024-12598379	41	0.25	up	0.801219512195122	0.551219512195122	0.2503506097560975	0.9695	0.9585
BLK	8:7301024-12598379	41	0.25	down	0.301219512195122	0.551219512195122	0.2505182926829269	0.998	0.997
BLK	8:7301024-12598379	41	0.3	up	0.851219512195122	0.551219512195122	0.2979634146341463	0.9955	0.994
BLK	8:7301024-12598379	41	0.3	down	0.251219512195122	0.551219512195122	0.29989634146341465	0.999	0.999
BLK	8:7301024-12598379	41	0.35	up	0.901219512195122	0.551219512195122	0.34976219512195117	0.9995	0.9995
BLK	8:7301024-12598379	41	0.35	down	0.20121951219512202	0.551219512195122	0.35003658536585375	1.0	1.0
BLK	8:7301024-12598379	41	0.4	up	0.951219512195122	0.551219512195122	0.40249878048780485	1.0	1.0
BLK	8:7301024-12598379	41	0.4	down	0.15121951219512197	0.551219512195122	0.3988939024390244	1.0	1.0
BLK	8:7301024-12598379	41	0.45	down	0.10121951219512199	0.551219512195122	0.44909756097560977	1.0	1.0
BLK	8:7301024-12598379	41	0.5	down	0.051219512195122	0.551219512195122	0.5000634146341464	1.0	1.0
BLK	8:7301024-12598379	41	0.55	down	0.0012195121951219523	0.551219512195122	0.5500323170731708	1.0	1.0
C8orf74	8:7301024-12598379	41	0.05	up	0.5865853658536586	0.5365853658536586	0.0854042682926829	0.0165	0.0015
C8orf74	8:7301024-12598379	41	0.05	down	0.4865853658536586	0.5365853658536586	0.08690548780487807	0.005	0.0005
C8orf74	8:7301024-12598379	41	0.1	up	0.6365853658536585	0.5365853658536586	0.11223475609756095	0.047	0.0035
C8orf74	8:7301024-12598379	41	0.1	down	0.4365853658536586	0.5365853658536586	0.1164286585365854	0.0245	0.0005
C8orf74	8:7301024-12598379	41	0.15	up	0.6865853658536586	0.5365853658536586	0.15074999999999994	0.113	0.017
C8orf74	8:7301024-12598379	41	0.15	down	0.38658536585365855	0.5365853658536586	0.15692926829268294	0.096	0.008
C8orf74	8:7301024-12598379	41	0.2	up	0.7365853658536585	0.5365853658536586	0.2020792682926829	0.271	0.0545
C8orf74	8:7301024-12598379	41	0.2	down	0.33658536585365856	0.5365853658536586	0.19880487804878053	0.2295	0.044
C8orf74	8:7301024-12598379	41	0.25	up	0.7865853658536586	0.5365853658536586	0.2517487804878048	0.4905	0.127
C8orf74	8:7301024-12598379	41	0.25	down	0.28658536585365857	0.5365853658536586	0.24980670731707325	0.473	0.1425
C8orf74	8:7301024-12598379	41	0.3	up	0.8365853658536586	0.5365853658536586	0.2996719512195122	0.715	0.2965
C8orf74	8:7301024-12598379	41	0.3	down	0.23658536585365858	0.5365853658536586	0.297994512195122	0.7085	0.3375
C8orf74	8:7301024-12598379	41	0.35	up	0.8865853658536585	0.5365853658536586	0.3499	0.9065	0.5655
C8orf74	8:7301024-12598379	41	0.35	down	0.1865853658536586	0.5365853658536586	0.348484756097561	0.8985	0.625
C8orf74	8:7301024-12598379	41	0.4	up	0.9365853658536586	0.5365853658536586	0.3999780487804877	0.9865	0.855
C8orf74	8:7301024-12598379	41	0.4	down	0.13658536585365855	0.5365853658536586	0.40200060975609764	0.982	0.88
C8orf74	8:7301024-12598379	41	0.45	up	0.9865853658536585	0.5365853658536586	0.45045914634146317	1.0	0.999
C8orf74	8:7301024-12598379	41	0.45	down	0.08658536585365856	0.5365853658536586	0.4495615853658537	0.999	0.985
C8orf74	8:7301024-12598379	41	0.5	down	0.03658536585365857	0.5365853658536586	0.5004585365853659	1.0	1.0
DEFB134	8:7301024-12598379	41	0.05	down	0.9012195121951219	0.9512195121951219	0.061898170731707294	0.15	0.15
DEFB134	8:7301024-12598379	41	0.1	down	0.8512195121951219	0.9512195121951219	0.10567012195121947	0.4015	0.4015
DEFB134	8:7301024-12598379	41	0.15	down	0.8012195121951219	0.9512195121951219	0.15132499999999993	0.6375	0.6375
DEFB134	8:7301024-12598379	41	0.2	down	0.751219512195122	0.9512195121951219	0.20160975609756093	0.82	0.82
DEFB134	8:7301024-12598379	41	0.25	down	0.7012195121951219	0.9512195121951219	0.2504926829268292	0.9105	0.9105
DEFB134	8:7301024-12598379	41	0.3	down	0.6512195121951219	0.9512195121951219	0.2994646341463414	0.967	0.967
DEFB134	8:7301024-12598379	41	0.35	down	0.6012195121951219	0.9512195121951219	0.34902560975609753	0.9925	0.9925
DEFB134	8:7301024-12598379	41	0.4	down	0.5512195121951219	0.9512195121951219	0.4026115853658537	0.9985	0.9985
DEFB134	8:7301024-12598379	41	0.45	down	0.501219512195122	0.9512195121951219	0.4470932926829268	0.9995	0.9995
DEFB134	8:7301024-12598379	41	0.5	down	0.4512195121951219	0.9512195121951219	0.5006640243902438	1.0	1.0
DEFB134	8:7301024-12598379	41	0.55	down	0.40121951219512186	0.9512195121951219	0.5510975609756097	1.0	1.0
DEFB134	8:7301024-12598379	41	0.6	down	0.35121951219512193	0.9512195121951219	0.5990506097560976	1.0	1.0
DEFB134	8:7301024-12598379	41	0.65	down	0.3012195121951219	0.9512195121951219	0.6507426829268291	1.0	1.0
DEFB134	8:7301024-12598379	41	0.7	down	0.25121951219512195	0.9512195121951219	0.7010335365853658	1.0	1.0
DEFB135	8:7301024-12598379	41	0.05	up	0.9548780487804879	0.9048780487804878	0.056353658536585326	0.0	0.0
DEFB135	8:7301024-12598379	41	0.05	down	0.8548780487804878	0.9048780487804878	0.06803353658536589	0.011	0.011
DEFB135	8:7301024-12598379	41	0.1	down	0.8048780487804879	0.9048780487804878	0.10695853658536589	0.0565	0.0565
DEFB135	8:7301024-12598379	41	0.15	down	0.7548780487804878	0.9048780487804878	0.15517926829268297	0.1955	0.1955
DEFB135	8:7301024-12598379	41	0.2	down	0.7048780487804878	0.9048780487804878	0.20336341463414634	0.3965	0.3965
DEFB135	8:7301024-12598379	41	0.25	down	0.6548780487804878	0.9048780487804878	0.252409756097561	0.607	0.607
DEFB135	8:7301024-12598379	41	0.3	down	0.6048780487804879	0.9048780487804878	0.29976463414634147	0.7815	0.7815
DEFB135	8:7301024-12598379	41	0.35	down	0.5548780487804879	0.9048780487804878	0.347684756097561	0.9015	0.9015
DEFB135	8:7301024-12598379	41	0.4	down	0.5048780487804878	0.9048780487804878	0.4024670731707317	0.966	0.966
DEFB135	8:7301024-12598379	41	0.45	down	0.4548780487804878	0.9048780487804878	0.4485128048780488	0.9905	0.9905
DEFB135	8:7301024-12598379	41	0.5	down	0.40487804878048783	0.9048780487804878	0.49648170731707325	0.995	0.995
DEFB135	8:7301024-12598379	41	0.55	down	0.3548780487804878	0.9048780487804878	0.5457762195121951	0.9995	0.9995
DEFB135	8:7301024-12598379	41	0.6	down	0.30487804878048785	0.9048780487804878	0.595730487804878	1.0	1.0
DEFB135	8:7301024-12598379	41	0.65	down	0.2548780487804878	0.9048780487804878	0.6504707317073171	1.0	1.0
DEFB135	8:7301024-12598379	41	0.7	down	0.20487804878048788	0.9048780487804878	0.7003945121951219	1.0	1.0
ERI1	8:7301024-12598379	41	0.05	up	0.5158536585365854	0.4658536585365854	0.06865792682926829	0.163	0.0745
ERI1	8:7301024-12598379	41	0.05	down	0.4158536585365854	0.4658536585365854	0.06440304878048783	0.0825	0.011
ERI1	8:7301024-12598379	41	0.1	up	0.5658536585365854	0.4658536585365854	0.10750975609756096	0.3805	0.219
ERI1	8:7301024-12598379	41	0.1	down	0.36585365853658536	0.4658536585365854	0.10122012195121954	0.31	0.0755
ERI1	8:7301024-12598379	41	0.15	up	0.6158536585365854	0.4658536585365854	0.15112073170731705	0.596	0.408
ERI1	8:7301024-12598379	41	0.15	down	0.3158536585365854	0.4658536585365854	0.15025487804878052	0.721	0.4305
ERI1	8:7301024-12598379	41	0.2	up	0.6658536585365854	0.4658536585365854	0.20094756097560976	0.807	0.638
ERI1	8:7301024-12598379	41	0.2	down	0.2658536585365854	0.4658536585365854	0.20011829268292686	0.9275	0.7865
ERI1	8:7301024-12598379	41	0.25	up	0.7158536585365853	0.4658536585365854	0.24899817073170727	0.927	0.823
ERI1	8:7301024-12598379	41	0.25	down	0.2158536585365854	0.4658536585365854	0.250019512195122	0.988	0.963
ERI1	8:7301024-12598379	41	0.3	up	0.7658536585365854	0.4658536585365854	0.3002676829268292	0.984	0.943
ERI1	8:7301024-12598379	41	0.3	down	0.1658536585365854	0.4658536585365854	0.2988817073170732	0.999	0.9955
ERI1	8:7301024-12598379	41	0.35	up	0.8158536585365854	0.4658536585365854	0.3534335365853658	0.997	0.9835
ERI1	8:7301024-12598379	41	0.35	down	0.11585365853658541	0.4658536585365854	0.35041402439024394	1.0	0.9995
ERI1	8:7301024-12598379	41	0.4	up	0.8658536585365855	0.4658536585365854	0.40166524390243896	1.0	1.0
ERI1	8:7301024-12598379	41	0.4	down	0.06585365853658537	0.4658536585365854	0.3996670731707318	1.0	1.0
ERI1	8:7301024-12598379	41	0.45	up	0.9158536585365854	0.4658536585365854	0.4517664634146341	1.0	1.0
ERI1	8:7301024-12598379	41	0.45	down	0.01585365853658538	0.4658536585365854	0.45031219512195125	1.0	1.0
ERI1	8:7301024-12598379	41	0.5	up	0.9658536585365853	0.4658536585365854	0.5008378048780489	1.0	1.0
GATA4	8:7301024-12598379	41	0.05	up	0.7804878048780488	0.7304878048780488	0.08124451219512195	0.0	0.0
GATA4	8:7301024-12598379	41	0.05	down	0.6804878048780487	0.7304878048780488	0.08441463414634146	0.005	0.0005
GATA4	8:7301024-12598379	41	0.1	up	0.8304878048780487	0.7304878048780488	0.1069548780487805	0.0	0.0
GATA4	8:7301024-12598379	41	0.1	down	0.6304878048780488	0.7304878048780488	0.1154359756097561	0.037	0.002
GATA4	8:7301024-12598379	41	0.15	up	0.8804878048780488	0.7304878048780488	0.1528408536585366	0.0	0.0
GATA4	8:7301024-12598379	41	0.15	down	0.5804878048780487	0.7304878048780488	0.15487378048780487	0.104	0.017
GATA4	8:7301024-12598379	41	0.2	up	0.9304878048780487	0.7304878048780488	0.20166280487804877	0.0	0.0
GATA4	8:7301024-12598379	41	0.2	down	0.5304878048780488	0.7304878048780488	0.20125426829268292	0.2115	0.0605
GATA4	8:7301024-12598379	41	0.25	up	0.9804878048780488	0.7304878048780488	0.2497798780487805	0.0	0.0
GATA4	8:7301024-12598379	41	0.25	down	0.48048780487804876	0.7304878048780488	0.2511884146341463	0.405	0.168
GATA4	8:7301024-12598379	41	0.3	down	0.4304878048780488	0.7304878048780488	0.30223292682926833	0.598	0.3255
GATA4	8:7301024-12598379	41	0.35	down	0.3804878048780488	0.7304878048780488	0.3484780487804878	0.7695	0.5215
GATA4	8:7301024-12598379	41	0.4	down	0.33048780487804874	0.7304878048780488	0.39863170731707315	0.889	0.7405
GATA4	8:7301024-12598379	41	0.45	down	0.28048780487804875	0.7304878048780488	0.4480530487804878	0.964	0.885
GATA4	8:7301024-12598379	41	0.5	down	0.23048780487804876	0.7304878048780488	0.49973719512195125	0.994	0.967
GATA4	8:7301024-12598379	41	0.55	down	0.18048780487804872	0.7304878048780488	0.5489390243902439	1.0	0.997
GATA4	8:7301024-12598379	41	0.6	down	0.13048780487804879	0.7304878048780488	0.6001884146341463	1.0	0.999
GATA4	8:7301024-12598379	41	0.65	down	0.08048780487804874	0.7304878048780488	0.6482146341463415	1.0	1.0
GATA4	8:7301024-12598379	41	0.7	down	0.030487804878048808	0.7304878048780488	0.7006841463414634	1.0	1.0
MSRA	8:7301024-12598379	41	0.05	down	0.9012195121951219	0.9512195121951219	0.06065609756097558	0.3455	0.3455
MSRA	8:7301024-12598379	41	0.1	down	0.8512195121951219	0.9512195121951219	0.10265548780487799	0.6365	0.6365
MSRA	8:7301024-12598379	41	0.15	down	0.8012195121951219	0.9512195121951219	0.14963597560975603	0.8055	0.8055
MSRA	8:7301024-12598379	41	0.2	down	0.751219512195122	0.9512195121951219	0.20061524390243896	0.9295	0.9295
MSRA	8:7301024-12598379	41	0.25	down	0.7012195121951219	0.9512195121951219	0.25095731707317065	0.9725	0.9725
MSRA	8:7301024-12598379	41	0.3	down	0.6512195121951219	0.9512195121951219	0.29867499999999997	0.9905	0.9905
MSRA	8:7301024-12598379	41	0.35	down	0.6012195121951219	0.9512195121951219	0.3493969512195122	0.996	0.996
MSRA	8:7301024-12598379	41	0.4	down	0.5512195121951219	0.9512195121951219	0.3988701219512195	0.9995	0.9995
MSRA	8:7301024-12598379	41	0.45	down	0.501219512195122	0.9512195121951219	0.4524774390243902	1.0	1.0
MSRA	8:7301024-12598379	41	0.5	down	0.4512195121951219	0.9512195121951219	0.4972030487804877	1.0	1.0
MSRA	8:7301024-12598379	41	0.55	down	0.40121951219512186	0.9512195121951219	0.5494548780487805	1.0	1.0
MSRA	8:7301024-12598379	41	0.6	down	0.35121951219512193	0.9512195121951219	0.5982170731707317	1.0	1.0
MSRA	8:7301024-12598379	41	0.65	down	0.3012195121951219	0.9512195121951219	0.6496493902439024	1.0	1.0
MSRA	8:7301024-12598379	41	0.7	down	0.25121951219512195	0.9512195121951219	0.7010006097560975	1.0	1.0
NEIL2	8:7301024-12598379	41	0.05	up	0.6268292682926829	0.5768292682926829	0.08052682926829269	0.037	0.0025
NEIL2	8:7301024-12598379	41	0.05	down	0.5268292682926828	0.5768292682926829	0.07889756097560972	0.0055	0.0
NEIL2	8:7301024-12598379	41	0.1	up	0.6768292682926829	0.5768292682926829	0.1120256097560976	0.102	0.011
NEIL2	8:7301024-12598379	41	0.1	down	0.4768292682926829	0.5768292682926829	0.10990304878048775	0.0395	0.002
NEIL2	8:7301024-12598379	41	0.15	up	0.7268292682926829	0.5768292682926829	0.15305426829268295	0.2335	0.033
NEIL2	8:7301024-12598379	41	0.15	down	0.42682926829268286	0.5768292682926829	0.15295975609756096	0.15	0.019
NEIL2	8:7301024-12598379	41	0.2	up	0.776829268292683	0.5768292682926829	0.19902926829268297	0.4235	0.0905
NEIL2	8:7301024-12598379	41	0.2	down	0.3768292682926829	0.5768292682926829	0.20407499999999995	0.3755	0.0825
NEIL2	8:7301024-12598379	41	0.25	up	0.8268292682926829	0.5768292682926829	0.25128597560975613	0.6715	0.251
NEIL2	8:7301024-12598379	41	0.25	down	0.3268292682926829	0.5768292682926829	0.24829512195121947	0.5895	0.24
NEIL2	8:7301024-12598379	41	0.3	up	0.8768292682926828	0.5768292682926829	0.29954695121951225	0.8795	0.4965
NEIL2	8:7301024-12598379	41	0.3	down	0.2768292682926829	0.5768292682926829	0.3001945121951219	0.8135	0.516
NEIL2	8:7301024-12598379	41	0.35	up	0.9268292682926829	0.5768292682926829	0.34975609756097564	0.9765	0.811
NEIL2	8:7301024-12598379	41	0.35	down	0.2268292682926829	0.5768292682926829	0.3507701219512195	0.942	0.7755
NEIL2	8:7301024-12598379	41	0.4	up	0.9768292682926829	0.5768292682926829	0.39911829268292676	1.0	0.9865
NEIL2	8:7301024-12598379	41	0.4	down	0.17682926829268286	0.5768292682926829	0.39749329268292677	0.988	0.927
NEIL2	8:7301024-12598379	41	0.45	down	0.12682926829268287	0.5768292682926829	0.4510536585365853	1.0	0.995
NEIL2	8:7301024-12598379	41	0.5	down	0.07682926829268288	0.5768292682926829	0.49944878048780483	1.0	1.0
NEIL2	8:7301024-12598379	41	0.55	down	0.02682926829268284	0.5768292682926829	0.5495207317073171	1.0	1.0
PPP1R3B	8:7301024-12598379	41	0.05	up	0.9536585365853659	0.9036585365853659	0.05908475609756094	0.0	0.0
PPP1R3B	8:7301024-12598379	41	0.05	down	0.8536585365853658	0.9036585365853659	0.06802926829268294	0.0385	0.003
PPP1R3B	8:7301024-12598379	41	0.1	down	0.8036585365853659	0.9036585365853659	0.1063926829268293	0.1435	0.019
PPP1R3B	8:7301024-12598379	41	0.15	down	0.7536585365853659	0.9036585365853659	0.1460737804878049	0.28	0.076
PPP1R3B	8:7301024-12598379	41	0.2	down	0.7036585365853658	0.9036585365853659	0.20093719512195124	0.5205	0.2225
PPP1R3B	8:7301024-12598379	41	0.25	down	0.6536585365853659	0.9036585365853659	0.2556426829268293	0.7395	0.4105
PPP1R3B	8:7301024-12598379	41	0.3	down	0.603658536585366	0.9036585365853659	0.3004317073170732	0.851	0.5845
PPP1R3B	8:7301024-12598379	41	0.35	down	0.5536585365853659	0.9036585365853659	0.3515652439024391	0.928	0.7655
PPP1R3B	8:7301024-12598379	41	0.4	down	0.5036585365853659	0.9036585365853659	0.4031926829268293	0.983	0.896
PPP1R3B	8:7301024-12598379	41	0.45	down	0.45365853658536587	0.9036585365853659	0.4474274390243903	0.994	0.9505
PPP1R3B	8:7301024-12598379	41	0.5	down	0.4036585365853659	0.9036585365853659	0.4968207317073171	0.999	0.985
PPP1R3B	8:7301024-12598379	41	0.55	down	0.35365853658536583	0.9036585365853659	0.5509554878048781	0.9985	0.9955
PPP1R3B	8:7301024-12598379	41	0.6	down	0.3036585365853659	0.9036585365853659	0.6003646341463416	1.0	1.0
PPP1R3B	8:7301024-12598379	41	0.65	down	0.25365853658536586	0.9036585365853659	0.6488487804878049	1.0	1.0
PPP1R3B	8:7301024-12598379	41	0.7	down	0.20365853658536592	0.9036585365853659	0.6993219512195121	1.0	1.0
PRAG1	8:7301024-12598379	41	0.05	up	0.17804878048780487	0.12804878048780488	0.05370426829268293	0.303	0.1715
PRAG1	8:7301024-12598379	41	0.05	down	0.07804878048780488	0.12804878048780488	0.0505829268292683	0.212	0.016
PRAG1	8:7301024-12598379	41	0.1	up	0.2280487804878049	0.12804878048780488	0.10103536585365855	0.6735	0.517
PRAG1	8:7301024-12598379	41	0.1	down	0.028048780487804875	0.12804878048780488	0.09981402439024394	0.9675	0.791
PRAG1	8:7301024-12598379	41	0.15	up	0.2780487804878049	0.12804878048780488	0.14844756097560974	0.8885	0.787
PRAG1	8:7301024-12598379	41	0.2	up	0.3280487804878049	0.12804878048780488	0.1985298780487805	0.969	0.9325
PRAG1	8:7301024-12598379	41	0.25	up	0.3780487804878049	0.12804878048780488	0.2511689024390244	0.9915	0.984
PRAG1	8:7301024-12598379	41	0.3	up	0.42804878048780487	0.12804878048780488	0.2994634146341464	0.999	0.9975
PRAG1	8:7301024-12598379	41	0.35	up	0.47804878048780486	0.12804878048780488	0.34801280487804875	1.0	1.0
PRAG1	8:7301024-12598379	41	0.4	up	0.5280487804878049	0.12804878048780488	0.3995304878048781	1.0	1.0
PRAG1	8:7301024-12598379	41	0.45	up	0.578048780487805	0.12804878048780488	0.45038658536585363	1.0	1.0
PRAG1	8:7301024-12598379	41	0.5	up	0.6280487804878049	0.12804878048780488	0.49906829268292685	1.0	1.0
PRAG1	8:7301024-12598379	41	0.55	up	0.6780487804878049	0.12804878048780488	0.5497012195121952	1.0	1.0
PRAG1	8:7301024-12598379	41	0.6	up	0.7280487804878049	0.12804878048780488	0.6076792682926829	1.0	1.0
PRAG1	8:7301024-12598379	41	0.65	up	0.7780487804878049	0.12804878048780488	0.6475829268292683	1.0	1.0
PRAG1	8:7301024-12598379	41	0.7	up	0.8280487804878048	0.12804878048780488	0.6982347560975609	1.0	1.0
PRSS51	8:7301024-12598379	41	0.05	up	0.33292682926829265	0.28292682926829266	0.06029451219512197	0.184	0.0905
PRSS51	8:7301024-12598379	41	0.05	down	0.23292682926829267	0.28292682926829266	0.055273780487804854	0.091	0.008
PRSS51	8:7301024-12598379	41	0.1	up	0.3829268292682927	0.28292682926829266	0.10091402439024393	0.443	0.278
PRSS51	8:7301024-12598379	41	0.1	down	0.18292682926829265	0.28292682926829266	0.09937743902439021	0.4955	0.186
PRSS51	8:7301024-12598379	41	0.15	up	0.4329268292682926	0.28292682926829266	0.15078597560975612	0.7205	0.557
PRSS51	8:7301024-12598379	41	0.15	down	0.13292682926829266	0.28292682926829266	0.14917987804878044	0.893	0.6825
PRSS51	8:7301024-12598379	41	0.2	up	0.48292682926829267	0.28292682926829266	0.19802987804878053	0.8685	0.767
PRSS51	8:7301024-12598379	41	0.2	down	0.08292682926829265	0.28292682926829266	0.19825731707317074	0.9955	0.97
PRSS51	8:7301024-12598379	41	0.25	up	0.5329268292682927	0.28292682926829266	0.24641036585365855	0.9585	0.9115
PRSS51	8:7301024-12598379	41	0.25	down	0.03292682926829266	0.28292682926829266	0.25015365853658533	1.0	1.0
PRSS51	8:7301024-12598379	41	0.3	up	0.5829268292682926	0.28292682926829266	0.30064878048780486	0.9905	0.974
PRSS51	8:7301024-12598379	41	0.35	up	0.6329268292682926	0.28292682926829266	0.3488963414634147	0.998	0.9935
PRSS51	8:7301024-12598379	41	0.4	up	0.6829268292682926	0.28292682926829266	0.4021993902439025	1.0	0.9985
PRSS51	8:7301024-12598379	41	0.45	up	0.7329268292682927	0.28292682926829266	0.45091341463414636	1.0	1.0
PRSS51	8:7301024-12598379	41	0.5	up	0.7829268292682927	0.28292682926829266	0.4996121951219512	1.0	1.0
PRSS51	8:7301024-12598379	41	0.55	up	0.8329268292682928	0.28292682926829266	0.5480798780487806	1.0	1.0
PRSS51	8:7301024-12598379	41	0.6	up	0.8829268292682926	0.28292682926829266	0.6015006097560975	1.0	1.0
PRSS51	8:7301024-12598379	41	0.65	up	0.9329268292682926	0.28292682926829266	0.6511237804878048	1.0	1.0
PRSS51	8:7301024-12598379	41	0.7	up	0.9829268292682927	0.28292682926829266	0.7000249999999999	1.0	1.0
PRSS55	8:7301024-12598379	41	0.05	up	0.23780487804878048	0.1878048780487805	0.05595121951219513	0.2005	0.095
PRSS55	8:7301024-12598379	41	0.05	down	0.1378048780487805	0.1878048780487805	0.05218048780487806	0.107	0.003
PRSS55	8:7301024-12598379	41	0.1	up	0.2878048780487805	0.1878048780487805	0.10009512195121952	0.5345	0.349
PRSS55	8:7301024-12598379	41	0.1	down	0.08780487804878048	0.1878048780487805	0.09970121951219514	0.7125	0.2835
PRSS55	8:7301024-12598379	41	0.15	up	0.33780487804878045	0.1878048780487805	0.14862439024390245	0.7915	0.648
PRSS55	8:7301024-12598379	41	0.15	down	0.037804878048780494	0.1878048780487805	0.15020060975609756	0.9965	0.9595
PRSS55	8:7301024-12598379	41	0.2	up	0.3878048780487805	0.1878048780487805	0.19792439024390246	0.9355	0.8445
PRSS55	8:7301024-12598379	41	0.25	up	0.4378048780487805	0.1878048780487805	0.2510737804878049	0.986	0.956
PRSS55	8:7301024-12598379	41	0.3	up	0.4878048780487805	0.1878048780487805	0.29980365853658536	0.998	0.9905
PRSS55	8:7301024-12598379	41	0.35	up	0.5378048780487805	0.1878048780487805	0.35032865853658535	0.999	0.9965
PRSS55	8:7301024-12598379	41	0.4	up	0.5878048780487806	0.1878048780487805	0.40185609756097557	1.0	0.9995
PRSS55	8:7301024-12598379	41	0.45	up	0.6378048780487805	0.1878048780487805	0.44843048780487804	1.0	1.0
PRSS55	8:7301024-12598379	41	0.5	up	0.6878048780487804	0.1878048780487805	0.5009567073170732	1.0	1.0
PRSS55	8:7301024-12598379	41	0.55	up	0.7378048780487805	0.1878048780487805	0.5484347560975609	1.0	1.0
PRSS55	8:7301024-12598379	41	0.6	up	0.7878048780487805	0.1878048780487805	0.5966408536585366	1.0	1.0
PRSS55	8:7301024-12598379	41	0.65	up	0.8378048780487806	0.1878048780487805	0.649523780487805	1.0	1.0
PRSS55	8:7301024-12598379	41	0.7	up	0.8878048780487804	0.1878048780487805	0.6986780487804878	1.0	1.0
RP1L1	8:7301024-12598379	41	0.05	up	0.11219512195121951	0.06219512195121951	0.051556707317073174	0.451	0.307
RP1L1	8:7301024-12598379	41	0.05	down	0.01219512195121951	0.06219512195121951	0.04972378048780489	0.54	0.0
RP1L1	8:7301024-12598379	41	0.1	up	0.16219512195121952	0.06219512195121951	0.09774634146341464	0.824	0.713
RP1L1	8:7301024-12598379	41	0.15	up	0.2121951219512195	0.06219512195121951	0.14826158536585365	0.964	0.9235
RP1L1	8:7301024-12598379	41	0.2	up	0.2621951219512195	0.06219512195121951	0.19853841463414634	0.9915	0.9775
RP1L1	8:7301024-12598379	41	0.25	up	0.3121951219512195	0.06219512195121951	0.24799939024390244	0.9985	0.997
RP1L1	8:7301024-12598379	41	0.3	up	0.3621951219512195	0.06219512195121951	0.30288658536585367	1.0	0.9995
RP1L1	8:7301024-12598379	41	0.35	up	0.4121951219512195	0.06219512195121951	0.3510890243902439	1.0	1.0
RP1L1	8:7301024-12598379	41	0.4	up	0.46219512195121953	0.06219512195121951	0.3955170731707317	1.0	1.0
RP1L1	8:7301024-12598379	41	0.45	up	0.5121951219512195	0.06219512195121951	0.4513908536585366	1.0	1.0
RP1L1	8:7301024-12598379	41	0.5	up	0.5621951219512196	0.06219512195121951	0.5021359756097561	1.0	1.0
RP1L1	8:7301024-12598379	41	0.55	up	0.6121951219512196	0.06219512195121951	0.5514384146341463	1.0	1.0
RP1L1	8:7301024-12598379	41	0.6	up	0.6621951219512194	0.06219512195121951	0.5995853658536586	1.0	1.0
RP1L1	8:7301024-12598379	41	0.65	up	0.7121951219512195	0.06219512195121951	0.6545658536585365	1.0	1.0
RP1L1	8:7301024-12598379	41	0.7	up	0.7621951219512195	0.06219512195121951	0.700610975609756	1.0	1.0
SLC35G5	8:7301024-12598379	41	0.05	up	0.30121951219512194	0.25121951219512195	0.06113353658536586	0.334	0.2335
SLC35G5	8:7301024-12598379	41	0.05	down	0.20121951219512196	0.25121951219512195	0.05281036585365854	0.271	0.0685
SLC35G5	8:7301024-12598379	41	0.1	up	0.35121951219512193	0.25121951219512195	0.10433658536585366	0.6435	0.523
SLC35G5	8:7301024-12598379	41	0.1	down	0.15121951219512195	0.25121951219512195	0.1001908536585366	0.8555	0.649
SLC35G5	8:7301024-12598379	41	0.15	up	0.401219512195122	0.25121951219512195	0.15153780487804877	0.829	0.75
SLC35G5	8:7301024-12598379	41	0.15	down	0.10121951219512196	0.25121951219512195	0.15033536585365853	0.993	0.974
SLC35G5	8:7301024-12598379	41	0.2	up	0.45121951219512196	0.25121951219512195	0.20263902439024392	0.951	0.897
SLC35G5	8:7301024-12598379	41	0.2	down	0.05121951219512194	0.25121951219512195	0.1997908536585366	1.0	1.0
SLC35G5	8:7301024-12598379	41	0.25	up	0.501219512195122	0.25121951219512195	0.24947256097560974	0.9835	0.9645
SLC35G5	8:7301024-12598379	41	0.25	down	0.0012195121951219523	0.25121951219512195	0.24999756097560974	1.0	1.0
SLC35G5	8:7301024-12598379	41	0.3	up	0.551219512195122	0.25121951219512195	0.2995091463414634	0.9955	0.991
SLC35G5	8:7301024-12598379	41	0.35	up	0.6012195121951219	0.25121951219512195	0.35071829268292687	1.0	1.0
SLC35G5	8:7301024-12598379	41	0.4	up	0.651219512195122	0.25121951219512195	0.40327439024390244	1.0	1.0
SLC35G5	8:7301024-12598379	41	0.45	up	0.7012195121951219	0.25121951219512195	0.4477243902439025	0.9995	0.9995
SLC35G5	8:7301024-12598379	41	0.5	up	0.751219512195122	0.25121951219512195	0.49580792682926833	1.0	1.0
SLC35G5	8:7301024-12598379	41	0.55	up	0.801219512195122	0.25121951219512195	0.5468390243902439	1.0	1.0
SLC35G5	8:7301024-12598379	41	0.6	up	0.8512195121951219	0.25121951219512195	0.6007750000000001	1.0	1.0
SLC35G5	8:7301024-12598379	41	0.65	up	0.901219512195122	0.25121951219512195	0.6520268292682927	1.0	1.0
SLC35G5	8:7301024-12598379	41	0.7	up	0.9512195121951219	0.25121951219512195	0.6990292682926829	1.0	1.0
SOX7	8:7301024-12598379	41	0.05	up	0.5024390243902439	0.4524390243902439	0.0662798780487805	0.081	0.0275
SOX7	8:7301024-12598379	41	0.05	down	0.4024390243902439	0.4524390243902439	0.06314329268292684	0.025	0.001
SOX7	8:7301024-12598379	41	0.1	up	0.552439024390244	0.4524390243902439	0.10442012195121951	0.222	0.1105
SOX7	8:7301024-12598379	41	0.1	down	0.3524390243902439	0.4524390243902439	0.10357560975609757	0.174	0.0365
SOX7	8:7301024-12598379	41	0.15	up	0.6024390243902439	0.4524390243902439	0.15186951219512196	0.4725	0.2905
SOX7	8:7301024-12598379	41	0.15	down	0.30243902439024395	0.4524390243902439	0.148769512195122	0.4655	0.209
SOX7	8:7301024-12598379	41	0.2	up	0.6524390243902439	0.4524390243902439	0.1988567073170732	0.694	0.4875
SOX7	8:7301024-12598379	41	0.2	down	0.2524390243902439	0.4524390243902439	0.2002817073170732	0.799	0.5475
SOX7	8:7301024-12598379	41	0.25	up	0.7024390243902439	0.4524390243902439	0.24904390243902438	0.8715	0.723
SOX7	8:7301024-12598379	41	0.25	down	0.20243902439024392	0.4524390243902439	0.24965121951219515	0.9525	0.8505
SOX7	8:7301024-12598379	41	0.3	up	0.7524390243902439	0.4524390243902439	0.2977189024390244	0.959	0.89
SOX7	8:7301024-12598379	41	0.3	down	0.15243902439024393	0.4524390243902439	0.30101585365853656	0.9955	0.9745
SOX7	8:7301024-12598379	41	0.35	up	0.802439024390244	0.4524390243902439	0.34524268292682925	0.9865	0.9635
SOX7	8:7301024-12598379	41	0.35	down	0.10243902439024394	0.4524390243902439	0.3508054878048781	1.0	0.999
SOX7	8:7301024-12598379	41	0.4	up	0.852439024390244	0.4524390243902439	0.39924634146341464	0.999	0.993
SOX7	8:7301024-12598379	41	0.4	down	0.052439024390243894	0.4524390243902439	0.3993628048780488	1.0	1.0
SOX7	8:7301024-12598379	41	0.45	up	0.9024390243902439	0.4524390243902439	0.45094512195121955	1.0	1.0
SOX7	8:7301024-12598379	41	0.45	down	0.0024390243902439046	0.4524390243902439	0.4500030487804878	1.0	1.0
SOX7	8:7301024-12598379	41	0.5	up	0.9524390243902439	0.4524390243902439	0.49933170731707327	1.0	1.0
XKR6	8:7301024-12598379	41	0.05	down	0.9012195121951219	0.9512195121951219	0.06166341463414632	0.3535	0.3535
XKR6	8:7301024-12598379	41	0.1	down	0.8512195121951219	0.9512195121951219	0.10312195121951215	0.6305	0.6305
XKR6	8:7301024-12598379	41	0.15	down	0.8012195121951219	0.9512195121951219	0.1526274390243902	0.8275	0.8275
XKR6	8:7301024-12598379	41	0.2	down	0.751219512195122	0.9512195121951219	0.20063231707317067	0.9215	0.9215
XKR6	8:7301024-12598379	41	0.25	down	0.7012195121951219	0.9512195121951219	0.2515353658536585	0.9675	0.9675
XKR6	8:7301024-12598379	41	0.3	down	0.6512195121951219	0.9512195121951219	0.29784329268292675	0.9915	0.9915
XKR6	8:7301024-12598379	41	0.35	down	0.6012195121951219	0.9512195121951219	0.35195060975609754	0.9995	0.9995
XKR6	8:7301024-12598379	41	0.4	down	0.5512195121951219	0.9512195121951219	0.4003237804878048	0.9995	0.9995
XKR6	8:7301024-12598379	41	0.45	down	0.501219512195122	0.9512195121951219	0.45381097560975603	1.0	1.0
XKR6	8:7301024-12598379	41	0.5	down	0.4512195121951219	0.9512195121951219	0.5033646341463414	1.0	1.0
XKR6	8:7301024-12598379	41	0.55	down	0.40121951219512186	0.9512195121951219	0.5515719512195121	1.0	1.0
XKR6	8:7301024-12598379	41	0.6	down	0.35121951219512193	0.9512195121951219	0.6017890243902438	1.0	1.0
XKR6	8:7301024-12598379	41	0.65	down	0.3012195121951219	0.9512195121951219	0.6497091463414634	1.0	1.0
XKR6	8:7301024-12598379	41	0.7	down	0.25121951219512195	0.9512195121951219	0.6978310975609756	1.0	1.0
HNRNPCL2	1:13104252-13122521	42	0.05	up	0.20263157894736844	0.15263157894736842	0.05492659086741243	0.013	0.0015
HNRNPCL2	1:13104252-13122521	42	0.05	down	0.10263157894736842	0.15263157894736842	0.054569533590072744	0.0	0.0
HNRNPCL2	1:13104252-13122521	42	0.1	up	0.25263157894736843	0.15263157894736842	0.09856681337490066	0.063	0.0085
HNRNPCL2	1:13104252-13122521	42	0.1	down	0.05263157894736842	0.15263157894736842	0.0999097499847179	0.0	0.0
HNRNPCL2	1:13104252-13122521	42	0.15	up	0.3026315789473684	0.15263157894736842	0.14981092976343297	0.2575	0.043
HNRNPCL2	1:13104252-13122521	42	0.15	down	0.0026315789473684292	0.15263157894736842	0.15011241518430224	0.0	0.0
HNRNPCL2	1:13104252-13122521	42	0.2	up	0.3526315789473684	0.15263157894736842	0.20060990280579494	0.5765	0.217
HNRNPCL2	1:13104252-13122521	42	0.25	up	0.40263157894736845	0.15263157894736842	0.2459073292988569	0.7935	0.4465
HNRNPCL2	1:13104252-13122521	42	0.3	up	0.4526315789473684	0.15263157894736842	0.30219420502475697	0.947	0.7235
HNRNPCL2	1:13104252-13122521	42	0.35	up	0.5026315789473684	0.15263157894736842	0.3521791063023412	0.9805	0.873
HNRNPCL2	1:13104252-13122521	42	0.4	up	0.5526315789473685	0.15263157894736842	0.40130454184241093	0.996	0.96
HNRNPCL2	1:13104252-13122521	42	0.45	up	0.6026315789473684	0.15263157894736842	0.45060535485054093	1.0	0.9905
HNRNPCL2	1:13104252-13122521	42	0.5	up	0.6526315789473685	0.15263157894736842	0.49940384497829937	1.0	0.999
HNRNPCL2	1:13104252-13122521	42	0.55	up	0.7026315789473685	0.15263157894736842	0.5518184791246408	1.0	1.0
HNRNPCL2	1:13104252-13122521	42	0.6	up	0.7526315789473684	0.15263157894736842	0.5987708600770217	1.0	0.9995
HNRNPCL2	1:13104252-13122521	42	0.65	up	0.8026315789473685	0.15263157894736842	0.6510077938749311	1.0	1.0
HNRNPCL2	1:13104252-13122521	42	0.7	up	0.8526315789473684	0.15263157894736842	0.6987400819120971	1.0	1.0
FLNA	X:154347246-154384867	21	0.05	up	0.6337438423645321	0.583743842364532	0.11111937602627257	0.008	0.0
FLNA	X:154347246-154384867	21	0.05	down	0.533743842364532	0.583743842364532	0.11176272577996715	0.0085	0.0
FLNA	X:154347246-154384867	21	0.1	up	0.683743842364532	0.583743842364532	0.13374778325123152	0.017	0.0
FLNA	X:154347246-154384867	21	0.1	down	0.48374384236453205	0.583743842364532	0.13028620689655174	0.0135	0.0
FLNA	X:154347246-154384867	21	0.15	up	0.733743842364532	0.583743842364532	0.16724827586206897	0.039	0.0
FLNA	X:154347246-154384867	21	0.15	down	0.433743842364532	0.583743842364532	0.16252405582922824	0.0335	0.001
FLNA	X:154347246-154384867	21	0.2	up	0.783743842364532	0.583743842364532	0.2012560755336617	0.066	0.0
FLNA	X:154347246-154384867	21	0.2	down	0.383743842364532	0.583743842364532	0.2137152709359606	0.1295	0.011
FLNA	X:154347246-154384867	21	0.25	up	0.833743842364532	0.583743842364532	0.256677750410509	0.1595	0.0
FLNA	X:154347246-154384867	21	0.25	down	0.33374384236453203	0.583743842364532	0.25325837438423643	0.25	0.038
FLNA	X:154347246-154384867	21	0.3	up	0.8837438423645321	0.583743842364532	0.299585632183908	0.276	0.0
FLNA	X:154347246-154384867	21	0.3	down	0.28374384236453204	0.583743842364532	0.30095353037766837	0.404	0.1015
FLNA	X:154347246-154384867	21	0.35	up	0.933743842364532	0.583743842364532	0.3523775862068965	0.491	0.0
FLNA	X:154347246-154384867	21	0.35	down	0.23374384236453205	0.583743842364532	0.348264039408867	0.603	0.224
FLNA	X:154347246-154384867	21	0.4	up	0.983743842364532	0.583743842364532	0.40032044334975375	0.8485	0.0
FLNA	X:154347246-154384867	21	0.4	down	0.183743842364532	0.583743842364532	0.3979057471264368	0.767	0.424
FLNA	X:154347246-154384867	21	0.45	down	0.13374384236453202	0.583743842364532	0.4495819376026273	0.907	0.67
FLNA	X:154347246-154384867	21	0.5	down	0.08374384236453203	0.583743842364532	0.4982081280788178	0.9825	0.8775
FLNA	X:154347246-154384867	21	0.55	down	0.033743842364531984	0.583743842364532	0.5502533661740558	1.0	0.994
AIMP2	7:5989046-6735643	9	0.05	up	0.6040334855403349	0.5540334855403348	0.12891990106544904	0.064	0.0
AIMP2	7:5989046-6735643	9	0.05	down	0.5040334855403348	0.5540334855403348	0.1357275494672755	0.097	0.0
AIMP2	7:5989046-6735643	9	0.1	up	0.6540334855403348	0.5540334855403348	0.15296270928462713	0.1095	0.0
AIMP2	7:5989046-6735643	9	0.1	down	0.45403348554033485	0.5540334855403348	0.16414231354642317	0.2325	0.001
AIMP2	7:5989046-6735643	9	0.15	up	0.7040334855403348	0.5540334855403348	0.1796291856925419	0.165	0.0
AIMP2	7:5989046-6735643	9	0.15	down	0.4040334855403348	0.5540334855403348	0.19266076864535767	0.348	0.0085
AIMP2	7:5989046-6735643	9	0.2	up	0.7540334855403348	0.5540334855403348	0.216386796042618	0.2485	0.0
AIMP2	7:5989046-6735643	9	0.2	down	0.3540334855403348	0.5540334855403348	0.22898135464231353	0.501	0.0195
AIMP2	7:5989046-6735643	9	0.25	up	0.8040334855403348	0.5540334855403348	0.25498477929984786	0.3375	0.0
AIMP2	7:5989046-6735643	9	0.25	down	0.3040334855403348	0.5540334855403348	0.2618023211567732	0.6235	0.049
AIMP2	7:5989046-6735643	9	0.3	up	0.8540334855403349	0.5540334855403348	0.3064060121765602	0.492	0.0
AIMP2	7:5989046-6735643	9	0.3	down	0.25403348554033484	0.5540334855403348	0.3058702435312024	0.7515	0.1255
AIMP2	7:5989046-6735643	9	0.35	up	0.9040334855403348	0.5540334855403348	0.34784798325723	0.615	0.0
AIMP2	7:5989046-6735643	9	0.35	down	0.20403348554033485	0.5540334855403348	0.35308447488584477	0.854	0.2465
AIMP2	7:5989046-6735643	9	0.4	up	0.9540334855403348	0.5540334855403348	0.39739554794520565	0.797	0.0
AIMP2	7:5989046-6735643	9	0.4	down	0.1540334855403348	0.5540334855403348	0.4035962709284627	0.9345	0.403
AIMP2	7:5989046-6735643	9	0.45	down	0.10403348554033481	0.5540334855403348	0.45108885083713846	0.973	0.624
AIMP2	7:5989046-6735643	9	0.5	down	0.054033485540334825	0.5540334855403348	0.5001183409436833	0.9975	0.844
AIMP2	7:5989046-6735643	9	0.55	down	0.00403348554033478	0.5540334855403348	0.5504362633181125	1.0	0.9995
ANKRD61	7:5989046-6735643	9	0.05	up	0.5336377473363775	0.4836377473363775	0.1267555175038052	0.033	0.0
ANKRD61	7:5989046-6735643	9	0.05	down	0.4336377473363775	0.4836377473363775	0.13578215372907157	0.0445	0.0
ANKRD61	7:5989046-6735643	9	0.1	up	0.5836377473363775	0.4836377473363775	0.15302606544901068	0.0575	0.0
ANKRD61	7:5989046-6735643	9	0.1	down	0.38363774733637745	0.4836377473363775	0.1654781202435312	0.0985	0.0
ANKRD61	7:5989046-6735643	9	0.15	up	0.6336377473363775	0.4836377473363775	0.182265601217656	0.0995	0.0
ANKRD61	7:5989046-6735643	9	0.15	down	0.3336377473363775	0.4836377473363775	0.18641590563165905	0.17	0.0
ANKRD61	7:5989046-6735643	9	0.2	up	0.6836377473363775	0.4836377473363775	0.22448915525114152	0.16	0.0
ANKRD61	7:5989046-6735643	9	0.2	down	0.2836377473363775	0.4836377473363775	0.22219863013698632	0.2895	0.0
ANKRD61	7:5989046-6735643	9	0.25	up	0.7336377473363775	0.4836377473363775	0.2524442541856925	0.2	0.0
ANKRD61	7:5989046-6735643	9	0.25	down	0.2336377473363775	0.4836377473363775	0.26403976407914764	0.4335	0.0
ANKRD61	7:5989046-6735643	9	0.3	up	0.7836377473363775	0.4836377473363775	0.30226522070015216	0.3055	0.0
ANKRD61	7:5989046-6735643	9	0.3	down	0.1836377473363775	0.4836377473363775	0.3054826864535769	0.5935	0.0
ANKRD61	7:5989046-6735643	9	0.35	up	0.8336377473363774	0.4836377473363775	0.34941761796042614	0.4195	0.0
ANKRD61	7:5989046-6735643	9	0.35	down	0.1336377473363775	0.4836377473363775	0.35140943683409437	0.764	0.0
ANKRD61	7:5989046-6735643	9	0.4	up	0.8836377473363775	0.4836377473363775	0.40055631659056307	0.5605	0.0
ANKRD61	7:5989046-6735643	9	0.4	down	0.08363774733637747	0.4836377473363775	0.39880041856925424	0.9105	0.0
ANKRD61	7:5989046-6735643	9	0.45	up	0.9336377473363775	0.4836377473363775	0.4498964992389649	0.7305	0.0
ANKRD61	7:5989046-6735643	9	0.45	down	0.03363774733637748	0.4836377473363775	0.4487210806697109	0.9875	0.0
ANKRD61	7:5989046-6735643	9	0.5	up	0.9836377473363775	0.4836377473363775	0.49930669710806697	0.9245	0.0
CYTH3	7:5989046-6735643	9	0.05	down	0.95	1.0	0.05391666666666666	0.0245	0.0245
CYTH3	7:5989046-6735643	9	0.1	down	0.9	1.0	0.10184722222222223	0.082	0.082
CYTH3	7:5989046-6735643	9	0.15	down	0.85	1.0	0.15408333333333332	0.1525	0.1525
CYTH3	7:5989046-6735643	9	0.2	down	0.8	1.0	0.19577777777777777	0.2505	0.2505
CYTH3	7:5989046-6735643	9	0.25	down	0.75	1.0	0.24593055555555554	0.3345	0.3345
CYTH3	7:5989046-6735643	9	0.3	down	0.7	1.0	0.29875	0.438	0.438
CYTH3	7:5989046-6735643	9	0.35	down	0.65	1.0	0.35034722222222225	0.547	0.547
CYTH3	7:5989046-6735643	9	0.4	down	0.6	1.0	0.4014166666666667	0.646	0.646
CYTH3	7:5989046-6735643	9	0.45	down	0.55	1.0	0.4431388888888889	0.706	0.706
CYTH3	7:5989046-6735643	9	0.5	down	0.5	1.0	0.506375	0.783	0.783
CYTH3	7:5989046-6735643	9	0.55	down	0.44999999999999996	1.0	0.5529722222222222	0.859	0.859
CYTH3	7:5989046-6735643	9	0.6	down	0.4	1.0	0.5968611111111111	0.9	0.9
CYTH3	7:5989046-6735643	9	0.65	down	0.35	1.0	0.6523472222222222	0.9385	0.9385
CYTH3	7:5989046-6735643	9	0.7	down	0.30000000000000004	1.0	0.6969166666666665	0.9635	0.9635
DAGLB	7:5989046-6735643	9	0.05	up	0.5701674277016743	0.5201674277016742	0.1656487823439878	0.0	0.0
DAGLB	7:5989046-6735643	9	0.05	down	0.47016742770167425	0.5201674277016742	0.1772361111111111	0.0	0.0
DAGLB	7:5989046-6735643	9	0.1	up	0.6201674277016742	0.5201674277016742	0.17997146118721463	0.0	0.0
DAGLB	7:5989046-6735643	9	0.1	down	0.42016742770167426	0.5201674277016742	0.19617389649923894	0.001	0.001
DAGLB	7:5989046-6735643	9	0.15	up	0.6701674277016743	0.5201674277016742	0.20162271689497718	0.0	0.0
DAGLB	7:5989046-6735643	9	0.15	down	0.3701674277016742	0.5201674277016742	0.20999980974124807	0.0005	0.0005
DAGLB	7:5989046-6735643	9	0.2	up	0.7201674277016743	0.5201674277016742	0.23577130898021315	0.0	0.0
DAGLB	7:5989046-6735643	9	0.2	down	0.3201674277016742	0.5201674277016742	0.238796803652968	0.0015	0.0015
DAGLB	7:5989046-6735643	9	0.25	up	0.7701674277016742	0.5201674277016742	0.2765810502283106	0.0	0.0
DAGLB	7:5989046-6735643	9	0.25	down	0.27016742770167423	0.5201674277016742	0.2732629375951294	0.0095	0.0095
DAGLB	7:5989046-6735643	9	0.3	up	0.8201674277016742	0.5201674277016742	0.3038264840182649	0.0	0.0
DAGLB	7:5989046-6735643	9	0.3	down	0.22016742770167425	0.5201674277016742	0.308138508371385	0.021	0.021
DAGLB	7:5989046-6735643	9	0.35	up	0.8701674277016742	0.5201674277016742	0.3534461567732117	0.0	0.0
DAGLB	7:5989046-6735643	9	0.35	down	0.17016742770167426	0.5201674277016742	0.3567625570776255	0.044	0.044
DAGLB	7:5989046-6735643	9	0.4	up	0.9201674277016743	0.5201674277016742	0.403357686453577	0.0	0.0
DAGLB	7:5989046-6735643	9	0.4	down	0.12016742770167421	0.5201674277016742	0.4004065829528158	0.1015	0.1015
DAGLB	7:5989046-6735643	9	0.45	up	0.9701674277016743	0.5201674277016742	0.44919235159817367	0.0	0.0
DAGLB	7:5989046-6735643	9	0.45	down	0.07016742770167422	0.5201674277016742	0.45043398021308967	0.2445	0.2445
DAGLB	7:5989046-6735643	9	0.5	down	0.020167427701674234	0.5201674277016742	0.49907020547945197	0.6085	0.6085
EIF2AK1	7:5989046-6735643	9	0.05	up	0.513089802130898	0.463089802130898	0.1439246575342466	0.036	0.0
EIF2AK1	7:5989046-6735643	9	0.05	down	0.413089802130898	0.463089802130898	0.15002606544901068	0.0275	0.0
EIF2AK1	7:5989046-6735643	9	0.1	up	0.563089802130898	0.463089802130898	0.1610804794520548	0.0505	0.0
EIF2AK1	7:5989046-6735643	9	0.1	down	0.36308980213089803	0.463089802130898	0.16648363774733635	0.049	0.0
EIF2AK1	7:5989046-6735643	9	0.15	up	0.613089802130898	0.463089802130898	0.1836898782343988	0.0795	0.0
EIF2AK1	7:5989046-6735643	9	0.15	down	0.313089802130898	0.463089802130898	0.1946244292237443	0.1175	0.0
EIF2AK1	7:5989046-6735643	9	0.2	up	0.663089802130898	0.463089802130898	0.2277977549467276	0.143	0.0
EIF2AK1	7:5989046-6735643	9	0.2	down	0.263089802130898	0.463089802130898	0.2293325722983257	0.2185	0.0
EIF2AK1	7:5989046-6735643	9	0.25	up	0.713089802130898	0.463089802130898	0.26461662861491636	0.204	0.0
EIF2AK1	7:5989046-6735643	9	0.25	down	0.213089802130898	0.463089802130898	0.2638255327245053	0.3255	0.0
EIF2AK1	7:5989046-6735643	9	0.3	up	0.763089802130898	0.463089802130898	0.31104261796042626	0.2855	0.0
EIF2AK1	7:5989046-6735643	9	0.3	down	0.16308980213089802	0.463089802130898	0.3049967656012176	0.4705	0.0
EIF2AK1	7:5989046-6735643	9	0.35	up	0.813089802130898	0.463089802130898	0.3605264459665145	0.411	0.0
EIF2AK1	7:5989046-6735643	9	0.35	down	0.11308980213089803	0.463089802130898	0.34516571537290713	0.634	0.0
EIF2AK1	7:5989046-6735643	9	0.4	up	0.863089802130898	0.463089802130898	0.39905365296803663	0.498	0.0
EIF2AK1	7:5989046-6735643	9	0.4	down	0.06308980213089799	0.463089802130898	0.3983580669710806	0.8425	0.0
EIF2AK1	7:5989046-6735643	9	0.45	up	0.913089802130898	0.463089802130898	0.4533101217656013	0.675	0.0
EIF2AK1	7:5989046-6735643	9	0.45	down	0.013089802130897998	0.463089802130898	0.4491175799086757	0.986	0.0
EIF2AK1	7:5989046-6735643	9	0.5	up	0.963089802130898	0.463089802130898	0.4982252663622528	0.835	0.0
FAM220A	7:5989046-6735643	9	0.05	up	0.31750380517503807	0.2675038051750381	0.09043245814307459	0.0835	0.0225
FAM220A	7:5989046-6735643	9	0.05	down	0.2175038051750381	0.2675038051750381	0.09532857686453579	0.0945	0.006
FAM220A	7:5989046-6735643	9	0.1	up	0.3675038051750381	0.2675038051750381	0.12349581430745814	0.157	0.0675
FAM220A	7:5989046-6735643	9	0.1	down	0.16750380517503807	0.2675038051750381	0.1174480593607306	0.2205	0.0005
FAM220A	7:5989046-6735643	9	0.15	up	0.41750380517503805	0.2675038051750381	0.17298401826484017	0.2875	0.1395
FAM220A	7:5989046-6735643	9	0.15	down	0.11750380517503808	0.2675038051750381	0.15721213850837143	0.467	0.0
FAM220A	7:5989046-6735643	9	0.2	up	0.4675038051750381	0.2675038051750381	0.20659246575342463	0.387	0.1985
FAM220A	7:5989046-6735643	9	0.2	down	0.06750380517503807	0.2675038051750381	0.20234950532724508	0.772	0.0
FAM220A	7:5989046-6735643	9	0.25	up	0.517503805175038	0.2675038051750381	0.2550943683409436	0.491	0.2865
FAM220A	7:5989046-6735643	9	0.25	down	0.01750380517503808	0.2675038051750381	0.2487538051750381	0.98	0.0
FAM220A	7:5989046-6735643	9	0.3	up	0.5675038051750381	0.2675038051750381	0.3036236681887367	0.59	0.389
FAM220A	7:5989046-6735643	9	0.35	up	0.6175038051750381	0.2675038051750381	0.3596504946727549	0.7055	0.4825
FAM220A	7:5989046-6735643	9	0.4	up	0.6675038051750382	0.2675038051750381	0.3996198630136986	0.784	0.567
FAM220A	7:5989046-6735643	9	0.45	up	0.7175038051750381	0.2675038051750381	0.44931735159817343	0.858	0.675
FAM220A	7:5989046-6735643	9	0.5	up	0.767503805175038	0.2675038051750381	0.4993506468797564	0.917	0.752
FAM220A	7:5989046-6735643	9	0.55	up	0.8175038051750381	0.2675038051750381	0.5499720319634702	0.957	0.852
FAM220A	7:5989046-6735643	9	0.6	up	0.8675038051750381	0.2675038051750381	0.5999756468797564	0.984	0.9075
FAM220A	7:5989046-6735643	9	0.65	up	0.9175038051750382	0.2675038051750381	0.6462739726027397	0.9955	0.9665
FAM220A	7:5989046-6735643	9	0.7	up	0.967503805175038	0.2675038051750381	0.7002739726027398	0.9995	0.9955
GRID2IP	7:5989046-6735643	9	0.05	up	0.171765601217656	0.121765601217656	0.08008276255707764	0.173	0.059
GRID2IP	7:5989046-6735643	9	0.05	down	0.071765601217656	0.121765601217656	0.06877073820395738	0.0195	0.003
GRID2IP	7:5989046-6735643	9	0.1	up	0.221765601217656	0.121765601217656	0.11759950532724506	0.3305	0.148
GRID2IP	7:5989046-6735643	9	0.1	down	0.021765601217656	0.121765601217656	0.10129642313546423	0.001	0.0
GRID2IP	7:5989046-6735643	9	0.15	up	0.271765601217656	0.121765601217656	0.15908504566210047	0.485	0.2435
GRID2IP	7:5989046-6735643	9	0.2	up	0.321765601217656	0.121765601217656	0.20810597412480977	0.63	0.371
GRID2IP	7:5989046-6735643	9	0.25	up	0.371765601217656	0.121765601217656	0.2572777777777778	0.73	0.4975
GRID2IP	7:5989046-6735643	9	0.3	up	0.421765601217656	0.121765601217656	0.3036236681887367	0.8165	0.602
GRID2IP	7:5989046-6735643	9	0.35	up	0.471765601217656	0.121765601217656	0.34708276255707765	0.872	0.688
GRID2IP	7:5989046-6735643	9	0.4	up	0.521765601217656	0.121765601217656	0.4007113774733638	0.9215	0.7665
GRID2IP	7:5989046-6735643	9	0.45	up	0.571765601217656	0.121765601217656	0.4565344368340944	0.9515	0.8485
GRID2IP	7:5989046-6735643	9	0.5	up	0.621765601217656	0.121765601217656	0.5025441400304415	0.9675	0.903
GRID2IP	7:5989046-6735643	9	0.55	up	0.671765601217656	0.121765601217656	0.5582246955859969	0.9885	0.939
GRID2IP	7:5989046-6735643	9	0.6	up	0.721765601217656	0.121765601217656	0.6013283866057839	0.9935	0.97
GRID2IP	7:5989046-6735643	9	0.65	up	0.771765601217656	0.121765601217656	0.6501894977168949	0.998	0.985
GRID2IP	7:5989046-6735643	9	0.7	up	0.821765601217656	0.121765601217656	0.712720509893455	1.0	0.995
INTS15	7:5989046-6735643	9	0.05	up	0.8688736681887367	0.8188736681887366	0.1413548325722983	0.012	0.002
INTS15	7:5989046-6735643	9	0.05	down	0.7688736681887366	0.8188736681887366	0.1549602359208523	0.08	0.0125
INTS15	7:5989046-6735643	9	0.1	up	0.9188736681887366	0.8188736681887366	0.14581145357686454	0.0035	0.0
INTS15	7:5989046-6735643	9	0.1	down	0.7188736681887367	0.8188736681887366	0.17615258751902582	0.1275	0.0355
INTS15	7:5989046-6735643	9	0.15	up	0.9688736681887367	0.8188736681887366	0.16387385844748856	0.0005	0.0
INTS15	7:5989046-6735643	9	0.15	down	0.6688736681887366	0.8188736681887366	0.2046303272450532	0.203	0.0655
INTS15	7:5989046-6735643	9	0.2	down	0.6188736681887366	0.8188736681887366	0.23827987062404865	0.2955	0.1105
INTS15	7:5989046-6735643	9	0.25	down	0.5688736681887366	0.8188736681887366	0.2827532343987823	0.405	0.1625
INTS15	7:5989046-6735643	9	0.3	down	0.5188736681887367	0.8188736681887366	0.31578424657534243	0.483	0.2175
INTS15	7:5989046-6735643	9	0.35	down	0.46887366818873666	0.8188736681887366	0.3647197488584475	0.586	0.316
INTS15	7:5989046-6735643	9	0.4	down	0.4188736681887366	0.8188736681887366	0.41114250380517503	0.6885	0.422
INTS15	7:5989046-6735643	9	0.45	down	0.3688736681887366	0.8188736681887366	0.44792675038051744	0.743	0.4965
INTS15	7:5989046-6735643	9	0.5	down	0.31887366818873664	0.8188736681887366	0.4978133561643835	0.8225	0.602
INTS15	7:5989046-6735643	9	0.55	down	0.2688736681887366	0.8188736681887366	0.5468753805175038	0.886	0.709
INTS15	7:5989046-6735643	9	0.6	down	0.21887366818873666	0.8188736681887366	0.6001670471841705	0.942	0.8055
INTS15	7:5989046-6735643	9	0.65	down	0.16887366818873661	0.8188736681887366	0.6513331430745813	0.968	0.8825
INTS15	7:5989046-6735643	9	0.7	down	0.11887366818873668	0.8188736681887366	0.7032764459665144	0.9925	0.956
SMIM10L3	7:5989046-6735643	9	0.05	down	0.9226027397260274	0.9726027397260274	0.09023116438356166	0.0495	0.0495
SMIM10L3	7:5989046-6735643	9	0.1	down	0.8726027397260274	0.9726027397260274	0.1289334094368341	0.1155	0.1155
SMIM10L3	7:5989046-6735643	9	0.15	down	0.8226027397260274	0.9726027397260274	0.17072317351598174	0.186	0.186
SMIM10L3	7:5989046-6735643	9	0.2	down	0.7726027397260273	0.9726027397260274	0.22846004566210049	0.3275	0.3275
SMIM10L3	7:5989046-6735643	9	0.25	down	0.7226027397260274	0.9726027397260274	0.2592541856925419	0.394	0.394
SMIM10L3	7:5989046-6735643	9	0.3	down	0.6726027397260275	0.9726027397260274	0.30923839421613397	0.503	0.503
SMIM10L3	7:5989046-6735643	9	0.35	down	0.6226027397260274	0.9726027397260274	0.3575102739726027	0.5975	0.5975
SMIM10L3	7:5989046-6735643	9	0.4	down	0.5726027397260274	0.9726027397260274	0.4021162480974125	0.682	0.682
SMIM10L3	7:5989046-6735643	9	0.45	down	0.5226027397260273	0.9726027397260274	0.4516592465753424	0.7605	0.7605
SMIM10L3	7:5989046-6735643	9	0.5	down	0.4726027397260274	0.9726027397260274	0.502673706240487	0.81	0.81
SMIM10L3	7:5989046-6735643	9	0.55	down	0.42260273972602735	0.9726027397260274	0.5465022831050228	0.874	0.874
SMIM10L3	7:5989046-6735643	9	0.6	down	0.3726027397260274	0.9726027397260274	0.5959265601217655	0.916	0.916
SMIM10L3	7:5989046-6735643	9	0.65	down	0.3226027397260274	0.9726027397260274	0.6504720319634703	0.9545	0.9545
SMIM10L3	7:5989046-6735643	9	0.7	down	0.27260273972602744	0.9726027397260274	0.7084630898021309	0.974	0.974
USP42	7:5989046-6735643	9	0.05	up	0.2634703196347032	0.2134703196347032	0.11395034246575343	0.07	0.0125
USP42	7:5989046-6735643	9	0.05	down	0.1634703196347032	0.2134703196347032	0.1080658295281583	0.0165	0.0005
USP42	7:5989046-6735643	9	0.1	up	0.3134703196347032	0.2134703196347032	0.13820205479452055	0.1185	0.024
USP42	7:5989046-6735643	9	0.1	down	0.11347031963470319	0.2134703196347032	0.12684608066971081	0.005	0.0015
USP42	7:5989046-6735643	9	0.15	up	0.3634703196347032	0.2134703196347032	0.1743578767123288	0.2045	0.0505
USP42	7:5989046-6735643	9	0.15	down	0.0634703196347032	0.2134703196347032	0.1562486681887367	0.002	0.0005
USP42	7:5989046-6735643	9	0.2	up	0.4134703196347032	0.2134703196347032	0.2203763318112633	0.302	0.098
USP42	7:5989046-6735643	9	0.2	down	0.013470319634703187	0.2134703196347032	0.19970129375951293	0.0	0.0
USP42	7:5989046-6735643	9	0.25	up	0.4634703196347032	0.2134703196347032	0.2500275875190259	0.365	0.1345
USP42	7:5989046-6735643	9	0.3	up	0.5134703196347032	0.2134703196347032	0.306673896499239	0.5025	0.209
USP42	7:5989046-6735643	9	0.35	up	0.5634703196347032	0.2134703196347032	0.3571419330289194	0.6075	0.289
USP42	7:5989046-6735643	9	0.4	up	0.6134703196347032	0.2134703196347032	0.39939878234398785	0.6875	0.362
USP42	7:5989046-6735643	9	0.45	up	0.6634703196347032	0.2134703196347032	0.4517378234398783	0.7835	0.4745
USP42	7:5989046-6735643	9	0.5	up	0.7134703196347032	0.2134703196347032	0.5001957762557078	0.844	0.5675
USP42	7:5989046-6735643	9	0.55	up	0.7634703196347032	0.2134703196347032	0.5507534246575342	0.9065	0.6775
USP42	7:5989046-6735643	9	0.6	up	0.8134703196347032	0.2134703196347032	0.5924946727549467	0.9445	0.7765
USP42	7:5989046-6735643	9	0.65	up	0.8634703196347032	0.2134703196347032	0.650251902587519	0.9785	0.8595
USP42	7:5989046-6735643	9	0.7	up	0.9134703196347032	0.2134703196347032	0.6994602359208523	0.995	0.9395
ZDHHC4	7:5989046-6735643	9	0.05	up	0.6668188736681888	0.6168188736681888	0.13523249619482494	0.0	0.0
ZDHHC4	7:5989046-6735643	9	0.05	down	0.5668188736681887	0.6168188736681888	0.15081449771689498	0.009	0.009
ZDHHC4	7:5989046-6735643	9	0.1	up	0.7168188736681887	0.6168188736681888	0.15390030441400301	0.0	0.0
ZDHHC4	7:5989046-6735643	9	0.1	down	0.5168188736681888	0.6168188736681888	0.17153424657534247	0.0285	0.0285
ZDHHC4	7:5989046-6735643	9	0.15	up	0.7668188736681888	0.6168188736681888	0.18003500761035005	0.0	0.0
ZDHHC4	7:5989046-6735643	9	0.15	down	0.46681887366818875	0.6168188736681888	0.19719977168949773	0.0625	0.0625
ZDHHC4	7:5989046-6735643	9	0.2	up	0.8168188736681887	0.6168188736681888	0.21860730593607303	0.0	0.0
ZDHHC4	7:5989046-6735643	9	0.2	down	0.41681887366818876	0.6168188736681888	0.2342922374429224	0.135	0.135
ZDHHC4	7:5989046-6735643	9	0.25	up	0.8668188736681888	0.6168188736681888	0.2596358447488584	0.0	0.0
ZDHHC4	7:5989046-6735643	9	0.25	down	0.36681887366818877	0.6168188736681888	0.2695848554033486	0.2045	0.2045
ZDHHC4	7:5989046-6735643	9	0.3	up	0.9168188736681888	0.6168188736681888	0.30059969558599686	0.0	0.0
ZDHHC4	7:5989046-6735643	9	0.3	down	0.3168188736681888	0.6168188736681888	0.31405403348554034	0.3395	0.3395
ZDHHC4	7:5989046-6735643	9	0.35	up	0.9668188736681887	0.6168188736681888	0.35559360730593603	0.0	0.0
ZDHHC4	7:5989046-6735643	9	0.35	down	0.2668188736681888	0.6168188736681888	0.35453595890410966	0.444	0.444
ZDHHC4	7:5989046-6735643	9	0.4	down	0.21681887366818875	0.6168188736681888	0.40078633942161346	0.591	0.591
ZDHHC4	7:5989046-6735643	9	0.45	down	0.16681887366818876	0.6168188736681888	0.4512796803652968	0.731	0.731
ZDHHC4	7:5989046-6735643	9	0.5	down	0.11681887366818877	0.6168188736681888	0.49993493150684937	0.85	0.85
ZDHHC4	7:5989046-6735643	9	0.55	down	0.06681887366818873	0.6168188736681888	0.5510827625570777	0.9475	0.9475
ZDHHC4	7:5989046-6735643	9	0.6	down	0.016818873668188794	0.6168188736681888	0.6005688736681887	0.997	0.997
ZNF12	7:5989046-6735643	9	0.05	down	0.9226027397260274	0.9726027397260274	0.08571670471841707	0.044	0.044
ZNF12	7:5989046-6735643	9	0.1	down	0.8726027397260274	0.9726027397260274	0.1287123287671233	0.1145	0.1145
ZNF12	7:5989046-6735643	9	0.15	down	0.8226027397260274	0.9726027397260274	0.17139117199391174	0.198	0.198
ZNF12	7:5989046-6735643	9	0.2	down	0.7726027397260273	0.9726027397260274	0.21958314307458143	0.3015	0.3015
ZNF12	7:5989046-6735643	9	0.25	down	0.7226027397260274	0.9726027397260274	0.2566358447488585	0.389	0.389
ZNF12	7:5989046-6735643	9	0.3	down	0.6726027397260275	0.9726027397260274	0.31206792237442926	0.502	0.502
ZNF12	7:5989046-6735643	9	0.35	down	0.6226027397260274	0.9726027397260274	0.3489764079147641	0.5825	0.5825
ZNF12	7:5989046-6735643	9	0.4	down	0.5726027397260274	0.9726027397260274	0.4017201293759513	0.6775	0.6775
ZNF12	7:5989046-6735643	9	0.45	down	0.5226027397260273	0.9726027397260274	0.4626274733637747	0.773	0.773
ZNF12	7:5989046-6735643	9	0.5	down	0.4726027397260274	0.9726027397260274	0.5101343226788432	0.8365	0.8365
ZNF12	7:5989046-6735643	9	0.55	down	0.42260273972602735	0.9726027397260274	0.5487838660578386	0.8885	0.8885
ZNF12	7:5989046-6735643	9	0.6	down	0.3726027397260274	0.9726027397260274	0.6009157153729071	0.92	0.92
ZNF12	7:5989046-6735643	9	0.65	down	0.3226027397260274	0.9726027397260274	0.6516818873668189	0.9565	0.9565
ZNF12	7:5989046-6735643	9	0.7	down	0.27260273972602744	0.9726027397260274	0.7015858066971079	0.9735	0.9735
ZNF316	7:5989046-6735643	9	0.05	up	0.3597412480974125	0.3097412480974125	0.08860178843226788	0.1205	0.0495
ZNF316	7:5989046-6735643	9	0.05	down	0.2597412480974125	0.3097412480974125	0.09025057077625571	0.144	0.01
ZNF316	7:5989046-6735643	9	0.1	up	0.4097412480974125	0.3097412480974125	0.11958009893455099	0.2225	0.107
ZNF316	7:5989046-6735643	9	0.1	down	0.20974124809741249	0.3097412480974125	0.1188084094368341	0.2795	0.0025
ZNF316	7:5989046-6735643	9	0.15	up	0.45974124809741246	0.3097412480974125	0.16480631659056316	0.3585	0.185
ZNF316	7:5989046-6735643	9	0.15	down	0.1597412480974125	0.3097412480974125	0.15761548706240486	0.49	0.011
ZNF316	7:5989046-6735643	9	0.2	up	0.5097412480974125	0.3097412480974125	0.20960920852359208	0.487	0.2735
ZNF316	7:5989046-6735643	9	0.2	down	0.10974124809741248	0.3097412480974125	0.20206297564687975	0.7185	0.042
ZNF316	7:5989046-6735643	9	0.25	up	0.5597412480974124	0.3097412480974125	0.253853500761035	0.5815	0.362
ZNF316	7:5989046-6735643	9	0.25	down	0.05974124809741249	0.3097412480974125	0.25331754185692545	0.906	0.224
ZNF316	7:5989046-6735643	9	0.3	up	0.6097412480974125	0.3097412480974125	0.3057254566210046	0.6885	0.492
ZNF316	7:5989046-6735643	9	0.3	down	0.009741248097412503	0.3097412480974125	0.2999634703196348	0.9945	0.754
ZNF316	7:5989046-6735643	9	0.35	up	0.6597412480974125	0.3097412480974125	0.3495667808219178	0.7775	0.573
ZNF316	7:5989046-6735643	9	0.4	up	0.7097412480974126	0.3097412480974125	0.39625361491628613	0.8515	0.6725
ZNF316	7:5989046-6735643	9	0.45	up	0.7597412480974125	0.3097412480974125	0.4494353120243531	0.912	0.768
ZNF316	7:5989046-6735643	9	0.5	up	0.8097412480974124	0.3097412480974125	0.499583904109589	0.954	0.844
ZNF316	7:5989046-6735643	9	0.55	up	0.8597412480974125	0.3097412480974125	0.543953196347032	0.979	0.9065
ZNF316	7:5989046-6735643	9	0.6	up	0.9097412480974125	0.3097412480974125	0.5984809741248097	0.9905	0.953
ZNF316	7:5989046-6735643	9	0.65	up	0.9597412480974126	0.3097412480974125	0.6497865296803654	0.9995	0.9895
ZNF853	7:5989046-6735643	9	0.05	up	0.3932267884322679	0.3432267884322679	0.09901141552511417	0.137	0.0315
ZNF853	7:5989046-6735643	9	0.05	down	0.2932267884322679	0.3432267884322679	0.09837956621004565	0.061	0.006
ZNF853	7:5989046-6735643	9	0.1	up	0.4432267884322679	0.3432267884322679	0.12923611111111108	0.237	0.0735
ZNF853	7:5989046-6735643	9	0.1	down	0.2432267884322679	0.3432267884322679	0.13134227549467278	0.1595	0.013
ZNF853	7:5989046-6735643	9	0.15	up	0.49322678843226786	0.3432267884322679	0.16566229071537292	0.3565	0.131
ZNF853	7:5989046-6735643	9	0.15	down	0.1932267884322679	0.3432267884322679	0.16471518264840185	0.3045	0.0355
ZNF853	7:5989046-6735643	9	0.2	up	0.5432267884322679	0.3432267884322679	0.2145057077625571	0.492	0.223
ZNF853	7:5989046-6735643	9	0.2	down	0.14322678843226788	0.3432267884322679	0.20540962709284627	0.5445	0.1175
ZNF853	7:5989046-6735643	9	0.25	up	0.593226788432268	0.3432267884322679	0.2543259132420091	0.604	0.2965
ZNF853	7:5989046-6735643	9	0.25	down	0.09322678843226789	0.3432267884322679	0.2500329147640792	0.751	0.304
ZNF853	7:5989046-6735643	9	0.3	up	0.6432267884322679	0.3432267884322679	0.29554604261796036	0.6915	0.381
ZNF853	7:5989046-6735643	9	0.3	down	0.043226788432267904	0.3432267884322679	0.30137766362252666	0.9425	0.6775
ZNF853	7:5989046-6735643	9	0.35	up	0.6932267884322678	0.3432267884322679	0.35355136986301366	0.7945	0.5035
ZNF853	7:5989046-6735643	9	0.4	up	0.7432267884322679	0.3432267884322679	0.4027425799086758	0.874	0.631
ZNF853	7:5989046-6735643	9	0.45	up	0.7932267884322679	0.3432267884322679	0.4462591324200913	0.915	0.719
ZNF853	7:5989046-6735643	9	0.5	up	0.843226788432268	0.3432267884322679	0.5005846651445965	0.9695	0.841
ZNF853	7:5989046-6735643	9	0.55	up	0.893226788432268	0.3432267884322679	0.5554358828006086	0.9925	0.9215
ZNF853	7:5989046-6735643	9	0.6	up	0.9432267884322678	0.3432267884322679	0.6041482115677318	0.9975	0.975
ZNF853	7:5989046-6735643	9	0.65	up	0.9932267884322679	0.3432267884322679	0.6512176560121763	1.0	1.0
GDF10	10:46983451-47468232	7	0.05	up	0.7098198198198199	0.6598198198198199	0.17959902187902188	0.013	0.0
GDF10	10:46983451-47468232	7	0.05	down	0.6098198198198198	0.6598198198198199	0.19122051480051483	0.089	0.0285
GDF10	10:46983451-47468232	7	0.1	up	0.7598198198198198	0.6598198198198199	0.18456177606177607	0.0035	0.0
GDF10	10:46983451-47468232	7	0.1	down	0.5598198198198199	0.6598198198198199	0.20632499356499356	0.149	0.0535
GDF10	10:46983451-47468232	7	0.15	up	0.8098198198198199	0.6598198198198199	0.20209546975546977	0.003	0.0
GDF10	10:46983451-47468232	7	0.15	down	0.5098198198198198	0.6598198198198199	0.23096494208494212	0.227	0.083
GDF10	10:46983451-47468232	7	0.2	up	0.8598198198198199	0.6598198198198199	0.2316072586872587	0.0005	0.0
GDF10	10:46983451-47468232	7	0.2	down	0.45981981981981984	0.6598198198198199	0.26170993564993567	0.3465	0.1455
GDF10	10:46983451-47468232	7	0.25	up	0.9098198198198199	0.6598198198198199	0.2635470012870013	0.0	0.0
GDF10	10:46983451-47468232	7	0.25	down	0.40981981981981985	0.6598198198198199	0.28807163449163453	0.422	0.1875
GDF10	10:46983451-47468232	7	0.3	up	0.9598198198198198	0.6598198198198199	0.30226110682110685	0.0	0.0
GDF10	10:46983451-47468232	7	0.3	down	0.35981981981981986	0.6598198198198199	0.3223408751608752	0.529	0.2845
GDF10	10:46983451-47468232	7	0.35	down	0.3098198198198199	0.6598198198198199	0.37189570141570144	0.642	0.3975
GDF10	10:46983451-47468232	7	0.4	down	0.25981981981981983	0.6598198198198199	0.41395361647361656	0.737	0.5015
GDF10	10:46983451-47468232	7	0.45	down	0.20981981981981984	0.6598198198198199	0.4552955212355213	0.831	0.5915
GDF10	10:46983451-47468232	7	0.5	down	0.15981981981981985	0.6598198198198199	0.504086537966538	0.908	0.726
GDF10	10:46983451-47468232	7	0.55	down	0.10981981981981981	0.6598198198198199	0.5484359073359074	0.9495	0.832
GDF10	10:46983451-47468232	7	0.6	down	0.059819819819819875	0.6598198198198199	0.5988335135135135	0.986	0.9415
GDF10	10:46983451-47468232	7	0.65	down	0.00981981981981983	0.6598198198198199	0.6499864864864865	1.0	0.9965
RBP3	10:46983451-47468232	7	0.05	up	0.739009009009009	0.689009009009009	0.1769485456885457	0.0055	0.0005
RBP3	10:46983451-47468232	7	0.05	down	0.6390090090090089	0.689009009009009	0.1938555984555985	0.0305	0.0105
RBP3	10:46983451-47468232	7	0.1	up	0.7890090090090089	0.689009009009009	0.18375032175032174	0.002	0.0005
RBP3	10:46983451-47468232	7	0.1	down	0.589009009009009	0.689009009009009	0.21144751608751608	0.0545	0.0225
RBP3	10:46983451-47468232	7	0.15	up	0.839009009009009	0.689009009009009	0.19947039897039898	0.0005	0.0005
RBP3	10:46983451-47468232	7	0.15	down	0.5390090090090089	0.689009009009009	0.2353577606177606	0.092	0.061
RBP3	10:46983451-47468232	7	0.2	up	0.889009009009009	0.689009009009009	0.22812478764478764	0.001	0.0
RBP3	10:46983451-47468232	7	0.2	down	0.48900900900900895	0.689009009009009	0.26214548262548265	0.1295	0.0935
RBP3	10:46983451-47468232	7	0.25	up	0.939009009009009	0.689009009009009	0.25449606177606177	0.0	0.0
RBP3	10:46983451-47468232	7	0.25	down	0.43900900900900897	0.689009009009009	0.2826078764478765	0.163	0.127
RBP3	10:46983451-47468232	7	0.3	up	0.9890090090090089	0.689009009009009	0.30022468468468466	0.0	0.0
RBP3	10:46983451-47468232	7	0.3	down	0.389009009009009	0.689009009009009	0.3269522265122265	0.2445	0.2145
RBP3	10:46983451-47468232	7	0.35	down	0.339009009009009	0.689009009009009	0.37621647361647365	0.35	0.307
RBP3	10:46983451-47468232	7	0.4	down	0.28900900900900894	0.689009009009009	0.4132052767052767	0.4245	0.3895
RBP3	10:46983451-47468232	7	0.45	down	0.23900900900900895	0.689009009009009	0.4586498584298584	0.54	0.5205
RBP3	10:46983451-47468232	7	0.5	down	0.18900900900900897	0.689009009009009	0.506589703989704	0.6485	0.6315
RBP3	10:46983451-47468232	7	0.55	down	0.13900900900900892	0.689009009009009	0.5564178378378378	0.7815	0.772
RBP3	10:46983451-47468232	7	0.6	down	0.08900900900900899	0.689009009009009	0.5993599485199486	0.8675	0.864
RBP3	10:46983451-47468232	7	0.65	down	0.039009009009008944	0.689009009009009	0.6466295238095239	0.964	0.964
ZNF488	10:46983451-47468232	7	0.05	up	0.42945945945945946	0.37945945945945947	0.12215981981981981	0.1195	0.0165
ZNF488	10:46983451-47468232	7	0.05	down	0.3294594594594595	0.37945945945945947	0.1293017760617761	0.0535	0.0045
ZNF488	10:46983451-47468232	7	0.1	up	0.47945945945945945	0.37945945945945947	0.1553692149292149	0.215	0.046
ZNF488	10:46983451-47468232	7	0.1	down	0.2794594594594595	0.37945945945945947	0.15458648648648649	0.072	0.0075
ZNF488	10:46983451-47468232	7	0.15	up	0.5294594594594595	0.37945945945945947	0.18331639639639638	0.2915	0.0675
ZNF488	10:46983451-47468232	7	0.15	down	0.22945945945945947	0.37945945945945947	0.1861466924066924	0.1415	0.014
ZNF488	10:46983451-47468232	7	0.2	up	0.5794594594594595	0.37945945945945947	0.22230828828828827	0.399	0.1075
ZNF488	10:46983451-47468232	7	0.2	down	0.17945945945945946	0.37945945945945947	0.21762383526383525	0.229	0.043
ZNF488	10:46983451-47468232	7	0.25	up	0.6294594594594595	0.37945945945945947	0.26425366795366795	0.497	0.163
ZNF488	10:46983451-47468232	7	0.25	down	0.12945945945945947	0.37945945945945947	0.2535223166023166	0.3815	0.116
ZNF488	10:46983451-47468232	7	0.3	up	0.6794594594594594	0.37945945945945947	0.30424957528957525	0.5995	0.2185
ZNF488	10:46983451-47468232	7	0.3	down	0.07945945945945948	0.37945945945945947	0.30291938223938225	0.653	0.279
ZNF488	10:46983451-47468232	7	0.35	up	0.7294594594594594	0.37945945945945947	0.358674054054054	0.719	0.3055
ZNF488	10:46983451-47468232	7	0.35	down	0.02945945945945949	0.37945945945945947	0.35036720720720727	0.903	0.6035
ZNF488	10:46983451-47468232	7	0.4	up	0.7794594594594595	0.37945945945945947	0.4113378893178893	0.81	0.4185
ZNF488	10:46983451-47468232	7	0.45	up	0.8294594594594595	0.37945945945945947	0.45137670527670526	0.86	0.516
ZNF488	10:46983451-47468232	7	0.5	up	0.8794594594594595	0.37945945945945947	0.49910151866151864	0.928	0.631
ZNF488	10:46983451-47468232	7	0.55	up	0.9294594594594595	0.37945945945945947	0.552872380952381	0.9805	0.7775
ZNF488	10:46983451-47468232	7	0.6	up	0.9794594594594594	0.37945945945945947	0.5985405405405405	0.9965	0.9255
H2BW1	X:103989434-104049428	28	0.05	up	0.6127705627705629	0.5627705627705628	0.079006253006253	0.272	0.2545
H2BW1	X:103989434-104049428	28	0.05	down	0.5127705627705628	0.5627705627705628	0.06649422799422801	0.216	0.0625
H2BW1	X:103989434-104049428	28	0.1	up	0.6627705627705628	0.5627705627705628	0.10757563732563731	0.421	0.411
H2BW1	X:103989434-104049428	28	0.1	down	0.46277056277056283	0.5627705627705628	0.10182563732563736	0.5675	0.281
H2BW1	X:103989434-104049428	28	0.15	up	0.7127705627705628	0.5627705627705628	0.1517463924963925	0.6355	0.6305
H2BW1	X:103989434-104049428	28	0.15	down	0.4127705627705628	0.5627705627705628	0.14961628186628192	0.851	0.6705
H2BW1	X:103989434-104049428	28	0.2	up	0.7627705627705628	0.5627705627705628	0.20248364598364596	0.829	0.8215
H2BW1	X:103989434-104049428	28	0.2	down	0.3627705627705628	0.5627705627705628	0.20214658489658494	0.952	0.888
H2BW1	X:103989434-104049428	28	0.25	up	0.8127705627705628	0.5627705627705628	0.24893626743626743	0.9385	0.9355
H2BW1	X:103989434-104049428	28	0.25	down	0.3127705627705628	0.5627705627705628	0.24894264069264074	0.988	0.9695
H2BW1	X:103989434-104049428	28	0.3	up	0.8627705627705629	0.5627705627705628	0.30111892736892737	0.985	0.9835
H2BW1	X:103989434-104049428	28	0.3	down	0.2627705627705628	0.5627705627705628	0.29845310245310247	0.997	0.9945
H2BW1	X:103989434-104049428	28	0.35	up	0.9127705627705628	0.5627705627705628	0.35061303511303504	0.998	0.998
H2BW1	X:103989434-104049428	28	0.35	down	0.21277056277056283	0.5627705627705628	0.35077188552188554	1.0	0.9995
H2BW1	X:103989434-104049428	28	0.4	up	0.9627705627705628	0.5627705627705628	0.3984913419913419	0.9995	0.9995
H2BW1	X:103989434-104049428	28	0.4	down	0.1627705627705628	0.5627705627705628	0.3999650072150072	1.0	1.0
H2BW1	X:103989434-104049428	28	0.45	down	0.1127705627705628	0.5627705627705628	0.4502229437229438	1.0	1.0
H2BW1	X:103989434-104049428	28	0.5	down	0.06277056277056281	0.5627705627705628	0.5007864357864359	1.0	1.0
H2BW1	X:103989434-104049428	28	0.55	down	0.012770562770562766	0.5627705627705628	0.550503367003367	1.0	1.0
MAGEA1	X:153149748-153250226	27	0.05	up	0.4571146245059288	0.40711462450592883	0.06929640890510455	0.024	0.0065
MAGEA1	X:153149748-153250226	27	0.05	down	0.35711462450592885	0.40711462450592883	0.07956017814713465	0.0055	0.0
MAGEA1	X:153149748-153250226	27	0.1	up	0.5071146245059288	0.40711462450592883	0.11207251444207966	0.093	0.031
MAGEA1	X:153149748-153250226	27	0.1	down	0.30711462450592886	0.40711462450592883	0.11545263673524542	0.035	0.0005
MAGEA1	X:153149748-153250226	27	0.15	up	0.5571146245059289	0.40711462450592883	0.15184456606195737	0.1875	0.074
MAGEA1	X:153149748-153250226	27	0.15	down	0.2571146245059288	0.40711462450592883	0.15422254315732573	0.1365	0.004
MAGEA1	X:153149748-153250226	27	0.2	up	0.6071146245059289	0.40711462450592883	0.19878173597738816	0.3345	0.165
MAGEA1	X:153149748-153250226	27	0.2	down	0.20711462450592882	0.40711462450592883	0.2007836728488902	0.3625	0.037
MAGEA1	X:153149748-153250226	27	0.25	up	0.6571146245059288	0.40711462450592883	0.2509124016080538	0.543	0.3365
MAGEA1	X:153149748-153250226	27	0.25	down	0.15711462450592883	0.40711462450592883	0.2518132157697375	0.6705	0.184
MAGEA1	X:153149748-153250226	27	0.3	up	0.7071146245059288	0.40711462450592883	0.2943862144296927	0.6995	0.4975
MAGEA1	X:153149748-153250226	27	0.3	down	0.10711462450592885	0.40711462450592883	0.30074710313840747	0.899	0.4925
MAGEA1	X:153149748-153250226	27	0.35	up	0.7571146245059288	0.40711462450592883	0.35099363760233326	0.855	0.6995
MAGEA1	X:153149748-153250226	27	0.35	down	0.05711462450592886	0.40711462450592883	0.35175565014695453	0.992	0.8905
MAGEA1	X:153149748-153250226	27	0.4	up	0.8071146245059289	0.40711462450592883	0.4019395065482022	0.946	0.853
MAGEA1	X:153149748-153250226	27	0.4	down	0.007114624505928813	0.40711462450592883	0.40014738803869226	1.0	1.0
MAGEA1	X:153149748-153250226	27	0.45	up	0.8571146245059289	0.40711462450592883	0.45250360911230475	0.9875	0.9585
MAGEA1	X:153149748-153250226	27	0.5	up	0.9071146245059288	0.40711462450592883	0.5003640079727035	0.9975	0.991
MAGEA1	X:153149748-153250226	27	0.55	up	0.9571146245059289	0.40711462450592883	0.5533839509926467	1.0	0.9995
MAGEA11	X:149681035-149722249	30	0.05	up	0.518421052631579	0.46842105263157896	0.07062038717483363	0.1275	0.042
MAGEA11	X:149681035-149722249	30	0.05	down	0.41842105263157897	0.46842105263157896	0.060787416817906836	0.0395	0.0
MAGEA11	X:149681035-149722249	30	0.1	up	0.5684210526315789	0.46842105263157896	0.10672758620689654	0.2935	0.148
MAGEA11	X:149681035-149722249	30	0.1	down	0.368421052631579	0.46842105263157896	0.1040441621294616	0.2275	0.047
MAGEA11	X:149681035-149722249	30	0.15	up	0.618421052631579	0.46842105263157896	0.14798505747126436	0.4965	0.278
MAGEA11	X:149681035-149722249	30	0.15	down	0.31842105263157894	0.46842105263157896	0.1508885662431942	0.5295	0.236
MAGEA11	X:149681035-149722249	30	0.2	up	0.668421052631579	0.46842105263157896	0.20158384754990924	0.712	0.4785
MAGEA11	X:149681035-149722249	30	0.2	down	0.26842105263157895	0.46842105263157896	0.20067205081669692	0.801	0.5455
MAGEA11	X:149681035-149722249	30	0.25	up	0.718421052631579	0.46842105263157896	0.24891657592256503	0.8545	0.678
MAGEA11	X:149681035-149722249	30	0.25	down	0.21842105263157896	0.46842105263157896	0.24959286146400483	0.945	0.8135
MAGEA11	X:149681035-149722249	30	0.3	up	0.7684210526315789	0.46842105263157896	0.2987243799153055	0.95	0.8485
MAGEA11	X:149681035-149722249	30	0.3	down	0.16842105263157897	0.46842105263157896	0.3014934664246824	0.99	0.9615
MAGEA11	X:149681035-149722249	30	0.35	up	0.8184210526315789	0.46842105263157896	0.3469513611615245	0.985	0.939
MAGEA11	X:149681035-149722249	30	0.35	down	0.11842105263157898	0.46842105263157896	0.34991990320629157	0.999	0.997
MAGEA11	X:149681035-149722249	30	0.4	up	0.868421052631579	0.46842105263157896	0.4008571082879612	0.9985	0.9885
MAGEA11	X:149681035-149722249	30	0.4	down	0.06842105263157894	0.46842105263157896	0.39887967332123414	1.0	1.0
MAGEA11	X:149681035-149722249	30	0.45	up	0.918421052631579	0.46842105263157896	0.45138239564428306	1.0	0.9985
MAGEA11	X:149681035-149722249	30	0.45	down	0.01842105263157895	0.46842105263157896	0.45017392619479735	1.0	1.0
MAGEA11	X:149681035-149722249	30	0.5	up	0.968421052631579	0.46842105263157896	0.49942147610405313	1.0	1.0
MAGEA12	X:152729753-152738707	24	0.05	up	0.8869565217391305	0.8369565217391305	0.08211956521739125	0.0005	0.0005
MAGEA12	X:152729753-152738707	24	0.05	down	0.7869565217391304	0.8369565217391305	0.09530797101449277	0.05	0.05
MAGEA12	X:152729753-152738707	24	0.1	up	0.9369565217391305	0.8369565217391305	0.10590217391304342	0.0	0.0
MAGEA12	X:152729753-152738707	24	0.1	down	0.7369565217391305	0.8369565217391305	0.12462137681159424	0.1155	0.1155
MAGEA12	X:152729753-152738707	24	0.15	up	0.9869565217391305	0.8369565217391305	0.14879347826086953	0.0	0.0
MAGEA12	X:152729753-152738707	24	0.15	down	0.6869565217391305	0.8369565217391305	0.16137862318840582	0.2105	0.2105
MAGEA12	X:152729753-152738707	24	0.2	down	0.6369565217391304	0.8369565217391305	0.20139492753623192	0.335	0.335
MAGEA12	X:152729753-152738707	24	0.25	down	0.5869565217391305	0.8369565217391305	0.2512753623188406	0.501	0.501
MAGEA12	X:152729753-152738707	24	0.3	down	0.5369565217391306	0.8369565217391305	0.3021630434782609	0.654	0.654
MAGEA12	X:152729753-152738707	24	0.35	down	0.4869565217391305	0.8369565217391305	0.3500000000000001	0.7875	0.7875
MAGEA12	X:152729753-152738707	24	0.4	down	0.43695652173913047	0.8369565217391305	0.4018097826086957	0.8775	0.8775
MAGEA12	X:152729753-152738707	24	0.45	down	0.3869565217391305	0.8369565217391305	0.4491304347826087	0.9295	0.9295
MAGEA12	X:152729753-152738707	24	0.5	down	0.3369565217391305	0.8369565217391305	0.4993822463768116	0.977	0.977
MAGEA12	X:152729753-152738707	24	0.55	down	0.28695652173913044	0.8369565217391305	0.5512228260869565	0.993	0.993
MAGEA12	X:152729753-152738707	24	0.6	down	0.2369565217391305	0.8369565217391305	0.6009492753623188	0.9995	0.9995
MAGEA12	X:152729753-152738707	24	0.65	down	0.18695652173913047	0.8369565217391305	0.650324275362319	0.9995	0.9995
MAGEA12	X:152729753-152738707	24	0.7	down	0.13695652173913053	0.8369565217391305	0.6971684782608696	1.0	1.0
TNK2	3:195749463-195980207	22	0.05	up	0.39915254237288134	0.34915254237288135	0.09195996037860445	0.171	0.0765
TNK2	3:195749463-195980207	22	0.05	down	0.29915254237288136	0.34915254237288135	0.0828223567393059	0.0745	0.009
TNK2	3:195749463-195980207	22	0.1	up	0.4491525423728814	0.34915254237288135	0.12147495047325557	0.304	0.1605
TNK2	3:195749463-195980207	22	0.1	down	0.24915254237288134	0.34915254237288135	0.11251234866828087	0.199	0.0175
TNK2	3:195749463-195980207	22	0.15	up	0.4991525423728813	0.34915254237288135	0.16294300388876662	0.4695	0.2955
TNK2	3:195749463-195980207	22	0.15	down	0.19915254237288135	0.34915254237288135	0.15377663805121433	0.4265	0.098
TNK2	3:195749463-195980207	22	0.2	up	0.5491525423728814	0.34915254237288135	0.20696861838726244	0.6325	0.4295
TNK2	3:195749463-195980207	22	0.2	down	0.14915254237288134	0.34915254237288135	0.20082701592193117	0.72	0.337
TNK2	3:195749463-195980207	22	0.25	up	0.5991525423728814	0.34915254237288135	0.2476487123046445	0.749	0.58
TNK2	3:195749463-195980207	22	0.25	down	0.09915254237288135	0.34915254237288135	0.251822870349989	0.9385	0.686
TNK2	3:195749463-195980207	22	0.3	up	0.6491525423728813	0.34915254237288135	0.29937177342431587	0.8605	0.7235
TNK2	3:195749463-195980207	22	0.3	down	0.04915254237288136	0.34915254237288135	0.29979107051140946	0.996	0.952
TNK2	3:195749463-195980207	22	0.35	up	0.6991525423728813	0.34915254237288135	0.35005792061046304	0.9355	0.8475
TNK2	3:195749463-195980207	22	0.4	up	0.7491525423728813	0.34915254237288135	0.3998755961552572	0.9805	0.928
TNK2	3:195749463-195980207	22	0.45	up	0.7991525423728814	0.34915254237288135	0.44920460048426153	0.9965	0.9795
TNK2	3:195749463-195980207	22	0.5	up	0.8491525423728814	0.34915254237288135	0.49685611563577664	0.9995	0.993
TNK2	3:195749463-195980207	22	0.55	up	0.8991525423728814	0.34915254237288135	0.5527738645535255	1.0	1.0
TNK2	3:195749463-195980207	22	0.6	up	0.9491525423728813	0.34915254237288135	0.6003539511336121	1.0	1.0
TNK2	3:195749463-195980207	22	0.65	up	0.9991525423728813	0.34915254237288135	0.6500747303543915	1.0	1.0
XYLT1	16:16721273-18073542	7	0.05	up	0.28675675675675677	0.23675675675675675	0.11916682110682111	0.0745	0.0015
XYLT1	16:16721273-18073542	7	0.05	down	0.18675675675675674	0.23675675675675675	0.11827117117117117	0.0215	0.0
XYLT1	16:16721273-18073542	7	0.1	up	0.33675675675675676	0.23675675675675675	0.14302123552123552	0.1265	0.0095
XYLT1	16:16721273-18073542	7	0.1	down	0.13675675675675675	0.23675675675675675	0.1396823938223938	0.0055	0.0005
XYLT1	16:16721273-18073542	7	0.15	up	0.38675675675675675	0.23675675675675675	0.181854157014157	0.202	0.021
XYLT1	16:16721273-18073542	7	0.15	down	0.08675675675675676	0.23675675675675675	0.16361644787644786	0.001	0.0
XYLT1	16:16721273-18073542	7	0.2	up	0.43675675675675674	0.23675675675675675	0.2216022651222651	0.2855	0.034
XYLT1	16:16721273-18073542	7	0.2	down	0.03675675675675674	0.23675675675675675	0.20172815958815954	0.0	0.0
XYLT1	16:16721273-18073542	7	0.25	up	0.4867567567567568	0.23675675675675675	0.26740679536679535	0.378	0.067
XYLT1	16:16721273-18073542	7	0.3	up	0.5367567567567567	0.23675675675675675	0.30752563706563707	0.4605	0.0965
XYLT1	16:16721273-18073542	7	0.35	up	0.5867567567567568	0.23675675675675675	0.352525148005148	0.5475	0.1275
XYLT1	16:16721273-18073542	7	0.4	up	0.6367567567567568	0.23675675675675675	0.39358882882882884	0.6075	0.183
XYLT1	16:16721273-18073542	7	0.45	up	0.6867567567567567	0.23675675675675675	0.452471685971686	0.7175	0.2505
XYLT1	16:16721273-18073542	7	0.5	up	0.7367567567567568	0.23675675675675675	0.5042469755469756	0.805	0.329
XYLT1	16:16721273-18073542	7	0.55	up	0.7867567567567568	0.23675675675675675	0.5474468211068213	0.8475	0.4205
XYLT1	16:16721273-18073542	7	0.6	up	0.8367567567567568	0.23675675675675675	0.5990738996138997	0.9065	0.5295
XYLT1	16:16721273-18073542	7	0.65	up	0.8867567567567568	0.23675675675675675	0.6468133333333334	0.954	0.65
XYLT1	16:16721273-18073542	7	0.7	up	0.9367567567567567	0.23675675675675675	0.6990527670527672	0.985	0.7905
