consensus	phy_group	category	z_hat	se_z	p_hat	p_lcl95	p_ucl95	model
0	1	Single/Inverted	7.324189510779938	1.3108262340606165	0.999341040635252	0.99146467674796	0.9999494960716067	adjusted
0	0	Single/Direct	1.245355158568105	0.6664125714720414	0.7764947813814932	0.4848013134146628	0.9276758181133651	adjusted
1	0	Recurrent/Direct	1.0870639253099232	0.4865929455472708	0.7478284365033667	0.5332861336000597	0.885013289308603	adjusted
1	1	Recurrent/Inverted	1.0669842801542961	0.49922028793329126	0.7440229863852751	0.5221136934221352	0.885487671470317	adjusted
