A	B	diff_logit	se_logit	z_value	p_value	diff_prob	diff_prob_lcl95	diff_prob_ucl95	q_value_fdr	model
Recurrent/Inverted	Single/Inverted	-0.6228328813667605	0.27873956979930786	-2.234461658297024	0.025452712634952634	-0.09812237429088755	-0.1824308447060145	-0.013813903875760591	0.13629898448983435	adjusted
Single/Direct	Single/Inverted	-0.5151697690127108	0.2575046261868142	-2.0006233543896257	0.045432994829944784	-0.07851652704917755	-0.16488231771989936	0.007849263621544256	0.13629898448983435	adjusted
Recurrent/Direct	Recurrent/Inverted	0.34350320937186196	0.2851507737616841	1.2046371287736577	0.22834341679429082	0.05867451421945091	-0.033470664508335884	0.1508196929472377	0.38823847949887014	adjusted
Recurrent/Direct	Single/Inverted	-0.27932967199489855	0.24737585506668788	-1.1291711227015124	0.25882565299924676	-0.039447860071436636	-0.11052047668793234	0.03162475654505907	0.38823847949887014	adjusted
Recurrent/Direct	Single/Direct	0.23584009701781228	0.31920566136115347	0.7388343177002106	0.4600076103580537	0.03906866697774092	-0.06641957020844595	0.1445569041639278	0.5520091324296644	adjusted
Recurrent/Inverted	Single/Direct	-0.10766311235404968	0.34125348277179773	-0.31549308003999454	0.7523873043244795	-0.019605847241709995	-0.13985045257530862	0.10063875809188863	0.7523873043244795	adjusted
