A	B	diff_logit	se_logit	z_value	p_value	diff_prob	diff_prob_lcl95	diff_prob_ucl95	q_value_fdr	model
Recurrent/Direct	Recurrent/Inverted	0.16350710073228816	0.38168457032121994	0.4283827889471222	0.6683724531177766	0.029177377071094135	-0.10936567478251147	0.16772042892469974	0.8297875358174839	no_covariates
Recurrent/Direct	Single/Direct	0.16729633160556645	0.2613400263346051	0.6401481393874568	0.5220762949020501	0.029883658347056197	-0.0617085495831141	0.1214758662772265	0.8297875358174839	no_covariates
Recurrent/Direct	Single/Inverted	-0.07485506888351692	0.18863051429711514	-0.39683435716880583	0.6914896131812365	-0.012502575402028482	-0.07546838389737355	0.05046323309331659	0.8297875358174839	no_covariates
Recurrent/Inverted	Single/Inverted	-0.2383621696158051	0.3992403734760695	-0.5970392411480212	0.5504811816838613	-0.04167995247312262	-0.18722691802149874	0.1038670130752535	0.8297875358174839	no_covariates
Single/Direct	Single/Inverted	-0.24215140048908337	0.18787873038132052	-1.2888707518813358	0.19744302375384937	-0.04238623374908468	-0.1108007105367235	0.02602824303855414	0.8297875358174839	no_covariates
Recurrent/Inverted	Single/Direct	0.0037892308732782876	0.43830356404424725	0.008645220308762445	0.9931021981144343	0.0007062812759620618	-0.15931983751216355	0.16073240006408768	0.9931021981144342	no_covariates
