consensus	phy_group	category	z_hat	se_z	p_hat	p_lcl95	p_ucl95	model
0	0	Single/Direct	1.6183034992276628	0.533909380938822	0.8345610287112092	0.6391878936435967	0.9349152663791802	adjusted
1	0	Recurrent/Direct	1.402653316180623	0.500495802285745	0.802604592202189	0.6038855584021163	0.915570081568603	adjusted
1	1	Recurrent/Inverted	1.055733407927053	0.437553292673523	0.7418743501137146	0.5493708394396937	0.8713936750508432	adjusted
0	1	Single/Inverted	0.991065640957208	0.4371495629622154	0.7292983549993552	0.5335128040156394	0.8638778555578472	adjusted
