A	B	diff_logit	se_logit	z_value	p_value	diff_prob	diff_prob_lcl95	diff_prob_ucl95	q_value_fdr	model
Single/Direct	Single/Inverted	-5.684570219811154	1.14614900428327	-4.9597130901543895	7.059736939485362e-07	-0.2289091373650204	-0.2993393074452363	-0.1584789672848045	4.235842163691217e-06	no_covariates
Recurrent/Direct	Single/Inverted	-5.602359898011505	1.268672886358685	-4.415921517871535	1.0058057478889992e-05	-0.21467713364763064	-0.3318961269466444	-0.09745814034861687	3.0174172436669977e-05	no_covariates
Recurrent/Inverted	Single/Inverted	-5.217159659102622	1.2200529954761086	-4.276174623928282	1.9013210671658953e-05	-0.15659129404121475	-0.1730763707969064	-0.14010621728552308	3.8026421343317907e-05	no_covariates
Recurrent/Inverted	Single/Direct	0.46741056070853215	0.21514268116515933	2.1725608241802723	0.02981338710693171	0.07231784332380564	-0.0009445061705317254	0.145580192818143	0.044720080660397565	no_covariates
Recurrent/Direct	Recurrent/Inverted	-0.3852002389088831	0.3332017348578305	-1.15605712279151	0.24765779264910792	-0.05808583960641589	-0.16971820840876778	0.053546529195936	0.29718935117892953	no_covariates
Recurrent/Direct	Single/Direct	0.08221032179964882	0.409008501223335	0.20099905394083412	0.8406993138182814	0.014232003717389752	-0.12301196331877898	0.15147597075355848	0.8406993138182814	no_covariates
