consensus	phy_group	category	z_hat	se_z	p_hat	p_lcl95	p_ucl95	model
0	0	Single/Direct	1.6183034992276624	0.5339093809393309	0.834561028711209	0.6391878936433665	0.9349152663792409	adjusted
1	0	Recurrent/Direct	1.4026533161806212	0.5004958022862604	0.8026045922021888	0.6038855584018742	0.9155700815686808	adjusted
1	1	Recurrent/Inverted	1.0557334079270508	0.43755329267400567	0.741874350113714	0.5493708394394589	0.8713936750509489	adjusted
0	1	Single/Inverted	0.9910656409572076	0.4371495629625934	0.729298354999355	0.5335128040154549	0.8638778555579343	adjusted
