consensus	phy_group	category	z_hat	se_z	p_hat	p_lcl95	p_ucl95	model
0	1	Single/Inverted	1.7247183268814121	0.5177423502358957	0.848735588865268	0.6703886355724581	0.9393172229211559	adjusted
1	0	Recurrent/Direct	1.4453886548865138	0.4985150809432681	0.8092877287938314	0.6149810963542355	0.9185253978079861	adjusted
0	0	Single/Direct	1.2095485578687015	0.4950029706274275	0.7702190618160905	0.5595516703967983	0.8984166580185304	adjusted
1	1	Recurrent/Inverted	1.1018854455146516	0.4269673756913548	0.7506132145743805	0.5658722226753935	0.8742138191358937	adjusted
