A	B	diff_logit	se_logit	z_value	p_value	diff_prob	diff_prob_lcl95	diff_prob_ucl95	q_value_fdr	model
Single/Direct	Single/Inverted	-0.5065866264428625	0.17452206815974744	-2.9027081318974646	0.0036995124249936673	-0.07156590698754561	-0.13300155988512166	-0.010130254089969572	0.022197074549962004	adjusted
Recurrent/Inverted	Single/Inverted	-0.7841939568709235	0.2966334227916869	-2.6436466581907383	0.008201822564673833	-0.12109467801740492	-0.21315778673591063	-0.029031569298899204	0.0246054676940215	adjusted
Recurrent/Direct	Single/Inverted	-0.4329528012941686	0.22514186274211934	-1.9230222048490326	0.05447726127529595	-0.059667494733457005	-0.12594617185665968	0.0066111823897456595	0.1089545225505919	adjusted
Recurrent/Direct	Recurrent/Inverted	0.35124115557675495	0.29409655887313896	1.194305560468206	0.23235846332845078	0.06142718328394792	-0.03756070225652143	0.16041506882441725	0.3485376949926762	adjusted
Recurrent/Inverted	Single/Direct	-0.27760733042806107	0.3261539365594735	-0.851154314911787	0.39468363692537256	-0.04952877102985931	-0.1607921679796721	0.061734625919953476	0.4736203643104471	adjusted
Recurrent/Direct	Single/Direct	0.07363382514869388	0.25172028434441973	0.2925224136801919	0.7698872252986084	0.011898412254088608	-0.06837654907605038	0.0921733735842276	0.7698872252986084	adjusted
