A	B	diff_logit	se_logit	z_value	p_value	diff_prob	diff_prob_lcl95	diff_prob_ucl95	q_value_fdr	model
Single/Direct	Single/Inverted	0.4013859537961282	0.12042496039388347	3.3330793922064275	0.0008589042941300473	0.07602597901802488	0.03230874468892241	0.11974321334712734	0.005153425764780284	no_covariates
Recurrent/Direct	Single/Inverted	0.4038829036671534	0.20034368338626296	2.0159502752500886	0.04380517565987785	0.07645143450276981	0.007134810312875009	0.14576805869266463	0.13141552697963355	no_covariates
Recurrent/Direct	Recurrent/Inverted	0.17171255430846452	0.37866102289548853	0.4534730112844428	0.6502081730402485	0.030648231690050043	-0.10705740779965031	0.1683538711797504	0.8126651437140964	no_covariates
Recurrent/Inverted	Single/Direct	-0.1692156044374393	0.4065158022264632	-0.4162583680896422	0.6772209530950803	-0.030222776205305113	-0.1781836479618352	0.11773809555122497	0.8126651437140964	no_covariates
Recurrent/Inverted	Single/Inverted	0.23217034935868888	0.40175488442504814	0.5778905456020731	0.5633380187488548	0.04580320281271977	-0.10182859317513743	0.19343499880057696	0.8126651437140964	no_covariates
Recurrent/Direct	Single/Direct	0.0024969498710252225	0.20972768480392862	0.011905676035853754	0.9905008693148412	0.0004254554847449299	-0.06958930562628886	0.07044021659577872	0.990500869314841	no_covariates
