consensus	phy_group	category	z_hat	se_z	p_hat	p_lcl95	p_ucl95	model
0	1	Single/Inverted	1.748373691350984	0.4992997311629314	0.8517475594862431	0.683465993095476	0.9386012445794127	adjusted
1	0	Recurrent/Direct	1.3779528784101642	0.47965633710942673	0.7986620223091805	0.6077409974278435	0.9103633312428269	adjusted
0	0	Single/Direct	1.2772158531075282	0.5025152289811244	0.7819754803547503	0.572555692296379	0.9056930617921143	adjusted
1	1	Recurrent/Inverted	1.029400325059938	0.4212827930930705	0.7367996198219464	0.55074618732963	0.8647264979532402	adjusted
