consensus	phy_group	category	z_hat	se_z	p_hat	p_lcl95	p_ucl95	model
0	0	Single/Direct	4.48601120412645	1.1050622879568013	0.9888600074263827	0.9105272012863698	0.9987101430755358	no_covariates
1	1	Recurrent/Inverted	1.281075089776003	0.25953452774363134	0.7826327249165044	0.6840371132081323	0.8568981882496435	no_covariates
0	1	Single/Inverted	1.2012151124799058	0.11714121499976965	0.7687408747194329	0.7254419479569797	0.8070277867169883	no_covariates
1	0	Recurrent/Direct	1.062503790181757	0.3394977410846354	0.7431687320412275	0.5979878725205889	0.8491460904136375	no_covariates
