A	B	diff_logit	se_logit	z_value	p_value	diff_prob	diff_prob_lcl95	diff_prob_ucl95	q_value_fdr	model
Single/Direct	Single/Inverted	0.6272378582704545	0.16291117318471035	3.8501831765663233	0.0001180295185021496	0.10526267371185394	0.056197986077412124	0.15432736134629577	0.0007081771110128976	adjusted
Recurrent/Direct	Single/Inverted	0.41158767522341333	0.21697604758146832	1.8969267797583689	0.05783760245882874	0.0733062372028338	7.115815470229436e-05	0.1465413162509653	0.12728827948893517	adjusted
Recurrent/Inverted	Single/Direct	-0.5625700913006113	0.30332713382774174	-1.8546645801232295	0.06364413974446759	-0.09268667859749491	-0.18645281631756233	0.0010794591225725125	0.12728827948893517	adjusted
Recurrent/Direct	Recurrent/Inverted	0.3469199082535701	0.2899689780576431	1.1964035276373794	0.23153912538900956	0.06073024208847477	-0.036304185297478725	0.15776466947442827	0.34730868808351434	adjusted
Recurrent/Direct	Single/Direct	-0.2156501830470412	0.24333627229049154	-0.8862229252431423	0.3754974123550172	-0.031956436509020136	-0.10267742599511748	0.038764552977077205	0.45059689482602067	adjusted
Recurrent/Inverted	Single/Inverted	0.06466776696984322	0.28527441491857225	0.2266861785986022	0.8206677752481948	0.012575995114359029	-0.0962524794515801	0.12140446968029815	0.8206677752481948	adjusted
