A	B	diff_logit	se_logit	z_value	p_value	diff_prob	diff_prob_lcl95	diff_prob_ucl95	q_value_fdr	model
Recurrent/Direct	Single/Inverted	-3.3159685303352666	1.1321001843429914	-2.929041595607258	0.003400089187074906	-0.22570727829779313	-0.3160457265701197	-0.13536883002546657	0.010200267561224718	no_covariates
Single/Direct	Single/Inverted	-3.2847960916465437	1.1070816143846942	-2.9670767258403106	0.0030064592375436128	-0.2201191327069506	-0.26665626905609263	-0.17358199635780855	0.010200267561224718	no_covariates
Recurrent/Inverted	Single/Inverted	-3.127791012850692	1.1239459967072019	-2.782865922396723	0.005388106754756761	-0.1933897275331964	-0.26302848096279224	-0.12375097410360053	0.010776213509513521	no_covariates
Recurrent/Direct	Recurrent/Inverted	-0.18817751748457479	0.24580138300710416	-0.7655673665560135	0.4439337680477	-0.03231755076459675	-0.11663193018487424	0.05199682865568074	0.6075890709667725	no_covariates
Recurrent/Inverted	Single/Direct	0.1570050787958519	0.2362498835708436	0.6645720896144748	0.5063242258056437	0.026729405173754217	-0.05038305769782937	0.1038418680453378	0.6075890709667725	no_covariates
Recurrent/Direct	Single/Direct	-0.031172438688722992	0.27241554904691273	-0.11442973353681357	0.9088971448414347	-0.00558814559084253	-0.10180566575814541	0.09062937457646035	0.9088971448414348	no_covariates
