consensus	phy_group	category	z_hat	se_z	p_hat	p_lcl95	p_ucl95	model
1	0	Recurrent/Direct	1.2795017590949738	0.18429708211133838	0.7823649528627977	0.7146914078499496	0.8376334335911623	no_covariates
0	0	Single/Direct	1.2770048092239477	0.10010138509762054	0.7819394973780525	0.7466464989126859	0.8135438176468018	no_covariates
1	1	Recurrent/Inverted	1.1077892047865092	0.3939984900495962	0.7517167211727475	0.5831096875097983	0.867614141016195	no_covariates
0	1	Single/Inverted	0.8756188554278204	0.07856320384264531	0.7059135183600277	0.6729669482510687	0.7368388704705359	no_covariates
