consensus	phy_group	category	z_hat	se_z	p_hat	p_lcl95	p_ucl95	model
0	1	Single/Inverted	1.3506734652620915	0.039888704410095475	0.7942397097176346	0.7811689711713213	0.8067228996264053	no_covariates
1	0	Recurrent/Direct	1.2758183963785745	0.18436475309689274	0.7817371343156061	0.7139126598358315	0.8371499425053437	no_covariates
1	1	Recurrent/Inverted	1.1123112956462864	0.39724270550105206	0.752559757244512	0.5826631622259837	0.8688589113567022	no_covariates
0	0	Single/Direct	1.108522064773008	0.1852248557297155	0.7518534759685499	0.6781933112874399	0.8132948049934204	no_covariates
