consensus	phy_group	category	z_hat	se_z	p_hat	p_lcl95	p_ucl95	model
0	1	Single/Inverted	1.8395325283690362	0.524141609276752	0.8628934109984301	0.6925813009239166	0.9461831776369029	adjusted
1	0	Recurrent/Direct	1.4065797270748677	0.4866069477175388	0.8032259162649731	0.6113119067748334	0.9137517645170982	adjusted
0	0	Single/Direct	1.3329459019261738	0.49693683986039466	0.7913275040108845	0.5887861612731174	0.9094503517353645	adjusted
1	1	Recurrent/Inverted	1.0553385714981127	0.4299280881721117	0.7417987329810252	0.5529703645207638	0.8696647283335658	adjusted
