consensus	phy_group	category	z_hat	se_z	p_hat	p_lcl95	p_ucl95	model
0	0	Single/Direct	4.6450364017561165	1.2261724015515763	0.9904822776437194	0.9039355284203049	0.9991318992568986	adjusted
0	1	Single/Inverted	1.481360342907261	0.5352586284600219	0.8147779645446535	0.6064116384011284	0.9262502782503587	adjusted
1	1	Recurrent/Inverted	1.3527068150409856	0.5229524580239228	0.7945718070191125	0.5812045138739884	0.9151104394469419	adjusted
1	0	Recurrent/Direct	0.9120662978982343	0.4256989917028623	0.7134228050497742	0.5194143029779198	0.8515027539825689	adjusted
