consensus	phy_group	category	z_hat	se_z	p_hat	p_lcl95	p_ucl95	model
0	1	Single/Inverted	1.3519264493759797	0.02822315883641378	0.7944444006402351	0.7852637399363421	0.8033308609709197	no_covariates
1	0	Recurrent/Direct	1.312285071959429	0.18453470043958556	0.7878952798847967	0.7212352355770868	0.8421048178941396	no_covariates
1	1	Recurrent/Inverted	1.0792502671194912	0.3593021120961674	0.7463520771321335	0.592670976137601	0.8561263401819894	no_covariates
0	0	Single/Direct	0.9636724307907762	0.22756622981280406	0.723856484130457	0.6265963670904318	0.8037189750106977	no_covariates
