A	B	diff_logit	se_logit	z_value	p_value	diff_prob	diff_prob_lcl95	diff_prob_ucl95	q_value_fdr	model
Recurrent/Inverted	Single/Inverted	-0.7189733662910477	0.2900519224335403	-2.4787746975053624	0.013183455183433779	-0.11494793966429728	-0.20810265917740461	-0.02179322015118995	0.04245988854100968	adjusted
Single/Direct	Single/Inverted	-0.4711578382434549	0.19204680838243152	-2.4533489632653356	0.014153296180336561	-0.06977207913149297	-0.14059542817661386	0.0010512699136279308	0.04245988854100968	adjusted
Recurrent/Direct	Single/Inverted	-0.3704208129408203	0.22013625465189704	-1.682688812556429	0.09243534858638469	-0.05308553717706288	-0.1202541029962979	0.014083028642172146	0.18487069717276938	adjusted
Recurrent/Direct	Recurrent/Inverted	0.3485525533502274	0.2931252260047279	1.1890909496291715	0.2344038793863943	0.0618624024872344	-0.037962489887084394	0.1616872948615532	0.35160581907959143	adjusted
Recurrent/Inverted	Single/Direct	-0.24781552804759277	0.33924574663187546	-0.730489712864415	0.4650908987640321	-0.04517586053280431	-0.16282019461241737	0.07246847354680874	0.5581090785168386	adjusted
Recurrent/Direct	Single/Direct	0.10073702530263462	0.2666170817829111	0.3778341006097209	0.7055538396258563	0.01668654195443009	-0.07113075895034855	0.10450384285920873	0.7055538396258564	adjusted
