A	B	diff_logit	se_logit	z_value	p_value	diff_prob	diff_prob_lcl95	diff_prob_ucl95	q_value_fdr	model
Recurrent/Direct	Single/Direct	-3.7329701038578817	1.2119754500946196	-3.080070725497325	0.0020695144499891516	-0.27705947259394526	-0.4444372699905055	-0.109681675197385	0.01241708669993491	adjusted
Recurrent/Inverted	Single/Direct	-3.292329586715131	1.2262812289765406	-2.6848079452891267	0.007257149445613065	-0.19591047062460698	-0.35989080061275325	-0.031930140636460685	0.017703903507122032	adjusted
Single/Direct	Single/Inverted	3.1636760588488557	1.2085618686743795	2.6177195730318368	0.008851951753561016	0.17570431309906598	0.021496119992600954	0.32991250620553103	0.017703903507122032	adjusted
Recurrent/Direct	Single/Inverted	-0.569294045009026	0.26143862397711826	-2.1775437628483387	0.02944002029090531	-0.10135515949487928	-0.18399418816693203	-0.018716130822826513	0.04416003043635797	adjusted
Recurrent/Direct	Recurrent/Inverted	-0.44064051714275054	0.2588622110851863	-1.7022203252283303	0.08871407399049147	-0.08114900196933827	-0.16710806087385216	0.004810056935175611	0.10645688878858976	adjusted
Recurrent/Inverted	Single/Inverted	-0.12865352786627549	0.29578817824149894	-0.43495155428840415	0.6635975924111943	-0.020206157525541002	-0.11156103223894798	0.07114871718786597	0.6635975924111943	adjusted
