consensus	phy_group	category	z_hat	se_z	p_hat	p_lcl95	p_ucl95	model
1	0	Recurrent/Direct	1.2795017590949758	0.18429708211133958	0.782364952862798	0.7146914078499494	0.8376334335911628	no_covariates
0	0	Single/Direct	1.2770048092239505	0.10010138509762088	0.781939497378053	0.7466464989126863	0.8135438176468023	no_covariates
1	1	Recurrent/Inverted	1.1077892047865112	0.3939984900495974	0.7517167211727479	0.5831096875097981	0.8676141410161956	no_covariates
0	1	Single/Inverted	0.8756188554278224	0.07856320384264702	0.7059135183600281	0.6729669482510684	0.7368388704705369	no_covariates
