A	B	diff_logit	se_logit	z_value	p_value	diff_prob	diff_prob_lcl95	diff_prob_ucl95	q_value_fdr	model
Recurrent/Direct	Recurrent/Inverted	0.16350710073228772	0.3816845703212196	0.42838278894712134	0.6683724531177773	0.029177377071094135	-0.10936567478251119	0.16772042892469946	0.8297875358174863	no_covariates
Recurrent/Direct	Single/Direct	0.16729633160557172	0.26134002633460574	0.6401481393874755	0.5220762949020379	0.029883658347057307	-0.061708549583113295	0.12147586627722791	0.8297875358174863	no_covariates
Recurrent/Direct	Single/Inverted	-0.0748550688835157	0.1886305142971135	-0.3968343571688028	0.6914896131812387	-0.012502575402028149	-0.07546838389737257	0.05046323309331627	0.8297875358174863	no_covariates
Recurrent/Inverted	Single/Inverted	-0.23836216961580342	0.399240373476069	-0.5970392411480178	0.5504811816838637	-0.041679952473122284	-0.18722691802149805	0.10386701307525348	0.8297875358174863	no_covariates
Single/Direct	Single/Inverted	-0.24215140048908743	0.1878787303813219	-1.288870751881348	0.19744302375384493	-0.042386233749085456	-0.11080071053672491	0.026028243038554	0.8297875358174863	no_covariates
Recurrent/Inverted	Single/Direct	0.0037892308732839775	0.43830356404424764	0.008645220308775419	0.9931021981144239	0.000706281275963172	-0.15931983751216247	0.16073240006408882	0.9931021981144239	no_covariates
