A	B	diff_logit	se_logit	z_value	p_value	diff_prob	diff_prob_lcl95	diff_prob_ucl95	q_value_fdr	model
Recurrent/Direct	Single/Direct	-3.4235074139446935	1.156036926947373	-2.961417005064704	0.0030622701345717207	-0.24569127538515523	-0.37492015586673	-0.11646239490358049	0.009186810403715162	no_covariates
Single/Direct	Single/Inverted	3.2847960916465446	1.10708161437331	2.967076725870822	0.003006459237245185	0.22011913270694983	0.1735819963587794	0.26665626905512024	0.009186810403715162	no_covariates
Recurrent/Inverted	Single/Direct	-3.2049361143504473	1.135130314698384	-2.8234080905521695	0.0047516047467413	-0.20622728250987832	-0.2959935596702583	-0.11646100534949833	0.0095032094934826	no_covariates
Recurrent/Direct	Recurrent/Inverted	-0.21857129959424615	0.35011106714307194	-0.6242913181174236	0.532436284547305	-0.03946399287527691	-0.16646932649080073	0.08754134074024691	0.7791242371130611	no_covariates
Recurrent/Direct	Single/Inverted	-0.13871132229814886	0.3591389431031343	-0.3862330303130479	0.6993240934110689	-0.0255721426782054	-0.1589770882440487	0.10783280288763789	0.7791242371130611	no_covariates
Recurrent/Inverted	Single/Inverted	0.07985997729609728	0.28474591365424556	0.28046048588099404	0.7791242371130611	0.01389185019707151	-0.08178866227124104	0.10957236266538406	0.7791242371130611	no_covariates
