A	B	diff_logit	se_logit	z_value	p_value	diff_prob	diff_prob_lcl95	diff_prob_ucl95	q_value_fdr	model
Single/Direct	Single/Inverted	-0.3882540185852035	0.22689824619170817	-1.711137151131457	0.08705579739228786	-0.07058791650977814	-0.1594274648357275	0.018251631816171218	0.5223347843537272	no_covariates
Recurrent/Direct	Single/Direct	0.34861264116865276	0.29298369343282843	1.1898704568982377	0.23409731172073345	0.06403879575433968	-0.043675123087009035	0.17175271459568842	0.7022919351622003	no_covariates
Recurrent/Direct	Recurrent/Inverted	0.23303480483993777	0.34838523414451406	0.6688997753081359	0.5035594135582759	0.04154320275266321	-0.086322721323636	0.16940912682896242	0.7553391203374139	no_covariates
Recurrent/Inverted	Single/Inverted	-0.2726761822564885	0.36040887121639004	-0.7565745574913257	0.4493047888825896	-0.048092323508101664	-0.18171666703369754	0.08553202001749421	0.7553391203374139	no_covariates
Recurrent/Direct	Single/Inverted	-0.039641377416550716	0.1866804820034303	-0.21234880578368281	0.8318349220010224	-0.006549120755438453	-0.06766439286178658	0.05456615135090966	0.8318349220010224	no_covariates
Recurrent/Inverted	Single/Direct	0.11557783632871499	0.425305063111152	0.27175278724229324	0.7858121097151214	0.022495593001676473	-0.13788731447344743	0.18287850047680038	0.8318349220010224	no_covariates
