A	B	diff_logit	se_logit	z_value	p_value	diff_prob	diff_prob_lcl95	diff_prob_ucl95	q_value_fdr	model
Single/Direct	Single/Inverted	-0.27647768452916754	0.15907636084211954	-1.7380186664162296	0.08220752473317616	-0.047751501558968124	-0.10569458865053269	0.010191585532596442	0.493245148399057	no_covariates
Recurrent/Direct	Single/Direct	0.16019666046205527	0.24415815665879054	0.6561184056035002	0.511747942780193	0.028561443707870948	-0.056310470720147526	0.11343335813588942	0.7969221616759352	no_covariates
Recurrent/Direct	Single/Inverted	-0.11628102406711227	0.18573728037918202	-0.6260510750977131	0.5312814411172901	-0.019190057851097175	-0.08124695185937883	0.04286683615718448	0.7969221616759352	no_covariates
Recurrent/Inverted	Single/Inverted	-0.27978812479940085	0.3978815680726754	-0.7031944861248157	0.48193455498621196	-0.04836743492219153	-0.19352350346506264	0.09678863362067958	0.7969221616759352	no_covariates
Recurrent/Direct	Recurrent/Inverted	0.16350710073228858	0.3816845703212188	0.42838278894712456	0.6683724531177748	0.029177377071094357	-0.10936567478251086	0.16772042892469957	0.8020469437413297	no_covariates
Recurrent/Inverted	Single/Direct	-0.0033104402702333058	0.4282809946195776	-0.007729598819050606	0.9938327338534385	-0.0006159333632234087	-0.1568928286470256	0.1556609619205788	0.9938327338534384	no_covariates
