metric	n_recurrent	n_single_event	median_recurrent	median_single_event	mean_recurrent	mean_single_event	mannwhitney_u	p_two_sided
dxy	32	28	0.0005	0.0005325	0.000606875	0.0006892857142857144	440.5	0.9173878965026091
da	32	28	4.249999999999999e-05	0.00012849999999999998	9.2625e-05	0.00034939285714285714	307.0	0.03730394676467035
