metric	group	n	median_flank	median_middle	median_flank_minus_middle	wilcoxon_stat	wilcoxon_p
da	Overall	39	1.4903e-05	4.3706500000000006e-05	-2.0647000000000007e-06	246.0	0.17168172637095003
da	Single-event	13	0.00014134785000000002	0.00020832785	-3.452059999999995e-05	30.0	0.5185546875
da	Recurrent	26	3.1824500000000003e-06	1.1876949999999998e-05	-2.0597249999999966e-06	110.0	0.2530979089471155
da	Recurrent_vs_Single_diff	39				182.0	0.7095372474430044
dxy	Overall	39	0.0003472571	0.0005089758	-8.933320000000005e-05	224.0	0.08681328026805418
dxy	Single-event	13	0.00056602615	0.0005089758	-4.615455000000015e-05	37.0	0.90966796875
dxy	Recurrent	26	0.000224631325	0.0005056079749999999	-9.661862499999999e-05	78.0	0.03967248626597541
dxy	Recurrent_vs_Single_diff	39				147.0	0.5217425922476441
