group	n	pearson_r	r2	rmse	concordance	n_carriers_truth	n_carriers_pred_hard
ALL	517	0.9710149121222369	0.9428699595637554	0.06634189039862703	0.9961315280464217	31	32
AFR	171	0.9683844913564986	0.9377685230997845	0.11534606612607226	0.9883040935672515	31	32
EAS	85			0.0009985283288567288	1.0	0	0
EUR	179			0.000984375138556344	1.0	0	0
SAS	82			0.0009873591285750529	1.0	0	0
