group	n	pearson_r	r2	rmse	concordance	n_carriers_truth	n_carriers_pred_hard
ALL	517	0.9702249183032209	0.9413363920964917	0.06698835719735184	0.9961315280464217	31	32
AFR	171	0.9668608720120717	0.9348199458279437	0.11646726543595266	0.9883040935672515	31	32
EAS	85			0.0009985283288567288	1.0	0	0
EUR	179			0.0012752259083466098	1.0	0	0
SAS	82			0.000987420882906575	1.0	0	0
