population	population_label	Phenotype	Inversion	Beta	OR	P_Value	P_Valid	Q_GLOBAL	N_Total	N_Cases	N_Controls	CI_Valid	CI_Sided	CI_LO_OR	CI_HI_OR	Skip_Reason
AFR	African	Abnormal_Papanicolaou_smear	chr10-79542902-INV-674513	-0.010911708845322	0.9891476079045652	0.9257515303193592	True	0.9697218514992804	73429	2928	70501	True	two	0.909887914821254	1.090865749472386	
AFR	African	Abnormal_cytological_findings_in_specimens_from_genital_organs	chr10-79542902-INV-674513	0.030527653250979	1.030998400112099	0.7641026453230021	True	0.9333557003672052	74446	3945	70501	True	two	0.9280911152547212	1.084693402101171	
AFR	African	Abnormal_mammogram	chr10-79542902-INV-674513	-0.097877619735917	0.906759866475877	0.398582434478217	True	0.9217218797308768	66013	3558	62455	True	two	0.7215638900050261	1.139488085310953	
AFR	African	Acne	chr10-79542902-INV-674513	-0.247910707968916	0.7804296263133691	0.050282864375919	True	0.8677106289593141	63749	2647	61102	True	two	0.6061910926391111	1.004749837177545	
AFR	African	Alopecia_Areata	chr10-79542902-INV-674513	0.13895826112637	1.14907613785896	0.7189205165818281	True	0.9333557003672052	61344	242	61102	True	two	0.7413657129370941	1.340714438109406	
AFR	African	Aphagia_and_dysphagia	chr10-79542902-INV-674513	0.046719730369808	1.047828293473479	0.626529880274412	True	0.9333557003672052	74446	4547	69899	True	two	0.936608878684238	1.080329563771133	
AFR	African	Benign_neoplasm_of_the_skin	chr10-79542902-INV-674513	0.091252694023385	1.09554580816184	0.430472305549238	True	0.9224423393241438	65465	3010	62455	True	two	0.931897149417574	1.100459184465451	
AFR	African	Benign_sarcoma_related_cancers	chr10-79542902-INV-674513	0.006821384423774	1.006844703058139	0.9472572526228492	True	0.9697218514992804	66484	4029	62455	True	two	0.92402333325206	1.081338651122608	
AFR	African	Conjunctivitis	chr10-79542902-INV-674513	-0.041045351352976	0.959785601385176	0.670884232380441	True	0.9333557003672052	69437	4460	64977	True	two	0.9227733326997772	1.067377260576951	
AFR	African	Diastolic_heart_failure	chr10-79542902-INV-674513	0.135632832072009	1.145261313164402	0.277089548662317	True	0.91016679372535	74446	2684	71762	True	two	0.8987815099251101	1.459335178735863	
AFR	African	Disorder_of_nervous_system	chr10-79542902-INV-674513	0.067631537307138	1.069970991444885	0.628302191325539	True	0.9333557003672052	68931	2026	66905	True	two	0.907818465359328	1.118213213918527	
AFR	African	Epidermal_thickening	chr10-79542902-INV-674513	0.008554837916613	1.008591535114049	0.926995757975344	True	0.9697218514992804	66181	5079	61102	True	two	0.932045650108527	1.073201881660726	
AFR	African	Flat_foot_pes_planus	chr10-79542902-INV-674513	-0.023375681715482	0.976895413082087	0.870205905579244	True	0.9697218514992804	63431	2080	61351	True	two	0.8925872282690731	1.106087988191972	
AFR	African	Goiter	chr10-79542902-INV-674513	0.030700826022524	1.031176956422603	0.759145150419349	True	0.9333557003672052	62921	4339	58582	True	two	0.930077415079676	1.082592097085885	
AFR	African	Hearing_impairment	chr10-79542902-INV-674513	-0.060369082488395	0.941417008923288	0.540574198108009	True	0.9333557003672052	69560	4583	64977	True	two	0.9208080575973672	1.063848150355899	
AFR	African	High_risk_human_papillomavirus_HPV_DNA_test_positive	chr10-79542902-INV-674513	0.233841140877814	1.263443766696951	0.19323508337177	True	0.9015827916939884	71629	1128	70501	True	two	0.8936913768627051	1.786176070322108	
AFR	African	Hypertrophic_conditions_of_skin	chr10-79542902-INV-674513	0.03949685457081	1.040287226730003	0.743829796446684	True	0.9333557003672052	63876	2774	61102	True	two	0.9162186505255532	1.100015216485591	
AFR	African	Inflammation_of_the_eye	chr10-79542902-INV-674513	-0.039749759538656	0.961029897629796	0.633586923264239	True	0.9333557003672052	71216	6239	64977	True	two	0.93314360696913	1.056885102801113	
AFR	African	Laryngitis_and_tracheitis	chr10-79542902-INV-674513	0.013876621620851	1.013973348832431	0.94664106423252	True	0.9697218514992804	74446	913	73533	True	two	0.849218793905484	1.166323511255231	
AFR	African	Lump_or_mass_in_breast_or_nonspecific_abnormal_breast_exam	chr10-79542902-INV-674513	0.085648828553293	1.089423686630535	0.272011521238704	True	0.91016679372535	70782	8327	62455	True	two	0.93551605921974	1.268651625266106	
AFR	African	Melanocytic_nevi	chr10-79542902-INV-674513	0.076938284829512	1.079975423468491	0.66229086574711	True	0.9333557003672052	63655	1200	62455	True	two	0.8804048989179141	1.152922404914849	
AFR	African	Migraine	chr10-79542902-INV-674513	0.026789967781219	1.027152045083196	0.7544443279844331	True	0.9333557003672052	72594	5689	66905	True	two	0.939601402789226	1.071119716771408	
AFR	African	Mild_cognitive_impairment	chr10-79542902-INV-674513	0.043978044250855	1.044959411769866	0.8573202499860451	True	0.9697218514992804	67590	685	66905	True	two	0.829911948203214	1.198882792004955	
AFR	African	Morbid_obesity	chr10-79542902-INV-674513	-0.04441511025769	0.9565567985072452	0.53497116059988	True	0.9333557003672052	67801	9219	58582	True	two	0.9420523946343392	1.046176294899814	
AFR	African	Multinodular_goiter	chr10-79542902-INV-674513	-0.025340831398768	0.9749775524292932	0.8633455624682811	True	0.9697218514992804	60548	1966	58582	True	two	0.8881415417581471	1.110662233649515	
AFR	African	Other_follicular_disorders	chr10-79542902-INV-674513	-0.060374137735284	0.941412249839912	0.448755732644178	True	0.9224423393241438	68035	6933	61102	True	two	0.9352831893340672	1.048238992692865	
AFR	African	Other_skin_and_subcutaneous_disorders	chr10-79542902-INV-674513	0.011649206061275	1.011717322305291	0.900140107058311	True	0.9697218514992804	66053	4951	61102	True	two	0.9320485460861532	1.074250497411536	
AFR	African	Pain_in_shoulder	chr10-79542902-INV-674513	0.005068382451797	1.005081248429517	0.936300066909007	True	0.9697218514992804	73549	12198	61351	True	two	0.953114921474708	1.049971088565983	
AFR	African	Pure_hypercholesterolemia	chr10-79542902-INV-674513	-0.008385217613203	0.9916498402662572	0.919970211732262	True	0.9697218514992804	65387	6805	58582	True	two	0.9363983875367152	1.063583869751599	
AFR	African	Rosacea	chr10-79542902-INV-674513	-0.282492961159398	0.75390194853629	0.430897456501	True	0.9224423393241438	61398	296	61102	True	two	0.7191362980819641	1.221526883159187	
AFR	African	Scar_conditions_and_fibrosis_of_skin	chr10-79542902-INV-674513	0.230939956116288	1.2597835948785852	0.180611263016634	True	0.9015827916939884	62341	1239	61102	True	two	0.903540173745922	1.756484937847926	
AFR	African	Sensorineural_hearing_loss	chr10-79542902-INV-674513	0.00722859214944	1.007254781487656	0.952313949700995	True	0.9703790151926296	67940	2963	64977	True	two	0.910930893274396	1.095903691834926	
AFR	African	Skin_changes_due_to_chronic_exposure_to_nonionizing_radiation	chr10-79542902-INV-674513	0.132455419304454	1.141628120379049	0.703731996199735	True	0.9333557003672052	61407	305	61102	True	two	0.768043425088017	1.304372925596255	
AFR	African	Skin_changes_due_to_solar_radiation	chr10-79542902-INV-674513	-0.212703382657456	0.80839588589732	0.459653391052447	True	0.92244462513938	61598	496	61102	True	two	0.778274920274949	1.177162704364791	
AFR	African	Uninodular_goiter_single_thyroid_nodule	chr10-79542902-INV-674513	0.134363513253051	1.143808533642227	0.289429202759106	True	0.91016679372535	61102	2520	58582	True	two	0.8939783743970411	1.463455939317532	
AFR	African	Urinary_incontinence_and_enuresis	chr10-79542902-INV-674513	0.058217566991075	1.059945579796134	0.530215349994	True	0.9333557003672052	74446	4999	69447	True	two	0.94181402278982	1.078601406938508	
AFR	African	Viral_infections	chr10-79542902-INV-674513	-0.004494002261543	0.995516080656746	0.9324771223589572	True	0.9697218514992804	74446	18428	56018	True	two	0.95928006530269	1.040539406994747	
AFR	African	Abnormal_Papanicolaou_smear	chr12-46897663-INV-16289	-0.147370472674186	0.8629742098241311	0.374793843477094	True	0.9157698628355412	73429	2928	70501	True	two	0.620327040008637	1.200535264126508	
AFR	African	Abnormal_cytological_findings_in_specimens_from_genital_organs	chr12-46897663-INV-16289	0.015222923571173	1.015339382470082	0.913468145377072	True	0.9697218514992804	74446	3945	70501	True	two	0.8940181523422631	1.119334513304996	
AFR	African	Abnormal_mammogram	chr12-46897663-INV-16289	0.070701579263598	1.073260894767445	0.650645801516716	True	0.9333557003672052	66013	3558	62455	True	two	0.8942737093141021	1.139657291811658	
AFR	African	Acne	chr12-46897663-INV-16289	-0.050249134619751	0.950992469837774	0.7672365072700951	True	0.9333557003672052	63749	2647	61102	True	two	0.864154919651671	1.1303216181841251	
AFR	African	Alopecia_Areata	chr12-46897663-INV-16289	0.477782752836172	1.612495135334103	0.324978040167553	True	0.9127042866512732	61344	242	61102	True	one	1.532002283979813	inf	
AFR	African	Aphagia_and_dysphagia	chr12-46897663-INV-16289	0.284322489311159	1.328861405259065	0.025847380805229	True	0.6418538114638346	74446	4547	69899	True	two	1.04145412681698	1.6955836929507142	
AFR	African	Benign_neoplasm_of_the_skin	chr12-46897663-INV-16289	-0.283100028850541	0.753444417911124	0.083042373163611	True	0.9015827916939884	65465	3010	62455	True	two	0.5423096504818831	1.046779253102003	
AFR	African	Benign_sarcoma_related_cancers	chr12-46897663-INV-16289	-0.356360159234395	0.700220383977968	0.019970960613961	True	0.6418538114638346	66484	4029	62455	True	two	0.51315779609203	0.955473325889648	
AFR	African	Conjunctivitis	chr12-46897663-INV-16289	0.068813659576933	1.071236575872296	0.60118482278398	True	0.9333557003672052	69437	4460	64977	True	two	0.911708613932059	1.117998614840276	
AFR	African	Diastolic_heart_failure	chr12-46897663-INV-16289	0.178682206490636	1.195640716926616	0.301271133600318	True	0.91016679372535	74446	2684	71762	True	two	0.8570779566116171	1.667942470046039	
AFR	African	Disorder_of_nervous_system	chr12-46897663-INV-16289	0.183591636434891	1.201525063840384	0.326959503298318	True	0.9127042866512732	68931	2026	66905	True	two	0.8379983175472181	1.722751047116861	
AFR	African	Epidermal_thickening	chr12-46897663-INV-16289	0.070622507039241	1.073176032996329	0.580320059036292	True	0.9333557003672052	66181	5079	61102	True	two	0.916418206787034	1.112725608587972	
AFR	African	Flat_foot_pes_planus	chr12-46897663-INV-16289	0.233117324136829	1.262529595833324	0.215822907664198	True	0.9015827916939884	63431	2080	61351	True	two	0.88038287495648	1.8105542778008368	
AFR	African	Goiter	chr12-46897663-INV-16289	0.045967234595955	1.047040103702845	0.7425923013141641	True	0.9333557003672052	62921	4339	58582	True	two	0.9018547369264912	1.121044864204072	
AFR	African	Hearing_impairment	chr12-46897663-INV-16289	0.017247992584855	1.017397598102865	0.8967580948097401	True	0.9697218514992804	69560	4583	64977	True	two	0.900107958198833	1.113264570436909	
AFR	African	High_risk_human_papillomavirus_HPV_DNA_test_positive	chr12-46897663-INV-16289	-0.003314406732268	0.996691079850462	0.98958796259533	True	0.9934235748534516	71629	1128	70501	True	two	0.806463206143548	1.2176775098948	
AFR	African	Hypertrophic_conditions_of_skin	chr12-46897663-INV-16289	0.000369857726867	1.00036992613267	0.998230001981921	True	0.998230001981921	63876	2774	61102	True	two	0.8730237762085321	1.138027803009573	
AFR	African	Inflammation_of_the_eye	chr12-46897663-INV-16289	0.121355041949114	1.129025692698754	0.283544062632876	True	0.91016679372535	71216	6239	64977	True	two	0.906555306803228	1.4060907318151972	
AFR	African	Laryngitis_and_tracheitis	chr12-46897663-INV-16289	0.390161148758687	1.477218826683012	0.143411246997016	True	0.9015827916939884	74446	913	73533	True	two	0.8943947312882861	2.4398348800238683	
AFR	African	Lump_or_mass_in_breast_or_nonspecific_abnormal_breast_exam	chr12-46897663-INV-16289	0.028157805134238	1.02855798334592	0.794198922079544	True	0.9386492823214052	70782	8327	62455	True	two	0.922014705006804	1.092889756917272	
AFR	African	Melanocytic_nevi	chr12-46897663-INV-16289	-0.398362921499627	0.6714183112993171	0.114860772482311	True	0.9015827916939884	63655	1200	62455	True	two	0.400526643901152	1.12552449534239	
AFR	African	Migraine	chr12-46897663-INV-16289	0.084377173310496	1.088039195771906	0.466226429656784	True	0.92244462513938	72594	5689	66905	True	two	0.927548065023228	1.106779552391141	
AFR	African	Mild_cognitive_impairment	chr12-46897663-INV-16289	-0.130649285650577	0.877525481207535	0.703725619924298	True	0.9333557003672052	67590	685	66905	True	two	0.7428232403908981	1.257087764479992	
AFR	African	Morbid_obesity	chr12-46897663-INV-16289	0.054388810004417	1.05589506491875	0.5822568605152401	True	0.9333557003672052	67801	9219	58582	True	two	0.9348698223778332	1.086956956436346	
AFR	African	Multinodular_goiter	chr12-46897663-INV-16289	-0.335276289590437	0.715140473186144	0.128481175510587	True	0.9015827916939884	60548	1966	58582	True	two	0.457280779078806	1.118406720306879	
AFR	African	Other_follicular_disorders	chr12-46897663-INV-16289	-0.027757484176507	0.972624214964075	0.7994221165134581	True	0.9386492823214052	68035	6933	61102	True	two	0.912236786906216	1.083645006261455	
AFR	African	Other_skin_and_subcutaneous_disorders	chr12-46897663-INV-16289	-0.109503169833205	0.8962793233016451	0.396314012096271	True	0.9217218797308768	66053	4951	61102	True	two	0.892884189887387	1.077371819780318	
AFR	African	Pain_in_shoulder	chr12-46897663-INV-16289	-0.065591769291558	0.936513099672344	0.46108198732059	True	0.92244462513938	73549	12198	61351	True	two	0.926457452091028	1.055890388205235	
AFR	African	Pure_hypercholesterolemia	chr12-46897663-INV-16289	-0.04715256675184	0.9539418466785452	0.6827095837709241	True	0.9333557003672052	65387	6805	58582	True	two	0.9063650356279712	1.084100093200081	
AFR	African	Rosacea	chr12-46897663-INV-16289	-0.068814005380599	0.933500289963591	0.8773830639858251	True	0.9697218514992804	61398	296	61102	True	two	0.651250104960815	1.403212796650522	
AFR	African	Scar_conditions_and_fibrosis_of_skin	chr12-46897663-INV-16289	0.222444294112546	1.249126234027098	0.338887174280731	True	0.9127042866512732	62341	1239	61102	True	two	0.800140276456279	1.9500535024248071	
AFR	African	Sensorineural_hearing_loss	chr12-46897663-INV-16289	0.048925099085355	1.050141691221051	0.762392143300985	True	0.9333557003672052	67940	2963	64977	True	two	0.883398505383144	1.14443298561503	
AFR	African	Skin_changes_due_to_chronic_exposure_to_nonionizing_radiation	chr12-46897663-INV-16289	-0.581579980159862	0.559014436734369	0.266810747339904	True	0.91016679372535	61407	305	61102	True	one	0.0	0.6290259227401831	
AFR	African	Skin_changes_due_to_solar_radiation	chr12-46897663-INV-16289	-0.372267362463925	0.689169959711674	0.348444380710619	True	0.9127042866512732	61598	496	61102	True	one	0.0	0.698220053520338	
AFR	African	Uninodular_goiter_single_thyroid_nodule	chr12-46897663-INV-16289	-0.058821221571247	0.942875319858229	0.749007862093169	True	0.9333557003672052	61102	2520	58582	True	two	0.857392914969325	1.136985800681986	
AFR	African	Urinary_incontinence_and_enuresis	chr12-46897663-INV-16289	0.095067696921723	1.099733301165396	0.45418218115053	True	0.92244462513938	74446	4999	69447	True	two	0.922514645126538	1.115245913068566	
AFR	African	Viral_infections	chr12-46897663-INV-16289	0.089140521852503	1.093234268837797	0.220757933748066	True	0.9075603942976048	74446	18428	56018	True	two	0.94848791263884	1.260070002617313	
AFR	African	Abnormal_Papanicolaou_smear	chr17-45585160-INV-706887	-0.111928907718251	0.8941078194059601	0.235341987828525	True	0.91016679372535	73429	2928	70501	True	two	0.7423301774152701	1.076918084492298	
AFR	African	Abnormal_cytological_findings_in_specimens_from_genital_organs	chr17-45585160-INV-706887	-0.043146187451786	0.957771365677033	0.597487399101654	True	0.9333557003672052	74446	3945	70501	True	two	0.922441998446425	1.062332248990924	
AFR	African	Abnormal_mammogram	chr17-45585160-INV-706887	0.041128266634437	1.041985748979453	0.6442170612024171	True	0.9333557003672052	66013	3558	62455	True	two	0.932172316604131	1.0883754100034	
AFR	African	Acne	chr17-45585160-INV-706887	-0.019354800248089	0.9808313013113652	0.8413012781140501	True	0.9697218514992804	63749	2647	61102	True	two	0.9118932301555872	1.083322380113295	
AFR	African	Alopecia_Areata	chr17-45585160-INV-706887	0.093368491948086	1.097866215600157	0.7585288087486001	True	0.9333557003672052	61344	242	61102	True	two	0.761020459545202	1.30536741551446	
AFR	African	Aphagia_and_dysphagia	chr17-45585160-INV-706887	-0.079096188079982	0.923951047093466	0.303771853126416	True	0.91016679372535	74446	4547	69899	True	two	0.794123291611727	1.075003776419277	
AFR	African	Benign_neoplasm_of_the_skin	chr17-45585160-INV-706887	-0.039402880012159	0.9613633170504772	0.6608829345966091	True	0.9333557003672052	65465	3010	62455	True	two	0.9133427965280112	1.0727526372572531	
AFR	African	Benign_sarcoma_related_cancers	chr17-45585160-INV-706887	0.012423558596591	1.012501051581055	0.878035973862983	True	0.9697218514992804	66484	4029	62455	True	two	0.9320683591694312	1.075529217061067	
AFR	African	Conjunctivitis	chr17-45585160-INV-706887	-0.037430750152387	0.9632611210970432	0.6237500399375281	True	0.9333557003672052	69437	4460	64977	True	two	0.927536267350272	1.059148046209728	
AFR	African	Diastolic_heart_failure	chr17-45585160-INV-706887	0.093888768527071	1.098437558294216	0.345936127589693	True	0.9127042866512732	74446	2684	71762	True	two	0.940663268950908	1.099731637780556	
AFR	African	Disorder_of_nervous_system	chr17-45585160-INV-706887	0.050129455325421	1.05140719782725	0.64815135540166	True	0.9333557003672052	68931	2026	66905	True	two	0.915970795302312	1.108736540479586	
AFR	African	Epidermal_thickening	chr17-45585160-INV-706887	-0.056876392931949	0.944710835086321	0.445242991286615	True	0.9224423393241438	66181	5079	61102	True	two	0.92901566691406	1.050269074871445	
AFR	African	Flat_foot_pes_planus	chr17-45585160-INV-706887	0.036784544918107	1.037469468686961	0.74273164992254	True	0.9333557003672052	63431	2080	61351	True	two	0.9119687029372732	1.1068269733716831	
AFR	African	Goiter	chr17-45585160-INV-706887	-0.01805557676032	0.982106448546818	0.8227815767283061	True	0.9599118395163572	62921	4339	58582	True	two	0.92722242254571	1.068109688258384	
AFR	African	Hearing_impairment	chr17-45585160-INV-706887	0.004237293895075	1.004246283918156	0.955392466695446	True	0.9703790151926296	69560	4583	64977	True	two	0.934053978286138	1.070106133811454	
AFR	African	High_risk_human_papillomavirus_HPV_DNA_test_positive	chr17-45585160-INV-706887	0.114507916132862	1.121321517558944	0.429639669256116	True	0.9224423393241438	71629	1128	70501	True	two	0.904088782072456	1.150174661401508	
AFR	African	Hypertrophic_conditions_of_skin	chr17-45585160-INV-706887	-0.028434920503585	0.9719655471162172	0.7655534829275681	True	0.9333557003672052	63876	2774	61102	True	two	0.9119309765350052	1.079490971045346	
AFR	African	Inflammation_of_the_eye	chr17-45585160-INV-706887	-0.060270076301213	0.9415102196460332	0.362466953798813	True	0.9127042866512732	71216	6239	64977	True	two	0.935588436438098	1.041351854742518	
AFR	African	Laryngitis_and_tracheitis	chr17-45585160-INV-706887	0.127511152425047	1.135997537297905	0.433049965201325	True	0.9224423393241438	74446	913	73533	True	two	0.8933885800119491	1.166107878225501	
AFR	African	Lump_or_mass_in_breast_or_nonspecific_abnormal_breast_exam	chr17-45585160-INV-706887	0.016640769900926	1.016779998731873	0.7884069692605791	True	0.9386492823214052	70782	8327	62455	True	two	0.9497417625278192	1.05908137539566	
AFR	African	Melanocytic_nevi	chr17-45585160-INV-706887	0.138838468584049	1.148938495351523	0.293676039299635	True	0.91016679372535	63655	1200	62455	True	two	0.8886048895956851	1.485541753772308	
AFR	African	Migraine	chr17-45585160-INV-706887	-0.073272586372629	0.9293474680406232	0.286571391929024	True	0.91016679372535	72594	5689	66905	True	two	0.811760740400529	1.063967094451215	
AFR	African	Mild_cognitive_impairment	chr17-45585160-INV-706887	0.233611834684513	1.263154084430598	0.203617293519908	True	0.9015827916939884	67590	685	66905	True	two	0.8858242209499251	1.801213156378459	
AFR	African	Morbid_obesity	chr17-45585160-INV-706887	0.23666329706829	1.2670144384712771	2.214384389481928e-05	True	0.0057352555687581	67801	9219	58582	True	two	1.136971483951557	1.411931266486436	
AFR	African	Multinodular_goiter	chr17-45585160-INV-706887	-0.089931366360019	0.9139939138477852	0.443269354176868	True	0.9224423393241438	60548	1966	58582	True	two	0.8882539743152291	1.079928622579066	
AFR	African	Other_follicular_disorders	chr17-45585160-INV-706887	-0.04762357084493	0.953492641961125	0.44582787113534	True	0.9224423393241438	68035	6933	61102	True	two	0.9391525967999912	1.042696745292038	
AFR	African	Other_skin_and_subcutaneous_disorders	chr17-45585160-INV-706887	-0.047227359722834	0.95387050120178	0.5166272082755641	True	0.9333557003672052	66053	4951	61102	True	two	0.929441319587184	1.05292817485046	
AFR	African	Pain_in_shoulder	chr17-45585160-INV-706887	-0.057585100093908	0.944041548943469	0.254724040242404	True	0.91016679372535	73549	12198	61351	True	two	0.8547822906667931	1.042621560908067	
AFR	African	Pure_hypercholesterolemia	chr17-45585160-INV-706887	0.027295531758971	1.027671467446419	0.6767056507657501	True	0.9333557003672052	65387	6805	58582	True	two	0.949219907076122	1.063979195523889	
AFR	African	Rosacea	chr17-45585160-INV-706887	0.180314798022206	1.197594304106897	0.476357582762449	True	0.9294457396991442	61398	296	61102	True	two	0.8213440368196321	1.279783699194785	
AFR	African	Scar_conditions_and_fibrosis_of_skin	chr17-45585160-INV-706887	-0.108391882034113	0.8972759012180871	0.441642200597714	True	0.9224423393241438	62341	1239	61102	True	two	0.8643587121588331	1.096621922661187	
AFR	African	Sensorineural_hearing_loss	chr17-45585160-INV-706887	0.054451093928107	1.0559608322545	0.554736893377351	True	0.9333557003672052	67940	2963	64977	True	two	0.932353976790856	1.094098993087425	
AFR	African	Skin_changes_due_to_chronic_exposure_to_nonionizing_radiation	chr17-45585160-INV-706887	0.361340108441103	1.435251519034231	0.160690686523385	True	0.9015827916939884	61407	305	61102	True	two	0.8766483906594931	2.349798328313125	
AFR	African	Skin_changes_due_to_solar_radiation	chr17-45585160-INV-706887	0.252761366569513	1.287575981497141	0.215732425860639	True	0.9015827916939884	61598	496	61102	True	two	0.868587772768427	1.908675162262874	
AFR	African	Uninodular_goiter_single_thyroid_nodule	chr17-45585160-INV-706887	-0.014587889662224	0.98551799808194	0.8873931600147501	True	0.9697218514992804	61102	2520	58582	True	two	0.908385206895952	1.089642936129197	
AFR	African	Urinary_incontinence_and_enuresis	chr17-45585160-INV-706887	0.011904892524449	1.011976037802779	0.8706317334700591	True	0.9697218514992804	74446	4999	69447	True	two	0.9385402629039952	1.068524418903419	
AFR	African	Viral_infections	chr17-45585160-INV-706887	-0.019066997208068	0.981113628166945	0.6518251311280451	True	0.9333557003672052	74446	18428	56018	True	two	0.960161807127862	1.033032836462531	
AFR	African	Abnormal_Papanicolaou_smear	chr4-33098029-INV-7075	-0.032093197719998	0.9684163236799472	0.7608789372962741	True	0.9333557003672052	73429	2928	70501	True	two	0.9092167193643452	1.082838942257307	
AFR	African	Abnormal_cytological_findings_in_specimens_from_genital_organs	chr4-33098029-INV-7075	-0.064263272703735	0.937758080923276	0.485395345040219	True	0.9333557003672052	74446	3945	70501	True	two	0.917635973975767	1.061858355517839	
AFR	African	Abnormal_mammogram	chr4-33098029-INV-7075	0.029442260437125	1.029879968935902	0.7675859620780491	True	0.9333557003672052	66013	3558	62455	True	two	0.924349265364956	1.090466082432651	
AFR	African	Acne	chr4-33098029-INV-7075	-0.162473599192564	0.8500385316327481	0.144790607425361	True	0.9015827916939884	63749	2647	61102	True	two	0.681509425704188	1.060242863866112	
AFR	African	Alopecia_Areata	chr4-33098029-INV-7075	-0.606551513544344	0.5452278416843941	0.115242697417789	True	0.9015827916939884	61344	242	61102	True	one	0.0	0.710487002565188	
AFR	African	Aphagia_and_dysphagia	chr4-33098029-INV-7075	0.013486669585914	1.013578024945368	0.8723979798208661	True	0.9697218514992804	74446	4547	69899	True	two	0.933272823740212	1.074149071075196	
AFR	African	Benign_neoplasm_of_the_skin	chr4-33098029-INV-7075	-0.12041719394632	0.8865504960539591	0.258843090166462	True	0.91016679372535	65465	3010	62455	True	two	0.718087144570553	1.094535374983722	
AFR	African	Benign_sarcoma_related_cancers	chr4-33098029-INV-7075	-0.113176356269603	0.8929931612857641	0.21559634211112	True	0.9015827916939884	66484	4029	62455	True	two	0.7455323488001201	1.069620637369471	
AFR	African	Conjunctivitis	chr4-33098029-INV-7075	0.024166875827031	1.024461261447316	0.774698800573825	True	0.9376027539655172	69437	4460	64977	True	two	0.935094139094162	1.076253974281592	
AFR	African	Diastolic_heart_failure	chr4-33098029-INV-7075	-0.15464299707789	0.8567209747865311	0.157164365232658	True	0.9015827916939884	74446	2684	71762	True	two	0.6898858975225131	1.063901771691503	
AFR	African	Disorder_of_nervous_system	chr4-33098029-INV-7075	-0.189662277976318	0.8272384634207831	0.135367071739245	True	0.9015827916939884	68931	2026	66905	True	two	0.6426878712317521	1.064783553564234	
AFR	African	Epidermal_thickening	chr4-33098029-INV-7075	-0.104469038019289	0.90080268761055	0.195743596670998	True	0.9015827916939884	66181	5079	61102	True	two	0.7681186217214121	1.056406470380681	
AFR	African	Flat_foot_pes_planus	chr4-33098029-INV-7075	0.078305528565248	1.081453022990142	0.5085635669719071	True	0.9333557003672052	63431	2080	61351	True	two	0.920077395764273	1.113593048316242	
AFR	African	Goiter	chr4-33098029-INV-7075	-0.057953897580647	0.9436934529852452	0.5101683464369641	True	0.9333557003672052	62921	4339	58582	True	two	0.920870544756792	1.060585042614806	
AFR	African	Hearing_impairment	chr4-33098029-INV-7075	-0.07916672044489	0.923885880939244	0.361130824327757	True	0.9127042866512732	69560	4583	64977	True	two	0.9217031154746472	1.051869105684229	
AFR	African	High_risk_human_papillomavirus_HPV_DNA_test_positive	chr4-33098029-INV-7075	-0.146900854066215	0.8633795737470341	0.39422907754555	True	0.9217218797308768	71629	1128	70501	True	two	0.849051838444083	1.106546512000981	
AFR	African	Hypertrophic_conditions_of_skin	chr4-33098029-INV-7075	-0.263669403634783	0.768227470889557	0.016652252589193	True	0.6418538114638346	63876	2774	61102	True	two	0.6165237082820221	0.9572599384278612	
AFR	African	Inflammation_of_the_eye	chr4-33098029-INV-7075	-0.03298350598132	0.967554518319718	0.65168760667513	True	0.9333557003672052	71216	6239	64977	True	two	0.93528842713646	1.054553855247354	
AFR	African	Laryngitis_and_tracheitis	chr4-33098029-INV-7075	-0.160946326047496	0.8513377645436041	0.387449905924043	True	0.9217218797308768	74446	913	73533	True	two	0.8366766969566881	1.11453369880439	
AFR	African	Lump_or_mass_in_breast_or_nonspecific_abnormal_breast_exam	chr4-33098029-INV-7075	-0.024858558856957	0.9754478707333992	0.7191748957734091	True	0.9333557003672052	70782	8327	62455	True	two	0.939851109019078	1.053341980680757	
AFR	African	Melanocytic_nevi	chr4-33098029-INV-7075	-0.188453789814867	0.828238775621508	0.263121360842098	True	0.91016679372535	63655	1200	62455	True	two	0.5926100925758621	1.157556170637104	
AFR	African	Migraine	chr4-33098029-INV-7075	-0.087092223899526	0.916592559994949	0.261616165932369	True	0.91016679372535	72594	5689	66905	True	two	0.786627199465841	1.068030601546187	
AFR	African	Mild_cognitive_impairment	chr4-33098029-INV-7075	-0.163784247479951	0.8489251598658291	0.444362710388942	True	0.9224423393241438	67590	685	66905	True	two	0.8127890383244001	1.140354601656461	
AFR	African	Morbid_obesity	chr4-33098029-INV-7075	-0.092726825989302	0.911442448680704	0.14018193339906	True	0.9015827916939884	67801	9219	58582	True	two	0.8052962087154131	1.03157984387165	
AFR	African	Multinodular_goiter	chr4-33098029-INV-7075	-0.115754891267983	0.890693513301647	0.369163685711414	True	0.9157698628355412	60548	1966	58582	True	two	0.884756878157501	1.078049526104861	
AFR	African	Other_follicular_disorders	chr4-33098029-INV-7075	-0.168952175685132	0.8445492924115191	0.017207399054542	True	0.6418538114638346	68035	6933	61102	True	two	0.733843887028192	0.971955370782282	
AFR	African	Other_skin_and_subcutaneous_disorders	chr4-33098029-INV-7075	-0.144050838154886	0.865843729042687	0.082650965252055	True	0.9015827916939884	66053	4951	61102	True	two	0.734710107981377	1.020382535885225	
AFR	African	Pain_in_shoulder	chr4-33098029-INV-7075	-0.133106317432767	0.87537201985539	0.017416880746095	True	0.6418538114638346	73549	12198	61351	True	two	0.783840454410145	0.977592019950466	
AFR	African	Pure_hypercholesterolemia	chr4-33098029-INV-7075	-0.080599855254219	0.922562776243578	0.271215268535425	True	0.91016679372535	65387	6805	58582	True	two	0.7986696708916111	1.06567471775921	
AFR	African	Rosacea	chr4-33098029-INV-7075	0.453634004114194	1.574021806534333	0.132746008286641	True	0.9015827916939884	61398	296	61102	True	one	1.292684037788173	inf	
AFR	African	Scar_conditions_and_fibrosis_of_skin	chr4-33098029-INV-7075	-0.320221683506297	0.72598807965052	0.051052497368536	True	0.8677106289593141	62341	1239	61102	True	two	0.522123932036206	1.009451318845314	
AFR	African	Sensorineural_hearing_loss	chr4-33098029-INV-7075	-0.161559218807359	0.8508161456560661	0.135397256173644	True	0.9015827916939884	67940	2963	64977	True	two	0.6866838192172301	1.054179658018189	
AFR	African	Skin_changes_due_to_chronic_exposure_to_nonionizing_radiation	chr4-33098029-INV-7075	0.6760328536160011	1.966062582493811	0.016473507941715	True	0.6418538114638346	61407	305	61102	True	two	1.164215916496925	3.320176286468461	
AFR	African	Skin_changes_due_to_solar_radiation	chr4-33098029-INV-7075	0.361617506655035	1.435649710468399	0.122442920420388	True	0.9015827916939884	61598	496	61102	True	two	0.9189907429459132	2.242775682985635	
AFR	African	Uninodular_goiter_single_thyroid_nodule	chr4-33098029-INV-7075	-0.071584223363812	0.9309178692586192	0.5286431253964831	True	0.9333557003672052	61102	2520	58582	True	two	0.8987556020227221	1.079267060081953	
AFR	African	Urinary_incontinence_and_enuresis	chr4-33098029-INV-7075	-0.117605746912274	0.8890464928539441	0.156806969791962	True	0.9015827916939884	74446	4999	69447	True	two	0.754557677925474	1.047505962206859	
AFR	African	Viral_infections	chr4-33098029-INV-7075	-0.059088361946566	0.9426234734320752	0.206195587954933	True	0.9015827916939884	74446	18428	56018	True	two	0.859913773083894	1.033288499937148	
AFR	African	Abnormal_Papanicolaou_smear	chr6-141867315-INV-29159	0.043634039345031	1.044600002428663	0.616783242622369	True	0.9333557003672052	73429	2928	70501	True	two	0.943619087737912	1.070291763713719	
AFR	African	Abnormal_cytological_findings_in_specimens_from_genital_organs	chr6-141867315-INV-29159	-0.014403322370012	0.9856999092571832	0.850557917456597	True	0.9697218514992804	74446	3945	70501	True	two	0.941962593426124	1.055024577084895	
AFR	African	Abnormal_mammogram	chr6-141867315-INV-29159	0.02186008838493	1.022100770696435	0.7953089837852491	True	0.9386492823214052	66013	3558	62455	True	two	0.941856716573036	1.066191052976856	
AFR	African	Acne	chr6-141867315-INV-29159	0.116350331524316	1.123389361910852	0.196396981240413	True	0.9015827916939884	63749	2647	61102	True	two	0.942865095465348	1.338477439162824	
AFR	African	Alopecia_Areata	chr6-141867315-INV-29159	-0.106878806657774	0.8986345749186511	0.722828599183404	True	0.9333557003672052	61344	242	61102	True	two	0.774407762867186	1.206580310256905	
AFR	African	Aphagia_and_dysphagia	chr6-141867315-INV-29159	-0.132147239875109	0.87621197223959	0.065269960144911	True	0.8897326146069446	74446	4547	69899	True	two	0.760453554384379	1.009591467972712	
AFR	African	Benign_neoplasm_of_the_skin	chr6-141867315-INV-29159	0.117563022189513	1.124752512076108	0.17703586443141	True	0.9015827916939884	65465	3010	62455	True	two	0.94942314957945	1.332459835197699	
AFR	African	Benign_sarcoma_related_cancers	chr6-141867315-INV-29159	0.047864336594378	1.049028330914616	0.5250885745379671	True	0.9333557003672052	66484	4029	62455	True	two	0.953722641859994	1.0611283545903	
AFR	African	Conjunctivitis	chr6-141867315-INV-29159	-0.022336786748394	0.977910832175674	0.7541138551769071	True	0.9333557003672052	69437	4460	64977	True	two	0.944846394716613	1.049632679287351	
AFR	African	Diastolic_heart_failure	chr6-141867315-INV-29159	0.044991041668081	1.046018489285924	0.6154935865276361	True	0.9333557003672052	74446	2684	71762	True	two	0.941745388955966	1.072754088108147	
AFR	African	Disorder_of_nervous_system	chr6-141867315-INV-29159	-0.034721162487814	0.9658747008111612	0.738499371468266	True	0.9333557003672052	68931	2026	66905	True	two	0.919662083457904	1.071975394974402	
AFR	African	Epidermal_thickening	chr6-141867315-INV-29159	0.073939263834999	1.076741406366474	0.266175823325437	True	0.91016679372535	66181	5079	61102	True	two	0.945701497364922	1.22593869145232	
AFR	African	Flat_foot_pes_planus	chr6-141867315-INV-29159	0.03022980172888	1.030691361397587	0.764878974366891	True	0.9333557003672052	63431	2080	61351	True	two	0.9300715414488492	1.080348363985645	
AFR	African	Goiter	chr6-141867315-INV-29159	0.061881512961142	1.063836286448634	0.396587779670382	True	0.9217218797308768	62921	4339	58582	True	two	0.92248081873613	1.226852224326357	
AFR	African	Hearing_impairment	chr6-141867315-INV-29159	-0.030449105003834	0.9700097994559472	0.6744558031116761	True	0.9333557003672052	69560	4583	64977	True	two	0.9435441787896012	1.048791752047316	
AFR	African	High_risk_human_papillomavirus_HPV_DNA_test_positive	chr6-141867315-INV-29159	0.096218192060696	1.100999267086732	0.490670834628173	True	0.9333557003672052	71629	1128	70501	True	two	0.9164030070893592	1.113856271410515	
AFR	African	Hypertrophic_conditions_of_skin	chr6-141867315-INV-29159	0.003428759288119	1.003434644207315	0.969341493961924	True	0.9807009645942903	63876	2774	61102	True	two	0.934699680045119	1.067621282079895	
AFR	African	Inflammation_of_the_eye	chr6-141867315-INV-29159	0.026878881374548	1.02724337692268	0.658210041147491	True	0.9333557003672052	71216	6239	64977	True	two	0.9597926902068272	1.048763415950298	
AFR	African	Laryngitis_and_tracheitis	chr6-141867315-INV-29159	-0.652471450222724	0.520757159642213	9.518806679579464e-05	True	0.0123268546500554	74446	913	73533	True	two	0.368985413753869	0.734955933785287	
AFR	African	Lump_or_mass_in_breast_or_nonspecific_abnormal_breast_exam	chr6-141867315-INV-29159	0.118025620334138	1.125272940866771	0.039194720752073	True	0.7808794365220699	70782	8327	62455	True	two	1.00636446043877	1.258231228569894	
AFR	African	Melanocytic_nevi	chr6-141867315-INV-29159	0.143160133441582	1.153914567182982	0.290037931025022	True	0.91016679372535	63655	1200	62455	True	two	0.887376932963121	1.500510976672441	
AFR	African	Migraine	chr6-141867315-INV-29159	-0.00588011661011	0.9941371374403892	0.926780336678055	True	0.9697218514992804	72594	5689	66905	True	two	0.951972667167204	1.047180612213545	
AFR	African	Mild_cognitive_impairment	chr6-141867315-INV-29159	-0.262546363277473	0.769090705976153	0.152929320609846	True	0.9015827916939884	67590	685	66905	True	two	0.532833820859643	1.110103170749569	
AFR	African	Morbid_obesity	chr6-141867315-INV-29159	0.042278176553713	1.043184627897223	0.415001684008504	True	0.9224423393241438	67801	9219	58582	True	two	0.942543274872486	1.154572099650588	
AFR	African	Multinodular_goiter	chr6-141867315-INV-29159	0.054303071164816	1.055804537582053	0.6088560957153001	True	0.9333557003672052	60548	1966	58582	True	two	0.9315150066458112	1.086319586842063	
AFR	African	Other_follicular_disorders	chr6-141867315-INV-29159	0.052794139338581	1.054212601876292	0.361219113227489	True	0.9127042866512732	68035	6933	61102	True	two	0.941583031712938	1.180314611163898	
AFR	African	Other_skin_and_subcutaneous_disorders	chr6-141867315-INV-29159	-0.077856285346994	0.925097367037662	0.26143672336963	True	0.91016679372535	66053	4951	61102	True	two	0.8070367211982531	1.060428994147072	
AFR	African	Pain_in_shoulder	chr6-141867315-INV-29159	-0.011814661740584	0.9882548573246832	0.7991345198692821	True	0.9386492823214052	73549	12198	61351	True	two	0.964256013168274	1.03294642070165	
AFR	African	Pure_hypercholesterolemia	chr6-141867315-INV-29159	-0.108695470031372	0.897003540369082	0.080185686343583	True	0.9015827916939884	65387	6805	58582	True	two	0.793629101109207	1.013843053776764	
AFR	African	Rosacea	chr6-141867315-INV-29159	0.081402596976132	1.084807548902281	0.76415314897215	True	0.9333557003672052	61398	296	61102	True	two	0.817905956136558	1.214422756610245	
AFR	African	Scar_conditions_and_fibrosis_of_skin	chr6-141867315-INV-29159	0.011867072722879	1.01193776579356	0.9282369549539832	True	0.9697218514992804	62341	1239	61102	True	two	0.905009612686254	1.100874738944908	
AFR	African	Sensorineural_hearing_loss	chr6-141867315-INV-29159	-0.050920523526116	0.9503541983316692	0.5710895941913801	True	0.9333557003672052	67940	2963	64977	True	two	0.929567642228015	1.057394357643194	
AFR	African	Skin_changes_due_to_chronic_exposure_to_nonionizing_radiation	chr6-141867315-INV-29159	0.136267460122616	1.145988358796385	0.601046384474725	True	0.9333557003672052	61407	305	61102	True	two	0.8344589233737011	1.213114645382073	
AFR	African	Skin_changes_due_to_solar_radiation	chr6-141867315-INV-29159	0.186448288714212	1.204962310324207	0.361533296960302	True	0.9127042866512732	61598	496	61102	True	two	0.8115544162006051	1.789078021532142	
AFR	African	Uninodular_goiter_single_thyroid_nodule	chr6-141867315-INV-29159	0.090736149840941	1.094980056478482	0.331568022775994	True	0.9127042866512732	61102	2520	58582	True	two	0.912655042061945	1.313728921473751	
AFR	African	Urinary_incontinence_and_enuresis	chr6-141867315-INV-29159	-0.074848038706932	0.927884478140748	0.279549020007529	True	0.91016679372535	74446	4999	69447	True	two	0.8096770589755851	1.06334938754945	
AFR	African	Viral_infections	chr6-141867315-INV-29159	-0.011777266473668	0.9882918140698532	0.762659983514077	True	0.9333557003672052	74446	18428	56018	True	two	0.969768191391786	1.027325544057608	
AFR	African	Abnormal_Papanicolaou_smear	chr6-167181003-INV-209976	0.187913620146539	1.2067292737496491	0.033862282107261	True	0.7308609221483833	73429	2928	70501	True	two	1.016769201516421	1.4321790411752922	
AFR	African	Abnormal_cytological_findings_in_specimens_from_genital_organs	chr6-167181003-INV-209976	0.096704780720554	1.101535131206739	0.215565108259827	True	0.9015827916939884	74446	3945	70501	True	two	0.9461741541237392	1.2824062462437151	
AFR	African	Abnormal_mammogram	chr6-167181003-INV-209976	0.144264193122649	1.155189261271697	0.087821306375815	True	0.9015827916939884	66013	3558	62455	True	two	0.9801691718205372	1.361461131121741	
AFR	African	Acne	chr6-167181003-INV-209976	0.111885529801306	1.118384831583542	0.234347314026172	True	0.91016679372535	63749	2647	61102	True	two	0.931491991663282	1.342775507154638	
AFR	African	Alopecia_Areata	chr6-167181003-INV-209976	0.252435536426146	1.287156518771005	0.392755678342877	True	0.9217218797308768	61344	242	61102	True	two	0.7301318743492871	2.269140633383869	
AFR	African	Aphagia_and_dysphagia	chr6-167181003-INV-209976	-0.026553992484469	0.9737954647796012	0.717662733590901	True	0.9333557003672052	74446	4547	69899	True	two	0.9396839423823172	1.053067025887622	
AFR	African	Benign_neoplasm_of_the_skin	chr6-167181003-INV-209976	-0.121356014158423	0.885718575102419	0.192095994393626	True	0.9015827916939884	65465	3010	62455	True	two	0.7368766592135071	1.064625109877655	
AFR	African	Benign_sarcoma_related_cancers	chr6-167181003-INV-209976	-0.023888759303903	0.9763943185005952	0.7609858447823351	True	0.9333557003672052	66484	4029	62455	True	two	0.936041867005278	1.057808200630115	
AFR	African	Conjunctivitis	chr6-167181003-INV-209976	-0.097903239221417	0.9067366360522032	0.191054221224049	True	0.9015827916939884	69437	4460	64977	True	two	0.7821397545125081	1.051182122396665	
AFR	African	Diastolic_heart_failure	chr6-167181003-INV-209976	0.130187305481837	1.139041712101891	0.156320755854139	True	0.9015827916939884	74446	2684	71762	True	two	0.953034077650488	1.3613532320969282	
AFR	African	Disorder_of_nervous_system	chr6-167181003-INV-209976	0.147660820402009	1.159119679934185	0.159640393169732	True	0.9015827916939884	68931	2026	66905	True	two	0.9457037965840592	1.420696879153647	
AFR	African	Epidermal_thickening	chr6-167181003-INV-209976	0.0429676315	1.043904104693735	0.537057859878702	True	0.9333557003672052	66181	5079	61102	True	two	0.9548014226586132	1.060252837053243	
AFR	African	Flat_foot_pes_planus	chr6-167181003-INV-209976	-0.033997817871764	0.9665736138227792	0.749122793809838	True	0.9333557003672052	63431	2080	61351	True	two	0.913428872576044	1.077973771021634	
AFR	African	Goiter	chr6-167181003-INV-209976	0.005439315180045	1.005454135112771	0.9431728292128332	True	0.9697218514992804	62921	4339	58582	True	two	0.941582576054032	1.061776715696274	
AFR	African	Hearing_impairment	chr6-167181003-INV-209976	-0.072316210345729	0.930236698831444	0.339486798793337	True	0.9127042866512732	69560	4583	64977	True	two	0.8013731867056371	1.079821898471732	
AFR	African	High_risk_human_papillomavirus_HPV_DNA_test_positive	chr6-167181003-INV-209976	-0.067053605503217	0.935145071071043	0.650955819702929	True	0.9333557003672052	71629	1128	70501	True	two	0.8797698784573421	1.103303020589337	
AFR	African	Hypertrophic_conditions_of_skin	chr6-167181003-INV-209976	0.029944684115876	1.030397535026409	0.746104591121984	True	0.9333557003672052	63876	2774	61102	True	two	0.933728976306281	1.077745458616704	
AFR	African	Inflammation_of_the_eye	chr6-167181003-INV-209976	-0.093724134490968	0.910533912498588	0.144074998474372	True	0.9015827916939884	71216	6239	64977	True	two	0.8022887156891011	1.033383605673528	
AFR	African	Laryngitis_and_tracheitis	chr6-167181003-INV-209976	-0.23307029969015	0.792097887330927	0.154348579081866	True	0.9015827916939884	74446	913	73533	True	two	0.5711180110385391	1.098580417684955	
AFR	African	Lump_or_mass_in_breast_or_nonspecific_abnormal_breast_exam	chr6-167181003-INV-209976	0.113391322540402	1.120070155898569	0.053603745418336	True	0.8677106289593141	70782	8327	62455	True	two	0.9987980827507732	1.256066842538875	
AFR	African	Melanocytic_nevi	chr6-167181003-INV-209976	0.073606579135911	1.076383250555483	0.598639653526947	True	0.9333557003672052	63655	1200	62455	True	two	0.90672367284339	1.120702829895519	
AFR	African	Migraine	chr6-167181003-INV-209976	-0.036964363491905	0.9637104780133732	0.5815031396466921	True	0.9333557003672052	72594	5689	66905	True	two	0.944207342378964	1.045138306715899	
AFR	African	Mild_cognitive_impairment	chr6-167181003-INV-209976	0.111934779146147	1.118439912660119	0.535389002711673	True	0.9333557003672052	67590	685	66905	True	two	0.8834259290375721	1.158869997683081	
AFR	African	Morbid_obesity	chr6-167181003-INV-209976	-0.042776747591195	0.9581252699659972	0.433504604885942	True	0.9224423393241438	67801	9219	58582	True	two	0.9539049540673492	1.033252021040813	
AFR	African	Multinodular_goiter	chr6-167181003-INV-209976	0.112079658698962	1.118601963473157	0.302475504645888	True	0.91016679372535	60548	1966	58582	True	two	0.9055002528971672	1.381855332102378	
AFR	African	Other_follicular_disorders	chr6-167181003-INV-209976	0.072557934459319	1.075255098608464	0.227844116087487	True	0.91016679372535	68035	6933	61102	True	two	0.956177852008548	1.209161585007266	
AFR	African	Other_skin_and_subcutaneous_disorders	chr6-167181003-INV-209976	0.036797075213139	1.037482468566936	0.603649833175383	True	0.9333557003672052	66053	4951	61102	True	two	0.9522978433939132	1.060775044236201	
AFR	African	Pain_in_shoulder	chr6-167181003-INV-209976	0.013161587243213	1.013248582177424	0.7843649787649081	True	0.9386492823214052	73549	12198	61351	True	two	0.9649328969690992	1.040113118121433	
AFR	African	Pure_hypercholesterolemia	chr6-167181003-INV-209976	0.078740788126164	1.081923838214061	0.210010945497083	True	0.9015827916939884	65387	6805	58582	True	two	0.957107406786398	1.223017587572681	
AFR	African	Rosacea	chr6-167181003-INV-209976	0.050081966731047	1.051357269162841	0.8585652384984921	True	0.9697218514992804	61398	296	61102	True	two	0.7968707447155331	1.233095843539553	
AFR	African	Scar_conditions_and_fibrosis_of_skin	chr6-167181003-INV-209976	-0.079023556181811	0.9240181578489952	0.570277996496486	True	0.9333557003672052	62341	1239	61102	True	two	0.8856842170556141	1.092927798625669	
AFR	African	Sensorineural_hearing_loss	chr6-167181003-INV-209976	-0.149510952466547	0.8611290064814141	0.113356725524799	True	0.9015827916939884	67940	2963	64977	True	two	0.7142275554188711	1.038244968536361	
AFR	African	Skin_changes_due_to_chronic_exposure_to_nonionizing_radiation	chr6-167181003-INV-209976	-0.237708093442026	0.788432806212735	0.407150031002615	True	0.9224423393241438	61407	305	61102	True	two	0.7719724936063961	1.167912667386628	
AFR	African	Skin_changes_due_to_solar_radiation	chr6-167181003-INV-209976	0.129180119641437	1.137895062959159	0.543534475973734	True	0.9333557003672052	61598	496	61102	True	two	0.8627366885246931	1.186705932669209	
AFR	African	Uninodular_goiter_single_thyroid_nodule	chr6-167181003-INV-209976	0.013307835603526	1.01339677895766	0.8919087726746461	True	0.9697218514992804	61102	2520	58582	True	two	0.926211837215945	1.080415327015753	
AFR	African	Urinary_incontinence_and_enuresis	chr6-167181003-INV-209976	-0.005441639295259	0.99457313960455	0.938887021072997	True	0.9697218514992804	74446	4999	69447	True	two	0.9440464260176372	1.055539889955369	
AFR	African	Viral_infections	chr6-167181003-INV-209976	0.012027392161473	1.012100012093335	0.767486959026441	True	0.9333557003672052	74446	18428	56018	True	two	0.9706021674317212	1.033900061615248	
AFR	African	Abnormal_Papanicolaou_smear	chr8-7301025-INV-5297356	-0.063868060345516	0.93812876775106	0.466564655958528	True	0.92244462513938	73429	2928	70501	True	two	0.7900494185394811	1.113962701863746	
AFR	African	Abnormal_cytological_findings_in_specimens_from_genital_organs	chr8-7301025-INV-5297356	-0.049632237187781	0.9515793156434652	0.516474695435796	True	0.9333557003672052	74446	3945	70501	True	two	0.819157728466501	1.105407618695885	
AFR	African	Abnormal_mammogram	chr8-7301025-INV-5297356	0.083225127701382	1.086786446744436	0.324555342347855	True	0.9127042866512732	66013	3558	62455	True	two	0.920807384983627	1.282683870794976	
AFR	African	Acne	chr8-7301025-INV-5297356	0.095813372119395	1.100553650831317	0.297018159733815	True	0.91016679372535	63749	2647	61102	True	two	0.918977457532372	1.318006582675586	
AFR	African	Alopecia_Areata	chr8-7301025-INV-5297356	0.099645786170152	1.104779520575416	0.7362934353036531	True	0.9333557003672052	61344	242	61102	True	two	0.8916476116613341	1.109797416809927	
AFR	African	Aphagia_and_dysphagia	chr8-7301025-INV-5297356	0.097118879233211	1.101991369723536	0.174538171506952	True	0.9015827916939884	74446	4547	69899	True	two	0.957670340692055	1.268061594209534	
AFR	African	Benign_neoplasm_of_the_skin	chr8-7301025-INV-5297356	0.145517769374737	1.156638287138745	0.096615320649765	True	0.9015827916939884	65465	3010	62455	True	two	0.973880114141388	1.373692827124537	
AFR	African	Benign_sarcoma_related_cancers	chr8-7301025-INV-5297356	0.078121732642305	1.081254274598793	0.305731702911604	True	0.91016679372535	66484	4029	62455	True	two	0.9309764451265572	1.2557898886252	
AFR	African	Conjunctivitis	chr8-7301025-INV-5297356	0.066561849799443	1.068827068770714	0.354033709185126	True	0.9127042866512732	69437	4460	64977	True	two	0.928371659187732	1.230532289122785	
AFR	African	Diastolic_heart_failure	chr8-7301025-INV-5297356	0.082097568198432	1.085561720964087	0.374612331909605	True	0.9157698628355412	74446	2684	71762	True	two	0.905436719625226	1.301520276878418	
AFR	African	Disorder_of_nervous_system	chr8-7301025-INV-5297356	-0.0335670174477	0.966990103851102	0.747857044269005	True	0.9333557003672052	68931	2026	66905	True	two	0.9598804452899892	1.037087532243854	
AFR	African	Epidermal_thickening	chr8-7301025-INV-5297356	0.09191791865534	1.096274834675177	0.180512186337297	True	0.9015827916939884	66181	5079	61102	True	two	0.958136794258434	1.254328735044826	
AFR	African	Flat_foot_pes_planus	chr8-7301025-INV-5297356	0.14479555092173	1.155803243202686	0.164684189022851	True	0.9015827916939884	63431	2080	61351	True	two	0.9418851748942352	1.418305726223852	
AFR	African	Goiter	chr8-7301025-INV-5297356	0.02581992729173	1.026156149118402	0.7295624469340011	True	0.9333557003672052	62921	4339	58582	True	two	0.9734500635894492	1.028297350540095	
AFR	African	Hearing_impairment	chr8-7301025-INV-5297356	0.165036742518374	1.179436453380832	0.023404496206953	True	0.6418538114638346	69560	4583	64977	True	two	1.02228994284923	1.3607395409628071	
AFR	African	High_risk_human_papillomavirus_HPV_DNA_test_positive	chr8-7301025-INV-5297356	0.139832193352181	1.150080791461382	0.320418137472893	True	0.9127042866512732	71629	1128	70501	True	two	0.8723527252947231	1.516228228027341	
AFR	African	Hypertrophic_conditions_of_skin	chr8-7301025-INV-5297356	0.049968387792876	1.051237863901661	0.5790565560613931	True	0.9333557003672052	63876	2774	61102	True	two	0.8810100884768911	1.254356858059422	
AFR	African	Inflammation_of_the_eye	chr8-7301025-INV-5297356	0.043889071886137	1.044866443395836	0.477282947413074	True	0.9294457396991442	71216	6239	64977	True	two	0.9256902632277472	1.179385727497992	
AFR	African	Laryngitis_and_tracheitis	chr8-7301025-INV-5297356	0.143510955740031	1.154319457161718	0.353043613181462	True	0.9127042866512732	74446	913	73533	True	two	0.85212586501658	1.5636814511623789	
AFR	African	Lump_or_mass_in_breast_or_nonspecific_abnormal_breast_exam	chr8-7301025-INV-5297356	0.098229726700712	1.103216194216444	0.091701258188985	True	0.9015827916939884	70782	8327	62455	True	two	0.984102060483182	1.236747711496345	
AFR	African	Melanocytic_nevi	chr8-7301025-INV-5297356	0.298820238433114	1.348267235056748	0.027260200486881	True	0.6418538114638346	63655	1200	62455	True	two	1.032901220451544	1.759920988701015	
AFR	African	Migraine	chr8-7301025-INV-5297356	-0.042743634296333	0.9581569971758692	0.506488158603926	True	0.9333557003672052	72594	5689	66905	True	two	0.844686013076247	1.086871117817607	
AFR	African	Mild_cognitive_impairment	chr8-7301025-INV-5297356	-0.328184646768287	0.720230019281146	0.064715241089204	True	0.8897326146069446	67590	685	66905	True	two	0.509214950939554	1.018688237092424	
AFR	African	Morbid_obesity	chr8-7301025-INV-5297356	-0.041328913358511	0.959513481238455	0.434233260937913	True	0.9224423393241438	67801	9219	58582	True	two	0.865128785370549	1.064195454187785	
AFR	African	Multinodular_goiter	chr8-7301025-INV-5297356	0.046298168312263	1.047386661916224	0.6694129430672351	True	0.9333557003672052	60548	1966	58582	True	two	0.8467348594300851	1.2955871691622391	
AFR	African	Other_follicular_disorders	chr8-7301025-INV-5297356	0.006926512159535	1.006950555925973	0.906123688328742	True	0.9697218514992804	68035	6933	61102	True	two	0.9782393615424292	1.022184508759488	
AFR	African	Other_skin_and_subcutaneous_disorders	chr8-7301025-INV-5297356	0.062870810102091	1.064889257409957	0.36296734179568	True	0.9127042866512732	66053	4951	61102	True	two	0.9298945412280272	1.219481436087982	
AFR	African	Pain_in_shoulder	chr8-7301025-INV-5297356	-0.01913196140215	0.981049892981063	0.683641657812861	True	0.9333557003672052	73549	12198	61351	True	two	0.894816727308061	1.075593317766407	
AFR	African	Pure_hypercholesterolemia	chr8-7301025-INV-5297356	0.115347817502384	1.122263712657303	0.062890982160192	True	0.8897326146069446	65387	6805	58582	True	two	0.993671690126631	1.267496954237319	
AFR	African	Rosacea	chr8-7301025-INV-5297356	-0.00392268195281	0.996085001713897	0.9881868111902092	True	0.9934235748534516	61398	296	61102	True	two	0.8964068121487231	1.098455152001586	
AFR	African	Scar_conditions_and_fibrosis_of_skin	chr8-7301025-INV-5297356	0.033441142669225	1.034006583067765	0.8009323992008901	True	0.9386492823214052	62341	1239	61102	True	two	0.9515105966146292	1.049880723572062	
AFR	African	Sensorineural_hearing_loss	chr8-7301025-INV-5297356	0.242368168959343	1.274263250639549	0.007135652568022	True	0.6160446717058994	67940	2963	64977	True	two	1.067422630340047	1.5211845671786022	
AFR	African	Skin_changes_due_to_chronic_exposure_to_nonionizing_radiation	chr8-7301025-INV-5297356	0.040501010283864	1.041332361743268	0.878274003072646	True	0.9697218514992804	61407	305	61102	True	two	0.900490644441267	1.097782653450333	
AFR	African	Skin_changes_due_to_solar_radiation	chr8-7301025-INV-5297356	0.018502749545759	1.018674986059212	0.928830072341235	True	0.9697218514992804	61598	496	61102	True	two	0.92138735794866	1.077147650963912	
AFR	African	Uninodular_goiter_single_thyroid_nodule	chr8-7301025-INV-5297356	-0.018725783503848	0.981448454702726	0.844936416751302	True	0.9697218514992804	61102	2520	58582	True	two	0.96351497493208	1.034776561468275	
AFR	African	Urinary_incontinence_and_enuresis	chr8-7301025-INV-5297356	-0.009665792017473	0.990380771604662	0.8887167821578731	True	0.9697218514992804	74446	4999	69447	True	two	0.973807826717289	1.025360326422713	
AFR	African	Viral_infections	chr8-7301025-INV-5297356	0.056931662551352	1.05858346703033	0.149684534975234	True	0.9015827916939884	74446	18428	56018	True	two	0.979653907477678	1.143872288076886	
AMR	Admixed American	Abnormal_Papanicolaou_smear	chr10-79542902-INV-674513	0.097973075020829	1.102933088258287	0.126023301073679	True	0.6276929803477475	69761	2121	67640	True	two	0.9735139860584452	1.249557186230227	
AMR	Admixed American	Abnormal_cytological_findings_in_specimens_from_genital_organs	chr10-79542902-INV-674513	0.078374383750246	1.08152748920177	0.15786642606687	True	0.6573884579363487	70513	2873	67640	True	two	0.970514018900728	1.205239375340473	
AMR	Admixed American	Abnormal_mammogram	chr10-79542902-INV-674513	-0.005318179879582	0.994695936603282	0.9333950244092252	True	0.9755519820675346	63097	2311	60786	True	two	0.932488413392302	1.065842980989577	
AMR	Admixed American	Acne	chr10-79542902-INV-674513	-0.047352193981978	0.9537514329164992	0.473596062842699	True	0.8422815355570126	62021	2048	59973	True	two	0.920999090540448	1.052607763847792	
AMR	Admixed American	Alopecia_Areata	chr10-79542902-INV-674513	0.152187695345775	1.164378764397926	0.429206847928616	True	0.8422815355570126	60181	208	59973	True	two	0.855264953342411	1.232344003548314	
AMR	Admixed American	Aphagia_and_dysphagia	chr10-79542902-INV-674513	0.006929771650543	1.006953838077604	0.888052954209758	True	0.9750200668234134	70513	3384	67129	True	two	0.9506413746594212	1.053795140591755	
AMR	Admixed American	Benign_neoplasm_of_the_skin	chr10-79542902-INV-674513	-0.06598431613782	0.9361455465542132	0.193745370782794	True	0.6781087977397792	64484	3698	60786	True	two	0.847149522155746	1.034490915019567	
AMR	Admixed American	Benign_sarcoma_related_cancers	chr10-79542902-INV-674513	-0.059316013302944	0.942408908343738	0.276373974007867	True	0.7572709273456495	63821	3035	60786	True	two	0.932676815927898	1.033649014194672	
AMR	Admixed American	Conjunctivitis	chr10-79542902-INV-674513	0.088685576071822	1.092737019639183	0.065544205524193	True	0.5014133327509344	66055	3530	62525	True	two	0.994780239038568	1.200339680293577	
AMR	Admixed American	Diastolic_heart_failure	chr10-79542902-INV-674513	0.110017211253721	1.116297283169302	0.138790138555812	True	0.6316866105383425	70513	1350	69163	True	two	0.965821765318586	1.290216962547038	
AMR	Admixed American	Disorder_of_nervous_system	chr10-79542902-INV-674513	0.15490413041252	1.167546023583864	0.044249803038207	True	0.4562120742810185	64812	1426	63386	True	two	1.005402832749581	1.355838349349488	
AMR	Admixed American	Epidermal_thickening	chr10-79542902-INV-674513	0.117558420898335	1.124747336774202	0.034077899282847	True	0.4562120742810185	62586	2613	59973	True	two	1.009587521515967	1.253042994906562	
AMR	Admixed American	Flat_foot_pes_planus	chr10-79542902-INV-674513	-0.053973530907805	0.9474571845014672	0.601772266275301	True	0.8813713011780374	63095	769	62326	True	two	0.8797128832757161	1.090612663686801	
AMR	Admixed American	Goiter	chr10-79542902-INV-674513	0.04941508915086	1.050656376302113	0.391410762514016	True	0.8188105359599952	61140	2665	58475	True	two	0.95804236254782	1.071087393027532	
AMR	Admixed American	Hearing_impairment	chr10-79542902-INV-674513	0.120974314704448	1.128595923675196	0.009858501351826	True	0.3630881270968245	66524	3999	62525	True	two	1.030098433616988	1.236511693803689	
AMR	Admixed American	High_risk_human_papillomavirus_HPV_DNA_test_positive	chr10-79542902-INV-674513	0.358122910569318	1.430641450629172	0.00016997987511	True	0.04402478765349	68545	905	67640	True	two	1.191451123085569	1.717850544265545	
AMR	Admixed American	Hypertrophic_conditions_of_skin	chr10-79542902-INV-674513	0.039148036137231	1.039924418649854	0.534273680978534	True	0.8694452885881662	62092	2119	59973	True	two	0.94761222691394	1.07561962420477	
AMR	Admixed American	Inflammation_of_the_eye	chr10-79542902-INV-674513	0.055820500977963	1.057407863023498	0.173786972185517	True	0.6573884579363487	67549	5024	62525	True	two	0.975915829528668	1.145704736979139	
AMR	Admixed American	Laryngitis_and_tracheitis	chr10-79542902-INV-674513	0.178217648761826	1.195085401788644	0.096360121617844	True	0.542549380413513	70513	696	69817	True	two	0.9709443998943572	1.470969004737781	
AMR	Admixed American	Lump_or_mass_in_breast_or_nonspecific_abnormal_breast_exam	chr10-79542902-INV-674513	0.006477641779853	1.00649866707496	0.87389432990645	True	0.9750200668234134	66746	5960	60786	True	two	0.9594202069450132	1.045060909613344	
AMR	Admixed American	Melanocytic_nevi	chr10-79542902-INV-674513	-0.087783776462988	0.915958907187799	0.215273953299646	True	0.6983053066118737	62560	1774	60786	True	two	0.911859760565153	1.037846849114974	
AMR	Admixed American	Migraine	chr10-79542902-INV-674513	0.034529211503878	1.035132265704668	0.37248860945457	True	0.8188105359599952	69354	5968	63386	True	two	0.972452728805052	1.047753933755454	
AMR	Admixed American	Mild_cognitive_impairment	chr10-79542902-INV-674513	0.157175838955406	1.170201362796297	0.228121958784645	True	0.6983053066118737	63859	473	63386	True	two	0.908546218051702	1.507211413445546	
AMR	Admixed American	Morbid_obesity	chr10-79542902-INV-674513	0.054933816316361	1.056470691239622	0.137591426260069	True	0.6316866105383425	64663	6188	58475	True	two	0.982765563699776	1.135703531619968	
AMR	Admixed American	Multinodular_goiter	chr10-79542902-INV-674513	0.080827718752665	1.084184095887715	0.357823998888312	True	0.8188105359599952	59618	1143	58475	True	two	0.9386252336982892	1.109291611519956	
AMR	Admixed American	Other_follicular_disorders	chr10-79542902-INV-674513	-0.056758516354631	0.944822200929699	0.177912620511469	True	0.6573884579363487	65190	5217	59973	True	two	0.8697084938773081	1.026423218416417	
AMR	Admixed American	Other_skin_and_subcutaneous_disorders	chr10-79542902-INV-674513	0.078509429309894	1.08167355454934	0.088134590728854	True	0.530857186017981	64139	4166	59973	True	two	0.988714365115892	1.183372791872262	
AMR	Admixed American	Pain_in_shoulder	chr10-79542902-INV-674513	0.040364718670312	1.041190446546588	0.240410411548085	True	0.6996213100107194	70144	7818	62326	True	two	0.9804867811853812	1.043025804565446	
AMR	Admixed American	Pure_hypercholesterolemia	chr10-79542902-INV-674513	-0.010102863247036	0.989947999246144	0.8059632526103411	True	0.95097992780583	64015	5540	58475	True	two	0.954403485326164	1.0404067351798	
AMR	Admixed American	Rosacea	chr10-79542902-INV-674513	0.007282418885521	1.00730900018414	0.942856693936346	True	0.9755519820675346	60783	810	59973	True	two	0.895882720883111	1.109949685769025	
AMR	Admixed American	Scar_conditions_and_fibrosis_of_skin	chr10-79542902-INV-674513	-0.023129193115498	0.9771362363436632	0.8077821780590061	True	0.95097992780583	60933	960	59973	True	two	0.894749772461873	1.093427650444757	
AMR	Admixed American	Sensorineural_hearing_loss	chr10-79542902-INV-674513	0.075634655178713	1.078568452767941	0.225777089072755	True	0.6983053066118737	64833	2308	62525	True	two	0.9657988935707252	1.078719920468463	
AMR	Admixed American	Skin_changes_due_to_chronic_exposure_to_nonionizing_radiation	chr10-79542902-INV-674513	-0.15460640064503	0.8567523282918741	0.103575698669208	True	0.5540667367932824	61037	1064	59973	True	two	0.7098429733818411	1.034066095683811	
AMR	Admixed American	Skin_changes_due_to_solar_radiation	chr10-79542902-INV-674513	-0.134030144887999	0.8745637005811631	0.118766283320656	True	0.6152093476009981	61239	1266	59973	True	two	0.737906204644131	1.036529658594058	
AMR	Admixed American	Uninodular_goiter_single_thyroid_nodule	chr10-79542902-INV-674513	-0.001631685257914	0.9983696452167392	0.981868688536068	True	0.9895096900032748	60181	1706	58475	True	two	0.9245847138918072	1.07560376317185	
AMR	Admixed American	Urinary_incontinence_and_enuresis	chr10-79542902-INV-674513	0.045492311933271	1.046542958690919	0.324706189995634	True	0.7878942555403989	70513	4051	66462	True	two	0.969218605941096	1.05738337081602	
AMR	Admixed American	Viral_infections	chr10-79542902-INV-674513	0.029645685221136	1.030089493356648	0.238151523458498	True	0.6996213100107194	70513	15783	54730	True	two	0.9858384100493692	1.031382301970977	
AMR	Admixed American	Abnormal_Papanicolaou_smear	chr12-46897663-INV-16289	-0.217807995317648	0.8042798523398691	0.041492374061486	True	0.4562120742810185	69761	2121	67640	True	two	0.649333572584443	0.9961999628407	
AMR	Admixed American	Abnormal_cytological_findings_in_specimens_from_genital_organs	chr12-46897663-INV-16289	-0.092608054434663	0.9115507085462672	0.303671816505867	True	0.7710882399511721	70513	2873	67640	True	two	0.883322420052364	1.061281894292868	
AMR	Admixed American	Abnormal_mammogram	chr12-46897663-INV-16289	0.10736337769117	1.113338743445825	0.284640018641168	True	0.7583922901270712	63097	2311	60786	True	two	0.935187047534476	1.142788455529062	
AMR	Admixed American	Acne	chr12-46897663-INV-16289	0.123718887117807	1.1316976914792671	0.202705108659678	True	0.6907976729323237	62021	2048	59973	True	two	0.9479820670501272	1.141599106289269	
AMR	Admixed American	Alopecia_Areata	chr12-46897663-INV-16289	0.026639124697957	1.026997117986871	0.9326094084074512	True	0.9755519820675346	60181	208	59973	True	two	0.684114484651552	1.386867559378084	
AMR	Admixed American	Aphagia_and_dysphagia	chr12-46897663-INV-16289	-0.140345334675515	0.86905806768682	0.083982360361855	True	0.5305227154565963	70513	3384	67129	True	two	0.7395439528948701	1.021253601026895	
AMR	Admixed American	Benign_neoplasm_of_the_skin	chr12-46897663-INV-16289	-0.050804117875028	0.9504648313699212	0.5020150539897901	True	0.8498163332245465	64484	3698	60786	True	two	0.9029376193352732	1.066601949809665	
AMR	Admixed American	Benign_sarcoma_related_cancers	chr12-46897663-INV-16289	-0.021501856600623	0.9787276603610752	0.797198073134592	True	0.95097992780583	63821	3035	60786	True	two	0.9013408634511432	1.088912852078173	
AMR	Admixed American	Conjunctivitis	chr12-46897663-INV-16289	0.113080425184309	1.119721983174257	0.13901983320728	True	0.6316866105383425	66055	3530	62525	True	two	0.9654769116134412	1.298609324078461	
AMR	Admixed American	Diastolic_heart_failure	chr12-46897663-INV-16289	0.102346440376523	1.107767180537109	0.406495871384916	True	0.8289955172338052	70513	1350	69163	True	two	0.905076524987828	1.171522725593365	
AMR	Admixed American	Disorder_of_nervous_system	chr12-46897663-INV-16289	0.292322299802017	1.3395346798353431	0.009920957405405	True	0.3630881270968245	64812	1426	63386	True	two	1.079195046953011	1.66267734785082	
AMR	Admixed American	Epidermal_thickening	chr12-46897663-INV-16289	0.18883663740056	1.207843619891496	0.030375683003201	True	0.4562120742810185	62586	2613	59973	True	two	1.0210738306774	1.428776417807849	
AMR	Admixed American	Flat_foot_pes_planus	chr12-46897663-INV-16289	0.266360120305853	1.305205004888826	0.082074519742339	True	0.5305227154565963	63095	769	62326	True	two	0.974426584314124	1.748269322912548	
AMR	Admixed American	Goiter	chr12-46897663-INV-16289	0.092883925733055	1.097334355594555	0.289887400473282	True	0.7583922901270712	61140	2665	58475	True	two	0.9421672836756272	1.125209313667756	
AMR	Admixed American	Hearing_impairment	chr12-46897663-INV-16289	0.130201175606523	1.139057510862026	0.074380248844623	True	0.520661741912361	66524	3999	62525	True	two	0.9887740904697052	1.312182454573477	
AMR	Admixed American	High_risk_human_papillomavirus_HPV_DNA_test_positive	chr12-46897663-INV-16289	-0.127481313973593	0.8803098651739211	0.422717627985836	True	0.8422815355570126	68545	905	67640	True	two	0.8035503811754111	1.12809448866313	
AMR	Admixed American	Hypertrophic_conditions_of_skin	chr12-46897663-INV-16289	0.113422395074059	1.120104959856908	0.234631070580384	True	0.6996213100107194	62092	2119	59973	True	two	0.944002708333435	1.1380929190916511	
AMR	Admixed American	Inflammation_of_the_eye	chr12-46897663-INV-16289	0.108971966229526	1.1151310885742731	0.094955868462986	True	0.542549380413513	67549	5024	62525	True	two	0.9824381831309312	1.265746146736559	
AMR	Admixed American	Laryngitis_and_tracheitis	chr12-46897663-INV-16289	0.224433608431212	1.251613611998287	0.163226052285111	True	0.6573884579363487	70513	696	69817	True	two	0.9196038929418752	1.703490650445096	
AMR	Admixed American	Lump_or_mass_in_breast_or_nonspecific_abnormal_breast_exam	chr12-46897663-INV-16289	0.033361923155911	1.033924672813979	0.610393034714198	True	0.881763909783306	66746	5960	60786	True	two	0.9400763651579872	1.085494911647985	
AMR	Admixed American	Melanocytic_nevi	chr12-46897663-INV-16289	-0.086622127828469	0.9170235478510752	0.412957793377323	True	0.835594285036927	62560	1774	60786	True	two	0.8627264167243861	1.085251974632926	
AMR	Admixed American	Migraine	chr12-46897663-INV-16289	0.032819137299058	1.033363625402599	0.588432302396246	True	0.8813713011780374	69354	5968	63386	True	two	0.944755567000903	1.07982089210577	
AMR	Admixed American	Mild_cognitive_impairment	chr12-46897663-INV-16289	-0.011443373034267	0.9886218533186892	0.955248219124476	True	0.9755519820675346	63859	473	63386	True	two	0.7784009412196291	1.237952068638034	
AMR	Admixed American	Morbid_obesity	chr12-46897663-INV-16289	0.035150716488888	1.035775805528837	0.5607715301314941	True	0.8813713011780374	64663	6188	58475	True	two	0.94624963080161	1.07955358654406	
AMR	Admixed American	Multinodular_goiter	chr12-46897663-INV-16289	-0.099022902219347	0.9057219647429112	0.468584265538634	True	0.8422815355570126	59618	1143	58475	True	two	0.8293947676635791	1.116275739684199	
AMR	Admixed American	Other_follicular_disorders	chr12-46897663-INV-16289	-0.0076756226476	0.992353759719864	0.905171950921211	True	0.9755519820675346	65190	5217	59973	True	two	0.9260299779462332	1.071730253607651	
AMR	Admixed American	Other_skin_and_subcutaneous_disorders	chr12-46897663-INV-16289	0.013355313800285	1.013444894351534	0.853746803623683	True	0.9750200668234134	64139	4166	59973	True	two	0.9243415339761132	1.088174000742405	
AMR	Admixed American	Pain_in_shoulder	chr12-46897663-INV-16289	0.038807481270804	1.039570327625501	0.479124954291528	True	0.8422815355570126	70144	7818	62326	True	two	0.954237636771756	1.073861211631653	
AMR	Admixed American	Pure_hypercholesterolemia	chr12-46897663-INV-16289	0.119608442577678	1.127055458239554	0.063328630090285	True	0.5014133327509344	64015	5540	58475	True	two	0.9944520791380552	1.277340590457177	
AMR	Admixed American	Rosacea	chr12-46897663-INV-16289	-0.08096927942352	0.9222220222016012	0.605246381105346	True	0.8813713011780374	60783	810	59973	True	two	0.8096236122818211	1.150166442854294	
AMR	Admixed American	Scar_conditions_and_fibrosis_of_skin	chr12-46897663-INV-16289	0.096930044666981	1.101783295307684	0.488166143492115	True	0.842900207763052	60933	960	59973	True	two	0.8825844974015151	1.194246935842607	
AMR	Admixed American	Sensorineural_hearing_loss	chr12-46897663-INV-16289	0.171648948594173	1.187260970415304	0.067758558479856	True	0.5014133327509344	64833	2308	62525	True	two	0.990133563892123	1.423634813802825	
AMR	Admixed American	Skin_changes_due_to_chronic_exposure_to_nonionizing_radiation	chr12-46897663-INV-16289	-0.00155100293438	0.99845019924906	0.990603174367324	True	0.9944427215547944	61037	1064	59973	True	two	0.853214931916471	1.156962319322034	
AMR	Admixed American	Skin_changes_due_to_solar_radiation	chr12-46897663-INV-16289	0.012203356738847	1.012278121514238	0.9197673564268012	True	0.9755519820675346	61239	1266	59973	True	two	0.86915792903306	1.148666434136094	
AMR	Admixed American	Uninodular_goiter_single_thyroid_nodule	chr12-46897663-INV-16289	0.036709720673195	1.037391843721498	0.738549051970806	True	0.9345179402369918	60181	1706	58475	True	two	0.8917738392698821	1.14039083589522	
AMR	Admixed American	Urinary_incontinence_and_enuresis	chr12-46897663-INV-16289	0.143565854080483	1.154382829123759	0.046937596190458	True	0.4562120742810185	70513	4051	66462	True	two	1.003648661641291	1.327755186756829	
AMR	Admixed American	Viral_infections	chr12-46897663-INV-16289	0.013012848880549	1.013097884449883	0.7510979515478471	True	0.9352613915908288	70513	15783	54730	True	two	0.959052138954712	1.051044579872221	
AMR	Admixed American	Abnormal_Papanicolaou_smear	chr17-45585160-INV-706887	-0.091145639185475	0.91288474942596	0.181292018082494	True	0.6573884579363487	69761	2121	67640	True	two	0.7981141935040921	1.044159560771206	
AMR	Admixed American	Abnormal_cytological_findings_in_specimens_from_genital_organs	chr17-45585160-INV-706887	-0.043265664361928	0.957656940949332	0.461112433546688	True	0.8422815355570126	70513	2873	67640	True	two	0.92896098335872	1.046713401758415	
AMR	Admixed American	Abnormal_mammogram	chr17-45585160-INV-706887	0.009834590604537	1.009883109113504	0.8827564805023621	True	0.9750200668234134	63097	2311	60786	True	two	0.933224377148111	1.074440865852339	
AMR	Admixed American	Acne	chr17-45585160-INV-706887	-0.070016068111488	0.932378838218462	0.293527763230593	True	0.760236906767236	62021	2048	59973	True	two	0.9164512036974972	1.042936522630073	
AMR	Admixed American	Alopecia_Areata	chr17-45585160-INV-706887	0.171271248093041	1.186812626027083	0.398340260737295	True	0.8188105359599952	60181	208	59973	True	two	0.852096251435089	1.25144073797113	
AMR	Admixed American	Aphagia_and_dysphagia	chr17-45585160-INV-706887	0.05949839911094	1.061304061948114	0.25199724550744	True	0.7017987804992146	70513	3384	67129	True	two	0.969555340306598	1.065740547580133	
AMR	Admixed American	Benign_neoplasm_of_the_skin	chr17-45585160-INV-706887	0.017143384133042	1.01729117528171	0.727157948552409	True	0.9345179402369918	64484	3698	60786	True	two	0.953364533967132	1.057765071953192	
AMR	Admixed American	Benign_sarcoma_related_cancers	chr17-45585160-INV-706887	0.034206096408979	1.034797852874228	0.531434158623459	True	0.8694452885881662	63821	3035	60786	True	two	0.954296501262206	1.066782691593651	
AMR	Admixed American	Conjunctivitis	chr17-45585160-INV-706887	0.005865310772026	1.005882545386233	0.909464028873988	True	0.9755519820675346	66055	3530	62525	True	two	0.9475839616240612	1.05659967262583	
AMR	Admixed American	Diastolic_heart_failure	chr17-45585160-INV-706887	0.187088151728792	1.205733567863819	0.02168533680772	True	0.4562120742810185	70513	1350	69163	True	two	1.029538444569162	1.412082709822451	
AMR	Admixed American	Disorder_of_nervous_system	chr17-45585160-INV-706887	0.152676148222472	1.164947647479939	0.047558787666361	True	0.4562120742810185	64812	1426	63386	True	two	1.002982767768361	1.353067136326382	
AMR	Admixed American	Epidermal_thickening	chr17-45585160-INV-706887	0.083261781651873	1.086826282491114	0.15717283011729	True	0.6573884579363487	62586	2613	59973	True	two	0.968938795650792	1.219056738790299	
AMR	Admixed American	Flat_foot_pes_planus	chr17-45585160-INV-706887	0.050436945677537	1.051730545107264	0.6319284347168891	True	0.8935671142937157	63095	769	62326	True	two	0.9062710064119672	1.125177152998924	
AMR	Admixed American	Goiter	chr17-45585160-INV-706887	-0.153982595431574	0.8572869415908491	0.009672830633671	True	0.3630881270968245	61140	2665	58475	True	two	0.7621216896760751	0.964335368193712	
AMR	Admixed American	Hearing_impairment	chr17-45585160-INV-706887	0.047127942849147	1.048256117374667	0.334959364690305	True	0.8021359707599944	66524	3999	62525	True	two	0.966716272487754	1.061761550900636	
AMR	Admixed American	High_risk_human_papillomavirus_HPV_DNA_test_positive	chr17-45585160-INV-706887	-0.025734797428794	0.9745935200464232	0.801457504843851	True	0.95097992780583	68545	905	67640	True	two	0.88582680031279	1.10156683472866	
AMR	Admixed American	Hypertrophic_conditions_of_skin	chr17-45585160-INV-706887	-0.002796607437525	0.9972072994262172	0.9653103101076392	True	0.9804524326191316	62092	2119	59973	True	two	0.931235404162534	1.068153930412039	
AMR	Admixed American	Inflammation_of_the_eye	chr17-45585160-INV-706887	0.015430853412126	1.015550523776922	0.724609913578937	True	0.9345179402369918	67549	5024	62525	True	two	0.958919730619388	1.050737491101743	
AMR	Admixed American	Laryngitis_and_tracheitis	chr17-45585160-INV-706887	-0.011740754341008	0.988327899370448	0.915649810662257	True	0.9755519820675346	70513	696	69817	True	two	0.879927259809933	1.115441959287097	
AMR	Admixed American	Lump_or_mass_in_breast_or_nonspecific_abnormal_breast_exam	chr17-45585160-INV-706887	-0.030343540669089	0.970112203300124	0.484008320174256	True	0.8422815355570126	66746	5960	60786	True	two	0.9479363488219692	1.035261703185978	
AMR	Admixed American	Melanocytic_nevi	chr17-45585160-INV-706887	-0.035552616815008	0.9650719538815952	0.605730083435099	True	0.8813713011780374	62560	1774	60786	True	two	0.9180641359928232	1.061756644197438	
AMR	Admixed American	Migraine	chr17-45585160-INV-706887	0.005060997897073	1.00507382637944	0.900428361089958	True	0.9755519820675346	69354	5968	63386	True	two	0.9588902558360192	1.044717799918117	
AMR	Admixed American	Mild_cognitive_impairment	chr17-45585160-INV-706887	-0.272296835435871	0.76162814930883	0.047220874818739	True	0.4562120742810185	63859	473	63386	True	two	0.5792206369283981	1.001479230601554	
AMR	Admixed American	Morbid_obesity	chr17-45585160-INV-706887	0.034023796796913	1.034609226820832	0.397450056204805	True	0.8188105359599952	64663	6188	58475	True	two	0.9705156585692192	1.049670809239095	
AMR	Admixed American	Multinodular_goiter	chr17-45585160-INV-706887	-0.049914823976136	0.951310449891536	0.567040292702041	True	0.8813713011780374	59618	1143	58475	True	two	0.8956729793304	1.076311951875009	
AMR	Admixed American	Other_follicular_disorders	chr17-45585160-INV-706887	-0.054906098355095	0.94657402863871	0.197706553065466	True	0.6827466299194094	65190	5217	59973	True	two	0.946232326208748	1.021715075644048	
AMR	Admixed American	Other_skin_and_subcutaneous_disorders	chr17-45585160-INV-706887	-0.029602569303708	0.9708312950442712	0.535125504062369	True	0.8694452885881662	64139	4166	59973	True	two	0.942830195335274	1.040479263771163	
AMR	Admixed American	Pain_in_shoulder	chr17-45585160-INV-706887	0.009054486344918	1.009095602207049	0.803401066491586	True	0.95097992780583	70144	7818	62326	True	two	0.964581272720214	1.041335837111939	
AMR	Admixed American	Pure_hypercholesterolemia	chr17-45585160-INV-706887	-0.014348396763052	0.985754050909847	0.739432458300814	True	0.9345179402369918	64015	5540	58475	True	two	0.950913203055019	1.041514124714581	
AMR	Admixed American	Rosacea	chr17-45585160-INV-706887	-0.090942138248701	0.9130705412313972	0.370726850352753	True	0.8188105359599952	60783	810	59973	True	two	0.8737774806569061	1.073660873763465	
AMR	Admixed American	Scar_conditions_and_fibrosis_of_skin	chr17-45585160-INV-706887	-0.042233046553822	0.958646345310977	0.65125344925725	True	0.8941844136851813	60933	960	59973	True	two	0.8903174048415491	1.086159021742106	
AMR	Admixed American	Sensorineural_hearing_loss	chr17-45585160-INV-706887	0.005775571100875	1.005792281867562	0.927474330313599	True	0.9755519820675346	64833	2308	62525	True	two	0.93478677082345	1.070082195331029	
AMR	Admixed American	Skin_changes_due_to_chronic_exposure_to_nonionizing_radiation	chr17-45585160-INV-706887	-0.152480423778994	0.8585757014595621	0.083712873677249	True	0.5305227154565963	61037	1064	59973	True	two	0.7212618896757511	1.022031311633798	
AMR	Admixed American	Skin_changes_due_to_solar_radiation	chr17-45585160-INV-706887	-0.16781247822296	0.845512371802082	0.039460829157439	True	0.4562120742810185	61239	1266	59973	True	two	0.719599238074603	0.993457376057237	
AMR	Admixed American	Uninodular_goiter_single_thyroid_nodule	chr17-45585160-INV-706887	-0.197381047200473	0.8208777805304031	0.007512720901252	True	0.3630881270968245	60181	1706	58475	True	two	0.7090670026676521	0.950319684928783	
AMR	Admixed American	Urinary_incontinence_and_enuresis	chr17-45585160-INV-706887	0.038471212772237	1.039220811641176	0.429101373667838	True	0.8422815355570126	70513	4051	66462	True	two	0.9629280981628012	1.060369191709876	
AMR	Admixed American	Viral_infections	chr17-45585160-INV-706887	-0.019102858982929	0.98107844432178	0.484555786864845	True	0.8422815355570126	70513	15783	54730	True	two	0.967233941353176	1.022109316113174	
AMR	Admixed American	Abnormal_Papanicolaou_smear	chr4-33098029-INV-7075	0.172373133369831	1.18812107813568	0.483678405628989	True	0.8422815355570126	69761	2121	67640	True	two	0.7374956200336811	1.91408824400316	
AMR	Admixed American	Abnormal_cytological_findings_in_specimens_from_genital_organs	chr4-33098029-INV-7075	0.246743303636561	1.279850537629296	0.249050281281495	True	0.7017987804992146	70513	2873	67640	True	two	0.846611230079634	1.9347929019509031	
AMR	Admixed American	Abnormal_mammogram	chr4-33098029-INV-7075	0.275744055888419	1.3175106117872502	0.289268714330572	True	0.7583922901270712	63097	2311	60786	True	two	0.796889613838445	2.178261809450465	
AMR	Admixed American	Acne	chr4-33098029-INV-7075	0.327950711476191	1.388120552190377	0.221965594888709	True	0.6983053066118737	62021	2048	59973	True	two	0.8302627002112901	2.320806013473753	
AMR	Admixed American	Alopecia_Areata	chr4-33098029-INV-7075	0.091637610099601	1.095967582524291	0.915213819919822	True	0.9755519820675346	60181	208	59973	True	two	0.613799090889191	1.517794190443151	
AMR	Admixed American	Aphagia_and_dysphagia	chr4-33098029-INV-7075	0.46421026118181	1.590757409811959	0.041801485522327	True	0.4562120742810185	70513	3384	67129	True	two	1.032198642259372	2.451571851841077	
AMR	Admixed American	Benign_neoplasm_of_the_skin	chr4-33098029-INV-7075	0.199673000071574	1.221003424840214	0.379716455870278	True	0.8188105359599952	64484	3698	60786	True	two	0.7864289912006961	1.895720249574406	
AMR	Admixed American	Benign_sarcoma_related_cancers	chr4-33098029-INV-7075	-0.22465125638124	0.798794744759404	0.380013161244891	True	0.8188105359599952	63821	3035	60786	True	two	0.479973025087663	1.329393551103633	
AMR	Admixed American	Conjunctivitis	chr4-33098029-INV-7075	0.036879113998404	1.037567585859803	0.871924800272433	True	0.9750200668234134	66055	3530	62525	True	two	0.8920962395482601	1.121189027781539	
AMR	Admixed American	Diastolic_heart_failure	chr4-33098029-INV-7075	0.218492459237369	1.244199634377683	0.5847019185852901	True	0.8813713011780374	70513	1350	69163	True	two	0.5757858407798571	2.6885564398194832	
AMR	Admixed American	Disorder_of_nervous_system	chr4-33098029-INV-7075	0.288674041104234	1.3346566144214411	0.340675508816986	True	0.8021359707599944	64812	1426	63386	True	two	0.746466481203784	2.386320515753486	
AMR	Admixed American	Epidermal_thickening	chr4-33098029-INV-7075	-0.174142547524722	0.840177123952563	0.5371090585872841	True	0.8694452885881662	62586	2613	59973	True	two	0.479904981205062	1.470911174625988	
AMR	Admixed American	Flat_foot_pes_planus	chr4-33098029-INV-7075	0.251763178106125	1.286291379250909	0.6041201698432941	True	0.8813713011780374	63095	769	62326	True	two	0.505983969570242	3.269956385654857	
AMR	Admixed American	Goiter	chr4-33098029-INV-7075	0.551644688683367	1.736106025002453	0.022359061959451	True	0.4562120742810185	61140	2665	58475	True	two	1.099582101296748	2.741099665495921	
AMR	Admixed American	Hearing_impairment	chr4-33098029-INV-7075	0.221321806267247	1.247724891654188	0.31496682089616	True	0.7843885251163986	66524	3999	62525	True	two	0.815060322328025	1.910064031588212	
AMR	Admixed American	High_risk_human_papillomavirus_HPV_DNA_test_positive	chr4-33098029-INV-7075	0.244587920034766	1.277094939520032	0.494830575361473	True	0.8476283897636557	68545	905	67640	True	two	0.6410923006139421	2.544050962686303	
AMR	Admixed American	Hypertrophic_conditions_of_skin	chr4-33098029-INV-7075	0.14741164726454	1.158830894427124	0.6162133886902641	True	0.881763909783306	62092	2119	59973	True	two	0.87244661702225	1.159553194365785	
AMR	Admixed American	Inflammation_of_the_eye	chr4-33098029-INV-7075	0.049887964119847	1.051153322891014	0.7984775824514271	True	0.95097992780583	67549	5024	62525	True	two	0.90901697214827	1.10385831581674	
AMR	Admixed American	Laryngitis_and_tracheitis	chr4-33098029-INV-7075	0.5314698056200391	1.701431244899242	0.215567417666285	True	0.6983053066118737	70513	696	69817	True	one	1.257048315782251	inf	
AMR	Admixed American	Lump_or_mass_in_breast_or_nonspecific_abnormal_breast_exam	chr4-33098029-INV-7075	0.04092815496091	1.041777256329036	0.822202768036931	True	0.9635769996450912	66746	5960	60786	True	two	0.911063956497671	1.101731799240182	
AMR	Admixed American	Melanocytic_nevi	chr4-33098029-INV-7075	0.706196717887078	2.026270108238691	0.023736029732789	True	0.4562120742810185	62560	1774	60786	True	two	1.133787563439879	3.621287341594088	
AMR	Admixed American	Migraine	chr4-33098029-INV-7075	0.065429152957141	1.067617097119851	0.7141692985943311	True	0.9345179402369918	69354	5968	63386	True	two	0.917575242657294	1.096716886258025	
AMR	Admixed American	Mild_cognitive_impairment	chr4-33098029-INV-7075	-1.079307741235666	0.339830695013531	0.148256935968963	True	0.6508228206095156	63859	473	63386	True	one	0.0	0.7518443581721981	
AMR	Admixed American	Morbid_obesity	chr4-33098029-INV-7075	0.185684138696451	1.204041890067737	0.320271983445948	True	0.7878942555403989	64663	6188	58475	True	two	0.838327818513627	1.729295916254178	
AMR	Admixed American	Multinodular_goiter	chr4-33098029-INV-7075	0.48775777148937	1.628660294230785	0.166026164998039	True	0.6573884579363487	59618	1143	58475	True	one	1.194451316463837	inf	
AMR	Admixed American	Other_follicular_disorders	chr4-33098029-INV-7075	-0.091905592809436	0.912191262894552	0.6319214642294041	True	0.8935671142937157	65190	5217	59973	True	two	0.903628017652468	1.090202365920145	
AMR	Admixed American	Other_skin_and_subcutaneous_disorders	chr4-33098029-INV-7075	0.270542915003809	1.31067584318335	0.185287094321828	True	0.6573884579363487	64139	4166	59973	True	two	0.884088291060067	1.943099103647862	
AMR	Admixed American	Pain_in_shoulder	chr4-33098029-INV-7075	0.127779679981165	1.136302624900732	0.433596227066225	True	0.8422815355570126	70144	7818	62326	True	two	0.8269962416043961	1.5612932567279412	
AMR	Admixed American	Pure_hypercholesterolemia	chr4-33098029-INV-7075	0.365123134645727	1.440691396252363	0.056549060832489	True	0.5014133327509344	64015	5540	58475	True	two	0.996404166611038	2.083082115458296	
AMR	Admixed American	Rosacea	chr4-33098029-INV-7075	0.139855626092205	1.150107741321328	0.7805103785139991	True	0.95097992780583	60783	810	59973	True	two	0.788039034752202	1.262768369408524	
AMR	Admixed American	Scar_conditions_and_fibrosis_of_skin	chr4-33098029-INV-7075	-0.2471118817022	0.7810533030697131	0.5815508873514671	True	0.8813713011780374	60933	960	59973	True	two	0.318853297220161	1.913244327578298	
AMR	Admixed American	Sensorineural_hearing_loss	chr4-33098029-INV-7075	0.204315558903494	1.226685183819099	0.474536361475866	True	0.8422815355570126	64833	2308	62525	True	two	0.705839083817795	2.131869111104273	
AMR	Admixed American	Skin_changes_due_to_chronic_exposure_to_nonionizing_radiation	chr4-33098029-INV-7075	0.464263602993657	1.5908422659575772	0.310999773317766	True	0.7820285562068098	61037	1064	59973	True	one	1.226461759465487	inf	
AMR	Admixed American	Skin_changes_due_to_solar_radiation	chr4-33098029-INV-7075	0.203279224856345	1.225414586693222	0.6348121584171571	True	0.8935671142937157	61239	1266	59973	True	two	0.5363329757240201	2.799829541067071	
AMR	Admixed American	Uninodular_goiter_single_thyroid_nodule	chr4-33098029-INV-7075	0.5200501577182141	1.682112018483624	0.081276173606173	True	0.5305227154565963	60181	1706	58475	True	one	1.128429553288424	inf	
AMR	Admixed American	Urinary_incontinence_and_enuresis	chr4-33098029-INV-7075	0.015175010071116	1.015290735171963	0.943941554690717	True	0.9755519820675346	70513	4051	66462	True	two	0.8954654092831351	1.114721937587202	
AMR	Admixed American	Viral_infections	chr4-33098029-INV-7075	-0.066614017333481	0.935556240147182	0.599343818924934	True	0.8813713011780374	70513	15783	54730	True	two	0.729250533016492	1.2002260387220551	
AMR	Admixed American	Abnormal_Papanicolaou_smear	chr6-141867315-INV-29159	0.104178679721468	1.10979873572966	0.6533671683824951	True	0.8941844136851813	69761	2121	67640	True	two	0.706505475344806	1.743303168635813	
AMR	Admixed American	Abnormal_cytological_findings_in_specimens_from_genital_organs	chr6-141867315-INV-29159	0.035735536065197	1.036381724655991	0.862637980039581	True	0.9750200668234134	70513	2873	67640	True	two	0.919702098956602	1.086863683745082	
AMR	Admixed American	Abnormal_mammogram	chr6-141867315-INV-29159	0.044041649067629	1.045025878335563	0.8636361581212281	True	0.9750200668234134	63097	2311	60786	True	two	0.9071706196970852	1.101473107740553	
AMR	Admixed American	Acne	chr6-141867315-INV-29159	0.056430273348224	1.058052837746365	0.8261105191025191	True	0.9637956056196056	62021	2048	59973	True	two	0.906762574789254	1.1018468189205	
AMR	Admixed American	Alopecia_Areata	chr6-141867315-INV-29159	-3.651093055957906	0.025962734541663	0.010186046948576	True	0.3630881270968245	60181	208	59973	True	two	0.000496912489545	1.3565036079043251	
AMR	Admixed American	Aphagia_and_dysphagia	chr6-141867315-INV-29159	0.026291172487261	1.02663983423173	0.907037544985219	True	0.9755519820675346	70513	3384	67129	True	two	0.92476367762482	1.079713002628374	
AMR	Admixed American	Benign_neoplasm_of_the_skin	chr6-141867315-INV-29159	0.09540084519982	1.100099736456299	0.6586094301004141	True	0.8941844136851813	64484	3698	60786	True	two	0.7224582214258141	1.675141059039759	
AMR	Admixed American	Benign_sarcoma_related_cancers	chr6-141867315-INV-29159	-0.012605987221612	0.9874731354133592	0.9567189322206712	True	0.9755519820675346	63821	3035	60786	True	two	0.918835552805319	1.083707290991233	
AMR	Admixed American	Conjunctivitis	chr6-141867315-INV-29159	0.032198821228456	1.032722812112925	0.8787170487142101	True	0.9750200668234134	66055	3530	62525	True	two	0.92694921844844	1.077906153215657	
AMR	Admixed American	Diastolic_heart_failure	chr6-141867315-INV-29159	-0.351949708388312	0.7033154919565421	0.374421712899122	True	0.8188105359599952	70513	1350	69163	True	two	0.316256995117773	1.56408455421473	
AMR	Admixed American	Disorder_of_nervous_system	chr6-141867315-INV-29159	0.217422435271683	1.242869022970806	0.447741370507823	True	0.8422815355570126	64812	1426	63386	True	two	0.715298251787666	2.159551493939555	
AMR	Admixed American	Epidermal_thickening	chr6-141867315-INV-29159	0.159045810766928	1.172391653611323	0.5168977290969751	True	0.8627613778455003	62586	2613	59973	True	two	0.7287929499966761	1.885998196694632	
AMR	Admixed American	Flat_foot_pes_planus	chr6-141867315-INV-29159	0.063504413574176	1.065564188737675	0.8884352732445001	True	0.9750200668234134	63095	769	62326	True	two	0.849001281600916	1.165558478223018	
AMR	Admixed American	Goiter	chr6-141867315-INV-29159	0.319023951143897	1.375784276118597	0.169711938883822	True	0.6573884579363487	61140	2665	58475	True	two	0.8807727131866641	2.149002059302025	
AMR	Admixed American	Hearing_impairment	chr6-141867315-INV-29159	-0.200576902813471	0.8182585612205571	0.353431485847908	True	0.8188105359599952	66524	3999	62525	True	two	0.532682922499795	1.256933617974197	
AMR	Admixed American	High_risk_human_papillomavirus_HPV_DNA_test_positive	chr6-141867315-INV-29159	0.157635738755094	1.170739661940988	0.6451494899187571	True	0.8941844136851813	68545	905	67640	True	two	0.6031456570007141	2.272471566582258	
AMR	Admixed American	Hypertrophic_conditions_of_skin	chr6-141867315-INV-29159	-0.147510791831075	0.862853126505945	0.60474890098123	True	0.8813713011780374	62092	2119	59973	True	two	0.490374307406103	1.518259636927745	
AMR	Admixed American	Inflammation_of_the_eye	chr6-141867315-INV-29159	0.080055697978096	1.083347406254678	0.6594178494744001	True	0.8941844136851813	67549	5024	62525	True	two	0.7602596923975571	1.543737770626166	
AMR	Admixed American	Laryngitis_and_tracheitis	chr6-141867315-INV-29159	0.113293722542482	1.119960842388269	0.7945548482050621	True	0.95097992780583	70513	696	69817	True	two	0.8460134321820441	1.173323306040745	
AMR	Admixed American	Lump_or_mass_in_breast_or_nonspecific_abnormal_breast_exam	chr6-141867315-INV-29159	-0.095295469747154	0.909104281968512	0.5863786232546211	True	0.8813713011780374	66746	5960	60786	True	two	0.6439928503654291	1.283353681682195	
AMR	Admixed American	Melanocytic_nevi	chr6-141867315-INV-29159	0.021375832235135	1.021605931936542	0.9474601055643892	True	0.9755519820675346	62560	1774	60786	True	two	0.8966326531715011	1.109741899025113	
AMR	Admixed American	Migraine	chr6-141867315-INV-29159	-0.067469466043985	0.934756261986872	0.6900684469820331	True	0.9252583899605789	69354	5968	63386	True	two	0.6699982271223931	1.30413668865433	
AMR	Admixed American	Mild_cognitive_impairment	chr6-141867315-INV-29159	0.692309562354674	1.998325464997864	0.180730911579653	True	0.6573884579363487	63859	473	63386	True	two	0.765806448448199	5.214509060547622	
AMR	Admixed American	Morbid_obesity	chr6-141867315-INV-29159	0.123469406434617	1.131415389981881	0.471716977512059	True	0.8422815355570126	64663	6188	58475	True	two	0.8104252264592631	1.579542125410625	
AMR	Admixed American	Multinodular_goiter	chr6-141867315-INV-29159	0.445244346618504	1.560871542923766	0.17574308108321	True	0.6573884579363487	59618	1143	58475	True	one	1.117098687121271	inf	
AMR	Admixed American	Other_follicular_disorders	chr6-141867315-INV-29159	0.010144063122653	1.010195688547161	0.953803753093782	True	0.9755519820675346	65190	5217	59973	True	two	0.9378816312850672	1.064919152116454	
AMR	Admixed American	Other_skin_and_subcutaneous_disorders	chr6-141867315-INV-29159	-0.143549461177112	0.866277952000379	0.475874197206955	True	0.8422815355570126	64139	4166	59973	True	two	0.5816163613272081	1.290262000899572	
AMR	Admixed American	Pain_in_shoulder	chr6-141867315-INV-29159	0.000569599080383	1.000569761332744	0.997045838969246	True	0.997045838969246	70144	7818	62326	True	two	0.946936817831204	1.054820095884685	
AMR	Admixed American	Pure_hypercholesterolemia	chr6-141867315-INV-29159	0.061437068147017	1.063363574982905	0.7379542881724891	True	0.9345179402369918	64015	5540	58475	True	two	0.93975760558907	1.066519796705463	
AMR	Admixed American	Rosacea	chr6-141867315-INV-29159	0.574932057869292	1.777009788981136	0.183308372486307	True	0.6573884579363487	60783	810	59973	True	one	1.137587462695352	inf	
AMR	Admixed American	Scar_conditions_and_fibrosis_of_skin	chr6-141867315-INV-29159	-0.299662370822909	0.7410683847569091	0.477876655131167	True	0.8422815355570126	60933	960	59973	True	two	0.317194839530554	1.7313722748421712	
AMR	Admixed American	Sensorineural_hearing_loss	chr6-141867315-INV-29159	-0.413141246167338	0.6615688321662551	0.15660777809624	True	0.6573884579363487	64833	2308	62525	True	two	0.367423023968744	1.191197315198884	
AMR	Admixed American	Skin_changes_due_to_chronic_exposure_to_nonionizing_radiation	chr6-141867315-INV-29159	0.090596447957507	1.094827096386926	0.8463866577792071	True	0.9750200668234134	61037	1064	59973	True	two	0.867176018197593	1.146357064608162	
AMR	Admixed American	Skin_changes_due_to_solar_radiation	chr6-141867315-INV-29159	0.073138715699056	1.075879767978234	0.86021578756239	True	0.9750200668234134	61239	1266	59973	True	two	0.8782430984472731	1.132991572615958	
AMR	Admixed American	Uninodular_goiter_single_thyroid_nodule	chr6-141867315-INV-29159	0.358436352206426	1.431089943512072	0.207155055897531	True	0.6967942789280589	60181	1706	58475	True	two	0.831385759028573	2.4633792486587422	
AMR	Admixed American	Urinary_incontinence_and_enuresis	chr6-141867315-INV-29159	0.321359774200067	1.379001620862249	0.100020452576179	True	0.5511765365368162	70513	4051	66462	True	two	0.9473913335553972	2.007243894879387	
AMR	Admixed American	Viral_infections	chr6-141867315-INV-29159	-0.247639720332516	0.78064114175092	0.036833243927202	True	0.4562120742810185	70513	15783	54730	True	two	0.6172589188178831	0.987268994608044	
AMR	Admixed American	Abnormal_Papanicolaou_smear	chr6-167181003-INV-209976	-0.15706487656607	0.8546486103520151	0.497449865807242	True	0.8476283897636557	69761	2121	67640	True	two	0.540153243020503	1.3522537476441752	
AMR	Admixed American	Abnormal_cytological_findings_in_specimens_from_genital_organs	chr6-167181003-INV-209976	-0.249276191014121	0.779364690132281	0.229173556223974	True	0.6983053066118737	70513	2873	67640	True	two	0.5155334556783591	1.17821513528299	
AMR	Admixed American	Abnormal_mammogram	chr6-167181003-INV-209976	-0.242398328295827	0.784743529734865	0.337592260759295	True	0.8021359707599944	63097	2311	60786	True	two	0.474855453360902	1.296862872906074	
AMR	Admixed American	Acne	chr6-167181003-INV-209976	-0.13663718234374	0.872286649724444	0.589015973490855	True	0.8813713011780374	62021	2048	59973	True	two	0.528525999929656	1.439633999819809	
AMR	Admixed American	Alopecia_Areata	chr6-167181003-INV-209976	-0.307227703710363	0.7354831096058141	0.695716542472478	True	0.9252583899605789	60181	208	59973	True	two	0.694183015468625	1.321726619697786	
AMR	Admixed American	Aphagia_and_dysphagia	chr6-167181003-INV-209976	-0.118543008642031	0.888213613973938	0.58442946721454	True	0.8813713011780374	70513	3384	67129	True	two	0.578580582299814	1.363549777133432	
AMR	Admixed American	Benign_neoplasm_of_the_skin	chr6-167181003-INV-209976	-0.561014179136691	0.57063004919549	0.011215077284844	True	0.3630881270968245	64484	3698	60786	True	two	0.36318918786197	0.896553818029952	
AMR	Admixed American	Benign_sarcoma_related_cancers	chr6-167181003-INV-209976	-0.187882127359825	0.828712383992504	0.389384617875104	True	0.8188105359599952	63821	3035	60786	True	two	0.5371269597043451	1.278588242453072	
AMR	Admixed American	Conjunctivitis	chr6-167181003-INV-209976	-0.415023078267589	0.660325041371134	0.0517233533198	True	0.47844101820815	66055	3530	62525	True	two	0.428908785324076	1.01660114033881	
AMR	Admixed American	Diastolic_heart_failure	chr6-167181003-INV-209976	-0.231585590846038	0.7932747955364671	0.515562866960813	True	0.8627613778455003	70513	1350	69163	True	two	0.389547079749127	1.615427079157388	
AMR	Admixed American	Disorder_of_nervous_system	chr6-167181003-INV-209976	-0.077609788373534	0.92532542884591	0.7822888838601401	True	0.95097992780583	64812	1426	63386	True	two	0.8758794181510581	1.123436450931713	
AMR	Admixed American	Epidermal_thickening	chr6-167181003-INV-209976	-0.077856972654659	0.925096731211369	0.7396763619636421	True	0.9345179402369918	62586	2613	59973	True	two	0.905738312925796	1.092036629323002	
AMR	Admixed American	Flat_foot_pes_planus	chr6-167181003-INV-209976	-0.224599747604352	0.7988358907593721	0.605629307806362	True	0.8813713011780374	63095	769	62326	True	two	0.335110680832042	1.904262731288935	
AMR	Admixed American	Goiter	chr6-167181003-INV-209976	0.087185367950702	1.091098915743685	0.6966231121324821	True	0.9252583899605789	61140	2665	58475	True	two	0.9134798666546	1.099114269214927	
AMR	Admixed American	Hearing_impairment	chr6-167181003-INV-209976	-0.053361096092958	0.948037617987528	0.7839780143144781	True	0.95097992780583	66524	3999	62525	True	two	0.921210094063938	1.07765820313539	
AMR	Admixed American	High_risk_human_papillomavirus_HPV_DNA_test_positive	chr6-167181003-INV-209976	0.058172311456063	1.059897612477239	0.8601649208374721	True	0.9750200668234134	68545	905	67640	True	two	0.852572035475687	1.165664943887645	
AMR	Admixed American	Hypertrophic_conditions_of_skin	chr6-167181003-INV-209976	-0.391623403279135	0.6759586298361321	0.161230781767973	True	0.6573884579363487	62092	2119	59973	True	two	0.384038259313968	1.18977747182316	
AMR	Admixed American	Inflammation_of_the_eye	chr6-167181003-INV-209976	-0.376546239702363	0.6862273860030601	0.040280621550355	True	0.4562120742810185	67549	5024	62525	True	two	0.474206213198548	0.993044823525805	
AMR	Admixed American	Laryngitis_and_tracheitis	chr6-167181003-INV-209976	0.348346877390975	1.416723593900992	0.37692997866267	True	0.8188105359599952	70513	696	69817	True	two	0.668911081842632	3.000556869213201	
AMR	Admixed American	Lump_or_mass_in_breast_or_nonspecific_abnormal_breast_exam	chr6-167181003-INV-209976	-0.279892197902737	0.7558652209198801	0.104823436690621	True	0.5540667367932824	66746	5960	60786	True	two	0.5365299667021041	1.064865464473635	
AMR	Admixed American	Melanocytic_nevi	chr6-167181003-INV-209976	-0.508270992760951	0.6015347381131481	0.122120722343561	True	0.6201817075878883	62560	1774	60786	True	one	0.0	0.912056863893148	
AMR	Admixed American	Migraine	chr6-167181003-INV-209976	0.261127079365613	1.298392653864926	0.093801534682661	True	0.542549380413513	69354	5968	63386	True	two	0.961216217797434	1.75384419488194	
AMR	Admixed American	Mild_cognitive_impairment	chr6-167181003-INV-209976	-0.711291888827688	0.491009457909815	0.238824301289231	True	0.6996213100107194	63859	473	63386	True	one	0.0	0.8063384483866801	
AMR	Admixed American	Morbid_obesity	chr6-167181003-INV-209976	-0.376207041307584	0.6864601927124451	0.029553867047028	True	0.4562120742810185	64663	6188	58475	True	two	0.484856202229702	0.971891447426634	
AMR	Admixed American	Multinodular_goiter	chr6-167181003-INV-209976	-0.093556979363395	0.910686125632141	0.7788790507349931	True	0.95097992780583	59618	1143	58475	True	two	0.860552686190274	1.14030231237044	
AMR	Admixed American	Other_follicular_disorders	chr6-167181003-INV-209976	-0.099313657292089	0.905458659767652	0.550911040027231	True	0.8813713011780374	65190	5217	59973	True	two	0.65191610390795	1.257608731604513	
AMR	Admixed American	Other_skin_and_subcutaneous_disorders	chr6-167181003-INV-209976	-0.21905848118735	0.803274740319397	0.251143675259686	True	0.7017987804992146	64139	4166	59973	True	two	0.5494782192107971	1.174296425001073	
AMR	Admixed American	Pain_in_shoulder	chr6-167181003-INV-209976	-0.216325546875064	0.8054730399554151	0.143531346124737	True	0.6409417007983945	70144	7818	62326	True	two	0.6006749869165511	1.0800962787304331	
AMR	Admixed American	Pure_hypercholesterolemia	chr6-167181003-INV-209976	-0.201289680382131	0.8176755326822711	0.248472049456802	True	0.7017987804992146	64015	5540	58475	True	two	0.578658012294573	1.155420408154446	
AMR	Admixed American	Rosacea	chr6-167181003-INV-209976	0.602818785228879	1.8272622076248832	0.134955391833614	True	0.6316866105383425	60783	810	59973	True	one	1.1409728048962129	inf	
AMR	Admixed American	Scar_conditions_and_fibrosis_of_skin	chr6-167181003-INV-209976	-0.9119490711279472	0.401740439764042	0.037392982546215	True	0.4562120742810185	60933	960	59973	True	two	0.158586982415979	1.017708884317253	
AMR	Admixed American	Sensorineural_hearing_loss	chr6-167181003-INV-209976	-0.318406398884507	0.7273071515303381	0.216559046517533	True	0.6983053066118737	64833	2308	62525	True	two	0.43404598403928	1.218708874447972	
AMR	Admixed American	Skin_changes_due_to_chronic_exposure_to_nonionizing_radiation	chr6-167181003-INV-209976	-1.184238045215321	0.305979233039933	0.025738906572314	True	0.4562120742810185	61037	1064	59973	True	two	0.097319840294474	0.962016488810671	
AMR	Admixed American	Skin_changes_due_to_solar_radiation	chr6-167181003-INV-209976	-1.342413376714474	0.261214498273197	0.005526065269359	True	0.3630881270968245	61239	1266	59973	True	two	0.090644569756923	0.7527534665462571	
AMR	Admixed American	Uninodular_goiter_single_thyroid_nodule	chr6-167181003-INV-209976	-0.113964094013596	0.892289993859614	0.6884248517398861	True	0.9252583899605789	60181	1706	58475	True	two	0.8840245761598371	1.112495499467837	
AMR	Admixed American	Urinary_incontinence_and_enuresis	chr6-167181003-INV-209976	-0.212735314355223	0.8083700728563451	0.28819579368845	True	0.7583922901270712	70513	4051	66462	True	two	0.5427782307892141	1.2039211184642031	
AMR	Admixed American	Viral_infections	chr6-167181003-INV-209976	-0.035932304815372	0.964705597196237	0.7456212086295321	True	0.9352613915908288	70513	15783	54730	True	two	0.956758642062087	1.041698504634184	
AMR	Admixed American	Abnormal_Papanicolaou_smear	chr8-7301025-INV-5297356	-0.075216992037267	0.927542195219466	0.394238799171697	True	0.8188105359599952	69761	2121	67640	True	two	0.780069090693365	1.102895287323636	
AMR	Admixed American	Abnormal_cytological_findings_in_specimens_from_genital_organs	chr8-7301025-INV-5297356	-0.009360508967496	0.990683164222578	0.902574290887425	True	0.9755519820675346	70513	2873	67640	True	two	0.959033957256303	1.039553751309234	
AMR	Admixed American	Abnormal_mammogram	chr8-7301025-INV-5297356	0.039129003515351	1.039904626349961	0.657463003046845	True	0.8941844136851813	63097	2311	60786	True	two	0.957333049518122	1.048601523600444	
AMR	Admixed American	Acne	chr8-7301025-INV-5297356	-0.026756964888861	0.973597831230486	0.763398154438783	True	0.9460292918643292	62021	2048	59973	True	two	0.9520426749152232	1.043848515550691	
AMR	Admixed American	Alopecia_Areata	chr8-7301025-INV-5297356	0.499425534319879	1.647774408909866	0.067224557131165	True	0.5014133327509344	60181	208	59973	True	one	1.094598836455964	inf	
AMR	Admixed American	Aphagia_and_dysphagia	chr8-7301025-INV-5297356	-0.036182037179928	0.964464709066382	0.605181007544909	True	0.8813713011780374	70513	3384	67129	True	two	0.9611215173445372	1.033386227351094	
AMR	Admixed American	Benign_neoplasm_of_the_skin	chr8-7301025-INV-5297356	0.066625446138565	1.06889504442092	0.325500715609354	True	0.7878942555403989	64484	3698	60786	True	two	0.936015191193334	1.22063896690712	
AMR	Admixed American	Benign_sarcoma_related_cancers	chr8-7301025-INV-5297356	0.09042336239502	1.094637614021925	0.222227739542639	True	0.6983053066118737	63821	3035	60786	True	two	0.946803146688072	1.265555052518615	
AMR	Admixed American	Conjunctivitis	chr8-7301025-INV-5297356	-0.03675440681278	0.963912836707511	0.5916470690926671	True	0.8813713011780374	66055	3530	62525	True	two	0.9620433303240572	1.032414610040212	
AMR	Admixed American	Diastolic_heart_failure	chr8-7301025-INV-5297356	-0.120767012647303	0.8862404183497261	0.277763467559215	True	0.7572709273456495	70513	1350	69163	True	two	0.7123576044263731	1.102567129537641	
AMR	Admixed American	Disorder_of_nervous_system	chr8-7301025-INV-5297356	-0.047791883167357	0.953332170905146	0.6533998102531411	True	0.8941844136851813	64812	1426	63386	True	two	0.9425373667297012	1.050255921836213	
AMR	Admixed American	Epidermal_thickening	chr8-7301025-INV-5297356	0.002587510681248	1.002590861176201	0.974112292351776	True	0.9855276707777736	62586	2613	59973	True	two	0.9578766009717492	1.042317356919062	
AMR	Admixed American	Flat_foot_pes_planus	chr8-7301025-INV-5297356	0.1483611641028	1.159931746430126	0.301591636662884	True	0.7710882399511721	63095	769	62326	True	two	0.8757075415793231	1.536405240898077	
AMR	Admixed American	Goiter	chr8-7301025-INV-5297356	-0.14950401333876	0.8611349819863641	0.058980583610007	True	0.5014133327509344	61140	2665	58475	True	two	0.7372020186220971	1.005902640617686	
AMR	Admixed American	Hearing_impairment	chr8-7301025-INV-5297356	-0.023768705455102	0.97651154543311	0.720585125888005	True	0.9345179402369918	66524	3999	62525	True	two	0.963773682595327	1.032809169644758	
AMR	Admixed American	High_risk_human_papillomavirus_HPV_DNA_test_positive	chr8-7301025-INV-5297356	0.103766659876841	1.109341570813974	0.437288010302746	True	0.8422815355570126	68545	905	67640	True	two	0.8539768035271701	1.441068089499764	
AMR	Admixed American	Hypertrophic_conditions_of_skin	chr8-7301025-INV-5297356	-0.066077527528224	0.936058291192858	0.448475760777087	True	0.8422815355570126	62092	2119	59973	True	two	0.7889481894049041	1.110599068833413	
AMR	Admixed American	Inflammation_of_the_eye	chr8-7301025-INV-5297356	0.011557037383329	1.01162407795441	0.8426631732251411	True	0.9750200668234134	67549	5024	62525	True	two	0.9699244507323452	1.031773502701648	
AMR	Admixed American	Laryngitis_and_tracheitis	chr8-7301025-INV-5297356	-0.270189448013384	0.763234887306382	0.071818740360683	True	0.5166959375949138	70513	696	69817	True	two	0.5682821917930311	1.02506730215073	
AMR	Admixed American	Lump_or_mass_in_breast_or_nonspecific_abnormal_breast_exam	chr8-7301025-INV-5297356	-0.00953070597426	0.990514567261132	0.8675145454310801	True	0.9750200668234134	66746	5960	60786	True	two	0.9689475054952792	1.029883269081136	
AMR	Admixed American	Melanocytic_nevi	chr8-7301025-INV-5297356	0.030318229541807	1.030782507210332	0.748877518550858	True	0.9352613915908288	62560	1774	60786	True	two	0.953088898197876	1.05083134894839	
AMR	Admixed American	Migraine	chr8-7301025-INV-5297356	-0.034729240304156	0.965866898684231	0.5196555017138921	True	0.8627613778455003	69354	5968	63386	True	two	0.8689427314412451	1.07360224352941	
AMR	Admixed American	Mild_cognitive_impairment	chr8-7301025-INV-5297356	0.066164548403311	1.068402506629218	0.7172808090017401	True	0.9345179402369918	63859	473	63386	True	two	0.910504661969703	1.096790385991844	
AMR	Admixed American	Morbid_obesity	chr8-7301025-INV-5297356	-0.080160233157918	0.922968444389046	0.133659118041814	True	0.6316866105383425	64663	6188	58475	True	two	0.8311049806263581	1.024985734889866	
AMR	Admixed American	Multinodular_goiter	chr8-7301025-INV-5297356	-0.203120136934731	0.8161801821501851	0.087397983763622	True	0.530857186017981	59618	1143	58475	True	two	0.6463359117396691	1.030656161347602	
AMR	Admixed American	Other_follicular_disorders	chr8-7301025-INV-5297356	0.003821486727205	1.003828797917848	0.946827720237382	True	0.9755519820675346	65190	5217	59973	True	two	0.9702627134303292	1.030282886594805	
AMR	Admixed American	Other_skin_and_subcutaneous_disorders	chr8-7301025-INV-5297356	-0.055214599530499	0.946282054477769	0.389718146179423	True	0.8188105359599952	64139	4166	59973	True	two	0.8343570285992751	1.073221290087238	
AMR	Admixed American	Pain_in_shoulder	chr8-7301025-INV-5297356	0.034089703745792	1.034677417005332	0.483431194610249	True	0.8422815355570126	70144	7818	62326	True	two	0.94061133006804	1.138150608055493	
AMR	Admixed American	Pure_hypercholesterolemia	chr8-7301025-INV-5297356	0.138354998110362	1.148383151769867	0.016364254869168	True	0.4562120742810185	64015	5540	58475	True	two	1.025836301138186	1.285569502469036	
AMR	Admixed American	Rosacea	chr8-7301025-INV-5297356	-0.070173020024471	0.932232511059644	0.613023241633679	True	0.881763909783306	60783	810	59973	True	two	0.923592480968676	1.065163392594431	
AMR	Admixed American	Scar_conditions_and_fibrosis_of_skin	chr8-7301025-INV-5297356	-0.115850157557938	0.890608664276837	0.365740465958604	True	0.8188105359599952	60933	960	59973	True	two	0.692703528684374	1.145055222096872	
AMR	Admixed American	Sensorineural_hearing_loss	chr8-7301025-INV-5297356	0.063345724224784	1.065395108465803	0.466821446042537	True	0.8422815355570126	64833	2308	62525	True	two	0.898350810062128	1.263500543918207	
AMR	Admixed American	Skin_changes_due_to_chronic_exposure_to_nonionizing_radiation	chr8-7301025-INV-5297356	-0.09135926182106	0.912689757407898	0.459779027696662	True	0.8422815355570126	61037	1064	59973	True	two	0.71621622410551	1.163060211764449	
AMR	Admixed American	Skin_changes_due_to_solar_radiation	chr8-7301025-INV-5297356	-0.103378446130806	0.9017856316127352	0.360503738476537	True	0.8188105359599952	61239	1266	59973	True	two	0.722409878324899	1.125700727222669	
AMR	Admixed American	Uninodular_goiter_single_thyroid_nodule	chr8-7301025-INV-5297356	-0.211690308938228	0.809215265499946	0.030621759744678	True	0.4562120742810185	60181	1706	58475	True	two	0.6676482420826291	0.9807999252353412	
AMR	Admixed American	Urinary_incontinence_and_enuresis	chr8-7301025-INV-5297356	0.022659335464568	1.022918008296389	0.7277494545187411	True	0.9345179402369918	70513	4051	66462	True	two	0.9675204611125632	1.035832116133997	
AMR	Admixed American	Viral_infections	chr8-7301025-INV-5297356	0.066858565955442	1.069144254084664	0.06352815100333	True	0.5014133327509344	70513	15783	54730	True	two	0.9962738423134012	1.147344623028528	
EAS	East Asian	Abnormal_Papanicolaou_smear	chr10-79542902-INV-674513	-0.5145133755047501	0.597791423800067	0.307585562246849	True	0.9680330620805496	9609	221	9388	True	one	0.0	0.6525967571030911	
EAS	East Asian	Abnormal_cytological_findings_in_specimens_from_genital_organs	chr10-79542902-INV-674513	-0.301736704618409	0.739532754816806	0.464120079788025	True	0.9680330620805496	9695	307	9388	True	two	0.698441525341799	1.25750362130261	
EAS	East Asian	Abnormal_mammogram	chr10-79542902-INV-674513	0.315013030875569	1.370277166751913	0.400916093051701	True	0.9680330620805496	8635	356	8279	True	one	1.35033770396291	inf	
EAS	East Asian	Acne	chr10-79542902-INV-674513	-0.00035693290797	0.9996431307850012	0.999143360799542	True	0.999143360799542	8688	434	8254	True	two	0.763043385911073	1.271181391248104	
EAS	East Asian	Aphagia_and_dysphagia	chr10-79542902-INV-674513	0.222505658621329	1.249202888396762	0.5709679996169681	True	0.9859210717648742	9695	283	9412	True	two	0.7555094045032771	1.359863142586603	
EAS	East Asian	Benign_neoplasm_of_the_skin	chr10-79542902-INV-674513	0.323193768999198	1.3815330232427652	0.209800790252213	True	0.9680330620805496	8992	713	8279	True	two	0.8441114017858431	2.261115642167961	
EAS	East Asian	Benign_sarcoma_related_cancers	chr10-79542902-INV-674513	0.9164328368890312	2.500355287780681	0.002662660438113	True	0.119819719715085	8689	410	8279	True	two	1.429783414947736	4.372533979463832	
EAS	East Asian	Conjunctivitis	chr10-79542902-INV-674513	0.266930187693688	1.305949271817547	0.383069067976745	True	0.9680330620805496	9164	455	8709	True	two	0.7267600805570511	2.346721491986103	
EAS	East Asian	Disorder_of_nervous_system	chr10-79542902-INV-674513	-0.664409646733909	0.5145772203975431	0.339639887845272	True	0.9680330620805496	9305	127	9178	True	one	0.0	0.560390291918303	
EAS	East Asian	Epidermal_thickening	chr10-79542902-INV-674513	-0.070379100288351	0.9320404161319332	0.8536050235610311	True	0.9859210717648742	8587	333	8254	True	two	0.725516274556192	1.295776478881144	
EAS	East Asian	Goiter	chr10-79542902-INV-674513	-0.12618928482375	0.8814479862651061	0.7251963329101	True	0.9859210717648742	8981	398	8583	True	two	0.7382250452864351	1.263059615409815	
EAS	East Asian	Hearing_impairment	chr10-79542902-INV-674513	0.347364489522309	1.415332505235283	0.268801668194586	True	0.9680330620805496	9161	452	8709	True	one	1.291005950317702	inf	
EAS	East Asian	Hypertrophic_conditions_of_skin	chr10-79542902-INV-674513	-0.023860291997399	0.9764221142125612	0.95058544422554	True	0.9859210717648742	8582	328	8254	True	two	0.728492600011668	1.307273716545753	
EAS	East Asian	Inflammation_of_the_eye	chr10-79542902-INV-674513	0.047909863341085	1.049076090848895	0.859012952465349	True	0.9859210717648742	9375	666	8709	True	two	0.811408441145508	1.227430680240626	
EAS	East Asian	Lump_or_mass_in_breast_or_nonspecific_abnormal_breast_exam	chr10-79542902-INV-674513	0.394176784621107	1.483162725860154	0.130219078200177	True	0.9680330620805496	9065	786	8279	True	two	0.8998294210203801	2.444654086645052	
EAS	East Asian	Melanocytic_nevi	chr10-79542902-INV-674513	0.141750954236992	1.152289639946765	0.661646008214616	True	0.9859210717648742	8742	463	8279	True	two	0.7918470378461321	1.283204842776424	
EAS	East Asian	Migraine	chr10-79542902-INV-674513	-0.3338149119497	0.7161863274915641	0.362305430575052	True	0.9680330620805496	9560	382	9178	True	one	0.0	0.7285657579201881	
EAS	East Asian	Morbid_obesity	chr10-79542902-INV-674513	0.176704509926214	1.193278439092807	0.720374350193636	True	0.9859210717648742	8755	172	8583	True	two	0.6737852396254781	1.459987645524485	
EAS	East Asian	Multinodular_goiter	chr10-79542902-INV-674513	0.20122968632648	1.222905624268579	0.698062045480743	True	0.9859210717648742	8750	167	8583	True	two	0.6688190209547451	1.477176215309663	
EAS	East Asian	Other_follicular_disorders	chr10-79542902-INV-674513	-0.352636308214834	0.702832761402096	0.197549213125065	True	0.9680330620805496	9019	765	8254	True	two	0.403988155993622	1.222743496737299	
EAS	East Asian	Other_skin_and_subcutaneous_disorders	chr10-79542902-INV-674513	0.065349018272128	1.067531547387855	0.831613704923003	True	0.9859210717648742	8762	508	8254	True	two	0.788848556023474	1.26111846086979	
EAS	East Asian	Pain_in_shoulder	chr10-79542902-INV-674513	0.178280758834754	1.195160826095498	0.474898623812997	True	0.9680330620805496	9639	799	8840	True	two	0.852468616221232	1.222749836013077	
EAS	East Asian	Pure_hypercholesterolemia	chr10-79542902-INV-674513	-0.042701431021695	0.958197435392074	0.8765320160854381	True	0.9859210717648742	9283	700	8583	True	two	0.798398952998113	1.215690758103784	
EAS	East Asian	Scar_conditions_and_fibrosis_of_skin	chr10-79542902-INV-674513	-0.282112108261384	0.754189128961485	0.6327786197042461	True	0.9859210717648742	8404	150	8254	True	two	0.5970780105433651	1.408682174031673	
EAS	East Asian	Sensorineural_hearing_loss	chr10-79542902-INV-674513	0.408077302246063	1.503923413334535	0.311418315117827	True	0.9680330620805496	8970	261	8709	True	one	1.388716086054619	inf	
EAS	East Asian	Skin_changes_due_to_chronic_exposure_to_nonionizing_radiation	chr10-79542902-INV-674513	0.509369505324061	1.664241568640255	0.411224469869285	True	0.9680330620805496	8354	100	8254	True	one	1.6212184960258842	inf	
EAS	East Asian	Skin_changes_due_to_solar_radiation	chr10-79542902-INV-674513	0.383989051091258	1.468129367179529	0.500101366384012	True	0.9680330620805496	8382	128	8254	True	two	0.6662029665680861	1.547569015920248	
EAS	East Asian	Uninodular_goiter_single_thyroid_nodule	chr10-79542902-INV-674513	0.111342415191437	1.117777585359127	0.789631473355323	True	0.9859210717648742	8841	258	8583	True	two	0.7189348412105001	1.370882332871509	
EAS	East Asian	Urinary_incontinence_and_enuresis	chr10-79542902-INV-674513	0.291325728189875	1.338200402561794	0.457312497664107	True	0.9680330620805496	9695	273	9422	True	two	0.768997087235425	1.3726550902527062	
EAS	East Asian	Viral_infections	chr10-79542902-INV-674513	-0.155262937359089	0.8561900235405501	0.417705780705557	True	0.9680330620805496	9695	1613	8082	True	two	0.853127670514872	1.113277761735556	
EAS	East Asian	Abnormal_Papanicolaou_smear	chr12-46897663-INV-16289	-1.048965709789916	0.350299873537792	0.395886815871081	True	0.9680330620805496	9609	221	9388	True	one	0.0	0.5601713332504811	
EAS	East Asian	Abnormal_cytological_findings_in_specimens_from_genital_organs	chr12-46897663-INV-16289	-1.549687444357517	0.212314323497009	0.181896073126923	True	0.9680330620805496	9695	307	9388	True	two	0.013988693520216	3.222414723494253	
EAS	East Asian	Abnormal_mammogram	chr12-46897663-INV-16289	0.92059652652211	2.510787694752187	0.326618770589821	True	0.9680330620805496	8635	356	8279	True	one	1.5043404920809391	inf	
EAS	East Asian	Acne	chr12-46897663-INV-16289	0.195050228081385	1.215372030761925	0.768753695083074	True	0.9859210717648742	8688	434	8254	True	two	0.69073220798429	1.431187293272301	
EAS	East Asian	Aphagia_and_dysphagia	chr12-46897663-INV-16289	0.108462601551459	1.114563224823483	0.9135337954897852	True	0.9859210717648742	9695	283	9412	True	two	0.6118882728217251	1.54233183940371	
EAS	East Asian	Benign_neoplasm_of_the_skin	chr12-46897663-INV-16289	0.513198520697377	1.670626190799088	0.382675874062261	True	0.9680330620805496	8992	713	8279	True	one	1.33747182649468	inf	
EAS	East Asian	Benign_sarcoma_related_cancers	chr12-46897663-INV-16289	0.336885351920128	1.40057848089991	0.694843544195059	True	0.9859210717648742	8689	410	8279	True	two	0.6778527866924561	1.462496049578253	
EAS	East Asian	Conjunctivitis	chr12-46897663-INV-16289	0.325212426870194	1.384324682508654	0.6281988602957791	True	0.9859210717648742	9164	455	8709	True	two	0.70771583648988	1.425152309514001	
EAS	East Asian	Disorder_of_nervous_system	chr12-46897663-INV-16289	-0.434265504007063	0.64774025501971	0.417012932793355	True	0.9680330620805496	9305	127	9178	True	two	0.370615713059757	1.733961717451224	
EAS	East Asian	Epidermal_thickening	chr12-46897663-INV-16289	0.300760347850987	1.350885560114556	0.72116823556163	True	0.9859210717648742	8587	333	8254	True	two	0.6535845021814031	1.5025690591442622	
EAS	East Asian	Goiter	chr12-46897663-INV-16289	0.794688397320616	2.213751078551905	0.314008649380655	True	0.9680330620805496	8981	398	8583	True	one	1.448129697198541	inf	
EAS	East Asian	Hearing_impairment	chr12-46897663-INV-16289	0.491688382559751	1.635074522072503	0.53036247905084	True	0.9859210717648742	9161	452	8709	True	one	1.441439860855227	inf	
EAS	East Asian	Hypertrophic_conditions_of_skin	chr12-46897663-INV-16289	0.5607691064471331	1.752019471718703	0.462354794760295	True	0.9680330620805496	8582	328	8254	True	one	1.500381689064707	inf	
EAS	East Asian	Inflammation_of_the_eye	chr12-46897663-INV-16289	-0.085556148768966	0.9180015969474692	0.893566368824071	True	0.9859210717648742	9375	666	8709	True	two	0.7212570024906481	1.334327511680306	
EAS	East Asian	Lump_or_mass_in_breast_or_nonspecific_abnormal_breast_exam	chr12-46897663-INV-16289	0.383129308759648	1.46686769664778	0.5641273703820621	True	0.9859210717648742	9065	786	8279	True	one	1.356196193975304	inf	
EAS	East Asian	Melanocytic_nevi	chr12-46897663-INV-16289	0.904097338103146	2.46970161105918	0.168227303366353	True	0.9680330620805496	8742	463	8279	True	one	1.371245122542627	inf	
EAS	East Asian	Migraine	chr12-46897663-INV-16289	1.191223000387732	3.291103768269628	0.038731856368533	True	0.9680330620805496	9560	382	9178	True	two	1.167325749795786	9.2787844484827	
EAS	East Asian	Morbid_obesity	chr12-46897663-INV-16289	-0.387689830963874	0.678622798403356	0.6868452175203961	True	0.9859210717648742	8755	172	8583	True	two	0.514921940851915	1.613567334264765	
EAS	East Asian	Multinodular_goiter	chr12-46897663-INV-16289	1.235215520269983	3.439119640832548	0.301221626447794	True	0.9680330620805496	8750	167	8583	True	one	1.723148065100379	inf	
EAS	East Asian	Other_follicular_disorders	chr12-46897663-INV-16289	-0.088210616070056	0.91556802307611	0.879165277658658	True	0.9859210717648742	9019	765	8254	True	two	0.7385484101720751	1.306823402145812	
EAS	East Asian	Other_skin_and_subcutaneous_disorders	chr12-46897663-INV-16289	0.346195787958383	1.413679370121898	0.6061995296147711	True	0.9859210717648742	8762	508	8254	True	one	1.404949476794987	inf	
EAS	East Asian	Pain_in_shoulder	chr12-46897663-INV-16289	0.151592479737571	1.163685914201577	0.803932429094341	True	0.9859210717648742	9639	799	8840	True	two	0.7506210603270791	1.325770019132974	
EAS	East Asian	Pure_hypercholesterolemia	chr12-46897663-INV-16289	0.416644573554888	1.516863283787935	0.520798950239573	True	0.9859210717648742	9283	700	8583	True	one	1.358951931220321	inf	
EAS	East Asian	Scar_conditions_and_fibrosis_of_skin	chr12-46897663-INV-16289	0.7512291106238821	2.1196036435688512	0.487143714397158	True	0.9680330620805496	8404	150	8254	True	one	1.771374090337646	inf	
EAS	East Asian	Sensorineural_hearing_loss	chr12-46897663-INV-16289	0.844211811111904	2.3261436512535862	0.375753259814501	True	0.9680330620805496	8970	261	8709	True	one	1.585607356556548	inf	
EAS	East Asian	Skin_changes_due_to_chronic_exposure_to_nonionizing_radiation	chr12-46897663-INV-16289	-0.213430719872266	0.8078081232619381	0.457354422261546	True	0.9680330620805496	8354	100	8254	True	two	0.438242028632789	2.5110836644669963	
EAS	East Asian	Skin_changes_due_to_solar_radiation	chr12-46897663-INV-16289	-0.474778936013746	0.622022548051253	0.410964429206026	True	0.9680330620805496	8382	128	8254	True	two	0.357187706757611	1.66455040781274	
EAS	East Asian	Uninodular_goiter_single_thyroid_nodule	chr12-46897663-INV-16289	-0.394971939774006	0.6736989431282381	0.7651749493805271	True	0.9859210717648742	8841	258	8583	True	two	0.578962741669084	1.5540605641747192	
EAS	East Asian	Urinary_incontinence_and_enuresis	chr12-46897663-INV-16289	1.099209141821687	3.001791093917588	0.176725981069225	True	0.9680330620805496	9695	273	9422	True	one	1.501174796056947	inf	
EAS	East Asian	Viral_infections	chr12-46897663-INV-16289	-0.140627304951018	0.8688130536890021	0.748575707026439	True	0.9859210717648742	9695	1613	8082	True	two	0.802450972724813	1.213555880941936	
EAS	East Asian	Abnormal_Papanicolaou_smear	chr17-45585160-INV-706887	-0.327032801192556	0.7210600910078121	0.7005245866155031	True	0.9859210717648742	9609	221	9388	True	two	0.68110460093708	1.348838755323699	
EAS	East Asian	Abnormal_cytological_findings_in_specimens_from_genital_organs	chr17-45585160-INV-706887	-0.544133088223366	0.5803446729593791	0.46973684344092	True	0.9680330620805496	9695	307	9388	True	one	0.0	0.7262148268208111	
EAS	East Asian	Abnormal_mammogram	chr17-45585160-INV-706887	0.48716987650548	1.6277030944074031	0.494568811963054	True	0.9680330620805496	8635	356	8279	True	one	1.311406723587418	inf	
EAS	East Asian	Acne	chr17-45585160-INV-706887	0.065834913463839	1.068050381873114	0.910618738427427	True	0.9859210717648742	8688	434	8254	True	two	0.773587939207648	1.264645509161176	
EAS	East Asian	Aphagia_and_dysphagia	chr17-45585160-INV-706887	-1.82652695855842	0.160971659320404	0.057493067534548	True	0.9680330620805496	9695	283	9412	True	two	0.01970946736145	1.314691799081521	
EAS	East Asian	Benign_neoplasm_of_the_skin	chr17-45585160-INV-706887	0.506080445193845	1.658776770001929	0.273482888745347	True	0.9680330620805496	8992	713	8279	True	one	1.197065283806642	inf	
EAS	East Asian	Benign_sarcoma_related_cancers	chr17-45585160-INV-706887	0.341756393251115	1.407417399372662	0.6120098336375991	True	0.9859210717648742	8689	410	8279	True	one	1.279501436823079	inf	
EAS	East Asian	Conjunctivitis	chr17-45585160-INV-706887	-0.312305070189516	0.7317582565432721	0.6018188066137421	True	0.9859210717648742	9164	455	8709	True	one	0.0	0.770539879413582	
EAS	East Asian	Disorder_of_nervous_system	chr17-45585160-INV-706887	0.801394198785899	2.22864593895089	0.472841087598822	True	0.9680330620805496	9305	127	9178	True	one	1.4946740865047792	inf	
EAS	East Asian	Epidermal_thickening	chr17-45585160-INV-706887	-0.088617862481227	0.915195237197537	0.907003484713897	True	0.9859210717648742	8587	333	8254	True	two	0.73794923692026	1.296514361693933	
EAS	East Asian	Goiter	chr17-45585160-INV-706887	-1.325651848806116	0.265629752205865	0.108233174566345	True	0.9680330620805496	8981	398	8583	True	two	0.046104904729935	1.530404751300481	
EAS	East Asian	Hearing_impairment	chr17-45585160-INV-706887	-0.218063404675221	0.8040744579704121	0.7405125051915771	True	0.9859210717648742	9161	452	8709	True	two	0.76626978532317	1.251252442843587	
EAS	East Asian	Hypertrophic_conditions_of_skin	chr17-45585160-INV-706887	0.216330777949152	1.241512976204793	0.7560667427399971	True	0.9859210717648742	8582	328	8254	True	two	0.751138578934699	1.306065866481413	
EAS	East Asian	Inflammation_of_the_eye	chr17-45585160-INV-706887	-0.447981495967158	0.638916506454553	0.390808600313552	True	0.9680330620805496	9375	666	8709	True	one	0.0	0.810290762641637	
EAS	East Asian	Lump_or_mass_in_breast_or_nonspecific_abnormal_breast_exam	chr17-45585160-INV-706887	0.6214089893025131	1.8615490976576248	0.216713017039009	True	0.9680330620805496	9065	786	8279	True	one	1.193597924853265	inf	
EAS	East Asian	Melanocytic_nevi	chr17-45585160-INV-706887	1.070881839364419	2.917951530274403	0.043562307481154	True	0.9680330620805496	8742	463	8279	True	two	1.072224868699488	7.940909954231872	
EAS	East Asian	Migraine	chr17-45585160-INV-706887	-0.451738668989186	0.6365204905349421	0.433148184253883	True	0.9680330620805496	9560	382	9178	True	one	0.0	0.755325729881086	
EAS	East Asian	Morbid_obesity	chr17-45585160-INV-706887	-0.056986068771641	0.944607228813873	0.932881108972698	True	0.9859210717648742	8755	172	8583	True	two	0.658928069180018	1.401537322674023	
EAS	East Asian	Multinodular_goiter	chr17-45585160-INV-706887	-1.803082770569605	0.164790094324157	0.163512315434009	True	0.9680330620805496	8750	167	8583	True	one	0.0	0.693299800045162	
EAS	East Asian	Other_follicular_disorders	chr17-45585160-INV-706887	0.179300249638855	1.196379902880322	0.6977973158828691	True	0.9859210717648742	9019	765	8254	True	two	0.832302171368905	1.202026526925854	
EAS	East Asian	Other_skin_and_subcutaneous_disorders	chr17-45585160-INV-706887	0.094455077376811	1.099059789375219	0.873087875097541	True	0.9859210717648742	8762	508	8254	True	two	0.7887894306577781	1.247194284271833	
EAS	East Asian	Pain_in_shoulder	chr17-45585160-INV-706887	0.050928301491708	1.052247446006275	0.9143793159359552	True	0.9859210717648742	9639	799	8840	True	two	0.824755067239723	1.200383159748063	
EAS	East Asian	Pure_hypercholesterolemia	chr17-45585160-INV-706887	-0.63309369297036	0.5309466715708551	0.241211257223972	True	0.9680330620805496	9283	700	8583	True	one	0.0	0.8210122278949261	
EAS	East Asian	Scar_conditions_and_fibrosis_of_skin	chr17-45585160-INV-706887	-0.831029789142369	0.43560047862925	0.470765182956977	True	0.9680330620805496	8404	150	8254	True	one	0.0	0.62946275229876	
EAS	East Asian	Sensorineural_hearing_loss	chr17-45585160-INV-706887	0.26830680909724	1.307748307548521	0.7149513092393001	True	0.9859210717648742	8970	261	8709	True	two	0.7247461575936961	1.355549090744357	
EAS	East Asian	Skin_changes_due_to_chronic_exposure_to_nonionizing_radiation	chr17-45585160-INV-706887	0.8834156995962	2.419148695585303	0.492659055080516	True	0.9680330620805496	8354	100	8254	True	one	1.562986173337058	inf	
EAS	East Asian	Skin_changes_due_to_solar_radiation	chr17-45585160-INV-706887	0.657247958186429	1.929475025081964	0.592040932109224	True	0.9859210717648742	8382	128	8254	True	one	1.501254484590973	inf	
EAS	East Asian	Uninodular_goiter_single_thyroid_nodule	chr17-45585160-INV-706887	-1.5678243349009242	0.208498311749466	0.12917184266877	True	0.9680330620805496	8841	258	8583	True	two	0.022343892331133	1.945567287835746	
EAS	East Asian	Urinary_incontinence_and_enuresis	chr17-45585160-INV-706887	-0.37819284303034	0.6850983714801451	0.6255511442661921	True	0.9859210717648742	9695	273	9422	True	one	0.0	0.7104022068079401	
EAS	East Asian	Viral_infections	chr17-45585160-INV-706887	-0.213744110570837	0.807555003374658	0.5442013899233711	True	0.9859210717648742	9695	1613	8082	True	two	0.402391867626164	1.620671628685373	
EAS	East Asian	Abnormal_Papanicolaou_smear	chr4-33098029-INV-7075	-5.745735170088962	0.003196383801884	0.375826153022653	True	0.9680330620805496	9609	221	9388	True	two	0.001634527043974	0.007292914642539	
EAS	East Asian	Abnormal_cytological_findings_in_specimens_from_genital_organs	chr4-33098029-INV-7075	-5.736592309973602	0.003225741895825	0.344325659086642	True	0.9680330620805496	9695	307	9388	True	two	0.001865839627618	0.006136796851084	
EAS	East Asian	Abnormal_mammogram	chr4-33098029-INV-7075	-1.302806350371822	0.271768045508122	0.409587328558732	True	0.9680330620805496	8635	356	8279	True	two	0.184363625567652	0.389694007494585	
EAS	East Asian	Acne	chr4-33098029-INV-7075	-1.6724790912941612	0.187780961972659	0.545529119474361	True	0.9859210717648742	8688	434	8254	True	two	0.105139869080711	0.402032889921579	
EAS	East Asian	Aphagia_and_dysphagia	chr4-33098029-INV-7075	-8.59396966273985	0.000185219367934	0.276193335349267	True	0.9680330620805496	9695	283	9412	True	two	0.000111590683668	0.000324036240956	
EAS	East Asian	Benign_neoplasm_of_the_skin	chr4-33098029-INV-7075	-1.184537668382516	0.305887568306158	0.485889078065195	True	0.9680330620805496	8992	713	8279	True	two	0.222728248277026	0.417550382965309	
EAS	East Asian	Benign_sarcoma_related_cancers	chr4-33098029-INV-7075	-4.57121837689984	0.010345347503539	0.307872062028944	True	0.9680330620805496	8689	410	8279	True	two	0.005973939470563	0.021329518698469	
EAS	East Asian	Conjunctivitis	chr4-33098029-INV-7075	-0.63821313861668	0.528235464803929	0.5946822913199741	True	0.9859210717648742	9164	455	8709	True	two	0.330516846958378	0.825058946355893	
EAS	East Asian	Disorder_of_nervous_system	chr4-33098029-INV-7075	1.040026939466388	2.8292932329748632	0.473253766480769	True	0.9680330620805496	9305	127	9178	True	two	1.545887568242366	4.583502239244606	
EAS	East Asian	Epidermal_thickening	chr4-33098029-INV-7075	2.379726012015727	10.801942855897142	0.7285674960185301	True	0.9859210717648742	8587	333	8254	False	two			
EAS	East Asian	Goiter	chr4-33098029-INV-7075	1.100713090110672	3.006309029015979	0.8925881002448841	True	0.9859210717648742	8981	398	8583	True	two	2.394862779008676	3.770502258889759	
EAS	East Asian	Hearing_impairment	chr4-33098029-INV-7075	0.232916308543351	1.262275833203311	0.653916924673095	True	0.9859210717648742	9161	452	8709	True	two	0.88397099965234	1.75482953375436	
EAS	East Asian	Hypertrophic_conditions_of_skin	chr4-33098029-INV-7075	-5.848997637509998	0.002882787308224	0.28852939936383	True	0.9680330620805496	8582	328	8254	True	two	0.001789015814999	0.004950061997651	
EAS	East Asian	Inflammation_of_the_eye	chr4-33098029-INV-7075	-2.410375069135606	0.089781613944025	0.369806388821237	True	0.9680330620805496	9375	666	8709	True	two	0.060372444175958	0.139268808287004	
EAS	East Asian	Lump_or_mass_in_breast_or_nonspecific_abnormal_breast_exam	chr4-33098029-INV-7075	-4.58653957949397	0.01018805239061	0.154590405148871	True	0.9680330620805496	9065	786	8279	True	two	0.006955908348558	0.015841207148105	
EAS	East Asian	Melanocytic_nevi	chr4-33098029-INV-7075	-5.886700958048572	0.00277612014313	0.252397750548466	True	0.9680330620805496	8742	463	8279	True	two	0.001826766143879	0.004452242254665	
EAS	East Asian	Migraine	chr4-33098029-INV-7075	1.055792299034261	2.874251518703941	0.8749392033979371	True	0.9859210717648742	9560	382	9178	True	two	2.269839639222047	3.632942661187558	
EAS	East Asian	Morbid_obesity	chr4-33098029-INV-7075	-8.713364306465504	0.000164374317609	0.269414186240898	True	0.9680330620805496	8755	172	8583	True	two	8.202970805467041e-05	0.000362982340429	
EAS	East Asian	Multinodular_goiter	chr4-33098029-INV-7075	2.707595303730971	14.993178091183252	0.947931259273132	True	0.9859210717648742	8750	167	8583	False	two			
EAS	East Asian	Other_follicular_disorders	chr4-33098029-INV-7075	-0.7684076968193511	0.463750912772727	0.7847902732487471	True	0.9859210717648742	9019	765	8254	True	one	0.0	0.757278150089697	
EAS	East Asian	Other_skin_and_subcutaneous_disorders	chr4-33098029-INV-7075	1.860353530205721	6.426008157889642	0.757568137267233	True	0.9859210717648742	8762	508	8254	False	two			
EAS	East Asian	Pain_in_shoulder	chr4-33098029-INV-7075	-4.706758246696301	0.009034016216527	0.213542537085183	True	0.9680330620805496	9639	799	8840	True	two	0.006497700008204	0.013038214507133	
EAS	East Asian	Pure_hypercholesterolemia	chr4-33098029-INV-7075	-0.222097859940287	0.8008369906398151	0.9358858520147372	True	0.9859210717648742	9283	700	8583	True	two	0.7395237059901201	1.3208175911188111	
EAS	East Asian	Scar_conditions_and_fibrosis_of_skin	chr4-33098029-INV-7075	-11.717842177333193	8.14715169287031e-06	0.270733180349967	True	0.9680330620805496	8404	150	8254	True	two	4.00741558519641e-06	1.8026351360451723e-05	
EAS	East Asian	Sensorineural_hearing_loss	chr4-33098029-INV-7075	1.3390685621094311	3.815487959681753	0.6855570673770871	True	0.9859210717648742	8970	261	8709	True	two	2.8837176333565733	5.036165310703222	
EAS	East Asian	Skin_changes_due_to_chronic_exposure_to_nonionizing_radiation	chr4-33098029-INV-7075	2.722277173483199	15.214929861054507	0.956023681306537	True	0.9859210717648742	8354	100	8254	False	two			
EAS	East Asian	Skin_changes_due_to_solar_radiation	chr4-33098029-INV-7075	2.6609748401533637	14.310232490519986	0.8729209396502531	True	0.9859210717648742	8382	128	8254	False	two			
EAS	East Asian	Uninodular_goiter_single_thyroid_nodule	chr4-33098029-INV-7075	1.716063311428306	5.562587131326116	0.97501601297303	True	0.9971754678133262	8841	258	8583	False	two			
EAS	East Asian	Urinary_incontinence_and_enuresis	chr4-33098029-INV-7075	1.052500003465329	2.864804193392007	0.923409106697132	True	0.9859210717648742	9695	273	9422	True	two	2.193920754597199	3.722437816491712	
EAS	East Asian	Viral_infections	chr4-33098029-INV-7075	-1.223184907854871	0.294291381811979	0.588437789274708	True	0.9859210717648742	9695	1613	8082	True	two	0.002959539870254	29.263811675345384	
EAS	East Asian	Abnormal_Papanicolaou_smear	chr6-141867315-INV-29159						9609	221	9388					target_dropped_in_pruning
EAS	East Asian	Abnormal_cytological_findings_in_specimens_from_genital_organs	chr6-141867315-INV-29159						9695	307	9388					target_dropped_in_pruning
EAS	East Asian	Abnormal_mammogram	chr6-141867315-INV-29159						8635	356	8279					target_dropped_in_pruning
EAS	East Asian	Acne	chr6-141867315-INV-29159						8688	434	8254					target_dropped_in_pruning
EAS	East Asian	Aphagia_and_dysphagia	chr6-141867315-INV-29159						9695	283	9412					target_dropped_in_pruning
EAS	East Asian	Benign_neoplasm_of_the_skin	chr6-141867315-INV-29159						8992	713	8279					target_dropped_in_pruning
EAS	East Asian	Benign_sarcoma_related_cancers	chr6-141867315-INV-29159						8689	410	8279					target_dropped_in_pruning
EAS	East Asian	Conjunctivitis	chr6-141867315-INV-29159						9164	455	8709					target_dropped_in_pruning
EAS	East Asian	Disorder_of_nervous_system	chr6-141867315-INV-29159						9305	127	9178					target_dropped_in_pruning
EAS	East Asian	Epidermal_thickening	chr6-141867315-INV-29159						8587	333	8254					target_dropped_in_pruning
EAS	East Asian	Goiter	chr6-141867315-INV-29159						8981	398	8583					target_dropped_in_pruning
EAS	East Asian	Hearing_impairment	chr6-141867315-INV-29159						9161	452	8709					target_dropped_in_pruning
EAS	East Asian	Hypertrophic_conditions_of_skin	chr6-141867315-INV-29159						8582	328	8254					target_dropped_in_pruning
EAS	East Asian	Inflammation_of_the_eye	chr6-141867315-INV-29159						9375	666	8709					target_dropped_in_pruning
EAS	East Asian	Lump_or_mass_in_breast_or_nonspecific_abnormal_breast_exam	chr6-141867315-INV-29159						9065	786	8279					target_dropped_in_pruning
EAS	East Asian	Melanocytic_nevi	chr6-141867315-INV-29159						8742	463	8279					target_dropped_in_pruning
EAS	East Asian	Migraine	chr6-141867315-INV-29159						9560	382	9178					target_dropped_in_pruning
EAS	East Asian	Morbid_obesity	chr6-141867315-INV-29159						8755	172	8583					target_dropped_in_pruning
EAS	East Asian	Multinodular_goiter	chr6-141867315-INV-29159						8750	167	8583					target_dropped_in_pruning
EAS	East Asian	Other_follicular_disorders	chr6-141867315-INV-29159						9019	765	8254					target_dropped_in_pruning
EAS	East Asian	Other_skin_and_subcutaneous_disorders	chr6-141867315-INV-29159						8762	508	8254					target_dropped_in_pruning
EAS	East Asian	Pain_in_shoulder	chr6-141867315-INV-29159						9639	799	8840					target_dropped_in_pruning
EAS	East Asian	Pure_hypercholesterolemia	chr6-141867315-INV-29159						9283	700	8583					target_dropped_in_pruning
EAS	East Asian	Scar_conditions_and_fibrosis_of_skin	chr6-141867315-INV-29159						8404	150	8254					target_dropped_in_pruning
EAS	East Asian	Sensorineural_hearing_loss	chr6-141867315-INV-29159						8970	261	8709					target_dropped_in_pruning
EAS	East Asian	Skin_changes_due_to_chronic_exposure_to_nonionizing_radiation	chr6-141867315-INV-29159						8354	100	8254					target_dropped_in_pruning
EAS	East Asian	Skin_changes_due_to_solar_radiation	chr6-141867315-INV-29159						8382	128	8254					target_dropped_in_pruning
EAS	East Asian	Uninodular_goiter_single_thyroid_nodule	chr6-141867315-INV-29159						8841	258	8583					target_dropped_in_pruning
EAS	East Asian	Urinary_incontinence_and_enuresis	chr6-141867315-INV-29159						9695	273	9422					target_dropped_in_pruning
EAS	East Asian	Viral_infections	chr6-141867315-INV-29159						9695	1613	8082					target_dropped_in_pruning
EAS	East Asian	Abnormal_Papanicolaou_smear	chr6-167181003-INV-209976	-0.356155797722445	0.7003634966972041	0.8712486031209681	True	0.9859210717648742	9609	221	9388	True	two	0.6822288971317101	1.377489059531117	
EAS	East Asian	Abnormal_cytological_findings_in_specimens_from_genital_organs	chr6-167181003-INV-209976	0.562323070721071	1.75474416387383	0.7652820237180881	True	0.9859210717648742	9695	307	9388	True	one	1.3240707636854832	inf	
EAS	East Asian	Abnormal_mammogram	chr6-167181003-INV-209976	0.007214593229488	1.007240681107293	0.997112695017272	True	0.999143360799542	8635	356	8279	True	two	0.736446746846599	1.315975024237391	
EAS	East Asian	Acne	chr6-167181003-INV-209976	-1.248895988445569	0.286821276132565	0.458614455005078	True	0.9680330620805496	8688	434	8254	True	one	0.0	0.775648990964048	
EAS	East Asian	Aphagia_and_dysphagia	chr6-167181003-INV-209976	1.7400895645331231	5.697853725427857	0.382929105302503	True	0.9680330620805496	9695	283	9412	True	one	1.305462566943342	inf	
EAS	East Asian	Benign_neoplasm_of_the_skin	chr6-167181003-INV-209976	-2.446705336479735	0.086578363695762	0.078785129011747	True	0.9680330620805496	8992	713	8279	True	two	0.005439700513596	1.377982674138162	
EAS	East Asian	Benign_sarcoma_related_cancers	chr6-167181003-INV-209976	2.131244588746005	8.425346379996585	0.172472738034657	True	0.9680330620805496	8689	410	8279	True	one	1.213185968098581	inf	
EAS	East Asian	Conjunctivitis	chr6-167181003-INV-209976	1.67387078249221	5.332769890674227	0.245081231402211	True	0.9680330620805496	9164	455	8709	True	two	0.338545822667673	84.00172975933481	
EAS	East Asian	Disorder_of_nervous_system	chr6-167181003-INV-209976	0.769390887901768	2.158451114604637	0.7812534876601761	True	0.9859210717648742	9305	127	9178	True	one	1.502784396664652	inf	
EAS	East Asian	Epidermal_thickening	chr6-167181003-INV-209976	-0.6765824412241841	0.508351347656334	0.7272069885014211	True	0.9859210717648742	8587	333	8254	True	one	0.0	0.7384437130602871	
EAS	East Asian	Goiter	chr6-167181003-INV-209976	1.771434763579293	5.87928269356828	0.290087417341812	True	0.9680330620805496	8981	398	8583	True	two	0.23782713797078	145.34070958352214	
EAS	East Asian	Hearing_impairment	chr6-167181003-INV-209976	-0.324782004398954	0.722684878596051	0.8490417611169351	True	0.9859210717648742	9161	452	8709	True	one	0.0	0.767234296101378	
EAS	East Asian	Hypertrophic_conditions_of_skin	chr6-167181003-INV-209976	0.398573242799486	1.489697743696243	0.818878236028266	True	0.9859210717648742	8582	328	8254	True	one	1.306711296206605	inf	
EAS	East Asian	Inflammation_of_the_eye	chr6-167181003-INV-209976	1.801634449773338	6.059543394337124	0.150750301087733	True	0.9680330620805496	9375	666	8709	True	two	0.5450381490102271	67.36788280698069	
EAS	East Asian	Lump_or_mass_in_breast_or_nonspecific_abnormal_breast_exam	chr6-167181003-INV-209976	0.500626740834308	1.6497549155247442	0.716296129277009	True	0.9859210717648742	9065	786	8279	True	one	1.21730266180231	inf	
EAS	East Asian	Melanocytic_nevi	chr6-167181003-INV-209976	-1.5333661457618222	0.215808002097876	0.366339590221077	True	0.9680330620805496	8742	463	8279	True	two	0.007511017457589	6.200637135041828	
EAS	East Asian	Migraine	chr6-167181003-INV-209976	-2.115884004956235	0.120526696248752	0.245476181614272	True	0.9680330620805496	9560	382	9178	True	one	0.0	0.786956353352052	
EAS	East Asian	Morbid_obesity	chr6-167181003-INV-209976	-0.032607951069936	0.967917956412313	0.989660812834722	True	0.999143360799542	8755	172	8583	True	two	0.646728621230878	1.436747311309237	
EAS	East Asian	Multinodular_goiter	chr6-167181003-INV-209976	1.113882166260828	3.046161173569768	0.676149860208322	True	0.9859210717648742	8750	167	8583	True	one	1.443057600816131	inf	
EAS	East Asian	Other_follicular_disorders	chr6-167181003-INV-209976	-1.166782252418152	0.31136723221905	0.369218188533416	True	0.9680330620805496	9019	765	8254	True	one	0.0	0.831806748763479	
EAS	East Asian	Other_skin_and_subcutaneous_disorders	chr6-167181003-INV-209976	-0.281947295321868	0.7543134393324781	0.859426551838054	True	0.9859210717648742	8762	508	8254	True	one	0.0	0.7814483190433511	
EAS	East Asian	Pain_in_shoulder	chr6-167181003-INV-209976	0.7459005268443081	2.108339196403193	0.555507141151108	True	0.9859210717648742	9639	799	8840	True	two	0.179477145558442	24.76690919759817	
EAS	East Asian	Pure_hypercholesterolemia	chr6-167181003-INV-209976	0.079814729202643	1.083086384807076	0.953604015796278	True	0.9859210717648742	9283	700	8583	True	two	0.807174995636572	1.220628339308103	
EAS	East Asian	Scar_conditions_and_fibrosis_of_skin	chr6-167181003-INV-209976	-2.954415979683974	0.05210908445499	0.31495284953718	True	0.9680330620805496	8404	150	8254	True	two	0.000151429773168	17.931458430638838	
EAS	East Asian	Sensorineural_hearing_loss	chr6-167181003-INV-209976	-4.014192684397059	0.018057526790889	0.089943691424692	True	0.9680330620805496	8970	261	8709	True	two	0.013073113484382	0.025804648512156	
EAS	East Asian	Skin_changes_due_to_chronic_exposure_to_nonionizing_radiation	chr6-167181003-INV-209976	3.148317670263863	23.29683863031692	0.426267760674415	True	0.9680330620805496	8354	100	8254	False	two			
EAS	East Asian	Skin_changes_due_to_solar_radiation	chr6-167181003-INV-209976	0.639486485460532	1.895507258805142	0.9350628785111272	True	0.9859210717648742	8382	128	8254	True	two	1.139840432067561	3.401460797868998	
EAS	East Asian	Uninodular_goiter_single_thyroid_nodule	chr6-167181003-INV-209976	3.477619485161159	32.38254312506316	0.072572443576284	True	0.9680330620805496	8841	258	8583	True	two	0.875383111438488	1197.9087619401255	
EAS	East Asian	Urinary_incontinence_and_enuresis	chr6-167181003-INV-209976	-2.171023731631151	0.114060789483005	0.305892986445108	True	0.9680330620805496	9695	273	9422	True	one	0.0	0.739864128682266	
EAS	East Asian	Viral_infections	chr6-167181003-INV-209976	0.353359565532503	1.42384301627452	0.701599580924388	True	0.9859210717648742	9695	1613	8082	True	two	0.234675560165955	8.638858403321002	
EAS	East Asian	Abnormal_Papanicolaou_smear	chr8-7301025-INV-5297356	-0.065405869706292	0.936687213252489	0.8803844042227441	True	0.9859210717648742	9609	221	9388	True	two	0.8078746032852641	1.190765160876798	
EAS	East Asian	Abnormal_cytological_findings_in_specimens_from_genital_organs	chr8-7301025-INV-5297356	-0.031239637236718	0.969243278462958	0.9325998290564372	True	0.9859210717648742	9695	307	9388	True	two	0.836381323980935	1.165145275179004	
EAS	East Asian	Abnormal_mammogram	chr8-7301025-INV-5297356	-0.247913138764003	0.7804277292511731	0.493330836875988	True	0.9680330620805496	8635	356	8279	True	two	0.382967340558403	1.590390030899408	
EAS	East Asian	Acne	chr8-7301025-INV-5297356	-0.276545855207504	0.7583988417980541	0.372287727093949	True	0.9680330620805496	8688	434	8254	True	two	0.41166416644224	1.397179667619505	
EAS	East Asian	Aphagia_and_dysphagia	chr8-7301025-INV-5297356	-0.417572884748658	0.6586434850337121	0.278704651094428	True	0.9680330620805496	9695	283	9412	True	one	0.0	0.83651484472897	
EAS	East Asian	Benign_neoplasm_of_the_skin	chr8-7301025-INV-5297356	-0.16766085084659	0.8456405843447261	0.5001504154082841	True	0.9680330620805496	8992	713	8279	True	two	0.518658907606078	1.378763552315224	
EAS	East Asian	Benign_sarcoma_related_cancers	chr8-7301025-INV-5297356	0.056515937401757	1.058143478723579	0.861551755267957	True	0.9859210717648742	8689	410	8279	True	two	0.861981020961411	1.148055537057812	
EAS	East Asian	Conjunctivitis	chr8-7301025-INV-5297356	-0.198271879319653	0.8201468418577471	0.5093883008735011	True	0.9754244059279809	9164	455	8709	True	two	0.454062460823758	1.481383950985362	
EAS	East Asian	Disorder_of_nervous_system	chr8-7301025-INV-5297356	-0.780067805417315	0.458374929948081	0.181061863099493	True	0.9680330620805496	9305	127	9178	True	two	0.143457776474812	1.464595238877121	
EAS	East Asian	Epidermal_thickening	chr8-7301025-INV-5297356	-0.01828235063705	0.981883757711306	0.9585343753269612	True	0.9859210717648742	8587	333	8254	True	two	0.8445443385748641	1.157242009251815	
EAS	East Asian	Goiter	chr8-7301025-INV-5297356	-1.091140946953689	0.335833107275838	0.001346597897535	True	0.0807958738521	8981	398	8583	True	two	0.169889287771007	0.663866906632542	
EAS	East Asian	Hearing_impairment	chr8-7301025-INV-5297356	0.10598716996487	1.111807611884305	0.7323082893524521	True	0.9859210717648742	9161	452	8709	True	two	0.8717248198820301	1.14345038183757	
EAS	East Asian	Hypertrophic_conditions_of_skin	chr8-7301025-INV-5297356	-0.346380784196491	0.7072431288195351	0.332072332332275	True	0.9680330620805496	8582	328	8254	True	two	0.349479975690311	1.431248935720674	
EAS	East Asian	Inflammation_of_the_eye	chr8-7301025-INV-5297356	-0.189937299217495	0.8270109865537421	0.453523360416392	True	0.9680330620805496	9375	666	8709	True	two	0.502408034365669	1.361338046164274	
EAS	East Asian	Lump_or_mass_in_breast_or_nonspecific_abnormal_breast_exam	chr8-7301025-INV-5297356	-0.148726903158151	0.8618044388349201	0.5564255981784301	True	0.9859210717648742	9065	786	8279	True	two	0.524513875865046	1.415990929831311	
EAS	East Asian	Melanocytic_nevi	chr8-7301025-INV-5297356	0.072636763587205	1.075339863371065	0.808550005989997	True	0.9859210717648742	8742	463	8279	True	two	0.872583082325687	1.138299200351186	
EAS	East Asian	Migraine	chr8-7301025-INV-5297356	0.334969766554964	1.397898121307561	0.288007656381941	True	0.9680330620805496	9560	382	9178	True	two	0.7564977306516271	2.58311304631672	
EAS	East Asian	Morbid_obesity	chr8-7301025-INV-5297356	0.399505653252897	1.491087401209805	0.39024476012101	True	0.9680330620805496	8755	172	8583	True	one	1.213383686557031	inf	
EAS	East Asian	Multinodular_goiter	chr8-7301025-INV-5297356	-2.130052263391787	0.118831083174659	8.397620106207889e-05	True	0.0075578580955871	8750	167	8583	True	two	0.039306898952458	0.359245493915507	
EAS	East Asian	Other_follicular_disorders	chr8-7301025-INV-5297356	-0.052997288678017	0.948382583849359	0.8215037982005481	True	0.9859210717648742	9019	765	8254	True	two	0.8939617677613481	1.102923532402564	
EAS	East Asian	Other_skin_and_subcutaneous_disorders	chr8-7301025-INV-5297356	-0.251860469103165	0.777353195290699	0.386715776931414	True	0.9680330620805496	8762	508	8254	True	two	0.438258397240509	1.378816684479959	
EAS	East Asian	Pain_in_shoulder	chr8-7301025-INV-5297356	0.20258333972089	1.224562135536017	0.385099256951471	True	0.9680330620805496	9639	799	8840	True	two	0.7764123417995421	1.931386639621053	
EAS	East Asian	Pure_hypercholesterolemia	chr8-7301025-INV-5297356	-0.147494075428998	0.862867550426298	0.5650877025166691	True	0.9859210717648742	9283	700	8583	True	two	0.5214306199288941	1.427880107386506	
EAS	East Asian	Scar_conditions_and_fibrosis_of_skin	chr8-7301025-INV-5297356	0.064602544073553	1.066734959984526	0.8996141872634991	True	0.9859210717648742	8404	150	8254	True	two	0.778700543651001	1.232773984339375	
EAS	East Asian	Sensorineural_hearing_loss	chr8-7301025-INV-5297356	-0.000868043924593	0.9991323327165452	0.998307033024423	True	0.999143360799542	8970	261	8709	True	two	0.823348283345528	1.183409731819854	
EAS	East Asian	Skin_changes_due_to_chronic_exposure_to_nonionizing_radiation	chr8-7301025-INV-5297356	-0.9663746273851532	0.380459849587827	0.139918162120734	True	0.9680330620805496	8354	100	8254	True	one	0.0	0.7596171586993581	
EAS	East Asian	Skin_changes_due_to_solar_radiation	chr8-7301025-INV-5297356	-0.840433156441548	0.431523565728861	0.148812956248409	True	0.9680330620805496	8382	128	8254	True	two	0.13527474115721	1.376551055920651	
EAS	East Asian	Uninodular_goiter_single_thyroid_nodule	chr8-7301025-INV-5297356	-1.84110597048021	0.158641875816517	1.786194492633193e-05	True	0.0032151500867397	8841	258	8583	True	two	0.066274712250405	0.379741290576921	
EAS	East Asian	Urinary_incontinence_and_enuresis	chr8-7301025-INV-5297356	-0.364607912214736	0.6944688902727421	0.348511114224051	True	0.9680330620805496	9695	273	9422	True	two	0.322394824560975	1.49595155633597	
EAS	East Asian	Viral_infections	chr8-7301025-INV-5297356	0.041165994097036	1.042025061199396	0.8106600160789561	True	0.9859210717648742	9695	1613	8082	True	two	0.926864840179731	1.079813124922933	
EUR	European	Abnormal_Papanicolaou_smear	chr10-79542902-INV-674513	-0.044394614445423	0.956576404116726	0.389924478187838	True	0.6600682343179741	218461	6564	211897	True	two	0.940593525156987	1.036763012057545	
EUR	European	Abnormal_cytological_findings_in_specimens_from_genital_organs	chr10-79542902-INV-674513	-0.024192023728521	0.976098257734013	0.576847496986581	True	0.7863342195764447	221336	9439	211897	True	two	0.951530513181821	1.036354469637476	
EUR	European	Abnormal_mammogram	chr10-79542902-INV-674513	-0.037569974224789	0.963127021296154	0.36099682745805	True	0.6293193493753143	173257	11746	161511	True	two	0.952549899037362	1.028303157864803	
EUR	European	Acne	chr10-79542902-INV-674513	0.023806205396007	1.024091835187151	0.56987223426108	True	0.7850899397532964	169148	9907	159241	True	two	0.965429413999546	1.048070577101785	
EUR	European	Alopecia_Areata	chr10-79542902-INV-674513	0.103670394618454	1.10923478490099	0.549538448622481	True	0.7785956860465798	159761	520	159241	True	two	0.860661105937344	1.204799057173322	
EUR	European	Aphagia_and_dysphagia	chr10-79542902-INV-674513	-0.034373635949051	0.966210426236181	0.281146646442106	True	0.5791960304981982	221336	17972	203364	True	two	0.962764988237768	1.019348700482544	
EUR	European	Benign_neoplasm_of_the_skin	chr10-79542902-INV-674513	-0.015147875954239	0.984966276005298	0.5144623975326691	True	0.7705518819039208	200345	38834	161511	True	two	0.973655998425565	1.018594393578535	
EUR	European	Benign_sarcoma_related_cancers	chr10-79542902-INV-674513	-0.012229860382932	0.987844620420424	0.65994989651223	True	0.8477432017799363	187100	25589	161511	True	two	0.9694156872834492	1.024494567910473	
EUR	European	Conjunctivitis	chr10-79542902-INV-674513	-0.013676769585138	0.986416332499439	0.687167828060475	True	0.8597896979114157	192663	15604	177059	True	two	0.9628522296428872	1.030372399053208	
EUR	European	Diastolic_heart_failure	chr10-79542902-INV-674513	-0.06759550880005	0.934638450156182	0.197894817045313	True	0.4835354491956232	221336	6420	214916	True	two	0.8427528268084551	1.036542393833933	
EUR	European	Disorder_of_nervous_system	chr10-79542902-INV-674513	-0.057389569230917	0.944226156249858	0.262384613911769	True	0.5692178711301485	197211	6591	190620	True	two	0.940516305707997	1.02989889439432	
EUR	European	Epidermal_thickening	chr10-79542902-INV-674513	0.024712857786701	1.025020751536296	0.474964651814504	True	0.7410593061443165	174555	15314	159241	True	two	0.9734281200236012	1.040366661709772	
EUR	European	Flat_foot_pes_planus	chr10-79542902-INV-674513	-0.013252164550025	0.9868352587737452	0.836358630485529	True	0.9486750347455832	183387	4085	179302	True	two	0.932698854654847	1.061767689320908	
EUR	European	Goiter	chr10-79542902-INV-674513	-0.008813874727101	0.991224853601018	0.8049320907074321	True	0.9348762847229818	182053	14387	167666	True	two	0.962071812394875	1.03383739747638	
EUR	European	Hearing_impairment	chr10-79542902-INV-674513	-0.005384891521621	0.9946295810173912	0.837176282233376	True	0.9486750347455832	207412	30353	177059	True	two	0.9723884461996072	1.025159410528357	
EUR	European	High_risk_human_papillomavirus_HPV_DNA_test_positive	chr10-79542902-INV-674513	0.153121062964932	1.165466065179786	0.05549503564995	True	0.2113707975490742	214395	2498	211897	True	two	0.998491462219848	1.360363308531305	
EUR	European	Hypertrophic_conditions_of_skin	chr10-79542902-INV-674513	-0.038775395068723	0.9619667473590152	0.267057298358278	True	0.5692178711301485	174342	15101	159241	True	two	0.9592548239276	1.020622055120493	
EUR	European	Inflammation_of_the_eye	chr10-79542902-INV-674513	-0.003956795317469	0.996051022482578	0.893791553934396	True	0.9579750234484826	198166	21107	177059	True	two	0.969225987725276	1.029099447455083	
EUR	European	Laryngitis_and_tracheitis	chr10-79542902-INV-674513	0.066159981440543	1.068397627285891	0.311661399477312	True	0.6129354982776661	221336	3798	217538	True	two	0.9583374292320392	1.078541674591973	
EUR	European	Lump_or_mass_in_breast_or_nonspecific_abnormal_breast_exam	chr10-79542902-INV-674513	-0.044542601405152	0.956434853756994	0.11943079238479	True	0.372681629248923	188960	27449	161511	True	two	0.904181392897295	1.011708089402223	
EUR	European	Melanocytic_nevi	chr10-79542902-INV-674513	-0.019952744706077	0.980244993977604	0.466502440231775	True	0.7367325123172546	187334	25823	161511	True	two	0.9686835314846872	1.021066724196847	
EUR	European	Migraine	chr10-79542902-INV-674513	-0.000326725830605	0.999673327538466	0.990668935250952	True	0.9945087373255682	214732	24112	190620	True	two	0.971799577551562	1.028432916790876	
EUR	European	Mild_cognitive_impairment	chr10-79542902-INV-674513	0.050622088067038	1.051925283040064	0.471404367505529	True	0.7399620071753457	193977	3357	190620	True	two	0.946296981971231	1.082584131635928	
EUR	European	Morbid_obesity	chr10-79542902-INV-674513	-0.041388575393382	0.959456236419366	0.180541325973576	True	0.4629723111599623	187242	19576	167666	True	two	0.90289475094874	1.019560993833131	
EUR	European	Multinodular_goiter	chr10-79542902-INV-674513	-0.031827631255735	0.9686735367310312	0.536743190526588	True	0.7730297973368259	174257	6591	167666	True	two	0.942120765361418	1.041995533644307	
EUR	European	Other_follicular_disorders	chr10-79542902-INV-674513	0.000933748865892	1.000934184945083	0.9708574761090872	True	0.9860866129892296	189050	29809	159241	True	two	0.9745292301564672	1.026339316805309	
EUR	European	Other_skin_and_subcutaneous_disorders	chr10-79542902-INV-674513	-0.011553594029005	0.9885128924395952	0.657114257060739	True	0.8477432017799363	189175	29934	159241	True	two	0.9713424673696852	1.022891632395075	
EUR	European	Pain_in_shoulder	chr10-79542902-INV-674513	-0.020900724912242	0.979316181443628	0.358098070499242	True	0.6293193493753143	219503	40201	179302	True	two	0.973587845939186	1.015563314437282	
EUR	European	Pure_hypercholesterolemia	chr10-79542902-INV-674513	-0.063125387930747	0.9388257488906672	0.015000411010575	True	0.0761785578772338	199582	31916	167666	True	two	0.892111456393561	0.9879861764618892	
EUR	European	Rosacea	chr10-79542902-INV-674513	0.005077113734288	1.005090024116136	0.91031508130853	True	0.9579750234484826	167892	8651	159241	True	two	0.956200454634875	1.047382899420019	
EUR	European	Scar_conditions_and_fibrosis_of_skin	chr10-79542902-INV-674513	-0.033829794255444	0.9667360346617	0.454635749132987	True	0.7279132149268569	167897	8656	159241	True	two	0.948414968342501	1.03441163089712	
EUR	European	Sensorineural_hearing_loss	chr10-79542902-INV-674513	-0.007733136092525	0.9922966876777792	0.7996050232527591	True	0.932872527128219	198841	21782	177059	True	two	0.96761934858152	1.028794124255436	
EUR	European	Skin_changes_due_to_chronic_exposure_to_nonionizing_radiation	chr10-79542902-INV-674513	0.034474251673635	1.035075376574388	0.231036695968321	True	0.5397095395349304	183922	24681	159241	True	two	0.978404280737706	1.095028973486096	
EUR	European	Skin_changes_due_to_solar_radiation	chr10-79542902-INV-674513	0.020985372132504	1.02120711344593	0.455297068795949	True	0.7279132149268569	185200	25959	159241	True	two	0.978794117885571	1.032892243318898	
EUR	European	Uninodular_goiter_single_thyroid_nodule	chr10-79542902-INV-674513	-0.036011429904792	0.96462926779942	0.40212685594785	True	0.6633812464362622	177337	9671	167666	True	two	0.950556870446377	1.031015275351152	
EUR	European	Urinary_incontinence_and_enuresis	chr10-79542902-INV-674513	0.02901883824115	1.029443987206549	0.348972224187366	True	0.6293193493753143	221336	19386	201950	True	two	0.979185494236758	1.036770906241351	
EUR	European	Viral_infections	chr10-79542902-INV-674513	-0.000912656339461	0.999087760004665	0.962868796101286	True	0.9849461094609544	221336	57765	163571	True	two	0.9800394314680552	1.019742305163338	
EUR	European	Abnormal_Papanicolaou_smear	chr12-46897663-INV-16289	0.141125447380396	1.151569100250947	0.001462811949983	True	0.0140321590757628	218461	6564	211897	True	two	1.056864686121064	1.254759866676888	
EUR	European	Abnormal_cytological_findings_in_specimens_from_genital_organs	chr12-46897663-INV-16289	0.125507090248326	1.133723207311103	0.00082115322592	True	0.0092468993701426	221336	9439	211897	True	two	1.054195439347895	1.219250494567546	
EUR	European	Abnormal_mammogram	chr12-46897663-INV-16289	0.086126872322908	1.089944603336973	0.016888189696313	True	0.0825290779499069	173257	11746	161511	True	two	1.016007700208586	1.169262042108046	
EUR	European	Acne	chr12-46897663-INV-16289	0.141968249024041	1.152540053684511	9.731684158375965e-05	True	0.0015753163731371	169148	9907	159241	True	two	1.074050563379558	1.236765400659887	
EUR	European	Alopecia_Areata	chr12-46897663-INV-16289	0.140444955458735	1.150785733348645	0.354757078216642	True	0.6293193493753143	159761	520	159241	True	two	0.884686510585292	1.232273820834832	
EUR	European	Aphagia_and_dysphagia	chr12-46897663-INV-16289	0.029313765204887	1.029747642771939	0.297667919861772	True	0.6023124315953043	221336	17972	203364	True	two	0.980377564468642	1.042171029868265	
EUR	European	Benign_neoplasm_of_the_skin	chr12-46897663-INV-16289	0.057149703198406	1.058814306419713	0.00526346877759	True	0.0317032189161816	200345	38834	161511	True	two	1.01729004242815	1.102033529005311	
EUR	European	Benign_sarcoma_related_cancers	chr12-46897663-INV-16289	0.030469779741558	1.030938734343027	0.215578774382163	True	0.5169898385646317	187100	25589	161511	True	two	0.985867376234206	1.037510091137361	
EUR	European	Conjunctivitis	chr12-46897663-INV-16289	0.128495927426225	1.137116790289766	1.2977525163457664e-05	True	0.0005601965028892	192663	15604	177059	True	two	1.073970974237217	1.203975364117518	
EUR	European	Diastolic_heart_failure	chr12-46897663-INV-16289	0.041794828508982	1.042680528484581	0.363892288782597	True	0.6293193493753143	221336	6420	214916	True	two	0.964427244457974	1.068188932995906	
EUR	European	Disorder_of_nervous_system	chr12-46897663-INV-16289	0.142232935731753	1.152845156093321	0.001170676760338	True	0.0121282112371016	197211	6591	190620	True	two	1.059186446130961	1.254785650611985	
EUR	European	Epidermal_thickening	chr12-46897663-INV-16289	0.084440692561644	1.0881083094018411	0.00575524872918	True	0.033124653796836	174555	15314	159241	True	two	1.025221203900312	1.154852912215476	
EUR	European	Flat_foot_pes_planus	chr12-46897663-INV-16289	0.160737686487822	1.17437687348455	0.003513966821269	True	0.0230027632119944	183387	4085	179302	True	two	1.055990155963821	1.306035887916552	
EUR	European	Goiter	chr12-46897663-INV-16289	0.009574521985903	1.009620504357442	0.763441748024807	True	0.907024829075344	182053	14387	167666	True	two	0.96596899459454	1.041930256336421	
EUR	European	Hearing_impairment	chr12-46897663-INV-16289	0.067882566627083	1.070239619250546	0.003297605460486	True	0.0230027632119944	207412	30353	177059	True	two	1.023056366492932	1.119598958696736	
EUR	European	High_risk_human_papillomavirus_HPV_DNA_test_positive	chr12-46897663-INV-16289	0.216671247964942	1.241935746113559	0.002009165540866	True	0.0167862540349772	214395	2498	211897	True	two	1.085496444611269	1.420920727222647	
EUR	European	Hypertrophic_conditions_of_skin	chr12-46897663-INV-16289	0.074262341658982	1.077089333837833	0.01470986367688	True	0.0761785578772338	174342	15101	159241	True	two	1.015071947857463	1.142895767650682	
EUR	European	Inflammation_of_the_eye	chr12-46897663-INV-16289	0.096174653448889	1.10095133215056	0.000208427854734	True	0.002999045243117	198166	21107	177059	True	two	1.046790926638542	1.1579139682232191	
EUR	European	Laryngitis_and_tracheitis	chr12-46897663-INV-16289	0.06551213374335	1.067705692501746	0.256912323224002	True	0.5687204420086883	221336	3798	217538	True	two	0.962896363677009	1.088252482200754	
EUR	European	Lump_or_mass_in_breast_or_nonspecific_abnormal_breast_exam	chr12-46897663-INV-16289	0.078364235924967	1.081516514105462	0.001832970777828	True	0.0163703252226707	188960	27449	161511	True	two	1.029693911921171	1.135947252616539	
EUR	European	Melanocytic_nevi	chr12-46897663-INV-16289	0.038497998763704	1.039248648573788	0.111260454852032	True	0.3557587383540282	187334	25823	161511	True	two	0.991287028110474	1.089530804837767	
EUR	European	Migraine	chr12-46897663-INV-16289	0.092300316781257	1.096694128280882	0.000175942301274	True	0.002680532707645	214732	24112	190620	True	two	1.045411708284785	1.150492195059786	
EUR	European	Mild_cognitive_impairment	chr12-46897663-INV-16289	-0.057755087908159	0.943881087022674	0.367142777283692	True	0.6293193493753143	193977	3357	190620	True	two	0.9089528249080152	1.050151970038221	
EUR	European	Morbid_obesity	chr12-46897663-INV-16289	0.046636367008314	1.047740946625482	0.089075709291779	True	0.2996182948905294	187242	19576	167666	True	two	0.9931032247747512	1.105384680917381	
EUR	European	Multinodular_goiter	chr12-46897663-INV-16289	0.030318100454495	1.030782374149397	0.505912464454028	True	0.7705518819039208	174257	6591	167666	True	two	0.958961505042316	1.065062232859226	
EUR	European	Other_follicular_disorders	chr12-46897663-INV-16289	0.065242226613181	1.067417550010025	0.003817456042707	True	0.0235409789300265	189050	29809	159241	True	two	1.021464761518111	1.115437623492801	
EUR	European	Other_skin_and_subcutaneous_disorders	chr12-46897663-INV-16289	0.050478568293781	1.051774321795179	0.028299111497707	True	0.1285871908404581	189175	29934	159241	True	two	1.005530508714751	1.100144863234105	
EUR	European	Pain_in_shoulder	chr12-46897663-INV-16289	0.007104067672029	1.007129361421468	0.724960282944447	True	0.8898801577374965	219503	40201	179302	True	two	0.9787949369383252	1.026904663133804	
EUR	European	Pure_hypercholesterolemia	chr12-46897663-INV-16289	0.066173596334083	1.068412173504868	0.003431329385126	True	0.0230027632119944	199582	31916	167666	True	two	1.022261381489903	1.116646479229901	
EUR	European	Rosacea	chr12-46897663-INV-16289	0.133851950387747	1.143223553311263	0.000619925366282	True	0.0072982122666835	167892	8651	159241	True	two	1.059828366275821	1.233180894599203	
EUR	European	Scar_conditions_and_fibrosis_of_skin	chr12-46897663-INV-16289	0.073546318335868	1.076318388793983	0.062281225410167	True	0.2337802519019312	167897	8656	159241	True	two	0.996737579458257	1.162253032223103	
EUR	European	Sensorineural_hearing_loss	chr12-46897663-INV-16289	0.07781324920985	1.080920777010694	0.003641364060586	True	0.0230027632119944	198841	21782	177059	True	two	1.025963667316855	1.138821737449072	
EUR	European	Skin_changes_due_to_chronic_exposure_to_nonionizing_radiation	chr12-46897663-INV-16289	0.068650944656208	1.071062283878115	0.007360769548466	True	0.0397174856885977	183922	24681	159241	True	two	1.018833788523301	1.125968169556802	
EUR	European	Skin_changes_due_to_solar_radiation	chr12-46897663-INV-16289	0.06785787544044	1.07021319409059	0.006572669543666	True	0.0370069872132498	185200	25959	159241	True	two	1.019310569516899	1.123657808579795	
EUR	European	Uninodular_goiter_single_thyroid_nodule	chr12-46897663-INV-16289	0.005908664325669	1.00592615491443	0.8769350772088551	True	0.955781038117909	177337	9671	167666	True	two	0.956937393420034	1.048447676162763	
EUR	European	Urinary_incontinence_and_enuresis	chr12-46897663-INV-16289	0.080856761454971	1.084215583980904	0.003121674674949	True	0.0230027632119944	221336	19386	201950	True	two	1.027956245762437	1.143553957080308	
EUR	European	Viral_infections	chr12-46897663-INV-16289	0.043420361863675	1.04437681877663	0.012580651046305	True	0.0664977269590407	221336	57765	163571	True	two	1.009432732268108	1.080530583892632	
EUR	European	Abnormal_Papanicolaou_smear	chr17-45585160-INV-706887	-0.075955886737171	0.9268570923480912	0.016642461079273	True	0.0825290779499069	218461	6564	211897	True	two	0.8707951373048741	0.986528326622006	
EUR	European	Abnormal_cytological_findings_in_specimens_from_genital_organs	chr17-45585160-INV-706887	-0.073910531257175	0.9287547846471912	0.005688743959562	True	0.033124653796836	221336	9439	211897	True	two	0.8811986976833591	0.9788773545316812	
EUR	European	Abnormal_mammogram	chr17-45585160-INV-706887	-0.103332122232087	0.901827406806587	4.808317329799224e-05	True	0.0010377951570149	173257	11746	161511	True	two	0.857831953255847	0.948079246268097	
EUR	European	Acne	chr17-45585160-INV-706887	-0.051742641529533	0.9495732161093572	0.046702986437054	True	0.1920011664634442	169148	9907	159241	True	two	0.902264637497959	0.9993623325997952	
EUR	European	Alopecia_Areata	chr17-45585160-INV-706887	0.099835113227196	1.104988705032243	0.355142992631432	True	0.6293193493753143	159761	520	159241	True	two	0.9213244676244252	1.144322772017885	
EUR	European	Aphagia_and_dysphagia	chr17-45585160-INV-706887	-0.083399829293281	0.919983237426818	2.146062113689646e-05	True	0.0007940429820651	221336	17972	203364	True	two	0.885141358177542	0.956196599929482	
EUR	European	Benign_neoplasm_of_the_skin	chr17-45585160-INV-706887	-0.081256026155476	0.921957615961221	1.460364650776058e-08	True	1.8911722227549952e-06	200345	38834	161511	True	two	0.8963404083651341	0.9483069575980112	
EUR	European	Benign_sarcoma_related_cancers	chr17-45585160-INV-706887	-0.069939384925104	0.9324503387401032	4.6017984741338565e-05	True	0.0010377951570149	187100	25589	161511	True	two	0.9015296128582	0.964431585846631	
EUR	European	Conjunctivitis	chr17-45585160-INV-706887	-0.031289006186379	0.96919542912148	0.134500288177512	True	0.3958756793340741	192663	15604	177059	True	two	0.930232401208501	1.009790433669734	
EUR	European	Diastolic_heart_failure	chr17-45585160-INV-706887	0.100178512176672	1.105368222151894	0.00156364751005	True	0.0144637394679625	221336	6420	214916	True	two	1.039113197650402	1.175847741426062	
EUR	European	Disorder_of_nervous_system	chr17-45585160-INV-706887	-0.013676007193132	0.986417084535652	0.6611742345928461	True	0.8477432017799363	197211	6591	190620	True	two	0.9608717666188492	1.030199957613921	
EUR	European	Epidermal_thickening	chr17-45585160-INV-706887	-0.025619423094504	0.974705969611773	0.231304088372113	True	0.5397095395349304	174555	15314	159241	True	two	0.970520707651094	1.012481143178614	
EUR	European	Flat_foot_pes_planus	chr17-45585160-INV-706887	-0.012059496634243	0.988012927669402	0.7598339516281181	True	0.907024829075344	183387	4085	179302	True	two	0.951801609433168	1.040392903199908	
EUR	European	Goiter	chr17-45585160-INV-706887	-0.044767077056866	0.956220181515122	0.042610536168365	True	0.1780020785097828	182053	14387	167666	True	two	0.9156486956434092	0.998589349700664	
EUR	European	Hearing_impairment	chr17-45585160-INV-706887	0.002830838279889	1.002834848886139	0.8604532563390511	True	0.955781038117909	207412	30353	177059	True	two	0.982824226560006	1.019214033622143	
EUR	European	High_risk_human_papillomavirus_HPV_DNA_test_positive	chr17-45585160-INV-706887	-0.069981317248226	0.9324112397509652	0.169922029264469	True	0.4514164803750566	214395	2498	211897	True	two	0.929374204550077	1.024022895715551	
EUR	European	Hypertrophic_conditions_of_skin	chr17-45585160-INV-706887	-0.086868100331536	0.91679801301246	5.353344460601153e-05	True	0.0010665509348428	174342	15101	159241	True	two	0.8788246866747821	0.956412137037108	
EUR	European	Inflammation_of_the_eye	chr17-45585160-INV-706887	-0.039558765258784	0.9612134663727612	0.03070121885268	True	0.1331202802912611	198166	21107	177059	True	two	0.927283846325991	0.9963845823445152	
EUR	European	Laryngitis_and_tracheitis	chr17-45585160-INV-706887	-0.058301252679177	0.943365713177242	0.155325956033374	True	0.4325744366950954	221336	3798	217538	True	two	0.943102810365336	1.017992911588398	
EUR	European	Lump_or_mass_in_breast_or_nonspecific_abnormal_breast_exam	chr17-45585160-INV-706887	-0.068696578618635	0.933609914316224	9.331714531277158e-05	True	0.0015753163731371	188960	27449	161511	True	two	0.901929527407715	0.966403078757981	
EUR	European	Melanocytic_nevi	chr17-45585160-INV-706887	-0.107143793602645	0.8983964800354991	2.6798915152100333e-10	True	6.940919024393986e-08	187334	25823	161511	True	two	0.868900855836489	0.9288933598335172	
EUR	European	Migraine	chr17-45585160-INV-706887	-0.020267204761625	0.979936794543092	0.23779623312085	True	0.5499037890919657	214732	24112	190620	True	two	0.9763766230694492	1.010179759528152	
EUR	European	Mild_cognitive_impairment	chr17-45585160-INV-706887	-0.158870368541802	0.8531069412983011	0.000345359005824	True	0.004259427738496	193977	3357	190620	True	two	0.7814702819433471	0.9313104670870952	
EUR	European	Morbid_obesity	chr17-45585160-INV-706887	0.076144012687531	1.079117969646527	4.690970009518271e-05	True	0.0010377951570149	187242	19576	167666	True	two	1.040379303559831	1.119299075279108	
EUR	European	Multinodular_goiter	chr17-45585160-INV-706887	-0.086207421914346	0.917403921805972	0.006877149961302	True	0.037897485956962	174257	6591	167666	True	two	0.8615917194265621	0.976831527936608	
EUR	European	Other_follicular_disorders	chr17-45585160-INV-706887	-0.047510386979554	0.95360056805158	0.002630902610002	True	0.0212938679997036	189050	29809	159241	True	two	0.924482833773034	0.983635401510926	
EUR	European	Other_skin_and_subcutaneous_disorders	chr17-45585160-INV-706887	-0.059032540089079	0.942676093893946	0.000225070272638	True	0.0030101513097628	189175	29934	159241	True	two	0.9135122985061792	0.9727709407440852	
EUR	European	Pain_in_shoulder	chr17-45585160-INV-706887	-0.044837388194788	0.956152950949612	0.001340047141433	True	0.0133489311396595	219503	40201	179302	True	two	0.930273922920568	0.9827519003644192	
EUR	European	Pure_hypercholesterolemia	chr17-45585160-INV-706887	-0.012529648467845	0.98754852075927	0.430308922248365	True	0.7009434645429342	199582	31916	167666	True	two	0.978953138111104	1.012839994773565	
EUR	European	Rosacea	chr17-45585160-INV-706887	-0.123270228218947	0.8840247418492201	1.105809363485903e-05	True	0.0005601965028892	167892	8651	159241	True	two	0.836480088329256	0.9342717837581872	
EUR	European	Scar_conditions_and_fibrosis_of_skin	chr17-45585160-INV-706887	-0.122439446824704	0.8847594783172321	1.1988031254155832e-05	True	0.0005601965028892	167897	8656	159241	True	two	0.8373058931685751	0.934902454239122	
EUR	European	Sensorineural_hearing_loss	chr17-45585160-INV-706887	0.007896001934636	1.007927257568602	0.6730748422001911	True	0.8513060627914883	198841	21782	177059	True	two	0.981847353266845	1.023596776798342	
EUR	European	Skin_changes_due_to_chronic_exposure_to_nonionizing_radiation	chr17-45585160-INV-706887	-0.069742271522063	0.932634155315298	9.475103772398384e-05	True	0.0015753163731371	183922	24681	159241	True	two	0.90047025616102	0.965946916857566	
EUR	European	Skin_changes_due_to_solar_radiation	chr17-45585160-INV-706887	-0.072009969608566	0.930521618828659	3.5651549045099005e-05	True	0.0010259723558534	185200	25959	159241	True	two	0.899217152250478	0.962915888493105	
EUR	European	Uninodular_goiter_single_thyroid_nodule	chr17-45585160-INV-706887	-0.023977391339421	0.9763077825196652	0.363953843719672	True	0.6293193493753143	177337	9671	167666	True	two	0.964453456756138	1.019717503138726	
EUR	European	Urinary_incontinence_and_enuresis	chr17-45585160-INV-706887	0.056137985864989	1.057743627336658	0.003204720392106	True	0.0230027632119944	221336	19386	201950	True	two	1.019065341654188	1.09788993447191	
EUR	European	Viral_infections	chr17-45585160-INV-706887	-0.010253974164917	0.989798418597243	0.394825405060218	True	0.6633812464362622	221336	57765	163571	True	two	0.9838863023371672	1.009362469353023	
EUR	European	Abnormal_Papanicolaou_smear	chr4-33098029-INV-7075	0.760357255296473	2.139040267473702	0.175679955007557	True	0.4596071550197703	218461	6564	211897	True	two	0.7283372379557781	6.28210810519038	
EUR	European	Abnormal_cytological_findings_in_specimens_from_genital_organs	chr4-33098029-INV-7075	0.199167116652954	1.220385895665564	0.6853068463206381	True	0.8597896979114157	221336	9439	211897	True	two	0.467765728376038	3.183947955122862	
EUR	European	Abnormal_mammogram	chr4-33098029-INV-7075	-0.8877159865715111	0.411594767959574	0.078453410999845	True	0.275022716917886	173257	11746	161511	True	two	0.151771150315972	1.116221710509546	
EUR	European	Acne	chr4-33098029-INV-7075	0.187179814313267	1.2058440935842971	0.69536227521931	True	0.8658597561625063	169148	9907	159241	True	two	0.474556998164922	3.064036530184745	
EUR	European	Alopecia_Areata	chr4-33098029-INV-7075	0.237168252903564	1.2676543863644731	0.900645112977658	True	0.9579750234484826	159761	520	159241	True	two	0.716225228440702	1.351325230961733	
EUR	European	Aphagia_and_dysphagia	chr4-33098029-INV-7075	-0.572052602824054	0.5643658301020651	0.132964465774932	True	0.3958756793340741	221336	17972	203364	True	two	0.265845511426309	1.198097302745251	
EUR	European	Benign_neoplasm_of_the_skin	chr4-33098029-INV-7075	0.264585892512331	1.302891326995653	0.343015144546377	True	0.6293193493753143	200345	38834	161511	True	two	0.755497168835214	2.246898969294153	
EUR	European	Benign_sarcoma_related_cancers	chr4-33098029-INV-7075	0.16922389918216	1.18438529213734	0.6151028251560661	True	0.8169827267457492	187100	25589	161511	True	two	0.613315728699104	2.287188236973226	
EUR	European	Conjunctivitis	chr4-33098029-INV-7075	-0.5564092743538911	0.573263805683065	0.17840573357383	True	0.4620708499562198	192663	15604	177059	True	two	0.253228913491731	1.297764091686008	
EUR	European	Diastolic_heart_failure	chr4-33098029-INV-7075	0.313318764194227	1.367957517411264	0.606948935218331	True	0.8163670273825588	221336	6420	214916	True	two	0.417770395463106	4.479273279686583	
EUR	European	Disorder_of_nervous_system	chr4-33098029-INV-7075	0.355845048890237	1.427386356027369	0.536065616969307	True	0.7730297973368259	197211	6591	190620	True	two	0.467138190686313	4.361518390050114	
EUR	European	Epidermal_thickening	chr4-33098029-INV-7075	0.293642624360722	1.34130446846096	0.478758197319174	True	0.7425052281776411	174555	15314	159241	True	two	0.597656910250548	3.010251611345257	
EUR	European	Flat_foot_pes_planus	chr4-33098029-INV-7075	-0.659100472365687	0.517316465717738	0.397022971335068	True	0.6633812464362622	183387	4085	179302	True	two	0.110859582470697	2.414011668981596	
EUR	European	Goiter	chr4-33098029-INV-7075	-0.064327165991331	0.937698166390604	0.87774287574897	True	0.955781038117909	182053	14387	167666	True	two	0.937228692607978	1.064909791244589	
EUR	European	Hearing_impairment	chr4-33098029-INV-7075	-0.132846051006213	0.8755998794537181	0.673813679043456	True	0.8513060627914883	207412	30353	177059	True	two	0.471166829715217	1.627184047236007	
EUR	European	High_risk_human_papillomavirus_HPV_DNA_test_positive	chr4-33098029-INV-7075	0.254616726938999	1.2899671164685151	0.7879838651355501	True	0.931907858767614	214395	2498	211897	True	two	0.204065360179577	8.154324477734805	
EUR	European	Hypertrophic_conditions_of_skin	chr4-33098029-INV-7075	0.60596706226217	1.83302400036776	0.134506022322002	True	0.3958756793340741	174342	15101	159241	True	two	0.837067558630828	4.013985431976434	
EUR	European	Inflammation_of_the_eye	chr4-33098029-INV-7075	-0.395916187524217	0.6730631046586351	0.265136836338677	True	0.5692178711301485	198166	21107	177059	True	two	0.333923214774537	1.356641056413503	
EUR	European	Laryngitis_and_tracheitis	chr4-33098029-INV-7075	-1.352991741043845	0.258465839928644	0.09990193715704	True	0.3317256631240174	221336	3798	217538	True	two	0.05046305048353	1.323831789198358	
EUR	European	Lump_or_mass_in_breast_or_nonspecific_abnormal_breast_exam	chr4-33098029-INV-7075	0.05926713901064	1.061058653042037	0.8597804868826521	True	0.955781038117909	188960	27449	161511	True	two	0.5500201610336131	2.046916722251894	
EUR	European	Melanocytic_nevi	chr4-33098029-INV-7075	0.000938083285448	1.000938523423191	0.997793658556408	True	0.997793658556408	187334	25823	161511	True	two	0.9518019691989272	1.050016738808648	
EUR	European	Migraine	chr4-33098029-INV-7075	0.18755047627771	1.206291136970709	0.556139775747557	True	0.7785956860465798	214732	24112	190620	True	two	0.6474934202711891	2.24734068575497	
EUR	European	Mild_cognitive_impairment	chr4-33098029-INV-7075	1.71804101668036	5.573599174809568	0.018231695074264	True	0.0874446115598958	193977	3357	190620	True	two	1.46262584670437	21.239203335175876	
EUR	European	Morbid_obesity	chr4-33098029-INV-7075	0.219061384591319	1.244907692492064	0.517889337309521	True	0.7705518819039208	187242	19576	167666	True	two	0.6429613743626761	2.410401658050021	
EUR	European	Multinodular_goiter	chr4-33098029-INV-7075	-0.193495761146135	0.824073329314124	0.7469165856931951	True	0.900274005291775	174257	6591	167666	True	two	0.253320781697439	2.6807782904205717	
EUR	European	Other_follicular_disorders	chr4-33098029-INV-7075	-0.195135131956977	0.822723474310814	0.5134093249917441	True	0.7705518819039208	189050	29809	159241	True	two	0.457323355429401	1.48007729573861	
EUR	European	Other_skin_and_subcutaneous_disorders	chr4-33098029-INV-7075	0.1891752447252	1.208252673838634	0.5372407857939331	True	0.7730297973368259	189175	29934	159241	True	two	0.6637054784240161	2.199581849625099	
EUR	European	Pain_in_shoulder	chr4-33098029-INV-7075	0.284056040118988	1.32850737837831	0.279821917478854	True	0.5791960304981982	219503	40201	179302	True	two	0.79547022070146	2.218727751806045	
EUR	European	Pure_hypercholesterolemia	chr4-33098029-INV-7075	-0.279216774733641	0.7563759222531451	0.365380045321539	True	0.6293193493753143	199582	31916	167666	True	two	0.412289331572036	1.387628764447759	
EUR	European	Rosacea	chr4-33098029-INV-7075	0.9264224248394772	2.525457980862122	0.078577919119396	True	0.275022716917886	167892	8651	159241	True	two	0.918927015868664	6.940636092923117	
EUR	European	Scar_conditions_and_fibrosis_of_skin	chr4-33098029-INV-7075	0.244326478934087	1.276761098055215	0.651782754218541	True	0.8477432017799363	167897	8656	159241	True	two	0.443866011223671	3.672547255900871	
EUR	European	Sensorineural_hearing_loss	chr4-33098029-INV-7075	0.06363008746032	1.065698110745283	0.862098475216146	True	0.955781038117909	198841	21782	177059	True	two	0.5201168586107591	2.183571719400854	
EUR	European	Skin_changes_due_to_chronic_exposure_to_nonionizing_radiation	chr4-33098029-INV-7075	0.323717787564895	1.38225716191055	0.36141617925724	True	0.6293193493753143	183922	24681	159241	True	two	0.6915710960846041	2.7627453959112103	
EUR	European	Skin_changes_due_to_solar_radiation	chr4-33098029-INV-7075	0.285517307599218	1.3304501020813722	0.408240262571305	True	0.6692039747213164	185200	25959	159241	True	two	0.6778620953829361	2.611294371207427	
EUR	European	Uninodular_goiter_single_thyroid_nodule	chr4-33098029-INV-7075	-0.265565483607792	0.7667722302296041	0.59988967789128	True	0.8134629663551912	177337	9671	167666	True	two	0.282948617839036	2.077902544785528	
EUR	European	Urinary_incontinence_and_enuresis	chr4-33098029-INV-7075	-0.079083189737685	0.923963057003496	0.829603112409644	True	0.9486750347455832	221336	19386	201950	True	two	0.449200252069466	1.900505903044828	
EUR	European	Viral_infections	chr4-33098029-INV-7075	-0.097513689654465	0.9070899237231792	0.665271056209075	True	0.8487941061977854	221336	57765	163571	True	two	0.582829878989616	1.411753513986852	
EUR	European	Abnormal_Papanicolaou_smear	chr6-141867315-INV-29159	0.497267193870322	1.644221786015356	0.400805029685902	True	0.6633812464362622	218461	6564	211897	True	one	1.054085706608463	inf	
EUR	European	Abnormal_cytological_findings_in_specimens_from_genital_organs	chr6-141867315-INV-29159	0.5098376344887461	1.665020831039114	0.312384114952324	True	0.6129354982776661	221336	9439	211897	True	one	1.04337900361699	inf	
EUR	European	Abnormal_mammogram	chr6-141867315-INV-29159	-1.4712252550054972	0.229643940352438	0.031352652887131	True	0.1331202802912611	173257	11746	161511	True	two	0.051867757700721	1.016746080385519	
EUR	European	Acne	chr6-141867315-INV-29159	0.074814449573873	1.077684167575187	0.8765749812554161	True	0.955781038117909	169148	9907	159241	True	two	0.421336837441803	2.756471928953141	
EUR	European	Alopecia_Areata	chr6-141867315-INV-29159	1.370057365577872	3.935576455612617	0.369330274536864	True	0.6293193493753143	159761	520	159241	True	two	0.267254215175327	57.95516462784773	
EUR	European	Aphagia_and_dysphagia	chr6-141867315-INV-29159	0.6087225957403151	1.838081924806689	0.105200851047903	True	0.3448989926760364	221336	17972	203364	True	two	0.906108592453679	3.728631634705282	
EUR	European	Benign_neoplasm_of_the_skin	chr6-141867315-INV-29159	0.037839270075861	1.038564291102865	0.8961992930995281	True	0.9579750234484826	200345	38834	161511	True	two	0.588857968871151	1.8317078884433184	
EUR	European	Benign_sarcoma_related_cancers	chr6-141867315-INV-29159	-0.03464184987479	0.965951309895529	0.920987570805684	True	0.9579750234484826	187100	25589	161511	True	two	0.486504538940025	1.9178894715387511	
EUR	European	Conjunctivitis	chr6-141867315-INV-29159	0.392556782790139	1.480761944688636	0.337057369463711	True	0.6280421488568427	192663	15604	177059	True	two	0.6788960710863371	3.229737260564034	
EUR	European	Diastolic_heart_failure	chr6-141867315-INV-29159	1.090526835714479	2.9758414392052512	0.054453304712488	True	0.2104985958288715	221336	6420	214916	True	two	1.062171317418818	8.337291853080014	
EUR	European	Disorder_of_nervous_system	chr6-141867315-INV-29159	-0.074502150950566	0.928205477532738	0.902607117153677	True	0.9579750234484826	197211	6591	190620	True	two	0.279484687005853	3.082692714766644	
EUR	European	Epidermal_thickening	chr6-141867315-INV-29159	-0.298611526938478	0.741847541251194	0.5206431634485951	True	0.7705518819039208	174555	15314	159241	True	two	0.292634119898849	1.880634338369943	
EUR	European	Flat_foot_pes_planus	chr6-141867315-INV-29159	0.241833414574165	1.27358201494152	0.760542814260406	True	0.907024829075344	183387	4085	179302	True	two	0.277050982921633	5.854558362066174	
EUR	European	Goiter	chr6-141867315-INV-29159	0.6490543418419621	1.9137302384366888	0.10856869997911	True	0.3514911661823686	182053	14387	167666	True	two	0.893640051572808	4.098253451220302	
EUR	European	Hearing_impairment	chr6-141867315-INV-29159	-0.721015005060969	0.486258450606594	0.050654599000596	True	0.2018390944792979	207412	30353	177059	True	two	0.228659727590199	1.03405738858433	
EUR	European	High_risk_human_papillomavirus_HPV_DNA_test_positive	chr6-141867315-INV-29159	0.101669765916546	1.107017836338072	0.919463567590764	True	0.9579750234484826	214395	2498	211897	True	two	0.156725066419035	7.819352181316294	
EUR	European	Hypertrophic_conditions_of_skin	chr6-141867315-INV-29159	-0.005266397031561	0.9947474461254372	0.990329638457526	True	0.9945087373255682	174342	15101	159241	True	two	0.9613050433131912	1.039503634297855	
EUR	European	Inflammation_of_the_eye	chr6-141867315-INV-29159	0.471779268626986	1.602843546819742	0.170806235817589	True	0.4514164803750566	198166	21107	177059	True	two	0.832278243226631	3.086837192357215	
EUR	European	Laryngitis_and_tracheitis	chr6-141867315-INV-29159	-1.535412879494229	0.215366752294725	0.151270708175535	True	0.4309298364558457	221336	3798	217538	True	two	0.019492519035686	2.379519953735119	
EUR	European	Lump_or_mass_in_breast_or_nonspecific_abnormal_breast_exam	chr6-141867315-INV-29159	-0.745196782146981	0.47464088989614	0.071734588407345	True	0.2616796957394698	188960	27449	161511	True	two	0.204214833795136	1.103171450255175	
EUR	European	Melanocytic_nevi	chr6-141867315-INV-29159	0.351445892441998	1.42112085170646	0.28400731997402	True	0.5791960304981982	187334	25823	161511	True	two	0.7563714133513031	2.6700962510026542	
EUR	European	Migraine	chr6-141867315-INV-29159	-0.1769991211507	0.837780520805493	0.620703801003875	True	0.8181621287974379	214732	24112	190620	True	two	0.41219807259398	1.702764393399966	
EUR	European	Mild_cognitive_impairment	chr6-141867315-INV-29159	1.042878080894357	2.837371458733002	0.122479080882135	True	0.3776438327199162	193977	3357	190620	True	one	1.053332409779927	inf	
EUR	European	Morbid_obesity	chr6-141867315-INV-29159	0.243135023831248	1.27524080039288	0.5097231776514171	True	0.7705518819039208	187242	19576	167666	True	two	0.6259314807603911	2.59811041459537	
EUR	European	Multinodular_goiter	chr6-141867315-INV-29159	0.460851180122224	1.58542289128231	0.443990531848913	True	0.7187096734304279	174257	6591	167666	True	one	1.055108550939889	inf	
EUR	European	Other_follicular_disorders	chr6-141867315-INV-29159	0.079652026274983	1.082910177816444	0.7936493834936961	True	0.932872527128219	189050	29809	159241	True	two	0.597817287369932	1.961626868265476	
EUR	European	Other_skin_and_subcutaneous_disorders	chr6-141867315-INV-29159	-0.159370676802308	0.852680231600568	0.643990335838294	True	0.8423913988995866	189175	29934	159241	True	two	0.431021031512491	1.686840140517197	
EUR	European	Pain_in_shoulder	chr6-141867315-INV-29159	0.057643077754323	1.059336827346607	0.838789895585863	True	0.9486750347455832	219503	40201	179302	True	two	0.608947143159951	1.842843876316551	
EUR	European	Pure_hypercholesterolemia	chr6-141867315-INV-29159	-0.375892859569019	0.6866758998530951	0.26812579257868	True	0.5692178711301485	199582	31916	167666	True	two	0.348529036031714	1.35289672506985	
EUR	European	Rosacea	chr6-141867315-INV-29159	-0.128224591893972	0.8796557933967121	0.8343293653859271	True	0.9486750347455832	167892	8651	159241	True	two	0.26142944033639	2.959859126274117	
EUR	European	Scar_conditions_and_fibrosis_of_skin	chr6-141867315-INV-29159	0.017591939531803	1.01774758908628	0.974889061234678	True	0.986313542421022	167897	8656	159241	True	two	0.9500023800974092	1.0513698452333191	
EUR	European	Sensorineural_hearing_loss	chr6-141867315-INV-29159	-0.507991855569205	0.6017026722679261	0.221258136063383	True	0.5257418095451027	198841	21782	177059	True	one	0.0	0.972558734921942	
EUR	European	Skin_changes_due_to_chronic_exposure_to_nonionizing_radiation	chr6-141867315-INV-29159	0.058291740930382	1.060024203051101	0.8782852782705111	True	0.955781038117909	183922	24681	159241	True	two	0.5038473948219451	2.230142147407968	
EUR	European	Skin_changes_due_to_solar_radiation	chr6-141867315-INV-29159	0.231086488775563	1.259968207844437	0.524814499253086	True	0.7723122460599391	185200	25959	159241	True	two	0.6232461742671951	2.54717950999909	
EUR	European	Uninodular_goiter_single_thyroid_nodule	chr6-141867315-INV-29159	0.6944921053108151	2.002691659135509	0.152535915660929	True	0.4309298364558457	177337	9671	167666	True	two	0.8077599359423081	4.965304297856873	
EUR	European	Urinary_incontinence_and_enuresis	chr6-141867315-INV-29159	0.066423918631192	1.068679654371215	0.869177746946803	True	0.955781038117909	221336	19386	201950	True	two	0.486499019959081	2.347540605041787	
EUR	European	Viral_infections	chr6-141867315-INV-29159	0.238039492916638	1.268759298840711	0.307932862388465	True	0.6129354982776661	221336	57765	163571	True	two	0.8062651981885921	1.996551707814428	
EUR	European	Abnormal_Papanicolaou_smear	chr6-167181003-INV-209976	0.031109749889275	1.031598715518732	0.954813792176544	True	0.9813363975147812	218461	6564	211897	True	two	0.93827744026278	1.064036717970503	
EUR	European	Abnormal_cytological_findings_in_specimens_from_genital_organs	chr6-167181003-INV-209976	0.45334542624207	1.573567644204478	0.315164988613493	True	0.6137423462473285	221336	9439	211897	True	two	0.658704327422129	3.759069172321403	
EUR	European	Abnormal_mammogram	chr6-167181003-INV-209976	0.27007404982089	1.310061456957799	0.554868080882709	True	0.7785956860465798	173257	11746	161511	True	two	0.537606768229664	3.192409624339415	
EUR	European	Acne	chr6-167181003-INV-209976	0.9559092037084812	2.601034378273548	0.024468348683272	True	0.1152236783448627	169148	9907	159241	True	two	1.16347323277311	5.814813479495133	
EUR	European	Alopecia_Areata	chr6-167181003-INV-209976	0.112024401101578	1.118540153923966	0.9529417510897972	True	0.9813363975147812	159761	520	159241	True	two	0.7945184525464281	1.228722107496043	
EUR	European	Aphagia_and_dysphagia	chr6-167181003-INV-209976	-0.077908418071325	0.9250491404487492	0.8297495394788921	True	0.9486750347455832	221336	17972	203364	True	two	0.454037185683405	1.884682442820116	
EUR	European	Benign_neoplasm_of_the_skin	chr6-167181003-INV-209976	0.466477243123949	1.5943677188408372	0.071187342407499	True	0.2616796957394698	200345	38834	161511	True	two	0.9654685573473292	2.632927197407674	
EUR	European	Benign_sarcoma_related_cancers	chr6-167181003-INV-209976	0.393234495877361	1.481765816567744	0.205898496526701	True	0.4983898186954725	187100	25589	161511	True	two	0.810396131790721	2.7093292391426163	
EUR	European	Conjunctivitis	chr6-167181003-INV-209976	-0.254055671583834	0.7756486192573261	0.5164825867950941	True	0.7705518819039208	192663	15604	177059	True	two	0.358134685248546	1.679900901355769	
EUR	European	Diastolic_heart_failure	chr6-167181003-INV-209976	0.653281942299333	1.921837851066075	0.263512858985197	True	0.5692178711301485	221336	6420	214916	True	two	0.625329963467369	5.906418917319324	
EUR	European	Disorder_of_nervous_system	chr6-167181003-INV-209976	0.5288693033177561	1.697012417105866	0.327034832604439	True	0.6228089826805127	197211	6591	190620	True	one	1.056466827307141	inf	
EUR	European	Epidermal_thickening	chr6-167181003-INV-209976	0.8675318568456201	2.381026880072398	0.026821765008779	True	0.1240506631656028	174555	15314	159241	True	two	1.123767471678625	5.04489509307367	
EUR	European	Flat_foot_pes_planus	chr6-167181003-INV-209976	0.751944566482286	2.121120669030803	0.283962033949664	True	0.5791960304981982	183387	4085	179302	True	two	0.556453213851702	8.085410921516809	
EUR	European	Goiter	chr6-167181003-INV-209976	0.270865231024307	1.311098363094099	0.49001669198729	True	0.7554424001470721	182053	14387	167666	True	two	0.6112169757696461	2.812387394089445	
EUR	European	Hearing_impairment	chr6-167181003-INV-209976	0.148633408621556	1.1602475744795	0.6223086462281671	True	0.8181621287974379	207412	30353	177059	True	two	0.6435071703217431	2.091933852753336	
EUR	European	High_risk_human_papillomavirus_HPV_DNA_test_positive	chr6-167181003-INV-209976	0.098980760908042	1.1040450585301471	0.909821982914861	True	0.9579750234484826	214395	2498	211897	True	two	0.901735256248767	1.104057534980837	
EUR	European	Hypertrophic_conditions_of_skin	chr6-167181003-INV-209976	0.54420236484435	1.723233322571848	0.164088145649075	True	0.4473561023485308	174342	15101	159241	True	two	0.8095359771976101	3.668191615524876	
EUR	European	Inflammation_of_the_eye	chr6-167181003-INV-209976	0.189742607555861	1.208938386001219	0.5666392060044431	True	0.7850899397532964	198166	21107	177059	True	two	0.633967539987315	2.305373586124735	
EUR	European	Laryngitis_and_tracheitis	chr6-167181003-INV-209976	0.7678648452551141	2.155159738182174	0.280558967538204	True	0.5791960304981982	221336	3798	217538	True	two	0.5562447544387641	8.350125479866948	
EUR	European	Lump_or_mass_in_breast_or_nonspecific_abnormal_breast_exam	chr6-167181003-INV-209976	0.462538343833288	1.588100016990803	0.139883017107046	True	0.4070752969744373	188960	27449	161511	True	two	0.863833412083007	2.9196157831920493	
EUR	European	Melanocytic_nevi	chr6-167181003-INV-209976	0.399294388842053	1.490772420781721	0.195974225526184	True	0.4835354491956232	187334	25823	161511	True	two	0.8188111616544501	2.7141818707904672	
EUR	European	Migraine	chr6-167181003-INV-209976	-0.058316530246179	0.943351300954444	0.8491295643841791	True	0.955781038117909	214732	24112	190620	True	two	0.51677343802257	1.722053827723196	
EUR	European	Mild_cognitive_impairment	chr6-167181003-INV-209976	0.262747937623276	1.300498870798068	0.7365835457266571	True	0.8956579264939163	193977	3357	190620	True	two	0.285068197450698	5.932956843562161	
EUR	European	Morbid_obesity	chr6-167181003-INV-209976	0.014290136774621	1.014392728881719	0.965931705803407	True	0.9849461094609544	187242	19576	167666	True	two	0.962801370694871	1.038137822251722	
EUR	European	Multinodular_goiter	chr6-167181003-INV-209976	0.216551869695965	1.241787494823174	0.7010723518041181	True	0.8687930101304621	174257	6591	167666	True	two	0.414141179622767	3.723455329179837	
EUR	European	Other_follicular_disorders	chr6-167181003-INV-209976	0.844574703768696	2.326987944887983	0.001959205260172	True	0.0167862540349772	189050	29809	159241	True	two	1.378469080396254	3.928178711195642	
EUR	European	Other_skin_and_subcutaneous_disorders	chr6-167181003-INV-209976	0.8358776701584261	2.306837802762462	0.003587942090557	True	0.0230027632119944	189175	29934	159241	True	two	1.32893797903489	4.004325809183781	
EUR	European	Pain_in_shoulder	chr6-167181003-INV-209976	0.323729652350268	1.3822735621924	0.196508458606912	True	0.4835354491956232	219503	40201	179302	True	two	0.8488259762001491	2.250968106901501	
EUR	European	Pure_hypercholesterolemia	chr6-167181003-INV-209976	0.271004188931425	1.311280563237442	0.349333456802339	True	0.6293193493753143	199582	31916	167666	True	two	0.745832628324072	2.305419004513143	
EUR	European	Rosacea	chr6-167181003-INV-209976	0.196415016347488	1.217031888668111	0.709112269137647	True	0.874571798603098	167892	8651	159241	True	two	0.435853255963593	3.398314909362042	
EUR	European	Scar_conditions_and_fibrosis_of_skin	chr6-167181003-INV-209976	0.059643703603726	1.0614582854009371	0.910022062425873	True	0.9579750234484826	167897	8656	159241	True	two	0.377851494465218	2.9818426237560143	
EUR	European	Sensorineural_hearing_loss	chr6-167181003-INV-209976	0.45169125073996	1.5709668388438272	0.196689877505189	True	0.4835354491956232	198841	21782	177059	True	two	0.7969157533467841	3.096860362444139	
EUR	European	Skin_changes_due_to_chronic_exposure_to_nonionizing_radiation	chr6-167181003-INV-209976	0.396979358218503	1.487325228692056	0.24939156957344	True	0.5568311768924221	183922	24681	159241	True	two	0.760372957218006	2.909278025874925	
EUR	European	Skin_changes_due_to_solar_radiation	chr6-167181003-INV-209976	0.247789079736197	1.2811896748294491	0.461474086513958	True	0.7332625055651235	185200	25959	159241	True	two	0.664408744735389	2.470537896883522	
EUR	European	Uninodular_goiter_single_thyroid_nodule	chr6-167181003-INV-209976	0.271645131530918	1.312121288209751	0.567874410463557	True	0.7850899397532964	177337	9671	167666	True	two	0.5205008601987611	3.307703034949404	
EUR	European	Urinary_incontinence_and_enuresis	chr6-167181003-INV-209976	0.338633580711341	1.4030291540691011	0.329444712310388	True	0.6228188356816824	221336	19386	201950	True	two	0.714861221878608	2.753668470077021	
EUR	European	Viral_infections	chr6-167181003-INV-209976	0.120610892918468	1.128185841849813	0.5734797009789561	True	0.7858795902304213	221336	57765	163571	True	two	0.74202721236371	1.7153054127164502	
EUR	European	Abnormal_Papanicolaou_smear	chr8-7301025-INV-5297356	0.10322007490123	1.108735387059105	0.049814299615075	True	0.2015922437547566	218461	6564	211897	True	two	1.000077509381988	1.229198884071258	
EUR	European	Abnormal_cytological_findings_in_specimens_from_genital_organs	chr8-7301025-INV-5297356	0.085371508916678	1.089121609937474	0.054157830021563	True	0.2104985958288715	221336	9439	211897	True	two	0.9984724667304432	1.18800059166081	
EUR	European	Abnormal_mammogram	chr8-7301025-INV-5297356	0.013556681869803	1.013648990341991	0.7473317032344851	True	0.900274005291775	173257	11746	161511	True	two	0.9829506336418052	1.018334188546544	
EUR	European	Acne	chr8-7301025-INV-5297356	-0.006214288587512	0.993804980169278	0.8864112797134951	True	0.9579750234484826	169148	9907	159241	True	two	0.981196674646436	1.018131680934701	
EUR	European	Alopecia_Areata	chr8-7301025-INV-5297356	0.611735214944023	1.8436277151942544	0.000870257382735	True	0.0093915275886818	159761	520	159241	True	two	1.285333641301969	2.644420905990938	
EUR	European	Aphagia_and_dysphagia	chr8-7301025-INV-5297356	-0.008320237114178	0.991714280261384	0.7982406501599191	True	0.932872527128219	221336	17972	203364	True	two	0.9858127478259292	1.013362111443637	
EUR	European	Benign_neoplasm_of_the_skin	chr8-7301025-INV-5297356	0.032854254601925	1.033399914983197	0.169144791162042	True	0.4514164803750566	200345	38834	161511	True	two	0.986118232008626	1.082948625858016	
EUR	European	Benign_sarcoma_related_cancers	chr8-7301025-INV-5297356	0.040856917782518	1.041703045700091	0.153071602138756	True	0.4309298364558457	187100	25589	161511	True	two	0.9849236488083112	1.101755691148037	
EUR	European	Conjunctivitis	chr8-7301025-INV-5297356	-0.002938073016257	0.9970662388963292	0.932632378369634	True	0.966207143990941	192663	15604	177059	True	two	0.9850152044800912	1.014658870109704	
EUR	European	Diastolic_heart_failure	chr8-7301025-INV-5297356	-0.115046238289666	0.8913249296137171	0.031241082193831	True	0.1331202802912611	221336	6420	214916	True	two	0.8027336861657071	0.989693274173744	
EUR	European	Disorder_of_nervous_system	chr8-7301025-INV-5297356	-0.005450585953288	0.99456424153859	0.91693783183734	True	0.9579750234484826	197211	6591	190620	True	two	0.9774789590463472	1.021830398205033	
EUR	European	Epidermal_thickening	chr8-7301025-INV-5297356	0.041908529343036	1.042799088870402	0.24192050108627	True	0.5544903520472915	174555	15314	159241	True	two	0.9721113673324132	1.118626914869821	
EUR	European	Flat_foot_pes_planus	chr8-7301025-INV-5297356	0.117551348804829	1.124739382483994	0.074265169125222	True	0.2671483167143402	183387	4085	179302	True	two	0.98853000404906	1.279717027635807	
EUR	European	Goiter	chr8-7301025-INV-5297356	-0.153098106445021	0.85804553788458	3.151885921140772e-05	True	0.0010204230669693	182053	14387	167666	True	two	0.7983577659997121	0.922195757890208	
EUR	European	Hearing_impairment	chr8-7301025-INV-5297356	-0.026092816549753	0.974244659384204	0.33268796965608	True	0.624392638702353	207412	30353	177059	True	two	0.92414577176961	1.027059458943526	
EUR	European	High_risk_human_papillomavirus_HPV_DNA_test_positive	chr8-7301025-INV-5297356	0.132598027513591	1.141790937530052	0.118061250744202	True	0.372681629248923	214395	2498	211897	True	two	0.9668651933828852	1.348364336567327	
EUR	European	Hypertrophic_conditions_of_skin	chr8-7301025-INV-5297356	0.035487671312658	1.036124873989702	0.321621285775436	True	0.6216411419092384	174342	15101	159241	True	two	0.96590462010631	1.111450066759197	
EUR	European	Inflammation_of_the_eye	chr8-7301025-INV-5297356	-0.010518512444994	0.989536613656205	0.7295590763541041	True	0.8913009470552498	198166	21107	177059	True	two	0.986706334808218	1.012276594499455	
EUR	European	Laryngitis_and_tracheitis	chr8-7301025-INV-5297356	0.078955928141757	1.082156628365825	0.246526617961781	True	0.5568311768924221	221336	3798	217538	True	two	0.946871268232652	1.236771045447282	
EUR	European	Lump_or_mass_in_breast_or_nonspecific_abnormal_breast_exam	chr8-7301025-INV-5297356	0.033711468669112	1.034286139715235	0.249273120444125	True	0.5568311768924221	188960	27449	161511	True	two	0.9766386947664232	1.095336304551079	
EUR	European	Melanocytic_nevi	chr8-7301025-INV-5297356	0.036470852108076	1.037144073013817	0.196040219454961	True	0.4835354491956232	187334	25823	161511	True	two	0.981359001680385	1.096100230747178	
EUR	European	Migraine	chr8-7301025-INV-5297356	-0.040217063799037	0.960580909179558	0.161081228396999	True	0.4438301931364121	214732	24112	190620	True	two	0.9080441118512792	1.016157333148756	
EUR	European	Mild_cognitive_impairment	chr8-7301025-INV-5297356	-0.125835033463021	0.8817602957284131	0.085595649067844	True	0.295590308114288	193977	3357	190620	True	two	0.7639138066776161	1.017786577918438	
EUR	European	Morbid_obesity	chr8-7301025-INV-5297356	-0.047928528585493	0.95320191133192	0.127994111590982	True	0.3900055870831099	187242	19576	167666	True	two	0.8961502441443521	1.013885662257844	
EUR	European	Multinodular_goiter	chr8-7301025-INV-5297356	-0.261282478465052	0.770063362572283	8.286881257175483e-07	True	7.154340818694834e-05	174257	6591	167666	True	two	0.6940488188549341	0.8544032728914941	
EUR	European	Other_follicular_disorders	chr8-7301025-INV-5297356	0.01340564163162	1.013495900118738	0.611487271475739	True	0.8163670273825588	189050	29809	159241	True	two	0.962403953626156	1.067300207659471	
EUR	European	Other_skin_and_subcutaneous_disorders	chr8-7301025-INV-5297356	0.027575842313989	1.02795957498374	0.301350207444793	True	0.6050364630093131	189175	29934	159241	True	two	0.9755848447631432	1.083146067175021	
EUR	European	Pain_in_shoulder	chr8-7301025-INV-5297356	-0.014403713391604	0.98569952382731	0.536027688185017	True	0.7730297973368259	219503	40201	179302	True	two	0.941742678730464	1.03170810160497	
EUR	European	Pure_hypercholesterolemia	chr8-7301025-INV-5297356	-0.015697527058037	0.9844250369644332	0.553663835410532	True	0.7785956860465798	199582	31916	167666	True	two	0.934593570492428	1.036913460566414	
EUR	European	Rosacea	chr8-7301025-INV-5297356	0.023615218465525	1.02389626570722	0.6107378747901401	True	0.8163670273825588	167892	8651	159241	True	two	0.934900620210739	1.121363640440066	
EUR	European	Scar_conditions_and_fibrosis_of_skin	chr8-7301025-INV-5297356	0.045613919063222	1.046670233515102	0.326730129220744	True	0.6228089826805127	167897	8656	159241	True	two	0.95547428102022	1.146570451437796	
EUR	European	Sensorineural_hearing_loss	chr8-7301025-INV-5297356	-0.018893299507772	0.98128406014928	0.5463114782875701	True	0.7785956860465798	198841	21782	177059	True	two	0.9228645302983852	1.043401685826759	
EUR	European	Skin_changes_due_to_chronic_exposure_to_nonionizing_radiation	chr8-7301025-INV-5297356	0.08836381563049	1.09238547665283	0.003038209567565	True	0.0230027632119944	183922	24681	159241	True	two	1.030377639221569	1.158124928354958	
EUR	European	Skin_changes_due_to_solar_radiation	chr8-7301025-INV-5297356	0.086101004838681	1.08991640957679	0.003048738795828	True	0.0230027632119944	185200	25959	159241	True	two	1.029567581406322	1.153802626770884	
EUR	European	Uninodular_goiter_single_thyroid_nodule	chr8-7301025-INV-5297356	-0.162368443392205	0.8501279228147951	0.000232444116584	True	0.0030101513097628	177337	9671	167666	True	two	0.779710215383528	0.926905241063058	
EUR	European	Urinary_incontinence_and_enuresis	chr8-7301025-INV-5297356	-0.0543691170478	0.947082457694292	0.088481546271852	True	0.2996182948905294	221336	19386	201950	True	two	0.8896515054964781	1.00822083268628	
EUR	European	Viral_infections	chr8-7301025-INV-5297356	0.043784071605679	1.044756737885894	0.029776830888766	True	0.1329689517274206	221336	57765	163571	True	two	1.00430188286873	1.086841177913678	
MID	Middle Eastern	Benign_neoplasm_of_the_skin	chr10-79542902-INV-674513	0.002721385597576	1.002725091928718	0.992960730977412	True	0.992960730977412	1311	151	1160	True	two	0.7062931034162331	1.346373930725027	
MID	Middle Eastern	Benign_sarcoma_related_cancers	chr10-79542902-INV-674513	-0.5074789945571371	0.6020113412547681	0.160317110729362	True	0.9274613272219532	1281	121	1160	True	one	0.0	0.6132808252596941	
MID	Middle Eastern	Goiter	chr10-79542902-INV-674513	-0.239077364905207	0.787353966451362	0.5367826041195011	True	0.9274613272219532	1286	101	1185	True	two	0.6004978921021901	1.3392141044800772	
MID	Middle Eastern	Hearing_impairment	chr10-79542902-INV-674513	-0.579573504101886	0.560137211851749	0.102009052996029	True	0.9274613272219532	1380	138	1242	True	one	0.0	0.6301235183502351	
MID	Middle Eastern	Inflammation_of_the_eye	chr10-79542902-INV-674513	-0.665342266716448	0.514097539114184	0.087343777918554	True	0.9274613272219532	1356	114	1242	True	one	0.0	0.6020987967734861	
MID	Middle Eastern	Lump_or_mass_in_breast_or_nonspecific_abnormal_breast_exam	chr10-79542902-INV-674513	-0.264857372388285	0.7673153825320601	0.463308457075932	True	0.9274613272219532	1309	149	1160	True	two	0.634988839231434	1.30240904946445	
MID	Middle Eastern	Melanocytic_nevi	chr10-79542902-INV-674513	0.12797350154508	1.136522886197576	0.719009738428518	True	0.9274613272219532	1265	105	1160	True	two	0.6958144454155321	1.434738074920988	
MID	Middle Eastern	Migraine	chr10-79542902-INV-674513	-1.127958282546089	0.323693472818404	0.007463019358961	True	0.679134761665451	1435	108	1327	True	two	0.130501839897023	0.8028811274072261	
MID	Middle Eastern	Other_follicular_disorders	chr10-79542902-INV-674513	-0.259060761877693	0.7717761270523351	0.35223930070651	True	0.9274613272219532	1339	206	1133	True	two	0.6931284888773981	1.198580344672129	
MID	Middle Eastern	Other_skin_and_subcutaneous_disorders	chr10-79542902-INV-674513	-0.1396097466231	0.869697571595147	0.6897734730682821	True	0.9274613272219532	1256	123	1133	True	two	0.644691444183856	1.334916335995198	
MID	Middle Eastern	Pain_in_shoulder	chr10-79542902-INV-674513	-0.260283648970769	0.7708329088300581	0.333566914480211	True	0.9274613272219532	1448	233	1215	True	two	0.705955221064494	1.187075466285711	
MID	Middle Eastern	Pure_hypercholesterolemia	chr10-79542902-INV-674513	-0.534701580595364	0.585844091306404	0.106163688336067	True	0.9274613272219532	1343	158	1185	True	one	0.0	0.652924093728939	
MID	Middle Eastern	Viral_infections	chr10-79542902-INV-674513	-0.137166793325771	0.8718247994465561	0.5384645196544391	True	0.9274613272219532	1462	337	1125	True	two	0.7583535492100061	1.195509898706978	
MID	Middle Eastern	Benign_neoplasm_of_the_skin	chr12-46897663-INV-16289	-0.244902944805475	0.782780507469627	0.360126550042681	True	0.9274613272219532	1311	151	1160	True	two	0.6425816026956951	1.2178197265259811	
MID	Middle Eastern	Benign_sarcoma_related_cancers	chr12-46897663-INV-16289	-0.594125984351997	0.552044850912887	0.060108628304582	True	0.9274613272219532	1281	121	1160	True	one	0.0	0.571175066326113	
MID	Middle Eastern	Goiter	chr12-46897663-INV-16289	0.244117491357197	1.276494298726909	0.431842226487476	True	0.9274613272219532	1286	101	1185	True	two	0.751263560270765	1.4973431071122691	
MID	Middle Eastern	Hearing_impairment	chr12-46897663-INV-16289	-0.126353063281593	0.88130363589431	0.657142081880823	True	0.9274613272219532	1380	138	1242	True	two	0.649236745160739	1.316592270285349	
MID	Middle Eastern	Inflammation_of_the_eye	chr12-46897663-INV-16289	-0.079857035162396	0.923248328999397	0.790514041091627	True	0.9274613272219532	1356	114	1242	True	two	0.638717400732423	1.355266298216677	
MID	Middle Eastern	Lump_or_mass_in_breast_or_nonspecific_abnormal_breast_exam	chr12-46897663-INV-16289	-0.041879233288603	0.958985587115188	0.8805033646168181	True	0.9316954206991912	1309	149	1160	True	two	0.6807740489274471	1.365361741994484	
MID	Middle Eastern	Melanocytic_nevi	chr12-46897663-INV-16289	-0.326466334313379	0.7214686633776961	0.297583878607294	True	0.9274613272219532	1265	105	1160	True	two	0.577805683540074	1.228886401843504	
MID	Middle Eastern	Migraine	chr12-46897663-INV-16289	-0.120357425280653	0.8866034855776951	0.70176299820523	True	0.9274613272219532	1435	108	1327	True	two	0.619426378730704	1.3475430153485282	
MID	Middle Eastern	Other_follicular_disorders	chr12-46897663-INV-16289	-0.06476832582601	0.93728458285747	0.779490568607839	True	0.9274613272219532	1339	206	1133	True	two	0.7193942623578591	1.270128578153499	
MID	Middle Eastern	Other_skin_and_subcutaneous_disorders	chr12-46897663-INV-16289	-0.406762685206309	0.6658021762606751	0.185870916306821	True	0.9274613272219532	1256	123	1133	True	two	0.57944587079456	1.162220677949007	
MID	Middle Eastern	Pain_in_shoulder	chr12-46897663-INV-16289	0.145316606669998	1.156405638053443	0.506799795128638	True	0.9274613272219532	1448	233	1215	True	two	0.809695856035177	1.342814595107843	
MID	Middle Eastern	Pure_hypercholesterolemia	chr12-46897663-INV-16289	-0.363869757740711	0.694981704836065	0.203545664822773	True	0.9274613272219532	1343	158	1185	True	two	0.61463049682447	1.164910431805728	
MID	Middle Eastern	Viral_infections	chr12-46897663-INV-16289	0.064096287055729	1.066195054601852	0.738425382933494	True	0.9274613272219532	1462	337	1125	True	two	0.8063372166085371	1.278470538176132	
MID	Middle Eastern	Benign_neoplasm_of_the_skin	chr17-45585160-INV-706887	0.069670248427438	1.072154578298632	0.769871760363917	True	0.9274613272219532	1311	151	1160	True	two	0.786100748334361	1.275251314673503	
MID	Middle Eastern	Benign_sarcoma_related_cancers	chr17-45585160-INV-706887	0.044513202393367	1.045518779969544	0.870938907900985	True	0.9316954206991912	1281	121	1160	True	two	0.746216627231661	1.30815046397081	
MID	Middle Eastern	Goiter	chr17-45585160-INV-706887	-0.321735238335025	0.7248900880318351	0.291109659761189	True	0.9274613272219532	1286	101	1185	True	two	0.6513311052589561	1.197309240533945	
MID	Middle Eastern	Hearing_impairment	chr17-45585160-INV-706887	-0.018800121094329	0.9813754989011352	0.942252486971455	True	0.974374730845482	1380	138	1242	True	two	0.744154534752679	1.276315660362393	
MID	Middle Eastern	Inflammation_of_the_eye	chr17-45585160-INV-706887	0.076283992615064	1.079269035074534	0.7796399578843181	True	0.9274613272219532	1356	114	1242	True	two	0.7513074861431681	1.313914787813259	
MID	Middle Eastern	Lump_or_mass_in_breast_or_nonspecific_abnormal_breast_exam	chr17-45585160-INV-706887	0.064033801302434	1.066128434682126	0.804979014681084	True	0.9274613272219532	1309	149	1160	True	two	0.765143738996723	1.31625170892802	
MID	Middle Eastern	Melanocytic_nevi	chr17-45585160-INV-706887	0.150492898784719	1.162407050571116	0.5862390400987251	True	0.9274613272219532	1265	105	1160	True	two	0.7752931074039351	1.330663729336424	
MID	Middle Eastern	Migraine	chr17-45585160-INV-706887	-0.118283581743432	0.8884440703691061	0.6746994412158971	True	0.9274613272219532	1435	108	1327	True	two	0.6926157071054181	1.263279126096434	
MID	Middle Eastern	Other_follicular_disorders	chr17-45585160-INV-706887	0.070628942299426	1.073182939185547	0.730137306335054	True	0.9274613272219532	1339	206	1133	True	two	0.81584785939793	1.241863823506486	
MID	Middle Eastern	Other_skin_and_subcutaneous_disorders	chr17-45585160-INV-706887	-0.139635105508512	0.8696755173137231	0.601971844327828	True	0.9274613272219532	1256	123	1133	True	two	0.708008041163047	1.238236472278627	
MID	Middle Eastern	Pain_in_shoulder	chr17-45585160-INV-706887	-0.093169661354909	0.9110389190858952	0.648217246160385	True	0.9274613272219532	1448	233	1215	True	two	0.778254469690688	1.189285218305084	
MID	Middle Eastern	Pure_hypercholesterolemia	chr17-45585160-INV-706887	0.180097790912772	1.197334445825255	0.459581591213359	True	0.9274613272219532	1343	158	1185	True	two	0.8222130189033761	1.305460118466781	
MID	Middle Eastern	Viral_infections	chr17-45585160-INV-706887	0.130479832536542	1.139374961358954	0.450601592462811	True	0.9274613272219532	1462	337	1125	True	two	0.871394133480027	1.218911529828029	
MID	Middle Eastern	Benign_neoplasm_of_the_skin	chr4-33098029-INV-7075	1.5946335990641671	4.926523658507825	0.388645844358059	True	0.9274613272219532	1311	151	1160	True	one	1.7633828510755611	inf	
MID	Middle Eastern	Benign_sarcoma_related_cancers	chr4-33098029-INV-7075	1.684159077432311	5.3879182047689085	0.323500703457236	True	0.9274613272219532	1281	121	1160	True	one	1.850731854080235	inf	
MID	Middle Eastern	Goiter	chr4-33098029-INV-7075	1.110868250748747	3.036994122454444	0.557081801241275	True	0.9274613272219532	1286	101	1185	True	one	1.9848957202374	inf	
MID	Middle Eastern	Hearing_impairment	chr4-33098029-INV-7075	-0.105221451328825	0.9001251665990041	0.9570055323476412	True	0.9743750172562214	1380	138	1242	True	two	0.480868801231866	1.864883854232499	
MID	Middle Eastern	Inflammation_of_the_eye	chr4-33098029-INV-7075	1.2750183723154551	3.578767159736791	0.432889590070343	True	0.9274613272219532	1356	114	1242	True	one	1.86496111755407	inf	
MID	Middle Eastern	Lump_or_mass_in_breast_or_nonspecific_abnormal_breast_exam	chr4-33098029-INV-7075	1.69752558750222	5.460419331791583	0.330021714620665	True	0.9274613272219532	1309	149	1160	True	one	1.855697155634194	inf	
MID	Middle Eastern	Melanocytic_nevi	chr4-33098029-INV-7075	1.760927072365793	5.817828443048839	0.437011370277618	True	0.9274613272219532	1265	105	1160	True	one	1.940493066000412	inf	
MID	Middle Eastern	Migraine	chr4-33098029-INV-7075	-3.4814105736620062	0.030763985544778	0.16187219570643	True	0.9274613272219532	1435	108	1327	True	two	0.000109801612498	8.619388960370536	
MID	Middle Eastern	Other_follicular_disorders	chr4-33098029-INV-7075	-0.276723072876254	0.758264452031799	0.853330104321892	True	0.9316954206991912	1339	206	1133	True	two	0.5611382588017081	1.626944294877209	
MID	Middle Eastern	Other_skin_and_subcutaneous_disorders	chr4-33098029-INV-7075	-0.836946814651192	0.433030629913532	0.6914528646250271	True	0.9274613272219532	1256	123	1133	True	one	0.0	0.466422041940627	
MID	Middle Eastern	Pain_in_shoulder	chr4-33098029-INV-7075	1.3954664315928191	4.036857051238719	0.256468368434469	True	0.9274613272219532	1448	233	1215	True	one	1.572822852358781	inf	
MID	Middle Eastern	Pure_hypercholesterolemia	chr4-33098029-INV-7075	-3.436214597103039	0.032186293102589	0.169648376590691	True	0.9274613272219532	1343	158	1185	True	two	0.000125839891739	8.232345477763404	
MID	Middle Eastern	Viral_infections	chr4-33098029-INV-7075	-0.478328576016312	0.619818506024298	0.6862758224669281	True	0.9274613272219532	1462	337	1125	True	one	0.0	0.628779735249236	
MID	Middle Eastern	Benign_neoplasm_of_the_skin	chr6-141867315-INV-29159	1.022357232030462	2.77973953823387	0.482787846316611	True	0.9274613272219532	1311	151	1160	True	one	1.43770133435027	inf	
MID	Middle Eastern	Benign_sarcoma_related_cancers	chr6-141867315-INV-29159	1.229818489548901	3.420608603727808	0.408479599867042	True	0.9274613272219532	1281	121	1160	True	one	1.488761805905147	inf	
MID	Middle Eastern	Goiter	chr6-141867315-INV-29159	0.6761161026033781	1.966226262025908	0.66864531617649	True	0.9274613272219532	1286	101	1185	True	one	1.552993178814841	inf	
MID	Middle Eastern	Hearing_impairment	chr6-141867315-INV-29159	0.827877411616561	2.288456131031171	0.589294391366748	True	0.9274613272219532	1380	138	1242	True	one	1.488692196904013	inf	
MID	Middle Eastern	Inflammation_of_the_eye	chr6-141867315-INV-29159	-1.119555983351861	0.326424700451723	0.557268541569778	True	0.9274613272219532	1356	114	1242	True	one	0.0	0.6117924060120451	
MID	Middle Eastern	Lump_or_mass_in_breast_or_nonspecific_abnormal_breast_exam	chr6-141867315-INV-29159	-3.265687003125378	0.0381707026818	0.185775374419301	True	0.9274613272219532	1309	149	1160	True	two	0.000114437332692	12.7318813620324	
MID	Middle Eastern	Melanocytic_nevi	chr6-141867315-INV-29159	1.729259534246986	5.636478743358668	0.293322970074827	True	0.9274613272219532	1265	105	1160	True	one	1.481959416977018	inf	
MID	Middle Eastern	Migraine	chr6-141867315-INV-29159	-0.308888212332801	0.7342628469693561	0.866542539248187	True	0.9316954206991912	1435	108	1327	True	two	0.60077321186493	1.495385484206002	
MID	Middle Eastern	Other_follicular_disorders	chr6-141867315-INV-29159	0.796333823705192	2.217396641415589	0.511893228863989	True	0.9274613272219532	1339	206	1133	True	one	1.3694224443341572	inf	
MID	Middle Eastern	Other_skin_and_subcutaneous_disorders	chr6-141867315-INV-29159	-0.256509393538048	0.773747726296628	0.873593903255775	True	0.9316954206991912	1256	123	1133	True	two	0.619089916671534	1.4747053333791031	
MID	Middle Eastern	Pain_in_shoulder	chr6-141867315-INV-29159	-1.398717577622145	0.246913408270751	0.330944151782796	True	0.9274613272219532	1448	233	1215	True	two	0.011719596856503	5.20207579922413	
MID	Middle Eastern	Pure_hypercholesterolemia	chr6-141867315-INV-29159	-1.473213505995549	0.229187804167548	0.41559791444013	True	0.9274613272219532	1343	158	1185	True	two	0.005090862435688	10.31790786781327	
MID	Middle Eastern	Viral_infections	chr6-141867315-INV-29159	-0.327506559674089	0.720718563581147	0.764394387577352	True	0.9274613272219532	1462	337	1125	True	one	0.0	0.7440854669201851	
MID	Middle Eastern	Benign_neoplasm_of_the_skin	chr6-167181003-INV-209976	0.386167366430646	1.4713309016100862	0.8051587346212561	True	0.9274613272219532	1311	151	1160	True	two	0.632317893188161	1.500166137538548	
MID	Middle Eastern	Benign_sarcoma_related_cancers	chr6-167181003-INV-209976	1.035592548752381	2.816774817621072	0.53338489201461	True	0.9274613272219532	1281	121	1160	True	one	1.5611321003975132	inf	
MID	Middle Eastern	Goiter	chr6-167181003-INV-209976	-0.623232150534862	0.5362085270662731	0.497326315167477	True	0.9274613272219532	1286	101	1185	True	two	0.340023385403834	0.974636865192791	
MID	Middle Eastern	Hearing_impairment	chr6-167181003-INV-209976	1.06021106141689	2.88698025511262	0.538715390060962	True	0.9274613272219532	1380	138	1242	True	one	1.5398099284311062	inf	
MID	Middle Eastern	Inflammation_of_the_eye	chr6-167181003-INV-209976	-1.928577949997352	0.145354753310499	0.299703487257668	True	0.9274613272219532	1356	114	1242	True	two	0.075481153816989	0.308489556723364	
MID	Middle Eastern	Lump_or_mass_in_breast_or_nonspecific_abnormal_breast_exam	chr6-167181003-INV-209976	-2.660251300334472	0.06993064594163	0.264755620334638	True	0.9274613272219532	1309	149	1160	True	two	0.000259048814793	18.87789081652431	
MID	Middle Eastern	Melanocytic_nevi	chr6-167181003-INV-209976	0.421362119381246	1.524036061492634	0.8183419831299701	True	0.930864005810341	1265	105	1160	True	two	0.574623619602699	1.59629640196333	
MID	Middle Eastern	Migraine	chr6-167181003-INV-209976	-0.98019529684304	0.375237808935513	0.642434351073059	True	0.9274613272219532	1435	108	1327	True	one	0.0	0.574759701928596	
MID	Middle Eastern	Other_follicular_disorders	chr6-167181003-INV-209976	-0.065688628010639	0.936422394605966	0.9636675994841752	True	0.9743750172562214	1339	206	1133	True	two	0.6712341633583351	1.414059777119534	
MID	Middle Eastern	Other_skin_and_subcutaneous_disorders	chr6-167181003-INV-209976	0.985718098925948	2.6797355088528	0.5288281106203181	True	0.9274613272219532	1256	123	1133	True	one	1.5303599201078462	inf	
MID	Middle Eastern	Pain_in_shoulder	chr6-167181003-INV-209976	-0.381440322825705	0.682877137020059	0.7927658393968181	True	0.9274613272219532	1448	233	1215	True	two	0.6806716012901151	1.392342171709596	
MID	Middle Eastern	Pure_hypercholesterolemia	chr6-167181003-INV-209976	-1.5012429360640311	0.222852995909804	0.487797395789959	True	0.9274613272219532	1343	158	1185	True	two	0.002166331475212	22.925142506685688	
MID	Middle Eastern	Viral_infections	chr6-167181003-INV-209976	-2.548022917339808	0.078236192614691	0.103065239021956	True	0.9274613272219532	1462	337	1125	True	two	0.002179793986784	2.808018497138553	
MID	Middle Eastern	Benign_neoplasm_of_the_skin	chr8-7301025-INV-5297356	0.231210247242691	1.260124149227804	0.5537572586278381	True	0.9274613272219532	1311	151	1160	True	two	0.585604010669427	2.71158127768266	
MID	Middle Eastern	Benign_sarcoma_related_cancers	chr8-7301025-INV-5297356	-0.045804713058504	0.955228487626908	0.9187526772240652	True	0.9609941796251714	1281	121	1160	True	two	0.8224579356641241	1.174442964022713	
MID	Middle Eastern	Goiter	chr8-7301025-INV-5297356	0.168970619370206	1.184085349239611	0.7257076708955421	True	0.9274613272219532	1286	101	1185	True	two	0.8201155661693761	1.192382212273177	
MID	Middle Eastern	Hearing_impairment	chr8-7301025-INV-5297356	0.074223886595727	1.077047915095755	0.863988230219014	True	0.9316954206991912	1380	138	1242	True	two	0.8359348899399851	1.172583927570591	
MID	Middle Eastern	Inflammation_of_the_eye	chr8-7301025-INV-5297356	0.195545695853812	1.215974357639132	0.6541872646456931	True	0.9274613272219532	1356	114	1242	True	two	0.516287430294319	2.8638962556051397	
MID	Middle Eastern	Lump_or_mass_in_breast_or_nonspecific_abnormal_breast_exam	chr8-7301025-INV-5297356	0.358584355555365	1.431301765291124	0.402867460627858	True	0.9274613272219532	1309	149	1160	True	one	1.174092585801496	inf	
MID	Middle Eastern	Melanocytic_nevi	chr8-7301025-INV-5297356	0.466742425890253	1.594790573747463	0.308239738093144	True	0.9274613272219532	1265	105	1160	True	one	1.174881281117539	inf	
MID	Middle Eastern	Migraine	chr8-7301025-INV-5297356	-0.8953429766427831	0.408467479808567	0.03962998698726	True	0.9274613272219532	1435	108	1327	True	two	0.174166231213415	0.9579680337499972	
MID	Middle Eastern	Other_follicular_disorders	chr8-7301025-INV-5297356	0.226342352829981	1.254004903926131	0.496112945725197	True	0.9274613272219532	1339	206	1133	True	two	0.6529032938153191	2.408516412716383	
MID	Middle Eastern	Other_skin_and_subcutaneous_disorders	chr8-7301025-INV-5297356	-0.356769379364662	0.6999338983230671	0.408019126802809	True	0.9274613272219532	1256	123	1133	True	two	0.300805831571516	1.6286501477124822	
MID	Middle Eastern	Pain_in_shoulder	chr8-7301025-INV-5297356	0.179171594960833	1.196225992909956	0.585914945437912	True	0.9274613272219532	1448	233	1215	True	two	0.6274560391409321	2.2805687360545197	
MID	Middle Eastern	Pure_hypercholesterolemia	chr8-7301025-INV-5297356	0.464860872302896	1.591792711026454	0.260068933228828	True	0.9274613272219532	1343	158	1185	True	one	1.152117343782799	inf	
MID	Middle Eastern	Viral_infections	chr8-7301025-INV-5297356	0.594464429238268	1.812060198570816	0.033709599243065	True	0.9274613272219532	1462	337	1125	True	two	1.04432533860371	3.144194669866683	
SAS	South Asian	Abnormal_cytological_findings_in_specimens_from_genital_organs	chr10-79542902-INV-674513	-0.538690053852506	0.5835121214065631	0.072793533882879	True	0.4868139171069608	5363	120	5243	True	one	0.0	0.65784098987908	
SAS	South Asian	Abnormal_mammogram	chr10-79542902-INV-674513	-0.054913139525986	0.946567363672678	0.8367524346710631	True	0.932200182688644	4836	138	4698	True	two	0.7247839046723451	1.274273704783466	
SAS	South Asian	Acne	chr10-79542902-INV-674513	0.157017594311985	1.170016199349859	0.364301985062875	True	0.8463178102616808	4779	273	4506	True	two	0.8780776613391851	1.221145510111656	
SAS	South Asian	Aphagia_and_dysphagia	chr10-79542902-INV-674513	0.076021984172836	1.078986294517733	0.731875435593485	True	0.8934548011553795	5363	166	5197	True	two	0.7952008461119191	1.258791775128673	
SAS	South Asian	Benign_neoplasm_of_the_skin	chr10-79542902-INV-674513	-0.0239101987634	0.97637338535855	0.8878422391943871	True	0.9685551700302404	5016	318	4698	True	two	0.819001367927178	1.175389550884417	
SAS	South Asian	Benign_sarcoma_related_cancers	chr10-79542902-INV-674513	-0.237550076699197	0.7885574016405351	0.279793993093903	True	0.8393819792817091	4885	187	4698	True	two	0.7338848380492801	1.137559818873178	
SAS	South Asian	Conjunctivitis	chr10-79542902-INV-674513	0.001127397175466	1.001128032926554	0.995348564275246	True	0.995348564275246	5033	223	4810	True	two	0.799706631625487	1.209466789961196	
SAS	South Asian	Epidermal_thickening	chr10-79542902-INV-674513	0.033077752467075	1.033630903469796	0.862384204913422	True	0.9469316759833654	4731	225	4506	True	two	0.812202728776321	1.215477740046311	
SAS	South Asian	Goiter	chr10-79542902-INV-674513	0.102087890015601	1.107480803955743	0.610828846636843	True	0.8923412716086054	4937	208	4729	True	two	0.8262578327361181	1.24355276901729	
SAS	South Asian	Hearing_impairment	chr10-79542902-INV-674513	-0.197133204770104	0.8210812540882141	0.277060389568846	True	0.8393819792817091	5089	279	4810	True	two	0.7799450504134181	1.114092736229613	
SAS	South Asian	Hypertrophic_conditions_of_skin	chr10-79542902-INV-674513	0.079142493451746	1.082358540086929	0.7016697063173291	True	0.8934548011553795	4698	192	4506	True	two	0.811491918787789	1.243919146059168	
SAS	South Asian	Inflammation_of_the_eye	chr10-79542902-INV-674513	-0.118300587542051	0.8884289617966281	0.466318914101488	True	0.8463178102616808	5141	331	4810	True	two	0.806661797201166	1.130990293996962	
SAS	South Asian	Lump_or_mass_in_breast_or_nonspecific_abnormal_breast_exam	chr10-79542902-INV-674513	-0.098071483008737	0.9065840960787632	0.580727598296089	True	0.8869294228522087	5041	343	4698	True	two	0.8013414977944441	1.158956842621937	
SAS	South Asian	Melanocytic_nevi	chr10-79542902-INV-674513	0.296886470883876	1.34566251889937	0.185436821652834	True	0.6922974675039136	4864	166	4698	True	two	0.8736969680526431	2.072580861539043	
SAS	South Asian	Migraine	chr10-79542902-INV-674513	0.367643183223084	1.444326587060794	0.042406193688528	True	0.4248106694608263	5287	258	5029	True	two	1.019742052391872	2.045693109544365	
SAS	South Asian	Morbid_obesity	chr10-79542902-INV-674513	-0.103084241940858	0.902050979755344	0.7176810908355531	True	0.8934548011553795	4860	131	4729	True	two	0.691954254550126	1.269515791235537	
SAS	South Asian	Other_follicular_disorders	chr10-79542902-INV-674513	0.134468259451049	1.143928349512382	0.312281270025398	True	0.8463178102616808	4986	480	4506	True	two	0.9128079207974692	1.171539121481906	
SAS	South Asian	Other_skin_and_subcutaneous_disorders	chr10-79542902-INV-674513	-0.05075801011981	0.9505086561800332	0.7773586712780151	True	0.906918449824351	4776	270	4506	True	two	0.8017763457972821	1.177210530037551	
SAS	South Asian	Pain_in_shoulder	chr10-79542902-INV-674513	-0.156050016100985	0.855516399706274	0.252298161731513	True	0.8310998268802783	5321	513	4808	True	two	0.833237398713574	1.081123803063205	
SAS	South Asian	Pure_hypercholesterolemia	chr10-79542902-INV-674513	0.03015565785449	1.0306149447797	0.8434192129087731	True	0.932200182688644	5130	401	4729	True	two	0.8518853987309031	1.176272355832857	
SAS	South Asian	Sensorineural_hearing_loss	chr10-79542902-INV-674513	-0.137067996404752	0.8719109373074171	0.5523906193469651	True	0.8816497443520931	4978	168	4810	True	two	0.7366866897103861	1.201752360314446	
SAS	South Asian	Uninodular_goiter_single_thyroid_nodule	chr10-79542902-INV-674513	0.248564932174002	1.282184074665844	0.338058997774563	True	0.8463178102616808	4846	117	4729	True	two	0.8249867576858441	1.329786722888192	
SAS	South Asian	Urinary_incontinence_and_enuresis	chr10-79542902-INV-674513	-0.21789921320469	0.804206490977133	0.376657188848331	True	0.8463178102616808	5363	142	5221	True	two	0.7066493495719001	1.179518471246084	
SAS	South Asian	Viral_infections	chr10-79542902-INV-674513	-0.234592860031449	0.790892788152163	0.03424433814757	True	0.4109320577708401	5363	853	4510	True	two	0.634841449466747	0.98530334286855	
SAS	South Asian	Abnormal_cytological_findings_in_specimens_from_genital_organs	chr12-46897663-INV-16289	-0.15649917200869	0.8551322257446681	0.607588944141877	True	0.8923412716086054	5363	120	5243	True	two	0.625941310345908	1.304163662136333	
SAS	South Asian	Abnormal_mammogram	chr12-46897663-INV-16289	-0.223824488441849	0.799455435725945	0.4225071326594	True	0.8463178102616808	4836	138	4698	True	two	0.642300741543669	1.241839496706771	
SAS	South Asian	Acne	chr12-46897663-INV-16289	0.166068042961751	1.180653434146678	0.365815295288393	True	0.8463178102616808	4779	273	4506	True	two	0.8603315035104061	1.278219321625024	
SAS	South Asian	Aphagia_and_dysphagia	chr12-46897663-INV-16289	0.254690705798288	1.2900625502943122	0.275365679907219	True	0.8393819792817091	5363	166	5197	True	two	0.8473390194200141	1.359106539217858	
SAS	South Asian	Benign_neoplasm_of_the_skin	chr12-46897663-INV-16289	-0.1363801738511	0.8725108636126431	0.451838141140761	True	0.8463178102616808	5016	318	4698	True	two	0.756479095548209	1.159025634678469	
SAS	South Asian	Benign_sarcoma_related_cancers	chr12-46897663-INV-16289	0.207051623859295	1.230046069866968	0.344758427420714	True	0.8463178102616808	4885	187	4698	True	two	0.8387114736186271	1.333524586396103	
SAS	South Asian	Conjunctivitis	chr12-46897663-INV-16289	0.203496602164545	1.225680992971798	0.322194210689938	True	0.8463178102616808	5033	223	4810	True	two	0.853804003795063	1.312558522364451	
SAS	South Asian	Epidermal_thickening	chr12-46897663-INV-16289	0.469143931966181	1.5986250754468432	0.015321657354505	True	0.31581387805065	4731	225	4506	True	two	1.105895331224344	2.310889701485673	
SAS	South Asian	Goiter	chr12-46897663-INV-16289	-0.154766684275734	0.8566150159228381	0.483610177292389	True	0.8463178102616808	4937	208	4729	True	two	0.7080044062244301	1.201036430663212	
SAS	South Asian	Hearing_impairment	chr12-46897663-INV-16289	0.038314662518178	1.039058134093028	0.842038956360955	True	0.932200182688644	5089	279	4810	True	two	0.795654834427935	1.254845866955412	
SAS	South Asian	Hypertrophic_conditions_of_skin	chr12-46897663-INV-16289	-0.076775648929147	0.9260976012899792	0.7353054299626101	True	0.8934548011553795	4698	192	4506	True	two	0.719991991616118	1.247532297727402	
SAS	South Asian	Inflammation_of_the_eye	chr12-46897663-INV-16289	0.31854673647208	1.375127888308182	0.057714716715978	True	0.4868139171069608	5141	331	4810	True	two	0.9959293828059352	1.898705612917328	
SAS	South Asian	Lump_or_mass_in_breast_or_nonspecific_abnormal_breast_exam	chr12-46897663-INV-16289	-0.267587711787325	0.7652232085838441	0.154247982379168	True	0.6644528471718006	5041	343	4698	True	two	0.740189423158021	1.085112577517265	
SAS	South Asian	Melanocytic_nevi	chr12-46897663-INV-16289	-0.083685240125084	0.91972070171283	0.734448062308478	True	0.8934548011553795	4864	166	4698	True	two	0.69691287021073	1.26806492982988	
SAS	South Asian	Migraine	chr12-46897663-INV-16289	0.100088426136676	1.105268648391194	0.621963558493498	True	0.8930758788624588	5287	258	5029	True	two	0.8071891211022081	1.2853519627847851	
SAS	South Asian	Morbid_obesity	chr12-46897663-INV-16289	-0.325127994855682	0.722434879775932	0.312917826859257	True	0.8463178102616808	4860	131	4729	True	two	0.588264342831615	1.23030817589701	
SAS	South Asian	Other_follicular_disorders	chr12-46897663-INV-16289	0.154021778355425	1.166516291308206	0.274318372449634	True	0.8393819792817091	4986	480	4506	True	two	0.907320355160066	1.218245141220592	
SAS	South Asian	Other_skin_and_subcutaneous_disorders	chr12-46897663-INV-16289	-0.274689870261943	0.759807725660351	0.172195170216062	True	0.6727625254953121	4776	270	4506	True	two	0.7158589201441801	1.098478217886018	
SAS	South Asian	Pain_in_shoulder	chr12-46897663-INV-16289	0.006187002801934	1.006206181836949	0.9657302014683752	True	0.995348564275246	5321	513	4808	True	two	0.8365475078523531	1.181547483930187	
SAS	South Asian	Pure_hypercholesterolemia	chr12-46897663-INV-16289	0.140571817102921	1.150931733179577	0.389858746643942	True	0.8463178102616808	5130	401	4729	True	two	0.873116024899487	1.247572311366192	
SAS	South Asian	Sensorineural_hearing_loss	chr12-46897663-INV-16289	0.0800513024049	1.083342644332323	0.7506145613459321	True	0.8934548011553795	4978	168	4810	True	two	0.7486994752007601	1.346219506038203	
SAS	South Asian	Uninodular_goiter_single_thyroid_nodule	chr12-46897663-INV-16289	-0.7531288861576421	0.470890881380549	0.021994467519343	True	0.31581387805065	4846	117	4729	True	two	0.236145832368887	0.938988505293496	
SAS	South Asian	Urinary_incontinence_and_enuresis	chr12-46897663-INV-16289	-0.057710030884145	0.943923616453596	0.823346398180397	True	0.932200182688644	5363	142	5221	True	two	0.692843256088131	1.295733763472354	
SAS	South Asian	Viral_infections	chr12-46897663-INV-16289	-0.043428727765723	0.957500794880074	0.7097777815337001	True	0.8934548011553795	5363	853	4510	True	two	0.8517788011779801	1.12547161883376	
SAS	South Asian	Abnormal_cytological_findings_in_specimens_from_genital_organs	chr17-45585160-INV-706887	0.010101584823706	1.010152778064097	0.977301514100927	True	0.995348564275246	5363	120	5243	True	two	0.669520994803905	1.385432506120515	
SAS	South Asian	Abnormal_mammogram	chr17-45585160-INV-706887	0.355188118952433	1.426448971129095	0.325118709141965	True	0.8463178102616808	4836	138	4698	True	two	0.778996789489875	1.475983406600809	
SAS	South Asian	Acne	chr17-45585160-INV-706887	-0.11593060713485	0.8905370180685951	0.6528203540102231	True	0.8934548011553795	4779	273	4506	True	two	0.7334345254640261	1.234315511488488	
SAS	South Asian	Aphagia_and_dysphagia	chr17-45585160-INV-706887	0.435079869424725	1.545086459189967	0.153098375608377	True	0.6644528471718006	5363	166	5197	True	one	1.38732552618847	inf	
SAS	South Asian	Benign_neoplasm_of_the_skin	chr17-45585160-INV-706887	0.185241661100014	1.203509246356355	0.410569148652399	True	0.8463178102616808	5016	318	4698	True	two	0.84101063185756	1.282091595817605	
SAS	South Asian	Benign_sarcoma_related_cancers	chr17-45585160-INV-706887	0.7551695133360521	2.127972212452388	0.007294366144005	True	0.245090702438568	4885	187	4698	True	two	1.247085813045104	3.631077901457723	
SAS	South Asian	Conjunctivitis	chr17-45585160-INV-706887	-0.388913313221061	0.677793023161338	0.167955037405114	True	0.671820149620456	5033	223	4810	True	one	0.0	0.688681557259469	
SAS	South Asian	Epidermal_thickening	chr17-45585160-INV-706887	-0.270656871393527	0.7628782168400651	0.344574492555763	True	0.8463178102616808	4731	225	4506	True	two	0.6888207473619841	1.198186584230968	
SAS	South Asian	Goiter	chr17-45585160-INV-706887	0.335726006559927	1.39895566761877	0.224962198336771	True	0.7873676941786987	4937	208	4729	True	two	0.820006170577471	2.3866612596152192	
SAS	South Asian	Hearing_impairment	chr17-45585160-INV-706887	-0.13647600929879	0.8724272501500441	0.6012789341820981	True	0.8923412716086054	5089	279	4810	True	two	0.725043892181039	1.235066778102586	
SAS	South Asian	Hypertrophic_conditions_of_skin	chr17-45585160-INV-706887	-0.5776492614047231	0.5612160894693551	0.078655440960578	True	0.4868139171069608	4698	192	4506	True	one	0.0	0.670313145008661	
SAS	South Asian	Inflammation_of_the_eye	chr17-45585160-INV-706887	-0.189451489931691	0.827412853777983	0.417733792110505	True	0.8463178102616808	5141	331	4810	True	two	0.7438124735264481	1.177516279344589	
SAS	South Asian	Lump_or_mass_in_breast_or_nonspecific_abnormal_breast_exam	chr17-45585160-INV-706887	0.162785164798699	1.176783847934927	0.496203942003227	True	0.8506353291483891	5041	343	4698	True	two	0.821284852432925	1.302317391007636	
SAS	South Asian	Melanocytic_nevi	chr17-45585160-INV-706887	0.502165562431614	1.652295548307967	0.086931056626243	True	0.4868139171069608	4864	166	4698	True	one	1.353819482556916	inf	
SAS	South Asian	Migraine	chr17-45585160-INV-706887	0.392774860023363	1.481084900369958	0.1025668187487	True	0.5502664154019113	5287	258	5029	True	two	0.931591866849495	2.354692607528187	
SAS	South Asian	Morbid_obesity	chr17-45585160-INV-706887	0.279791192793551	1.322853562140074	0.400711548407492	True	0.8463178102616808	4860	131	4729	True	two	0.771146063868913	1.418038250330682	
SAS	South Asian	Other_follicular_disorders	chr17-45585160-INV-706887	-0.004168356282783	0.995840319255835	0.9829526963837312	True	0.995348564275246	4986	480	4506	True	two	0.8102864075454541	1.206590458461627	
SAS	South Asian	Other_skin_and_subcutaneous_disorders	chr17-45585160-INV-706887	0.659735832192409	1.93428129205635	0.00552926433268	True	0.245090702438568	4776	270	4506	True	two	1.228674753769829	3.045105391251555	
SAS	South Asian	Pain_in_shoulder	chr17-45585160-INV-706887	0.110808213297976	1.117180625919188	0.5557374611710291	True	0.8816497443520931	5321	513	4808	True	two	0.8498995989774081	1.229902682592963	
SAS	South Asian	Pure_hypercholesterolemia	chr17-45585160-INV-706887	0.219317700198277	1.245226822660146	0.314182375518824	True	0.8463178102616808	5130	401	4729	True	two	0.864049661090403	1.280733968245961	
SAS	South Asian	Sensorineural_hearing_loss	chr17-45585160-INV-706887	-0.527248479005282	0.590226758780206	0.130069574700791	True	0.6243339585637968	4978	168	4810	True	one	0.0	0.63148847476303	
SAS	South Asian	Uninodular_goiter_single_thyroid_nodule	chr17-45585160-INV-706887	0.6602348419456471	1.9352467581550568	0.061975431838779	True	0.4868139171069608	4846	117	4729	True	one	1.418296047158591	inf	
SAS	South Asian	Urinary_incontinence_and_enuresis	chr17-45585160-INV-706887	-0.016132829194651	0.983996607897315	0.961805520640304	True	0.995348564275246	5363	142	5221	True	two	0.67523441697203	1.36623828015582	
SAS	South Asian	Viral_infections	chr17-45585160-INV-706887	0.083191146523677	1.086749517088522	0.575382607949099	True	0.8868282397747581	5363	853	4510	True	two	0.8796306578642321	1.1787482156910931	
SAS	South Asian	Abnormal_cytological_findings_in_specimens_from_genital_organs	chr4-33098029-INV-7075	4.588046718429203	98.30223057774616	0.162432700451949	True	0.671820149620456	5363	120	5243	True	two	0.5310246768072311	18197.513145077963	
SAS	South Asian	Abnormal_mammogram	chr4-33098029-INV-7075	-2.360688262533779	0.094355259652796	0.598038518699964	True	0.8923412716086054	4836	138	4698	True	two	0.04735392051314	0.205747558213847	
SAS	South Asian	Acne	chr4-33098029-INV-7075	-0.838001977098883	0.432573953230561	0.7644442670880871	True	0.8980883697258646	4779	273	4506	True	one	0.0	0.618063244084143	
SAS	South Asian	Aphagia_and_dysphagia	chr4-33098029-INV-7075	1.9780461006961567	7.22860521107571	0.476312613078096	True	0.8463178102616808	5363	166	5197	True	one	1.648382619637351	inf	
SAS	South Asian	Benign_neoplasm_of_the_skin	chr4-33098029-INV-7075	1.578419488452654	4.847288558202973	0.479185858802207	True	0.8463178102616808	5016	318	4698	True	two	0.086198189549334	272.58352512192374	
SAS	South Asian	Benign_sarcoma_related_cancers	chr4-33098029-INV-7075	2.545512137104695	12.749756037462378	0.447036375470532	True	0.8463178102616808	4885	187	4698	True	two	0.038460008458785	4226.6313900842215	
SAS	South Asian	Conjunctivitis	chr4-33098029-INV-7075	3.718749879075683	41.2128408567198	0.033397487658836	True	0.4109320577708401	5033	223	4810	True	two	1.838816242180882	923.691129390314	
SAS	South Asian	Epidermal_thickening	chr4-33098029-INV-7075	0.283399258297203	1.327635125353404	0.6962460815055681	True	0.8934548011553795	4731	225	4506	True	two	0.7890648967800981	2.339078886468595	
SAS	South Asian	Goiter	chr4-33098029-INV-7075	1.380086755164835	3.975246485699546	0.8407741163102931	True	0.932200182688644	4937	208	4729	True	two	2.41811725100087	6.821695633749615	
SAS	South Asian	Hearing_impairment	chr4-33098029-INV-7075	0.971148785168632	2.640976632148837	0.96655486688772	True	0.995348564275246	5089	279	4810	True	two	1.903419949425716	3.701006523625728	
SAS	South Asian	Hypertrophic_conditions_of_skin	chr4-33098029-INV-7075	-7.213204066379955	0.000736792636931	0.182630768599649	True	0.6922974675039136	4698	192	4506	True	two	0.000399411141542	0.001506743006471	
SAS	South Asian	Inflammation_of_the_eye	chr4-33098029-INV-7075	4.141593278294512	62.9029635774059	0.011338066881097	True	0.31581387805065	5141	331	4810	True	two	3.031062052452323	1305.4113569265803	
SAS	South Asian	Lump_or_mass_in_breast_or_nonspecific_abnormal_breast_exam	chr4-33098029-INV-7075	-3.301494659261003	0.036828080811604	0.373879270273108	True	0.8463178102616808	5041	343	4698	True	two	0.023291370289285	0.061591724141698	
SAS	South Asian	Melanocytic_nevi	chr4-33098029-INV-7075	3.677260852926201	39.53794536454956	0.084893644271344	True	0.4868139171069608	4864	166	4698	True	two	1.114979186815922	1402.0433225433742	
SAS	South Asian	Migraine	chr4-33098029-INV-7075	1.498125581442127	4.473296377341033	0.439052166454868	True	0.8463178102616808	5287	258	5029	True	two	0.12990215370782	154.0419454825997	
SAS	South Asian	Morbid_obesity	chr4-33098029-INV-7075	1.717154724106266	5.568661523674941	0.558189640852068	True	0.8816497443520931	4860	131	4729	True	one	1.760992013358	inf	
SAS	South Asian	Other_follicular_disorders	chr4-33098029-INV-7075	-1.554759058227265	0.211240273115781	0.508929709863284	True	0.8636382955255728	4986	480	4506	True	two	0.001484076494881	30.067488529007896	
SAS	South Asian	Other_skin_and_subcutaneous_disorders	chr4-33098029-INV-7075	-4.486864487040565	0.011255881498913	0.270859535943322	True	0.8393819792817091	4776	270	4506	True	two	0.006132402937265	0.024563397750151	
SAS	South Asian	Pain_in_shoulder	chr4-33098029-INV-7075	-0.6924504507614251	0.5003484862855521	0.744491461709035	True	0.8934548011553795	5321	513	4808	True	one	0.0	0.701128866372127	
SAS	South Asian	Pure_hypercholesterolemia	chr4-33098029-INV-7075	0.15157225093719	1.163662374469603	0.945697283858076	True	0.995348564275246	5130	401	4729	True	two	0.6653263198781011	1.45124513691479	
SAS	South Asian	Sensorineural_hearing_loss	chr4-33098029-INV-7075	1.942004471170548	6.972713575485351	0.748079572895974	True	0.8934548011553795	4978	168	4810	False	two			
SAS	South Asian	Uninodular_goiter_single_thyroid_nodule	chr4-33098029-INV-7075	3.774781195808845	43.58797004172532	0.7393945466949631	True	0.8934548011553795	4846	117	4729	False	two			
SAS	South Asian	Urinary_incontinence_and_enuresis	chr4-33098029-INV-7075	-0.071294073811056	0.9311880138513072	0.478295948694949	True	0.8463178102616808	5363	142	5221	True	two	0.032752258224601	2.955624001368553	
SAS	South Asian	Viral_infections	chr4-33098029-INV-7075	0.08453778144941	1.088213957755927	0.956335366790572	True	0.995348564275246	5363	853	4510	True	two	0.7583700472356261	1.298152286121042	
SAS	South Asian	Abnormal_cytological_findings_in_specimens_from_genital_organs	chr6-141867315-INV-29159	1.029254122786657	2.798977362488646	0.708886013657529	True	0.8934548011553795	5363	120	5243	False	two			
SAS	South Asian	Abnormal_mammogram	chr6-141867315-INV-29159	3.983528637188326	53.70620999470886	0.05909072532299	True	0.4868139171069608	4836	138	4698	True	one	1.164018119408562	inf	
SAS	South Asian	Acne	chr6-141867315-INV-29159	3.352050266491497	28.561231791377224	0.005374746654832	True	0.245090702438568	4779	273	4506	False	two			
SAS	South Asian	Aphagia_and_dysphagia	chr6-141867315-INV-29159	-0.5253992844017711	0.5913192126860171	0.456807897551971	True	0.8463178102616808	5363	166	5197	True	two	0.443189800357499	0.854882356195468	
SAS	South Asian	Benign_neoplasm_of_the_skin	chr6-141867315-INV-29159	0.948021245193265	2.5805982326964543	0.6323013759460521	True	0.8934548011553795	5016	318	4698	True	one	1.281322120897715	inf	
SAS	South Asian	Benign_sarcoma_related_cancers	chr6-141867315-INV-29159	4.367453356190519	78.84259182135042	0.085083647979502	True	0.4868139171069608	4885	187	4698	True	two	1.199504992124823	5182.266289777316	
SAS	South Asian	Conjunctivitis	chr6-141867315-INV-29159	1.593435814607075	4.920626277642811	0.364920555118742	True	0.8463178102616808	5033	223	4810	True	two	0.202346674423377	119.6588134360348	
SAS	South Asian	Epidermal_thickening	chr6-141867315-INV-29159	1.547903554550871	4.701603188788724	0.479389413064474	True	0.8463178102616808	4731	225	4506	True	two	0.092673991047025	238.5250952838714	
SAS	South Asian	Goiter	chr6-141867315-INV-29159	1.774485954866698	5.897248904934443	0.411579836957458	True	0.8463178102616808	4937	208	4729	True	one	1.331783862637106	inf	
SAS	South Asian	Hearing_impairment	chr6-141867315-INV-29159	2.7189820453504963	15.164877227840888	0.115673026522068	True	0.5715608369325713	5089	279	4810	True	two	0.6796571958744211	338.3669042738697	
SAS	South Asian	Hypertrophic_conditions_of_skin	chr6-141867315-INV-29159	1.708403396795116	5.5201409633135885	0.430075460270996	True	0.8463178102616808	4698	192	4506	True	one	1.342886489928764	inf	
SAS	South Asian	Inflammation_of_the_eye	chr6-141867315-INV-29159	1.500526421576192	4.484048949253569	0.380370015095533	True	0.8463178102616808	5141	331	4810	True	two	0.198377063332667	101.35594630506333	
SAS	South Asian	Lump_or_mass_in_breast_or_nonspecific_abnormal_breast_exam	chr6-141867315-INV-29159	2.838861265583374	17.09628631879492	0.037964399967802	True	0.4248106694608263	5041	343	4698	False	two			
SAS	South Asian	Melanocytic_nevi	chr6-141867315-INV-29159	0.6182460378132311	1.855670410069641	0.755182034309904	True	0.8934548011553795	4864	166	4698	True	two	1.403161722308474	2.619119155366758	
SAS	South Asian	Migraine	chr6-141867315-INV-29159	-1.015996200879571	0.362041583980452	0.566774835654917	True	0.8816497443520931	5287	258	5029	True	one	0.0	0.7349627408615751	
SAS	South Asian	Morbid_obesity	chr6-141867315-INV-29159	-0.832506357466918	0.434957759386559	0.397124713678081	True	0.8463178102616808	4860	131	4729	True	two	0.316924217956756	0.662243702403648	
SAS	South Asian	Other_follicular_disorders	chr6-141867315-INV-29159	3.092297037717303	22.02761817694159	0.0021581216474	True	0.245090702438568	4986	480	4506	False	two			
SAS	South Asian	Other_skin_and_subcutaneous_disorders	chr6-141867315-INV-29159	-0.005403679781722	0.9946108938336692	0.554088194558605	True	0.8816497443520931	4776	270	4506	True	two	0.7934140098040231	1.3038549456246	
SAS	South Asian	Pain_in_shoulder	chr6-141867315-INV-29159	1.58325269707475	4.870773222480597	0.247185263344524	True	0.8310998268802783	5321	513	4808	True	two	0.381325606832102	62.21567961807476	
SAS	South Asian	Pure_hypercholesterolemia	chr6-141867315-INV-29159	-0.8088004255344581	0.445392026798678	0.689235069636525	True	0.8934548011553795	5130	401	4729	True	one	0.0	0.770867720420585	
SAS	South Asian	Sensorineural_hearing_loss	chr6-141867315-INV-29159	3.675010145168251	39.44905707249176	0.064900354226132	True	0.4868139171069608	4978	168	4810	True	two	1.033784946368847	1505.3692834036103	
SAS	South Asian	Uninodular_goiter_single_thyroid_nodule	chr6-141867315-INV-29159	2.831892199514333	16.977555372351265	0.983594884936256	True	0.995348564275246	4846	117	4729	False	two			
SAS	South Asian	Urinary_incontinence_and_enuresis	chr6-141867315-INV-29159	-0.639090076492636	0.5277724381698891	0.448818720229459	True	0.8463178102616808	5363	142	5221	True	two	0.391749232013046	0.777836848434548	
SAS	South Asian	Viral_infections	chr6-141867315-INV-29159	2.35111231863266	10.49723950836213	0.020960001939157	True	0.31581387805065	5363	853	4510	True	two	1.540359084164613	71.53659067468644	
SAS	South Asian	Abnormal_cytological_findings_in_specimens_from_genital_organs	chr6-167181003-INV-209976	0.45408518834201	1.57473214058139	0.8433437601744531	True	0.932200182688644	5363	120	5243	True	two	0.7696980216982621	3.605734378498195	
SAS	South Asian	Abnormal_mammogram	chr6-167181003-INV-209976	-3.467962862807102	0.031180484932136	0.35188656473564	True	0.8463178102616808	4836	138	4698	True	two	0.018172730658454	0.061146136657766	
SAS	South Asian	Acne	chr6-167181003-INV-209976	1.465915017494178	4.331504830258115	0.431370657420815	True	0.8463178102616808	4779	273	4506	True	two	0.136553015312578	137.39670304315285	
SAS	South Asian	Aphagia_and_dysphagia	chr6-167181003-INV-209976	-5.805936816232735	0.003009633958064	0.114713678010577	True	0.5715608369325713	5363	166	5197	True	two	0.001946467057926	0.005038316801823	
SAS	South Asian	Benign_neoplasm_of_the_skin	chr6-167181003-INV-209976	1.33417258093701	3.796853057756221	0.431259810644687	True	0.8463178102616808	5016	318	4698	True	two	0.15975406574035	90.2392879666884	
SAS	South Asian	Benign_sarcoma_related_cancers	chr6-167181003-INV-209976	-1.152108114996746	0.315969965753313	0.617371919134439	True	0.8930758788624588	4885	187	4698	True	two	0.201110410816632	0.5384585405169531	
SAS	South Asian	Conjunctivitis	chr6-167181003-INV-209976	0.466989766908921	1.595185079659271	0.8362831691742151	True	0.932200182688644	5033	223	4810	True	one	1.37576031829472	inf	
SAS	South Asian	Epidermal_thickening	chr6-167181003-INV-209976	3.410020024636104	30.265850315971	0.042986793933536	True	0.4248106694608263	4731	225	4506	True	two	1.5342585742548631	597.0451856810657	
SAS	South Asian	Goiter	chr6-167181003-INV-209976	0.836331500858675	2.307884954174607	0.732492580126687	True	0.8934548011553795	4937	208	4729	True	one	1.395731249756687	inf	
SAS	South Asian	Hearing_impairment	chr6-167181003-INV-209976	3.482906950562427	32.55421816439346	0.018124045648734	True	0.31581387805065	5089	279	4810	True	two	2.107201711716268	502.93102667981447	
SAS	South Asian	Hypertrophic_conditions_of_skin	chr6-167181003-INV-209976	3.6863252636927193	39.89796274990803	0.05720216572251	True	0.4868139171069608	4698	192	4506	True	two	1.375935973349633	1156.9196986090792	
SAS	South Asian	Inflammation_of_the_eye	chr6-167181003-INV-209976	-0.5127128166693511	0.598868752035293	0.8112072827624841	True	0.932200182688644	5141	331	4810	True	one	0.0	0.7353500569315451	
SAS	South Asian	Lump_or_mass_in_breast_or_nonspecific_abnormal_breast_exam	chr6-167181003-INV-209976	1.86057679043861	6.4274429901320485	0.34200014040397	True	0.8463178102616808	5041	343	4698	True	one	1.3094287978748271	inf	
SAS	South Asian	Melanocytic_nevi	chr6-167181003-INV-209976	-1.337049963036566	0.262619263487106	0.638812607821415	True	0.8934548011553795	4864	166	4698	True	one	0.0	0.6490317811902391	
SAS	South Asian	Migraine	chr6-167181003-INV-209976	-0.063947548639927	0.938054200459026	0.972813931632748	True	0.995348564275246	5287	258	5029	True	two	0.7079832903177661	1.34661182659524	
SAS	South Asian	Morbid_obesity	chr6-167181003-INV-209976	-6.311528344324804	0.001815256780659	0.139025401322509	True	0.6487852061717088	4860	131	4729	True	two	0.001107181627816	0.003305864263392	
SAS	South Asian	Other_follicular_disorders	chr6-167181003-INV-209976	2.9947257797495563	19.97988025081125	0.014110897727897	True	0.31581387805065	4986	480	4506	True	two	2.213269257852017	180.36468605007315	
SAS	South Asian	Other_skin_and_subcutaneous_disorders	chr6-167181003-INV-209976	2.272475715951277	9.70339394890553	0.221537862005783	True	0.7873676941786987	4776	270	4506	True	two	0.326940839998921	287.99049432908737	
SAS	South Asian	Pain_in_shoulder	chr6-167181003-INV-209976	2.264429681782648	9.625633361322572	0.074916631322088	True	0.4868139171069608	5321	513	4808	True	two	0.867917197039847	106.75306114755124	
SAS	South Asian	Pure_hypercholesterolemia	chr6-167181003-INV-209976	0.020617265842537	1.02083126986355	0.989230067683608	True	0.995348564275246	5130	401	4729	True	two	0.750447655891409	1.298440850744374	
SAS	South Asian	Sensorineural_hearing_loss	chr6-167181003-INV-209976	4.683769260753183	108.17705260139738	0.005943351123032	True	0.245090702438568	4978	168	4810	True	two	4.081590024653567	2867.08724757792	
SAS	South Asian	Uninodular_goiter_single_thyroid_nodule	chr6-167181003-INV-209976	2.492061928780431	12.086171269998628	0.6735378916831031	True	0.8934548011553795	4846	117	4729	False	two			
SAS	South Asian	Urinary_incontinence_and_enuresis	chr6-167181003-INV-209976	3.279801870534078	26.570507777807805	0.082869944682386	True	0.4868139171069608	5363	142	5221	True	two	0.9962632386837432	708.6399017425325	
SAS	South Asian	Viral_infections	chr6-167181003-INV-209976	2.32765617799538	10.25388007641699	0.022558134146475	True	0.31581387805065	5363	853	4510	True	two	1.463415377761359	71.84703551658785	
SAS	South Asian	Abnormal_cytological_findings_in_specimens_from_genital_organs	chr8-7301025-INV-5297356	-0.234218060046871	0.79118927031425	0.529632340919941	True	0.8795644832623157	5363	120	5243	True	two	0.380597573371292	1.644730563874927	
SAS	South Asian	Abnormal_mammogram	chr8-7301025-INV-5297356	0.162298456788082	1.176211237167799	0.6555725107182051	True	0.8934548011553795	4836	138	4698	True	two	0.8352446113089921	1.189155052053726	
SAS	South Asian	Acne	chr8-7301025-INV-5297356	0.15282606582964	1.165122306735648	0.518251421785162	True	0.8706623885990722	4779	273	4506	True	two	0.733205984813956	1.851471507011025	
SAS	South Asian	Aphagia_and_dysphagia	chr8-7301025-INV-5297356	-0.234933981151126	0.790623043929065	0.437521577535019	True	0.8463178102616808	5363	166	5197	True	two	0.436289571693479	1.432729173803911	
SAS	South Asian	Benign_neoplasm_of_the_skin	chr8-7301025-INV-5297356	-0.313297635198428	0.731032299242353	0.16553336968924	True	0.671820149620456	5016	318	4698	True	two	0.468810971749039	1.139922601516324	
SAS	South Asian	Benign_sarcoma_related_cancers	chr8-7301025-INV-5297356	-0.004186580254909	0.99582217125498	0.988365384062682	True	0.995348564275246	4885	187	4698	True	two	0.851348999706503	1.144414217723899	
SAS	South Asian	Conjunctivitis	chr8-7301025-INV-5297356	0.265197572405256	1.303688523212635	0.306864522281116	True	0.8463178102616808	5033	223	4810	True	two	0.7845773774389461	2.166266597061803	
SAS	South Asian	Epidermal_thickening	chr8-7301025-INV-5297356	0.002657362873447	1.002660896791775	0.991804335838622	True	0.995348564275246	4731	225	4506	True	two	0.8652246850114901	1.132058669185951	
SAS	South Asian	Goiter	chr8-7301025-INV-5297356	-0.146255124331661	0.8639372636491071	0.594502568100668	True	0.8923412716086054	4937	208	4729	True	two	0.852773924533412	1.1248103323685	
SAS	South Asian	Hearing_impairment	chr8-7301025-INV-5297356	-0.111595094682072	0.8944063340731	0.6377176642127661	True	0.8934548011553795	5089	279	4810	True	two	0.7915088008487321	1.016852582097923	
SAS	South Asian	Hypertrophic_conditions_of_skin	chr8-7301025-INV-5297356	0.341974247450022	1.407724044563489	0.219283396120237	True	0.7873676941786987	4698	192	4506	True	two	0.8167579014494061	2.426284437684063	
SAS	South Asian	Inflammation_of_the_eye	chr8-7301025-INV-5297356	0.124941091675054	1.133081703155623	0.563522714563	True	0.8816497443520931	5141	331	4810	True	two	0.741826427041903	1.7306934603901971	
SAS	South Asian	Lump_or_mass_in_breast_or_nonspecific_abnormal_breast_exam	chr8-7301025-INV-5297356	-0.092865042022611	0.911316481426406	0.6976858832647711	True	0.8934548011553795	5041	343	4698	True	two	0.8775367564232991	1.11375366031964	
SAS	South Asian	Melanocytic_nevi	chr8-7301025-INV-5297356	-0.443524593023461	0.641770450464453	0.153909001036607	True	0.6644528471718006	4864	166	4698	True	one	0.0	0.8544007319897581	
SAS	South Asian	Migraine	chr8-7301025-INV-5297356	-0.289704676636668	0.748484579925449	0.248067249433095	True	0.8310998268802783	5287	258	5029	True	two	0.457166226801818	1.225438655662189	
SAS	South Asian	Morbid_obesity	chr8-7301025-INV-5297356	-0.225800808006514	0.797877016551345	0.5340212934092631	True	0.8795644832623157	4860	131	4729	True	two	0.391099365622651	1.6277391105643	
SAS	South Asian	Other_follicular_disorders	chr8-7301025-INV-5297356	0.073142408959034	1.07588374148926	0.686264707930747	True	0.8934548011553795	4986	480	4506	True	two	0.91337454419597	1.096350809579911	
SAS	South Asian	Other_skin_and_subcutaneous_disorders	chr8-7301025-INV-5297356	0.093901021167285	1.098451017136868	0.693300091308028	True	0.8934548011553795	4776	270	4506	True	two	0.8854767922080201	1.125601885507177	
SAS	South Asian	Pain_in_shoulder	chr8-7301025-INV-5297356	-0.327563892086098	0.7206772442319981	0.070687043562821	True	0.4868139171069608	5321	513	4808	True	two	0.5046684160226791	1.029142450496618	
SAS	South Asian	Pure_hypercholesterolemia	chr8-7301025-INV-5297356	0.023347611062776	1.02362230014611	0.909373272822424	True	0.9856432892526918	5130	401	4729	True	two	0.8962859572252461	1.108121022606582	
SAS	South Asian	Sensorineural_hearing_loss	chr8-7301025-INV-5297356	0.265907182281348	1.304613961775393	0.390172470569813	True	0.8463178102616808	4978	168	4810	True	two	0.7119831233857551	2.39053080523248	
SAS	South Asian	Uninodular_goiter_single_thyroid_nodule	chr8-7301025-INV-5297356	-0.124171219154082	0.883228602281503	0.731171625303058	True	0.8934548011553795	4846	117	4729	True	two	0.8055810270276461	1.17124580659312	
SAS	South Asian	Urinary_incontinence_and_enuresis	chr8-7301025-INV-5297356	0.5250930461619221	1.690616146404695	0.104812650552745	True	0.5502664154019113	5363	142	5221	True	one	1.13163617903862	inf	
SAS	South Asian	Viral_infections	chr8-7301025-INV-5297356	0.098556538192929	1.103576796868449	0.493369968674038	True	0.8506353291483891	5363	853	4510	True	two	0.832515805685155	1.462893242710411	
