Phenotype	N_Total	N_Cases	N_Controls	Beta	OR	P_Value	P_Valid	P_Source	OR_CI95	CI_Method	CI_Sided	CI_Label	CI_Valid	CI_LO_OR	CI_HI_OR	Used_Ridge	Final_Is_MLE	Used_Firth	Inference_Type	Coef_Source	P_Value_Method	N_Total_Used	N_Cases_Used	N_Controls_Used	Model_Notes	Inversion	P_LRT_Overall	P_Value_lrt	P_Overall_Valid	P_Source_lrt	P_Method	Q_GLOBAL	Sig_Global	CI_Valid_DISPLAY	CI_Method_DISPLAY	CI_Label_DISPLAY	OR_CI95_DISPLAY	CI_LO_OR_DISPLAY	CI_HI_OR_DISPLAY	FINAL_INTERPRETATION
Mild_cognitive_impairment	63859	473	63386	-0.711291888827688	0.49100945790981504	0.23882430128923102	True	lrt_mle	0.150,1.604	lrt_quadratic	two		True	0.1503463411558574	1.6035660455944396	False	True	False	mle	mle	lrt_mle	63859	473	63386	ridge_seeded_refit;ridge_seeded_refit;inference=mle;ci=lrt_quadratic	chr6-167181003-INV-209976	0.23882430128923102	0.23882430128923102	True	lrt_mle	lrt_mle	0.6996213100107194	False	True	lrt_quadratic		0.150,1.604	0.1503463411558574	1.6035660455944396	
Acne	62021	2048	59973	-0.13663718234374	0.872286649724444	0.589015973490855	True	lrt_mle	0.529,1.440	wald_mle	two		True	0.528525999929656	1.439633999819809	False	True	False	mle	mle	lrt_mle	62021	2048	59973	ridge_seeded_refit;ridge_seeded_refit;inference=mle;ci=wald_mle	chr6-167181003-INV-209976	0.589015973490855	0.589015973490855	True	lrt_mle	lrt_mle	0.8813713011780374	False	True	wald_mle		0.529,1.440	0.528525999929656	1.439633999819809	
Other_skin_and_subcutaneous_disorders	64139	4166	59973	-0.21905848118735002	0.803274740319397	0.251143675259686	True	lrt_mle	0.549,1.174	wald_mle	two		True	0.5494782192107971	1.174296425001073	False	True	False	mle	mle	lrt_mle	64139	4166	59973	ridge_seeded_refit;ridge_seeded_refit;inference=mle;ci=wald_mle	chr6-167181003-INV-209976	0.251143675259686	0.251143675259686	True	lrt_mle	lrt_mle	0.7017987804992146	False	True	wald_mle		0.549,1.174	0.5494782192107971	1.174296425001073	
Inflammation_of_the_eye	67549	5024	62525	-0.376546239702363	0.6862273860030601	0.040280621550355	True	lrt_mle	0.474,0.993	wald_mle	two		True	0.47420621319854805	0.993044823525805	False	True	False	mle	mle	lrt_mle	67549	5024	62525	ridge_seeded_refit;ridge_seeded_refit;inference=mle;ci=wald_mle	chr6-167181003-INV-209976	0.040280621550355	0.040280621550355	True	lrt_mle	lrt_mle	0.45621207428101856	False	True	wald_mle		0.474,0.993	0.47420621319854805	0.993044823525805	
Hearing_impairment	66524	3999	62525	-0.053361096092958006	0.9480376179875281	0.7839780143144781	True	lrt_mle	0.647,1.388	lrt_quadratic	two		True	0.6473500882259667	1.3883914460914348	False	True	False	mle	mle	lrt_mle	66524	3999	62525	ridge_seeded_refit;ridge_seeded_refit;inference=mle;ci=lrt_quadratic	chr6-167181003-INV-209976	0.7839780143144781	0.7839780143144781	True	lrt_mle	lrt_mle	0.95097992780583	False	True	lrt_quadratic		0.647,1.388	0.6473500882259667	1.3883914460914348	
Abnormal_Papanicolaou_smear	69761	2121	67640	-0.15706487656607002	0.8546486103520151	0.49744986580724204	True	lrt_mle	0.540,1.352	wald_mle	two		True	0.540153243020503	1.3522537476441752	False	True	False	mle	mle	lrt_mle	69761	2121	67640	ridge_seeded_refit;ridge_seeded_refit;inference=mle;ci=wald_mle	chr6-167181003-INV-209976	0.49744986580724204	0.49744986580724204	True	lrt_mle	lrt_mle	0.8476283897636557	False	True	wald_mle		0.540,1.352	0.540153243020503	1.3522537476441752	
Rosacea	60783	810	59973	0.602818785228879	1.8272622076248832	0.13495539183361402	True	lrt_mle	0.829,4.028	lrt_quadratic	two		True	0.8289733747754476	4.027737532967926	False	True	False	mle	mle	lrt_mle	60783	810	59973	ridge_seeded_refit;ridge_seeded_refit;inference=mle;ci=lrt_quadratic	chr6-167181003-INV-209976	0.13495539183361402	0.13495539183361402	True	lrt_mle	lrt_mle	0.6316866105383425	False	True	lrt_quadratic		0.829,4.028	0.8289733747754476	4.027737532967926	
Epidermal_thickening	62586	2613	59973	-0.077856972654659	0.925096731211369	0.7396763619636421	True	lrt_mle	0.584,1.464	lrt_quadratic	two		True	0.5844429793801768	1.4643070278739132	False	True	False	mle	mle	lrt_mle	62586	2613	59973	ridge_seeded_refit;ridge_seeded_refit;inference=mle;ci=lrt_quadratic	chr6-167181003-INV-209976	0.7396763619636421	0.7396763619636421	True	lrt_mle	lrt_mle	0.9345179402369918	False	True	lrt_quadratic		0.584,1.464	0.5844429793801768	1.4643070278739132	
Abnormal_cytological_findings_in_specimens_from_genital_organs	70513	2873	67640	-0.24927619101412102	0.779364690132281	0.229173556223974	True	lrt_mle	0.516,1.178	wald_mle	two		True	0.5155334556783591	1.17821513528299	False	True	False	mle	mle	lrt_mle	70513	2873	67640	ridge_seeded_refit;ridge_seeded_refit;inference=mle;ci=wald_mle	chr6-167181003-INV-209976	0.229173556223974	0.229173556223974	True	lrt_mle	lrt_mle	0.6983053066118737	False	True	wald_mle		0.516,1.178	0.5155334556783591	1.17821513528299	
Multinodular_goiter	59618	1143	58475	-0.09355697936339501	0.910686125632141	0.7788790507349931	True	lrt_mle	0.474,1.750	lrt_quadratic	two		True	0.47396383526934294	1.7498154029992181	False	True	False	mle	mle	lrt_mle	59618	1143	58475	ridge_seeded_refit;ridge_seeded_refit;inference=mle;ci=lrt_quadratic	chr6-167181003-INV-209976	0.7788790507349931	0.7788790507349931	True	lrt_mle	lrt_mle	0.95097992780583	False	True	lrt_quadratic		0.474,1.750	0.47396383526934294	1.7498154029992181	
Pure_hypercholesterolemia	64015	5540	58475	-0.20128968038213102	0.8176755326822711	0.248472049456802	True	lrt_mle	0.579,1.155	wald_mle	two		True	0.578658012294573	1.1554204081544461	False	True	False	mle	mle	lrt_mle	64015	5540	58475	ridge_seeded_refit;ridge_seeded_refit;inference=mle;ci=wald_mle	chr6-167181003-INV-209976	0.248472049456802	0.248472049456802	True	lrt_mle	lrt_mle	0.7017987804992146	False	True	wald_mle		0.579,1.155	0.578658012294573	1.1554204081544461	
Benign_sarcoma_related_cancers	63821	3035	60786	-0.187882127359825	0.828712383992504	0.38938461787510403	True	lrt_mle	0.537,1.279	wald_mle	two		True	0.5371269597043451	1.278588242453072	False	True	False	mle	mle	lrt_mle	63821	3035	60786	ridge_seeded_refit;ridge_seeded_refit;inference=mle;ci=wald_mle	chr6-167181003-INV-209976	0.38938461787510403	0.38938461787510403	True	lrt_mle	lrt_mle	0.8188105359599952	False	True	wald_mle		0.537,1.279	0.5371269597043451	1.278588242453072	
Melanocytic_nevi	62560	1774	60786	-0.508270992760951	0.6015347381131481	0.12212072234356101	True	lrt_mle	0.316,1.146	lrt_quadratic	two		True	0.3157934825517118	1.1458249177058348	False	True	False	mle	mle	lrt_mle	62560	1774	60786	ridge_seeded_refit;ridge_seeded_refit;inference=mle;ci=lrt_quadratic	chr6-167181003-INV-209976	0.12212072234356101	0.12212072234356101	True	lrt_mle	lrt_mle	0.6201817075878883	False	True	lrt_quadratic		0.316,1.146	0.3157934825517118	1.1458249177058348	
Migraine	69354	5968	63386	0.261127079365613	1.298392653864926	0.093801534682661	True	lrt_mle	0.961,1.754	wald_mle	two		True	0.961216217797434	1.7538441948819399	False	True	False	mle	mle	lrt_mle	69354	5968	63386	ridge_seeded_refit;ridge_seeded_refit;inference=mle;ci=wald_mle	chr6-167181003-INV-209976	0.093801534682661	0.093801534682661	True	lrt_mle	lrt_mle	0.542549380413513	False	True	wald_mle		0.961,1.754	0.961216217797434	1.7538441948819399	
Diastolic_heart_failure	70513	1350	69163	-0.23158559084603803	0.7932747955364671	0.515562866960813	True	lrt_mle	0.390,1.615	wald_mle	two		True	0.38954707974912706	1.6154270791573881	False	True	False	mle	mle	lrt_mle	70513	1350	69163	ridge_seeded_refit;ridge_seeded_refit;inference=mle;ci=wald_mle	chr6-167181003-INV-209976	0.515562866960813	0.515562866960813	True	lrt_mle	lrt_mle	0.8627613778455003	False	True	wald_mle		0.390,1.615	0.38954707974912706	1.6154270791573881	
Other_follicular_disorders	65190	5217	59973	-0.099313657292089	0.905458659767652	0.550911040027231	True	lrt_mle	0.652,1.258	wald_mle	two		True	0.65191610390795	1.257608731604513	False	True	False	mle	mle	lrt_mle	65190	5217	59973	ridge_seeded_refit;ridge_seeded_refit;inference=mle;ci=wald_mle	chr6-167181003-INV-209976	0.550911040027231	0.550911040027231	True	lrt_mle	lrt_mle	0.8813713011780374	False	True	wald_mle		0.652,1.258	0.65191610390795	1.257608731604513	
Uninodular_goiter_single_thyroid_nodule	60181	1706	58475	-0.11396409401359602	0.892289993859614	0.6884248517398861	True	lrt_mle	0.511,1.557	lrt_quadratic	two		True	0.51120005897152	1.5574752372756457	False	True	False	mle	mle	lrt_mle	60181	1706	58475	ridge_seeded_refit;ridge_seeded_refit;inference=mle;ci=lrt_quadratic	chr6-167181003-INV-209976	0.6884248517398861	0.6884248517398861	True	lrt_mle	lrt_mle	0.9252583899605787	False	True	lrt_quadratic		0.511,1.557	0.51120005897152	1.5574752372756457	
Benign_neoplasm_of_the_skin	64484	3698	60786	-0.561014179136691	0.57063004919549	0.011215077284844001	True	lrt_mle	0.363,0.897	wald_mle	two		True	0.36318918786197	0.896553818029952	False	True	False	mle	mle	lrt_mle	64484	3698	60786	ridge_seeded_refit;ridge_seeded_refit;inference=mle;ci=wald_mle	chr6-167181003-INV-209976	0.011215077284844001	0.011215077284844001	True	lrt_mle	lrt_mle	0.36308812709682453	False	True	wald_mle		0.363,0.897	0.36318918786197	0.896553818029952	
High_risk_human_papillomavirus_HPV_DNA_test_positive	68545	905	67640	0.058172311456063004	1.059897612477239	0.8601649208374721	True	lrt_mle	0.555,2.025	lrt_quadratic	two		True	0.5548597692874019	2.0246249793487374	False	True	False	mle	mle	lrt_mle	43958	883	43075	sex_restricted_to_0;sex_forced_restriction_to_0;ridge_seeded_refit;ridge_seeded_refit;inference=mle;ci=lrt_quadratic	chr6-167181003-INV-209976	0.8601649208374721	0.8601649208374721	True	lrt_mle	lrt_mle	0.9750200668234134	False	True	lrt_quadratic		0.555,2.025	0.5548597692874019	2.0246249793487374	
Disorder_of_nervous_system	64812	1426	63386	-0.07760978837353401	0.9253254288459101	0.7822888838601401	True	lrt_mle	0.534,1.605	lrt_quadratic	two		True	0.5336214463054132	1.604559103081505	False	True	False	mle	mle	lrt_mle	64812	1426	63386	ridge_seeded_refit;ridge_seeded_refit;inference=mle;ci=lrt_quadratic	chr6-167181003-INV-209976	0.7822888838601401	0.7822888838601401	True	lrt_mle	lrt_mle	0.95097992780583	False	True	lrt_quadratic		0.534,1.605	0.5336214463054132	1.604559103081505	
Pain_in_shoulder	70144	7818	62326	-0.21632554687506403	0.8054730399554151	0.143531346124737	True	lrt_mle	0.601,1.080	wald_mle	two		True	0.6006749869165511	1.0800962787304331	False	True	False	mle	mle	lrt_mle	70144	7818	62326	ridge_seeded_refit;ridge_seeded_refit;inference=mle;ci=wald_mle	chr6-167181003-INV-209976	0.143531346124737	0.143531346124737	True	lrt_mle	lrt_mle	0.6409417007983945	False	True	wald_mle		0.601,1.080	0.6006749869165511	1.0800962787304331	
Flat_foot_pes_planus	63095	769	62326	-0.22459974760435203	0.7988358907593721	0.605629307806362	True	lrt_mle	0.335,1.904	wald_mle	two		True	0.33511068083204204	1.904262731288935	False	True	False	mle	mle	lrt_mle	63095	769	62326	ridge_seeded_refit;ridge_seeded_refit;inference=mle;ci=wald_mle	chr6-167181003-INV-209976	0.605629307806362	0.605629307806362	True	lrt_mle	lrt_mle	0.8813713011780374	False	True	wald_mle		0.335,1.904	0.33511068083204204	1.904262731288935	
Morbid_obesity	64663	6188	58475	-0.37620704130758403	0.6864601927124451	0.029553867047028	True	lrt_mle	0.485,0.972	wald_mle	two		True	0.48485620222970205	0.971891447426634	False	True	False	mle	mle	lrt_mle	64663	6188	58475	ridge_seeded_refit;ridge_seeded_refit;inference=mle;ci=wald_mle	chr6-167181003-INV-209976	0.029553867047028	0.029553867047028	True	lrt_mle	lrt_mle	0.45621207428101856	False	True	wald_mle		0.485,0.972	0.48485620222970205	0.971891447426634	
Skin_changes_due_to_chronic_exposure_to_nonionizing_radiation	61037	1064	59973	-1.184238045215321	0.305979233039933	0.025738906572314	True	lrt_mle	0.097,0.962	wald_mle	two		True	0.097319840294474	0.962016488810671	False	True	False	mle	mle	lrt_mle	61037	1064	59973	ridge_seeded_refit;ridge_seeded_refit;inference=mle;ci=wald_mle	chr6-167181003-INV-209976	0.025738906572314	0.025738906572314	True	lrt_mle	lrt_mle	0.45621207428101856	False	True	wald_mle		0.097,0.962	0.097319840294474	0.962016488810671	
Conjunctivitis	66055	3530	62525	-0.41502307826758905	0.660325041371134	0.051723353319800006	True	lrt_mle	0.429,1.017	wald_mle	two		True	0.42890878532407606	1.01660114033881	False	True	False	mle	mle	lrt_mle	66055	3530	62525	ridge_seeded_refit;ridge_seeded_refit;inference=mle;ci=wald_mle	chr6-167181003-INV-209976	0.051723353319800006	0.051723353319800006	True	lrt_mle	lrt_mle	0.47844101820815005	False	True	wald_mle		0.429,1.017	0.42890878532407606	1.01660114033881	
Skin_changes_due_to_solar_radiation	61239	1266	59973	-1.342413376714474	0.26121449827319704	0.0055260652693590005	True	lrt_mle	0.091,0.753	wald_mle	two		True	0.090644569756923	0.7527534665462571	False	True	False	mle	mle	lrt_mle	61239	1266	59973	ridge_seeded_refit;ridge_seeded_refit;inference=mle;ci=wald_mle	chr6-167181003-INV-209976	0.0055260652693590005	0.0055260652693590005	True	lrt_mle	lrt_mle	0.36308812709682453	False	True	wald_mle		0.091,0.753	0.090644569756923	0.7527534665462571	
Laryngitis_and_tracheitis	70513	696	69817	0.34834687739097503	1.4167235939009921	0.37692997866267003	True	lrt_mle	0.669,3.001	wald_mle	two		True	0.668911081842632	3.000556869213201	False	True	False	mle	mle	lrt_mle	70513	696	69817	ridge_seeded_refit;ridge_seeded_refit;inference=mle;ci=wald_mle	chr6-167181003-INV-209976	0.37692997866267003	0.37692997866267003	True	lrt_mle	lrt_mle	0.8188105359599952	False	True	wald_mle		0.669,3.001	0.668911081842632	3.000556869213201	
Sensorineural_hearing_loss	64833	2308	62525	-0.318406398884507	0.7273071515303381	0.21655904651753302	True	lrt_mle	0.434,1.219	wald_mle	two		True	0.43404598403928	1.218708874447972	False	True	False	mle	mle	lrt_mle	64833	2308	62525	ridge_seeded_refit;ridge_seeded_refit;inference=mle;ci=wald_mle	chr6-167181003-INV-209976	0.21655904651753302	0.21655904651753302	True	lrt_mle	lrt_mle	0.6983053066118737	False	True	wald_mle		0.434,1.219	0.43404598403928	1.218708874447972	
Goiter	61140	2665	58475	0.087185367950702	1.091098915743685	0.6966231121324821	True	lrt_mle	0.704,1.691	lrt_quadratic	two		True	0.7039130071584953	1.6912556407257693	False	True	False	mle	mle	lrt_mle	61140	2665	58475	ridge_seeded_refit;ridge_seeded_refit;inference=mle;ci=lrt_quadratic	chr6-167181003-INV-209976	0.6966231121324821	0.6966231121324821	True	lrt_mle	lrt_mle	0.9252583899605787	False	True	lrt_quadratic		0.704,1.691	0.7039130071584953	1.6912556407257693	
Alopecia_Areata	60181	208	59973	-0.307227703710363	0.7354831096058141	0.695716542472478	True	lrt_mle	0.158,3.429	lrt_quadratic	two		True	0.15773532721478334	3.4293865177004026	False	True	False	mle	mle	lrt_mle	60181	208	59973	ridge_seeded_refit;ridge_seeded_refit;inference=mle;ci=lrt_quadratic	chr6-167181003-INV-209976	0.695716542472478	0.695716542472478	True	lrt_mle	lrt_mle	0.9252583899605787	False	True	lrt_quadratic		0.158,3.429	0.15773532721478334	3.4293865177004026	
Urinary_incontinence_and_enuresis	70513	4051	66462	-0.21273531435522303	0.8083700728563451	0.28819579368845	True	lrt_mle	0.543,1.204	wald_mle	two		True	0.5427782307892141	1.2039211184642031	False	True	False	mle	mle	lrt_mle	70513	4051	66462	ridge_seeded_refit;ridge_seeded_refit;inference=mle;ci=wald_mle	chr6-167181003-INV-209976	0.28819579368845	0.28819579368845	True	lrt_mle	lrt_mle	0.7583922901270712	False	True	wald_mle		0.543,1.204	0.5427782307892141	1.2039211184642031	
Viral_infections	70513	15783	54730	-0.035932304815372004	0.964705597196237	0.7456212086295321	True	lrt_mle	0.776,1.199	lrt_quadratic	two		True	0.7764553278146995	1.1985968231824045	False	True	False	mle	mle	lrt_mle	70513	15783	54730	ridge_seeded_refit;ridge_seeded_refit;inference=mle;ci=lrt_quadratic	chr6-167181003-INV-209976	0.7456212086295321	0.7456212086295321	True	lrt_mle	lrt_mle	0.9352613915908289	False	True	lrt_quadratic		0.776,1.199	0.7764553278146995	1.1985968231824045	
Scar_conditions_and_fibrosis_of_skin	60933	960	59973	-0.9119490711279471	0.40174043976404206	0.037392982546215	True	lrt_mle	0.159,1.018	wald_mle	two		True	0.15858698241597902	1.017708884317253	False	True	False	mle	mle	lrt_mle	60933	960	59973	ridge_seeded_refit;ridge_seeded_refit;inference=mle;ci=wald_mle	chr6-167181003-INV-209976	0.037392982546215	0.037392982546215	True	lrt_mle	lrt_mle	0.45621207428101856	False	True	wald_mle		0.159,1.018	0.15858698241597902	1.017708884317253	
Abnormal_mammogram	63097	2311	60786	-0.24239832829582703	0.784743529734865	0.33759226075929505	True	lrt_mle	0.475,1.297	wald_mle	two		True	0.474855453360902	1.296862872906074	False	True	False	mle	mle	lrt_mle	40126	2304	37822	sex_restricted_to_0;sex_majority_restricted_to_0;ridge_seeded_refit;ridge_seeded_refit;inference=mle;ci=wald_mle	chr6-167181003-INV-209976	0.33759226075929505	0.33759226075929505	True	lrt_mle	lrt_mle	0.8021359707599944	False	True	wald_mle		0.475,1.297	0.474855453360902	1.296862872906074	
Lump_or_mass_in_breast_or_nonspecific_abnormal_breast_exam	66746	5960	60786	-0.279892197902737	0.7558652209198801	0.10482343669062101	True	lrt_mle	0.537,1.065	wald_mle	two		True	0.5365299667021041	1.064865464473635	False	True	False	mle	mle	lrt_mle	66746	5960	60786	ridge_seeded_refit;ridge_seeded_refit;inference=mle;ci=wald_mle	chr6-167181003-INV-209976	0.10482343669062101	0.10482343669062101	True	lrt_mle	lrt_mle	0.5540667367932824	False	True	wald_mle		0.537,1.065	0.5365299667021041	1.064865464473635	
Aphagia_and_dysphagia	70513	3384	67129	-0.118543008642031	0.888213613973938	0.58442946721454	True	lrt_mle	0.579,1.364	wald_mle	two		True	0.578580582299814	1.363549777133432	False	True	False	mle	mle	lrt_mle	70513	3384	67129	ridge_seeded_refit;ridge_seeded_refit;inference=mle;ci=wald_mle	chr6-167181003-INV-209976	0.58442946721454	0.58442946721454	True	lrt_mle	lrt_mle	0.8813713011780374	False	True	wald_mle		0.579,1.364	0.578580582299814	1.363549777133432	
Hypertrophic_conditions_of_skin	62092	2119	59973	-0.39162340327913503	0.6759586298361321	0.161230781767973	True	lrt_mle	0.384,1.190	wald_mle	two		True	0.384038259313968	1.18977747182316	False	True	False	mle	mle	lrt_mle	62092	2119	59973	ridge_seeded_refit;ridge_seeded_refit;inference=mle;ci=wald_mle	chr6-167181003-INV-209976	0.161230781767973	0.161230781767973	True	lrt_mle	lrt_mle	0.6573884579363487	False	True	wald_mle		0.384,1.190	0.384038259313968	1.18977747182316	
Mild_cognitive_impairment	63859	473	63386	0.692309562354674	1.9983254649978641	0.18073091157965301	True	lrt_mle	0.766,5.215	wald_mle	two		True	0.765806448448199	5.214509060547622	False	True	False	mle	mle	lrt_mle	63859	473	63386	ridge_seeded_refit;ridge_seeded_refit;inference=mle;ci=wald_mle	chr6-141867315-INV-29159	0.18073091157965301	0.18073091157965301	True	lrt_mle	lrt_mle	0.6573884579363487	False	True	wald_mle		0.766,5.215	0.765806448448199	5.214509060547622	
Acne	62021	2048	59973	0.056430273348224	1.058052837746365	0.8261105191025191	True	lrt_mle	0.640,1.750	lrt_quadratic	two		True	0.6395399318105465	1.750439263884403	False	True	False	mle	mle	lrt_mle	62021	2048	59973	ridge_seeded_refit;ridge_seeded_refit;inference=mle;ci=lrt_quadratic	chr6-141867315-INV-29159	0.8261105191025191	0.8261105191025191	True	lrt_mle	lrt_mle	0.9637956056196056	False	True	lrt_quadratic		0.640,1.750	0.6395399318105465	1.750439263884403	
Other_skin_and_subcutaneous_disorders	64139	4166	59973	-0.143549461177112	0.866277952000379	0.47587419720695506	True	lrt_mle	0.582,1.290	wald_mle	two		True	0.5816163613272081	1.290262000899572	False	True	False	mle	mle	lrt_mle	64139	4166	59973	ridge_seeded_refit;ridge_seeded_refit;inference=mle;ci=wald_mle	chr6-141867315-INV-29159	0.47587419720695506	0.47587419720695506	True	lrt_mle	lrt_mle	0.8422815355570126	False	True	wald_mle		0.582,1.290	0.5816163613272081	1.290262000899572	
Inflammation_of_the_eye	67549	5024	62525	0.080055697978096	1.083347406254678	0.6594178494744001	True	lrt_mle	0.760,1.544	wald_mle	two		True	0.7602596923975571	1.5437377706261661	False	True	False	mle	mle	lrt_mle	67549	5024	62525	ridge_seeded_refit;ridge_seeded_refit;inference=mle;ci=wald_mle	chr6-141867315-INV-29159	0.6594178494744001	0.6594178494744001	True	lrt_mle	lrt_mle	0.8941844136851813	False	True	wald_mle		0.760,1.544	0.7602596923975571	1.5437377706261661	
Hearing_impairment	66524	3999	62525	-0.20057690281347101	0.8182585612205571	0.353431485847908	True	lrt_mle	0.533,1.257	wald_mle	two		True	0.532682922499795	1.256933617974197	False	True	False	mle	mle	lrt_mle	66524	3999	62525	ridge_seeded_refit;ridge_seeded_refit;inference=mle;ci=wald_mle	chr6-141867315-INV-29159	0.353431485847908	0.353431485847908	True	lrt_mle	lrt_mle	0.8188105359599952	False	True	wald_mle		0.533,1.257	0.532682922499795	1.256933617974197	
Abnormal_Papanicolaou_smear	69761	2121	67640	0.104178679721468	1.10979873572966	0.6533671683824951	True	lrt_mle	0.707,1.743	wald_mle	two		True	0.706505475344806	1.743303168635813	False	True	False	mle	mle	lrt_mle	69761	2121	67640	ridge_seeded_refit;ridge_seeded_refit;inference=mle;ci=wald_mle	chr6-141867315-INV-29159	0.6533671683824951	0.6533671683824951	True	lrt_mle	lrt_mle	0.8941844136851813	False	True	wald_mle		0.707,1.743	0.706505475344806	1.743303168635813	
Rosacea	60783	810	59973	0.574932057869292	1.777009788981136	0.18330837248630702	True	lrt_mle	0.762,4.144	lrt_quadratic	two		True	0.7619191261008166	4.144486838511191	False	True	False	mle	mle	lrt_mle	60783	810	59973	ridge_seeded_refit;ridge_seeded_refit;inference=mle;ci=lrt_quadratic	chr6-141867315-INV-29159	0.18330837248630702	0.18330837248630702	True	lrt_mle	lrt_mle	0.6573884579363487	False	True	lrt_quadratic		0.762,4.144	0.7619191261008166	4.144486838511191	
Epidermal_thickening	62586	2613	59973	0.159045810766928	1.172391653611323	0.5168977290969751	True	lrt_mle	0.729,1.886	wald_mle	two		True	0.7287929499966761	1.885998196694632	False	True	False	mle	mle	lrt_mle	62586	2613	59973	ridge_seeded_refit;ridge_seeded_refit;inference=mle;ci=wald_mle	chr6-141867315-INV-29159	0.5168977290969751	0.5168977290969751	True	lrt_mle	lrt_mle	0.8627613778455003	False	True	wald_mle		0.729,1.886	0.7287929499966761	1.885998196694632	
Abnormal_cytological_findings_in_specimens_from_genital_organs	70513	2873	67640	0.035735536065197006	1.036381724655991	0.862637980039581	True	lrt_mle	0.691,1.554	lrt_quadratic	two		True	0.6913686990066171	1.5535662530632546	False	True	False	mle	mle	lrt_mle	70513	2873	67640	ridge_seeded_refit;ridge_seeded_refit;inference=mle;ci=lrt_quadratic	chr6-141867315-INV-29159	0.862637980039581	0.862637980039581	True	lrt_mle	lrt_mle	0.9750200668234134	False	True	lrt_quadratic		0.691,1.554	0.6913686990066171	1.5535662530632546	
Multinodular_goiter	59618	1143	58475	0.44524434661850404	1.560871542923766	0.17574308108321002	True	lrt_mle	0.819,2.974	lrt_quadratic	two		True	0.8193262240792359	2.973565231904019	False	True	False	mle	mle	lrt_mle	59618	1143	58475	ridge_seeded_refit;ridge_seeded_refit;inference=mle;ci=lrt_quadratic	chr6-141867315-INV-29159	0.17574308108321002	0.17574308108321002	True	lrt_mle	lrt_mle	0.6573884579363487	False	True	lrt_quadratic		0.819,2.974	0.8193262240792359	2.973565231904019	
Pure_hypercholesterolemia	64015	5540	58475	0.06143706814701701	1.063363574982905	0.7379542881724891	True	lrt_mle	0.742,1.524	lrt_quadratic	two		True	0.7419467130966299	1.5240206239085503	False	True	False	mle	mle	lrt_mle	64015	5540	58475	ridge_seeded_refit;ridge_seeded_refit;inference=mle;ci=lrt_quadratic	chr6-141867315-INV-29159	0.7379542881724891	0.7379542881724891	True	lrt_mle	lrt_mle	0.9345179402369918	False	True	lrt_quadratic		0.742,1.524	0.7419467130966299	1.5240206239085503	
Benign_sarcoma_related_cancers	63821	3035	60786	-0.012605987221612	0.9874731354133591	0.9567189322206711	True	lrt_mle	0.626,1.557	lrt_quadratic	two		True	0.6263411306530474	1.5568244610511395	False	True	False	mle	mle	lrt_mle	63821	3035	60786	ridge_seeded_refit;ridge_seeded_refit;inference=mle;ci=lrt_quadratic	chr6-141867315-INV-29159	0.9567189322206711	0.9567189322206711	True	lrt_mle	lrt_mle	0.9755519820675346	False	True	lrt_quadratic		0.626,1.557	0.6263411306530474	1.5568244610511395	
Melanocytic_nevi	62560	1774	60786	0.021375832235135003	1.021605931936542	0.9474601055643891	True	lrt_mle	0.541,1.929	lrt_quadratic	two		True	0.5409624044435415	1.9292998396838772	False	True	False	mle	mle	lrt_mle	62560	1774	60786	ridge_seeded_refit;ridge_seeded_refit;inference=mle;ci=lrt_quadratic	chr6-141867315-INV-29159	0.9474601055643891	0.9474601055643891	True	lrt_mle	lrt_mle	0.9755519820675346	False	True	lrt_quadratic		0.541,1.929	0.5409624044435415	1.9292998396838772	
Migraine	69354	5968	63386	-0.067469466043985	0.9347562619868721	0.6900684469820331	True	lrt_mle	0.670,1.304	wald_mle	two		True	0.6699982271223931	1.30413668865433	False	True	False	mle	mle	lrt_mle	69354	5968	63386	ridge_seeded_refit;ridge_seeded_refit;inference=mle;ci=wald_mle	chr6-141867315-INV-29159	0.6900684469820331	0.6900684469820331	True	lrt_mle	lrt_mle	0.9252583899605787	False	True	wald_mle		0.670,1.304	0.6699982271223931	1.30413668865433	
Diastolic_heart_failure	70513	1350	69163	-0.351949708388312	0.7033154919565421	0.374421712899122	True	lrt_mle	0.316,1.564	wald_mle	two		True	0.316256995117773	1.56408455421473	False	True	False	mle	mle	lrt_mle	70513	1350	69163	ridge_seeded_refit;ridge_seeded_refit;inference=mle;ci=wald_mle	chr6-141867315-INV-29159	0.374421712899122	0.374421712899122	True	lrt_mle	lrt_mle	0.8188105359599952	False	True	wald_mle		0.316,1.564	0.316256995117773	1.56408455421473	
Other_follicular_disorders	65190	5217	59973	0.010144063122653	1.010195688547161	0.9538037530937821	True	lrt_mle	0.717,1.424	lrt_quadratic	two		True	0.7167282531966505	1.4238246149887392	False	True	False	mle	mle	lrt_mle	65190	5217	59973	ridge_seeded_refit;ridge_seeded_refit;inference=mle;ci=lrt_quadratic	chr6-141867315-INV-29159	0.9538037530937821	0.9538037530937821	True	lrt_mle	lrt_mle	0.9755519820675346	False	True	lrt_quadratic		0.717,1.424	0.7167282531966505	1.4238246149887392	
Uninodular_goiter_single_thyroid_nodule	60181	1706	58475	0.358436352206426	1.431089943512072	0.20715505589753103	True	lrt_mle	0.831,2.463	wald_mle	two		True	0.831385759028573	2.4633792486587422	False	True	False	mle	mle	lrt_mle	60181	1706	58475	ridge_seeded_refit;ridge_seeded_refit;inference=mle;ci=wald_mle	chr6-141867315-INV-29159	0.20715505589753103	0.20715505589753103	True	lrt_mle	lrt_mle	0.6967942789280589	False	True	wald_mle		0.831,2.463	0.831385759028573	2.4633792486587422	
Benign_neoplasm_of_the_skin	64484	3698	60786	0.09540084519982	1.100099736456299	0.6586094301004141	True	lrt_mle	0.722,1.675	wald_mle	two		True	0.7224582214258141	1.675141059039759	False	True	False	mle	mle	lrt_mle	64484	3698	60786	ridge_seeded_refit;ridge_seeded_refit;inference=mle;ci=wald_mle	chr6-141867315-INV-29159	0.6586094301004141	0.6586094301004141	True	lrt_mle	lrt_mle	0.8941844136851813	False	True	wald_mle		0.722,1.675	0.7224582214258141	1.675141059039759	
High_risk_human_papillomavirus_HPV_DNA_test_positive	68545	905	67640	0.157635738755094	1.170739661940988	0.6451494899187571	True	lrt_mle	0.603,2.272	wald_mle	two		True	0.6031456570007141	2.272471566582258	False	True	False	mle	mle	lrt_mle	43958	883	43075	sex_restricted_to_0;sex_forced_restriction_to_0;ridge_seeded_refit;ridge_seeded_refit;inference=mle;ci=wald_mle	chr6-141867315-INV-29159	0.6451494899187571	0.6451494899187571	True	lrt_mle	lrt_mle	0.8941844136851813	False	True	wald_mle		0.603,2.272	0.6031456570007141	2.272471566582258	
Disorder_of_nervous_system	64812	1426	63386	0.217422435271683	1.242869022970806	0.44774137050782303	True	lrt_mle	0.715,2.160	wald_mle	two		True	0.715298251787666	2.159551493939555	False	True	False	mle	mle	lrt_mle	64812	1426	63386	ridge_seeded_refit;ridge_seeded_refit;inference=mle;ci=wald_mle	chr6-141867315-INV-29159	0.44774137050782303	0.44774137050782303	True	lrt_mle	lrt_mle	0.8422815355570126	False	True	wald_mle		0.715,2.160	0.715298251787666	2.159551493939555	
Pain_in_shoulder	70144	7818	62326	0.000569599080383	1.000569761332744	0.997045838969246	True	lrt_mle	0.740,1.353	lrt_quadratic	two		True	0.7401113205069747	1.3526881964292692	False	True	False	mle	mle	lrt_mle	70144	7818	62326	ridge_seeded_refit;ridge_seeded_refit;inference=mle;ci=lrt_quadratic	chr6-141867315-INV-29159	0.997045838969246	0.997045838969246	True	lrt_mle	lrt_mle	0.997045838969246	False	True	lrt_quadratic		0.740,1.353	0.7401113205069747	1.3526881964292692	
Flat_foot_pes_planus	63095	769	62326	0.06350441357417601	1.065564188737675	0.8884352732445001	True	lrt_mle	0.439,2.588	lrt_quadratic	two		True	0.43878815755548783	2.587642854004318	False	True	False	mle	mle	lrt_mle	63095	769	62326	ridge_seeded_refit;ridge_seeded_refit;inference=mle;ci=lrt_quadratic	chr6-141867315-INV-29159	0.8884352732445001	0.8884352732445001	True	lrt_mle	lrt_mle	0.9750200668234134	False	True	lrt_quadratic		0.439,2.588	0.43878815755548783	2.587642854004318	
Morbid_obesity	64663	6188	58475	0.12346940643461701	1.131415389981881	0.47171697751205904	True	lrt_mle	0.810,1.580	wald_mle	two		True	0.8104252264592631	1.579542125410625	False	True	False	mle	mle	lrt_mle	64663	6188	58475	ridge_seeded_refit;ridge_seeded_refit;inference=mle;ci=wald_mle	chr6-141867315-INV-29159	0.47171697751205904	0.47171697751205904	True	lrt_mle	lrt_mle	0.8422815355570126	False	True	wald_mle		0.810,1.580	0.8104252264592631	1.579542125410625	
Skin_changes_due_to_chronic_exposure_to_nonionizing_radiation	61037	1064	59973	0.090596447957507	1.094827096386926	0.8463866577792071	True	lrt_mle	0.438,2.738	lrt_quadratic	two		True	0.43781326281102356	2.737802786710931	False	True	False	mle	mle	lrt_mle	61037	1064	59973	ridge_seeded_refit;ridge_seeded_refit;inference=mle;ci=lrt_quadratic	chr6-141867315-INV-29159	0.8463866577792071	0.8463866577792071	True	lrt_mle	lrt_mle	0.9750200668234134	False	True	lrt_quadratic		0.438,2.738	0.43781326281102356	2.737802786710931	
Conjunctivitis	66055	3530	62525	0.032198821228456	1.032722812112925	0.8787170487142101	True	lrt_mle	0.683,1.562	lrt_quadratic	two		True	0.6829266338783204	1.5616851851299347	False	True	False	mle	mle	lrt_mle	66055	3530	62525	ridge_seeded_refit;ridge_seeded_refit;inference=mle;ci=lrt_quadratic	chr6-141867315-INV-29159	0.8787170487142101	0.8787170487142101	True	lrt_mle	lrt_mle	0.9750200668234134	False	True	lrt_quadratic		0.683,1.562	0.6829266338783204	1.5616851851299347	
Skin_changes_due_to_solar_radiation	61239	1266	59973	0.073138715699056	1.075879767978234	0.86021578756239	True	lrt_mle	0.477,2.428	lrt_quadratic	two		True	0.47669160297187857	2.4282308895908615	False	True	False	mle	mle	lrt_mle	61239	1266	59973	ridge_seeded_refit;ridge_seeded_refit;inference=mle;ci=lrt_quadratic	chr6-141867315-INV-29159	0.86021578756239	0.86021578756239	True	lrt_mle	lrt_mle	0.9750200668234134	False	True	lrt_quadratic		0.477,2.428	0.47669160297187857	2.4282308895908615	
Laryngitis_and_tracheitis	70513	696	69817	0.113293722542482	1.119960842388269	0.7945548482050621	True	lrt_mle	0.477,2.627	lrt_quadratic	two		True	0.4773824242860077	2.627478986808201	False	True	False	mle	mle	lrt_mle	70513	696	69817	ridge_seeded_refit;ridge_seeded_refit;inference=mle;ci=lrt_quadratic	chr6-141867315-INV-29159	0.7945548482050621	0.7945548482050621	True	lrt_mle	lrt_mle	0.95097992780583	False	True	lrt_quadratic		0.477,2.627	0.4773824242860077	2.627478986808201	
Sensorineural_hearing_loss	64833	2308	62525	-0.41314124616733805	0.6615688321662551	0.15660777809624002	True	lrt_mle	0.367,1.191	wald_mle	two		True	0.36742302396874404	1.191197315198884	False	True	False	mle	mle	lrt_mle	64833	2308	62525	ridge_seeded_refit;ridge_seeded_refit;inference=mle;ci=wald_mle	chr6-141867315-INV-29159	0.15660777809624002	0.15660777809624002	True	lrt_mle	lrt_mle	0.6573884579363487	False	True	wald_mle		0.367,1.191	0.36742302396874404	1.191197315198884	
Goiter	61140	2665	58475	0.31902395114389703	1.375784276118597	0.16971193888382202	True	lrt_mle	0.881,2.149	wald_mle	two		True	0.8807727131866641	2.149002059302025	False	True	False	mle	mle	lrt_mle	61140	2665	58475	ridge_seeded_refit;ridge_seeded_refit;inference=mle;ci=wald_mle	chr6-141867315-INV-29159	0.16971193888382202	0.16971193888382202	True	lrt_mle	lrt_mle	0.6573884579363487	False	True	wald_mle		0.881,2.149	0.8807727131866641	2.149002059302025	
Alopecia_Areata	60181	208	59973	-3.6510930559579062	0.025962734541663	0.010186046948576001	True	lrt_mle	4.969e-04,1.357	wald_mle	two		True	0.000496912489545	1.3565036079043251	False	True	False	mle	mle	lrt_mle	60181	208	59973	ridge_seeded_refit;ridge_seeded_refit;inference=mle;ci=wald_mle	chr6-141867315-INV-29159	0.010186046948576001	0.010186046948576001	True	lrt_mle	lrt_mle	0.36308812709682453	False	True	wald_mle		4.969e-04,1.357	0.000496912489545	1.3565036079043251	
Urinary_incontinence_and_enuresis	70513	4051	66462	0.321359774200067	1.379001620862249	0.100020452576179	True	lrt_mle	0.947,2.007	wald_mle	two		True	0.9473913335553971	2.007243894879387	False	True	False	mle	mle	lrt_mle	70513	4051	66462	ridge_seeded_refit;ridge_seeded_refit;inference=mle;ci=wald_mle	chr6-141867315-INV-29159	0.100020452576179	0.100020452576179	True	lrt_mle	lrt_mle	0.5511765365368162	False	True	wald_mle		0.947,2.007	0.9473913335553971	2.007243894879387	
Viral_infections	70513	15783	54730	-0.24763972033251602	0.78064114175092	0.036833243927202004	True	lrt_mle	0.617,0.987	wald_mle	two		True	0.6172589188178831	0.9872689946080441	False	True	False	mle	mle	lrt_mle	70513	15783	54730	ridge_seeded_refit;ridge_seeded_refit;inference=mle;ci=wald_mle	chr6-141867315-INV-29159	0.036833243927202004	0.036833243927202004	True	lrt_mle	lrt_mle	0.45621207428101856	False	True	wald_mle		0.617,0.987	0.6172589188178831	0.9872689946080441	
Scar_conditions_and_fibrosis_of_skin	60933	960	59973	-0.29966237082290903	0.7410683847569091	0.47787665513116706	True	lrt_mle	0.317,1.731	wald_mle	two		True	0.31719483953055405	1.7313722748421712	False	True	False	mle	mle	lrt_mle	60933	960	59973	ridge_seeded_refit;ridge_seeded_refit;inference=mle;ci=wald_mle	chr6-141867315-INV-29159	0.47787665513116706	0.47787665513116706	True	lrt_mle	lrt_mle	0.8422815355570126	False	True	wald_mle		0.317,1.731	0.31719483953055405	1.7313722748421712	
Abnormal_mammogram	63097	2311	60786	0.044041649067629	1.045025878335563	0.8636361581212281	True	lrt_mle	0.632,1.727	lrt_quadratic	two		True	0.6321950267972105	1.7274401728903843	False	True	False	mle	mle	lrt_mle	40126	2304	37822	sex_restricted_to_0;sex_majority_restricted_to_0;ridge_seeded_refit;ridge_seeded_refit;inference=mle;ci=lrt_quadratic	chr6-141867315-INV-29159	0.8636361581212281	0.8636361581212281	True	lrt_mle	lrt_mle	0.9750200668234134	False	True	lrt_quadratic		0.632,1.727	0.6321950267972105	1.7274401728903843	
Lump_or_mass_in_breast_or_nonspecific_abnormal_breast_exam	66746	5960	60786	-0.09529546974715401	0.9091042819685121	0.5863786232546211	True	lrt_mle	0.644,1.283	wald_mle	two		True	0.6439928503654291	1.283353681682195	False	True	False	mle	mle	lrt_mle	66746	5960	60786	ridge_seeded_refit;ridge_seeded_refit;inference=mle;ci=wald_mle	chr6-141867315-INV-29159	0.5863786232546211	0.5863786232546211	True	lrt_mle	lrt_mle	0.8813713011780374	False	True	wald_mle		0.644,1.283	0.6439928503654291	1.283353681682195	
Aphagia_and_dysphagia	70513	3384	67129	0.026291172487261	1.02663983423173	0.907037544985219	True	lrt_mle	0.660,1.596	lrt_quadratic	two		True	0.6603542860589416	1.5960967793843888	False	True	False	mle	mle	lrt_mle	70513	3384	67129	ridge_seeded_refit;ridge_seeded_refit;inference=mle;ci=lrt_quadratic	chr6-141867315-INV-29159	0.907037544985219	0.907037544985219	True	lrt_mle	lrt_mle	0.9755519820675346	False	True	lrt_quadratic		0.660,1.596	0.6603542860589416	1.5960967793843888	
Hypertrophic_conditions_of_skin	62092	2119	59973	-0.14751079183107502	0.862853126505945	0.60474890098123	True	lrt_mle	0.490,1.518	wald_mle	two		True	0.49037430740610305	1.518259636927745	False	True	False	mle	mle	lrt_mle	62092	2119	59973	ridge_seeded_refit;ridge_seeded_refit;inference=mle;ci=wald_mle	chr6-141867315-INV-29159	0.60474890098123	0.60474890098123	True	lrt_mle	lrt_mle	0.8813713011780374	False	True	wald_mle		0.490,1.518	0.49037430740610305	1.518259636927745	
Mild_cognitive_impairment	63859	473	63386	-0.272296835435871	0.76162814930883	0.047220874818739	True	lrt_mle	0.579,1.001	wald_mle	two		True	0.5792206369283981	1.001479230601554	False	True	False	mle	mle	lrt_mle	63859	473	63386	ridge_seeded_refit;ridge_seeded_refit;inference=mle;ci=wald_mle	chr17-45585160-INV-706887	0.047220874818739	0.047220874818739	True	lrt_mle	lrt_mle	0.45621207428101856	False	True	wald_mle		0.579,1.001	0.5792206369283981	1.001479230601554	
Acne	62021	2048	59973	-0.070016068111488	0.9323788382184621	0.29352776323059304	True	lrt_mle	0.818,1.063	lrt_quadratic	two		True	0.8181915481781259	1.062502173107699	False	True	False	mle	mle	lrt_mle	62021	2048	59973	ridge_seeded_refit;ridge_seeded_refit;inference=mle;ci=lrt_quadratic	chr17-45585160-INV-706887	0.29352776323059304	0.29352776323059304	True	lrt_mle	lrt_mle	0.760236906767236	False	True	lrt_quadratic		0.818,1.063	0.8181915481781259	1.062502173107699	
Other_skin_and_subcutaneous_disorders	64139	4166	59973	-0.029602569303708002	0.9708312950442711	0.535125504062369	True	lrt_mle	0.884,1.066	lrt_quadratic	two		True	0.8841285162547067	1.0660366520355644	False	True	False	mle	mle	lrt_mle	64139	4166	59973	ridge_seeded_refit;ridge_seeded_refit;inference=mle;ci=lrt_quadratic	chr17-45585160-INV-706887	0.535125504062369	0.535125504062369	True	lrt_mle	lrt_mle	0.8694452885881662	False	True	lrt_quadratic		0.884,1.066	0.8841285162547067	1.0660366520355644	
Inflammation_of_the_eye	67549	5024	62525	0.015430853412126001	1.015550523776922	0.724609913578937	True	lrt_mle	0.932,1.107	lrt_quadratic	two		True	0.9320068602971037	1.1065829129356506	False	True	False	mle	mle	lrt_mle	67549	5024	62525	ridge_seeded_refit;ridge_seeded_refit;inference=mle;ci=lrt_quadratic	chr17-45585160-INV-706887	0.724609913578937	0.724609913578937	True	lrt_mle	lrt_mle	0.9345179402369918	False	True	lrt_quadratic		0.932,1.107	0.9320068602971037	1.1065829129356506	
Hearing_impairment	66524	3999	62525	0.047127942849147	1.048256117374667	0.334959364690305	True	lrt_mle	0.952,1.154	lrt_quadratic	two		True	0.9524921289983641	1.1536482603472498	False	True	False	mle	mle	lrt_mle	66524	3999	62525	ridge_seeded_refit;ridge_seeded_refit;inference=mle;ci=lrt_quadratic	chr17-45585160-INV-706887	0.334959364690305	0.334959364690305	True	lrt_mle	lrt_mle	0.8021359707599944	False	True	lrt_quadratic		0.952,1.154	0.9524921289983641	1.1536482603472498	
Abnormal_Papanicolaou_smear	69761	2121	67640	-0.09114563918547501	0.9128847494259601	0.181292018082494	True	lrt_mle	0.798,1.044	wald_mle	two		True	0.7981141935040921	1.044159560771206	False	True	False	mle	mle	lrt_mle	69761	2121	67640	ridge_seeded_refit;ridge_seeded_refit;inference=mle;ci=wald_mle	chr17-45585160-INV-706887	0.181292018082494	0.181292018082494	True	lrt_mle	lrt_mle	0.6573884579363487	False	True	wald_mle		0.798,1.044	0.7981141935040921	1.044159560771206	
Rosacea	60783	810	59973	-0.09094213824870101	0.9130705412313971	0.37072685035275305	True	lrt_mle	0.748,1.114	lrt_quadratic	two		True	0.7482099877757329	1.114256461268317	False	True	False	mle	mle	lrt_mle	60783	810	59973	ridge_seeded_refit;ridge_seeded_refit;inference=mle;ci=lrt_quadratic	chr17-45585160-INV-706887	0.37072685035275305	0.37072685035275305	True	lrt_mle	lrt_mle	0.8188105359599952	False	True	lrt_quadratic		0.748,1.114	0.7482099877757329	1.114256461268317	
Epidermal_thickening	62586	2613	59973	0.08326178165187301	1.086826282491114	0.15717283011729002	True	lrt_mle	0.969,1.219	wald_mle	two		True	0.9689387956507921	1.219056738790299	False	True	False	mle	mle	lrt_mle	62586	2613	59973	ridge_seeded_refit;ridge_seeded_refit;inference=mle;ci=wald_mle	chr17-45585160-INV-706887	0.15717283011729002	0.15717283011729002	True	lrt_mle	lrt_mle	0.6573884579363487	False	True	wald_mle		0.969,1.219	0.9689387956507921	1.219056738790299	
Abnormal_cytological_findings_in_specimens_from_genital_organs	70513	2873	67640	-0.043265664361928004	0.9576569409493321	0.461112433546688	True	lrt_mle	0.854,1.074	lrt_quadratic	two		True	0.8535740197480308	1.0744315025182671	False	True	False	mle	mle	lrt_mle	70513	2873	67640	ridge_seeded_refit;ridge_seeded_refit;inference=mle;ci=lrt_quadratic	chr17-45585160-INV-706887	0.461112433546688	0.461112433546688	True	lrt_mle	lrt_mle	0.8422815355570126	False	True	lrt_quadratic		0.854,1.074	0.8535740197480308	1.0744315025182671	
Multinodular_goiter	59618	1143	58475	-0.049914823976136	0.9513104498915361	0.567040292702041	True	lrt_mle	0.802,1.129	lrt_quadratic	two		True	0.8018575999490046	1.1286188122808742	False	True	False	mle	mle	lrt_mle	59618	1143	58475	ridge_seeded_refit;ridge_seeded_refit;inference=mle;ci=lrt_quadratic	chr17-45585160-INV-706887	0.567040292702041	0.567040292702041	True	lrt_mle	lrt_mle	0.8813713011780374	False	True	lrt_quadratic		0.802,1.129	0.8018575999490046	1.1286188122808742	
Pure_hypercholesterolemia	64015	5540	58475	-0.014348396763052001	0.985754050909847	0.739432458300814	True	lrt_mle	0.906,1.073	lrt_quadratic	two		True	0.9058331404615203	1.072726317332671	False	True	False	mle	mle	lrt_mle	64015	5540	58475	ridge_seeded_refit;ridge_seeded_refit;inference=mle;ci=lrt_quadratic	chr17-45585160-INV-706887	0.739432458300814	0.739432458300814	True	lrt_mle	lrt_mle	0.9345179402369918	False	True	lrt_quadratic		0.906,1.073	0.9058331404615203	1.072726317332671	
Benign_sarcoma_related_cancers	63821	3035	60786	0.034206096408979	1.034797852874228	0.531434158623459	True	lrt_mle	0.930,1.152	lrt_quadratic	two		True	0.929673343258917	1.151809508229481	False	True	False	mle	mle	lrt_mle	63821	3035	60786	ridge_seeded_refit;ridge_seeded_refit;inference=mle;ci=lrt_quadratic	chr17-45585160-INV-706887	0.531434158623459	0.531434158623459	True	lrt_mle	lrt_mle	0.8694452885881662	False	True	lrt_quadratic		0.930,1.152	0.929673343258917	1.151809508229481	
Melanocytic_nevi	62560	1774	60786	-0.035552616815008	0.9650719538815951	0.605730083435099	True	lrt_mle	0.843,1.105	lrt_quadratic	two		True	0.8432022890094678	1.1045556781670243	False	True	False	mle	mle	lrt_mle	62560	1774	60786	ridge_seeded_refit;ridge_seeded_refit;inference=mle;ci=lrt_quadratic	chr17-45585160-INV-706887	0.605730083435099	0.605730083435099	True	lrt_mle	lrt_mle	0.8813713011780374	False	True	lrt_quadratic		0.843,1.105	0.8432022890094678	1.1045556781670243	
Migraine	69354	5968	63386	0.005060997897073	1.00507382637944	0.900428361089958	True	lrt_mle	0.928,1.088	lrt_quadratic	two		True	0.9284695143014721	1.08799845435206	False	True	False	mle	mle	lrt_mle	69354	5968	63386	ridge_seeded_refit;ridge_seeded_refit;inference=mle;ci=lrt_quadratic	chr17-45585160-INV-706887	0.900428361089958	0.900428361089958	True	lrt_mle	lrt_mle	0.9755519820675346	False	True	lrt_quadratic		0.928,1.088	0.9284695143014721	1.08799845435206	
Diastolic_heart_failure	70513	1350	69163	0.187088151728792	1.205733567863819	0.02168533680772	True	lrt_mle	1.030,1.412	wald_mle	two		True	1.029538444569162	1.412082709822451	False	True	False	mle	mle	lrt_mle	70513	1350	69163	ridge_seeded_refit;ridge_seeded_refit;inference=mle;ci=wald_mle	chr17-45585160-INV-706887	0.02168533680772	0.02168533680772	True	lrt_mle	lrt_mle	0.45621207428101856	False	True	wald_mle		1.030,1.412	1.029538444569162	1.412082709822451	
Other_follicular_disorders	65190	5217	59973	-0.054906098355095	0.9465740286387101	0.19770655306546603	True	lrt_mle	0.871,1.029	lrt_quadratic	two		True	0.8707068051886031	1.02905178454329	False	True	False	mle	mle	lrt_mle	65190	5217	59973	ridge_seeded_refit;ridge_seeded_refit;inference=mle;ci=lrt_quadratic	chr17-45585160-INV-706887	0.19770655306546603	0.19770655306546603	True	lrt_mle	lrt_mle	0.6827466299194094	False	True	lrt_quadratic		0.871,1.029	0.8707068051886031	1.02905178454329	
Uninodular_goiter_single_thyroid_nodule	60181	1706	58475	-0.197381047200473	0.8208777805304031	0.007512720901252001	True	lrt_mle	0.709,0.950	wald_mle	two		True	0.7090670026676521	0.950319684928783	False	True	False	mle	mle	lrt_mle	60181	1706	58475	ridge_seeded_refit;ridge_seeded_refit;inference=mle;ci=wald_mle	chr17-45585160-INV-706887	0.007512720901252001	0.007512720901252001	True	lrt_mle	lrt_mle	0.36308812709682453	False	True	wald_mle		0.709,0.950	0.7090670026676521	0.950319684928783	
Benign_neoplasm_of_the_skin	64484	3698	60786	0.017143384133042002	1.01729117528171	0.727157948552409	True	lrt_mle	0.924,1.120	lrt_quadratic	two		True	0.9238938399063257	1.1201301389897462	False	True	False	mle	mle	lrt_mle	64484	3698	60786	ridge_seeded_refit;ridge_seeded_refit;inference=mle;ci=lrt_quadratic	chr17-45585160-INV-706887	0.727157948552409	0.727157948552409	True	lrt_mle	lrt_mle	0.9345179402369918	False	True	lrt_quadratic		0.924,1.120	0.9238938399063257	1.1201301389897462	
High_risk_human_papillomavirus_HPV_DNA_test_positive	68545	905	67640	-0.025734797428794	0.9745935200464231	0.801457504843851	True	lrt_mle	0.797,1.191	lrt_quadratic	two		True	0.7974632946061342	1.1910673955038884	False	True	False	mle	mle	lrt_mle	43958	883	43075	sex_restricted_to_0;sex_forced_restriction_to_0;ridge_seeded_refit;ridge_seeded_refit;inference=mle;ci=lrt_quadratic	chr17-45585160-INV-706887	0.801457504843851	0.801457504843851	True	lrt_mle	lrt_mle	0.95097992780583	False	True	lrt_quadratic		0.797,1.191	0.7974632946061342	1.1910673955038884	
Disorder_of_nervous_system	64812	1426	63386	0.15267614822247202	1.164947647479939	0.047558787666361006	True	lrt_mle	1.003,1.353	wald_mle	two		True	1.002982767768361	1.353067136326382	False	True	False	mle	mle	lrt_mle	64812	1426	63386	ridge_seeded_refit;ridge_seeded_refit;inference=mle;ci=wald_mle	chr17-45585160-INV-706887	0.047558787666361006	0.047558787666361006	True	lrt_mle	lrt_mle	0.45621207428101856	False	True	wald_mle		1.003,1.353	1.002982767768361	1.353067136326382	
Pain_in_shoulder	70144	7818	62326	0.009054486344918001	1.009095602207049	0.803401066491586	True	lrt_mle	0.940,1.084	lrt_quadratic	two		True	0.9396654458895319	1.0836558254301478	False	True	False	mle	mle	lrt_mle	70144	7818	62326	ridge_seeded_refit;ridge_seeded_refit;inference=mle;ci=lrt_quadratic	chr17-45585160-INV-706887	0.803401066491586	0.803401066491586	True	lrt_mle	lrt_mle	0.95097992780583	False	True	lrt_quadratic		0.940,1.084	0.9396654458895319	1.0836558254301478	
Flat_foot_pes_planus	63095	769	62326	0.050436945677537	1.051730545107264	0.6319284347168891	True	lrt_mle	0.856,1.293	lrt_quadratic	two		True	0.8556157361593669	1.2927966290998572	False	True	False	mle	mle	lrt_mle	63095	769	62326	ridge_seeded_refit;ridge_seeded_refit;inference=mle;ci=lrt_quadratic	chr17-45585160-INV-706887	0.6319284347168891	0.6319284347168891	True	lrt_mle	lrt_mle	0.8935671142937157	False	True	lrt_quadratic		0.856,1.293	0.8556157361593669	1.2927966290998572	
Morbid_obesity	64663	6188	58475	0.034023796796913	1.034609226820832	0.39745005620480506	True	lrt_mle	0.956,1.119	lrt_quadratic	two		True	0.9562045504254346	1.119442750765566	False	True	False	mle	mle	lrt_mle	64663	6188	58475	ridge_seeded_refit;ridge_seeded_refit;inference=mle;ci=lrt_quadratic	chr17-45585160-INV-706887	0.39745005620480506	0.39745005620480506	True	lrt_mle	lrt_mle	0.8188105359599952	False	True	lrt_quadratic		0.956,1.119	0.9562045504254346	1.119442750765566	
Skin_changes_due_to_chronic_exposure_to_nonionizing_radiation	61037	1064	59973	-0.152480423778994	0.8585757014595621	0.083712873677249	True	lrt_mle	0.721,1.022	wald_mle	two		True	0.7212618896757511	1.022031311633798	False	True	False	mle	mle	lrt_mle	61037	1064	59973	ridge_seeded_refit;ridge_seeded_refit;inference=mle;ci=wald_mle	chr17-45585160-INV-706887	0.083712873677249	0.083712873677249	True	lrt_mle	lrt_mle	0.5305227154565963	False	True	wald_mle		0.721,1.022	0.7212618896757511	1.022031311633798	
Conjunctivitis	66055	3530	62525	0.005865310772026001	1.005882545386233	0.909464028873988	True	lrt_mle	0.909,1.113	lrt_quadratic	two		True	0.9091655311271984	1.1128883140325831	False	True	False	mle	mle	lrt_mle	66055	3530	62525	ridge_seeded_refit;ridge_seeded_refit;inference=mle;ci=lrt_quadratic	chr17-45585160-INV-706887	0.909464028873988	0.909464028873988	True	lrt_mle	lrt_mle	0.9755519820675346	False	True	lrt_quadratic		0.909,1.113	0.9091655311271984	1.1128883140325831	
Skin_changes_due_to_solar_radiation	61239	1266	59973	-0.16781247822296003	0.845512371802082	0.039460829157439	True	lrt_mle	0.720,0.993	wald_mle	two		True	0.719599238074603	0.993457376057237	False	True	False	mle	mle	lrt_mle	61239	1266	59973	ridge_seeded_refit;ridge_seeded_refit;inference=mle;ci=wald_mle	chr17-45585160-INV-706887	0.039460829157439	0.039460829157439	True	lrt_mle	lrt_mle	0.45621207428101856	False	True	wald_mle		0.720,0.993	0.719599238074603	0.993457376057237	
Laryngitis_and_tracheitis	70513	696	69817	-0.011740754341008	0.9883278993704481	0.915649810662257	True	lrt_mle	0.795,1.228	lrt_quadratic	two		True	0.7953251726902214	1.2281668809374682	False	True	False	mle	mle	lrt_mle	70513	696	69817	ridge_seeded_refit;ridge_seeded_refit;inference=mle;ci=lrt_quadratic	chr17-45585160-INV-706887	0.915649810662257	0.915649810662257	True	lrt_mle	lrt_mle	0.9755519820675346	False	True	lrt_quadratic		0.795,1.228	0.7953251726902214	1.2281668809374682	
Sensorineural_hearing_loss	64833	2308	62525	0.005775571100875	1.005792281867562	0.927474330313599	True	lrt_mle	0.888,1.139	lrt_quadratic	two		True	0.8881739620116119	1.1389864570823038	False	True	False	mle	mle	lrt_mle	64833	2308	62525	ridge_seeded_refit;ridge_seeded_refit;inference=mle;ci=lrt_quadratic	chr17-45585160-INV-706887	0.927474330313599	0.927474330313599	True	lrt_mle	lrt_mle	0.9755519820675346	False	True	lrt_quadratic		0.888,1.139	0.8881739620116119	1.1389864570823038	
Goiter	61140	2665	58475	-0.153982595431574	0.8572869415908491	0.009672830633671001	True	lrt_mle	0.762,0.964	wald_mle	two		True	0.7621216896760751	0.9643353681937121	False	True	False	mle	mle	lrt_mle	61140	2665	58475	ridge_seeded_refit;ridge_seeded_refit;inference=mle;ci=wald_mle	chr17-45585160-INV-706887	0.009672830633671001	0.009672830633671001	True	lrt_mle	lrt_mle	0.36308812709682453	False	True	wald_mle		0.762,0.964	0.7621216896760751	0.9643353681937121	
Alopecia_Areata	60181	208	59973	0.171271248093041	1.186812626027083	0.398340260737295	True	lrt_mle	0.798,1.766	lrt_quadratic	two		True	0.7975722021208658	1.7660146699594357	False	True	False	mle	mle	lrt_mle	60181	208	59973	ridge_seeded_refit;ridge_seeded_refit;inference=mle;ci=lrt_quadratic	chr17-45585160-INV-706887	0.398340260737295	0.398340260737295	True	lrt_mle	lrt_mle	0.8188105359599952	False	True	lrt_quadratic		0.798,1.766	0.7975722021208658	1.7660146699594357	
Urinary_incontinence_and_enuresis	70513	4051	66462	0.038471212772237	1.039220811641176	0.429101373667838	True	lrt_mle	0.945,1.143	lrt_quadratic	two		True	0.9447013395979219	1.1431971672738375	False	True	False	mle	mle	lrt_mle	70513	4051	66462	ridge_seeded_refit;ridge_seeded_refit;inference=mle;ci=lrt_quadratic	chr17-45585160-INV-706887	0.429101373667838	0.429101373667838	True	lrt_mle	lrt_mle	0.8422815355570126	False	True	lrt_quadratic		0.945,1.143	0.9447013395979219	1.1431971672738375	
Viral_infections	70513	15783	54730	-0.019102858982929002	0.98107844432178	0.484555786864845	True	lrt_mle	0.930,1.035	lrt_quadratic	two		True	0.9299105677382371	1.0350618084209007	False	True	False	mle	mle	lrt_mle	70513	15783	54730	ridge_seeded_refit;ridge_seeded_refit;inference=mle;ci=lrt_quadratic	chr17-45585160-INV-706887	0.484555786864845	0.484555786864845	True	lrt_mle	lrt_mle	0.8422815355570126	False	True	lrt_quadratic		0.930,1.035	0.9299105677382371	1.0350618084209007	
Scar_conditions_and_fibrosis_of_skin	60933	960	59973	-0.042233046553822005	0.958646345310977	0.65125344925725	True	lrt_mle	0.798,1.151	lrt_quadratic	two		True	0.7982324800802401	1.1512971951300641	False	True	False	mle	mle	lrt_mle	60933	960	59973	ridge_seeded_refit;ridge_seeded_refit;inference=mle;ci=lrt_quadratic	chr17-45585160-INV-706887	0.65125344925725	0.65125344925725	True	lrt_mle	lrt_mle	0.8941844136851813	False	True	lrt_quadratic		0.798,1.151	0.7982324800802401	1.1512971951300641	
Abnormal_mammogram	63097	2311	60786	0.009834590604537001	1.009883109113504	0.8827564805023621	True	lrt_mle	0.886,1.151	lrt_quadratic	two		True	0.8861510775308613	1.1508916706556032	False	True	False	mle	mle	lrt_mle	40126	2304	37822	sex_restricted_to_0;sex_majority_restricted_to_0;ridge_seeded_refit;ridge_seeded_refit;inference=mle;ci=lrt_quadratic	chr17-45585160-INV-706887	0.8827564805023621	0.8827564805023621	True	lrt_mle	lrt_mle	0.9750200668234134	False	True	lrt_quadratic		0.886,1.151	0.8861510775308613	1.1508916706556032	
Lump_or_mass_in_breast_or_nonspecific_abnormal_breast_exam	66746	5960	60786	-0.030343540669089	0.970112203300124	0.48400832017425605	True	lrt_mle	0.891,1.056	lrt_quadratic	two		True	0.8910812724451543	1.056152470143792	False	True	False	mle	mle	lrt_mle	66746	5960	60786	ridge_seeded_refit;ridge_seeded_refit;inference=mle;ci=lrt_quadratic	chr17-45585160-INV-706887	0.48400832017425605	0.48400832017425605	True	lrt_mle	lrt_mle	0.8422815355570126	False	True	lrt_quadratic		0.891,1.056	0.8910812724451543	1.056152470143792	
Aphagia_and_dysphagia	70513	3384	67129	0.05949839911094001	1.061304061948114	0.25199724550744	True	lrt_mle	0.959,1.175	lrt_quadratic	two		True	0.9585792668426016	1.175037214833185	False	True	False	mle	mle	lrt_mle	70513	3384	67129	ridge_seeded_refit;ridge_seeded_refit;inference=mle;ci=lrt_quadratic	chr17-45585160-INV-706887	0.25199724550744	0.25199724550744	True	lrt_mle	lrt_mle	0.7017987804992146	False	True	lrt_quadratic		0.959,1.175	0.9585792668426016	1.175037214833185	
Hypertrophic_conditions_of_skin	62092	2119	59973	-0.002796607437525	0.9972072994262171	0.9653103101076391	True	lrt_mle	0.879,1.131	lrt_quadratic	two		True	0.8791242390304129	1.1311511546145976	False	True	False	mle	mle	lrt_mle	62092	2119	59973	ridge_seeded_refit;ridge_seeded_refit;inference=mle;ci=lrt_quadratic	chr17-45585160-INV-706887	0.9653103101076391	0.9653103101076391	True	lrt_mle	lrt_mle	0.9804524326191315	False	True	lrt_quadratic		0.879,1.131	0.8791242390304129	1.1311511546145976	
Mild_cognitive_impairment	63859	473	63386	-1.079307741235666	0.339830695013531	0.148256935968963	True	lrt_mle	0.079,1.468	lrt_quadratic	two		True	0.07866707705482913	1.4680207476488552	False	True	False	mle	mle	lrt_mle	63859	473	63386	ridge_seeded_refit;ridge_seeded_refit;inference=mle;ci=lrt_quadratic	chr4-33098029-INV-7075	0.148256935968963	0.148256935968963	True	lrt_mle	lrt_mle	0.6508228206095156	False	True	lrt_quadratic		0.079,1.468	0.07866707705482913	1.4680207476488552	
Acne	62021	2048	59973	0.32795071147619104	1.388120552190377	0.221965594888709	True	lrt_mle	0.830,2.321	wald_mle	two		True	0.8302627002112901	2.320806013473753	False	True	False	mle	mle	lrt_mle	62021	2048	59973	ridge_seeded_refit;ridge_seeded_refit;inference=mle;ci=wald_mle	chr4-33098029-INV-7075	0.221965594888709	0.221965594888709	True	lrt_mle	lrt_mle	0.6983053066118737	False	True	wald_mle		0.830,2.321	0.8302627002112901	2.320806013473753	
Other_skin_and_subcutaneous_disorders	64139	4166	59973	0.270542915003809	1.31067584318335	0.18528709432182802	True	lrt_mle	0.884,1.943	wald_mle	two		True	0.884088291060067	1.943099103647862	False	True	False	mle	mle	lrt_mle	64139	4166	59973	ridge_seeded_refit;ridge_seeded_refit;inference=mle;ci=wald_mle	chr4-33098029-INV-7075	0.18528709432182802	0.18528709432182802	True	lrt_mle	lrt_mle	0.6573884579363487	False	True	wald_mle		0.884,1.943	0.884088291060067	1.943099103647862	
Inflammation_of_the_eye	67549	5024	62525	0.04988796411984701	1.051153322891014	0.7984775824514271	True	lrt_mle	0.717,1.542	lrt_quadratic	two		True	0.716712742888622	1.5416543366754756	False	True	False	mle	mle	lrt_mle	67549	5024	62525	ridge_seeded_refit;ridge_seeded_refit;inference=mle;ci=lrt_quadratic	chr4-33098029-INV-7075	0.7984775824514271	0.7984775824514271	True	lrt_mle	lrt_mle	0.95097992780583	False	True	lrt_quadratic		0.717,1.542	0.716712742888622	1.5416543366754756	
Hearing_impairment	66524	3999	62525	0.221321806267247	1.247724891654188	0.31496682089616	True	lrt_mle	0.815,1.910	wald_mle	two		True	0.815060322328025	1.910064031588212	False	True	False	mle	mle	lrt_mle	66524	3999	62525	ridge_seeded_refit;ridge_seeded_refit;inference=mle;ci=wald_mle	chr4-33098029-INV-7075	0.31496682089616	0.31496682089616	True	lrt_mle	lrt_mle	0.7843885251163986	False	True	wald_mle		0.815,1.910	0.815060322328025	1.910064031588212	
Abnormal_Papanicolaou_smear	69761	2121	67640	0.172373133369831	1.18812107813568	0.48367840562898906	True	lrt_mle	0.737,1.914	wald_mle	two		True	0.7374956200336811	1.91408824400316	False	True	False	mle	mle	lrt_mle	69761	2121	67640	ridge_seeded_refit;ridge_seeded_refit;inference=mle;ci=wald_mle	chr4-33098029-INV-7075	0.48367840562898906	0.48367840562898906	True	lrt_mle	lrt_mle	0.8422815355570126	False	True	wald_mle		0.737,1.914	0.7374956200336811	1.91408824400316	
Rosacea	60783	810	59973	0.139855626092205	1.150107741321328	0.7805103785139991	True	lrt_mle	0.430,3.076	lrt_quadratic	two		True	0.4300539529846945	3.0757717897184946	False	True	False	mle	mle	lrt_mle	60783	810	59973	ridge_seeded_refit;ridge_seeded_refit;inference=mle;ci=lrt_quadratic	chr4-33098029-INV-7075	0.7805103785139991	0.7805103785139991	True	lrt_mle	lrt_mle	0.95097992780583	False	True	lrt_quadratic		0.430,3.076	0.4300539529846945	3.0757717897184946	
Epidermal_thickening	62586	2613	59973	-0.17414254752472202	0.840177123952563	0.5371090585872841	True	lrt_mle	0.480,1.471	wald_mle	two		True	0.47990498120506203	1.470911174625988	False	True	False	mle	mle	lrt_mle	62586	2613	59973	ridge_seeded_refit;ridge_seeded_refit;inference=mle;ci=wald_mle	chr4-33098029-INV-7075	0.5371090585872841	0.5371090585872841	True	lrt_mle	lrt_mle	0.8694452885881662	False	True	wald_mle		0.480,1.471	0.47990498120506203	1.470911174625988	
Abnormal_cytological_findings_in_specimens_from_genital_organs	70513	2873	67640	0.24674330363656102	1.279850537629296	0.249050281281495	True	lrt_mle	0.847,1.935	wald_mle	two		True	0.846611230079634	1.9347929019509031	False	True	False	mle	mle	lrt_mle	70513	2873	67640	ridge_seeded_refit;ridge_seeded_refit;inference=mle;ci=wald_mle	chr4-33098029-INV-7075	0.249050281281495	0.249050281281495	True	lrt_mle	lrt_mle	0.7017987804992146	False	True	wald_mle		0.847,1.935	0.846611230079634	1.9347929019509031	
Multinodular_goiter	59618	1143	58475	0.48775777148937005	1.628660294230785	0.16602616499803902	True	lrt_mle	0.817,3.248	lrt_quadratic	two		True	0.8167329034473079	3.247737837924681	False	True	False	mle	mle	lrt_mle	59618	1143	58475	ridge_seeded_refit;ridge_seeded_refit;inference=mle;ci=lrt_quadratic	chr4-33098029-INV-7075	0.16602616499803902	0.16602616499803902	True	lrt_mle	lrt_mle	0.6573884579363487	False	True	lrt_quadratic		0.817,3.248	0.8167329034473079	3.247737837924681	
Pure_hypercholesterolemia	64015	5540	58475	0.36512313464572704	1.440691396252363	0.056549060832489007	True	lrt_mle	0.996,2.083	wald_mle	two		True	0.996404166611038	2.083082115458296	False	True	False	mle	mle	lrt_mle	64015	5540	58475	ridge_seeded_refit;ridge_seeded_refit;inference=mle;ci=wald_mle	chr4-33098029-INV-7075	0.056549060832489007	0.056549060832489007	True	lrt_mle	lrt_mle	0.5014133327509344	False	True	wald_mle		0.996,2.083	0.996404166611038	2.083082115458296	
Benign_sarcoma_related_cancers	63821	3035	60786	-0.22465125638124	0.798794744759404	0.38001316124489104	True	lrt_mle	0.480,1.329	wald_mle	two		True	0.47997302508766304	1.329393551103633	False	True	False	mle	mle	lrt_mle	63821	3035	60786	ridge_seeded_refit;ridge_seeded_refit;inference=mle;ci=wald_mle	chr4-33098029-INV-7075	0.38001316124489104	0.38001316124489104	True	lrt_mle	lrt_mle	0.8188105359599952	False	True	wald_mle		0.480,1.329	0.47997302508766304	1.329393551103633	
Melanocytic_nevi	62560	1774	60786	0.706196717887078	2.026270108238691	0.023736029732789002	True	lrt_mle	1.134,3.621	wald_mle	two		True	1.133787563439879	3.621287341594088	False	True	False	mle	mle	lrt_mle	62560	1774	60786	ridge_seeded_refit;ridge_seeded_refit;inference=mle;ci=wald_mle	chr4-33098029-INV-7075	0.023736029732789002	0.023736029732789002	True	lrt_mle	lrt_mle	0.45621207428101856	False	True	wald_mle		1.134,3.621	1.133787563439879	3.621287341594088	
Migraine	69354	5968	63386	0.06542915295714101	1.067617097119851	0.7141692985943311	True	lrt_mle	0.752,1.515	lrt_quadratic	two		True	0.7522406184797089	1.5152149964544395	False	True	False	mle	mle	lrt_mle	69354	5968	63386	ridge_seeded_refit;ridge_seeded_refit;inference=mle;ci=lrt_quadratic	chr4-33098029-INV-7075	0.7141692985943311	0.7141692985943311	True	lrt_mle	lrt_mle	0.9345179402369918	False	True	lrt_quadratic		0.752,1.515	0.7522406184797089	1.5152149964544395	
Diastolic_heart_failure	70513	1350	69163	0.218492459237369	1.244199634377683	0.5847019185852901	True	lrt_mle	0.576,2.689	wald_mle	two		True	0.5757858407798571	2.6885564398194832	False	True	False	mle	mle	lrt_mle	70513	1350	69163	ridge_seeded_refit;ridge_seeded_refit;inference=mle;ci=wald_mle	chr4-33098029-INV-7075	0.5847019185852901	0.5847019185852901	True	lrt_mle	lrt_mle	0.8813713011780374	False	True	wald_mle		0.576,2.689	0.5757858407798571	2.6885564398194832	
Other_follicular_disorders	65190	5217	59973	-0.09190559280943601	0.9121912628945521	0.6319214642294041	True	lrt_mle	0.626,1.329	lrt_quadratic	two		True	0.6262883569707186	1.3286098820771535	False	True	False	mle	mle	lrt_mle	65190	5217	59973	ridge_seeded_refit;ridge_seeded_refit;inference=mle;ci=lrt_quadratic	chr4-33098029-INV-7075	0.6319214642294041	0.6319214642294041	True	lrt_mle	lrt_mle	0.8935671142937157	False	True	lrt_quadratic		0.626,1.329	0.6262883569707186	1.3286098820771535	
Uninodular_goiter_single_thyroid_nodule	60181	1706	58475	0.5200501577182141	1.682112018483624	0.08127617360617301	True	lrt_mle	0.937,3.018	lrt_quadratic	two		True	0.9374197585115446	3.018392579243041	False	True	False	mle	mle	lrt_mle	60181	1706	58475	ridge_seeded_refit;ridge_seeded_refit;inference=mle;ci=lrt_quadratic	chr4-33098029-INV-7075	0.08127617360617301	0.08127617360617301	True	lrt_mle	lrt_mle	0.5305227154565963	False	True	lrt_quadratic		0.937,3.018	0.9374197585115446	3.018392579243041	
Benign_neoplasm_of_the_skin	64484	3698	60786	0.199673000071574	1.221003424840214	0.379716455870278	True	lrt_mle	0.786,1.896	wald_mle	two		True	0.7864289912006961	1.895720249574406	False	True	False	mle	mle	lrt_mle	64484	3698	60786	ridge_seeded_refit;ridge_seeded_refit;inference=mle;ci=wald_mle	chr4-33098029-INV-7075	0.379716455870278	0.379716455870278	True	lrt_mle	lrt_mle	0.8188105359599952	False	True	wald_mle		0.786,1.896	0.7864289912006961	1.895720249574406	
High_risk_human_papillomavirus_HPV_DNA_test_positive	68545	905	67640	0.244587920034766	1.277094939520032	0.494830575361473	True	lrt_mle	0.641,2.544	wald_mle	two		True	0.6410923006139421	2.544050962686303	False	True	False	mle	mle	lrt_mle	43958	883	43075	sex_restricted_to_0;sex_forced_restriction_to_0;ridge_seeded_refit;ridge_seeded_refit;inference=mle;ci=wald_mle	chr4-33098029-INV-7075	0.494830575361473	0.494830575361473	True	lrt_mle	lrt_mle	0.8476283897636557	False	True	wald_mle		0.641,2.544	0.6410923006139421	2.544050962686303	
Disorder_of_nervous_system	64812	1426	63386	0.288674041104234	1.3346566144214411	0.34067550881698605	True	lrt_mle	0.746,2.386	wald_mle	two		True	0.746466481203784	2.386320515753486	False	True	False	mle	mle	lrt_mle	64812	1426	63386	ridge_seeded_refit;ridge_seeded_refit;inference=mle;ci=wald_mle	chr4-33098029-INV-7075	0.34067550881698605	0.34067550881698605	True	lrt_mle	lrt_mle	0.8021359707599944	False	True	wald_mle		0.746,2.386	0.746466481203784	2.386320515753486	
Pain_in_shoulder	70144	7818	62326	0.12777967998116502	1.136302624900732	0.433596227066225	True	lrt_mle	0.827,1.561	wald_mle	two		True	0.8269962416043961	1.5612932567279412	False	True	False	mle	mle	lrt_mle	70144	7818	62326	ridge_seeded_refit;ridge_seeded_refit;inference=mle;ci=wald_mle	chr4-33098029-INV-7075	0.433596227066225	0.433596227066225	True	lrt_mle	lrt_mle	0.8422815355570126	False	True	wald_mle		0.827,1.561	0.8269962416043961	1.5612932567279412	
Flat_foot_pes_planus	63095	769	62326	0.25176317810612503	1.286291379250909	0.6041201698432941	True	lrt_mle	0.506,3.270	wald_mle	two		True	0.505983969570242	3.269956385654857	False	True	False	mle	mle	lrt_mle	63095	769	62326	ridge_seeded_refit;ridge_seeded_refit;inference=mle;ci=wald_mle	chr4-33098029-INV-7075	0.6041201698432941	0.6041201698432941	True	lrt_mle	lrt_mle	0.8813713011780374	False	True	wald_mle		0.506,3.270	0.505983969570242	3.269956385654857	
Morbid_obesity	64663	6188	58475	0.185684138696451	1.204041890067737	0.32027198344594804	True	lrt_mle	0.838,1.729	wald_mle	two		True	0.838327818513627	1.7292959162541781	False	True	False	mle	mle	lrt_mle	64663	6188	58475	ridge_seeded_refit;ridge_seeded_refit;inference=mle;ci=wald_mle	chr4-33098029-INV-7075	0.32027198344594804	0.32027198344594804	True	lrt_mle	lrt_mle	0.7878942555403989	False	True	wald_mle		0.838,1.729	0.838327818513627	1.7292959162541781	
Skin_changes_due_to_chronic_exposure_to_nonionizing_radiation	61037	1064	59973	0.46426360299365704	1.5908422659575772	0.310999773317766	True	lrt_mle	0.648,3.906	lrt_quadratic	two		True	0.6479855867835709	3.905610196855082	False	True	False	mle	mle	lrt_mle	61037	1064	59973	ridge_seeded_refit;ridge_seeded_refit;inference=mle;ci=lrt_quadratic	chr4-33098029-INV-7075	0.310999773317766	0.310999773317766	True	lrt_mle	lrt_mle	0.7820285562068098	False	True	lrt_quadratic		0.648,3.906	0.6479855867835709	3.905610196855082	
Conjunctivitis	66055	3530	62525	0.036879113998404	1.037567585859803	0.871924800272433	True	lrt_mle	0.663,1.625	lrt_quadratic	two		True	0.6626690295301122	1.6245613530336576	False	True	False	mle	mle	lrt_mle	66055	3530	62525	ridge_seeded_refit;ridge_seeded_refit;inference=mle;ci=lrt_quadratic	chr4-33098029-INV-7075	0.871924800272433	0.871924800272433	True	lrt_mle	lrt_mle	0.9750200668234134	False	True	lrt_quadratic		0.663,1.625	0.6626690295301122	1.6245613530336576	
Skin_changes_due_to_solar_radiation	61239	1266	59973	0.203279224856345	1.225414586693222	0.6348121584171571	True	lrt_mle	0.536,2.800	wald_mle	two		True	0.5363329757240201	2.799829541067071	False	True	False	mle	mle	lrt_mle	61239	1266	59973	ridge_seeded_refit;ridge_seeded_refit;inference=mle;ci=wald_mle	chr4-33098029-INV-7075	0.6348121584171571	0.6348121584171571	True	lrt_mle	lrt_mle	0.8935671142937157	False	True	wald_mle		0.536,2.800	0.5363329757240201	2.799829541067071	
Laryngitis_and_tracheitis	70513	696	69817	0.5314698056200391	1.7014312448992421	0.215567417666285	True	lrt_mle	0.734,3.946	lrt_quadratic	two		True	0.7336929919545533	3.9456125557468855	False	True	False	mle	mle	lrt_mle	70513	696	69817	ridge_seeded_refit;ridge_seeded_refit;inference=mle;ci=lrt_quadratic	chr4-33098029-INV-7075	0.215567417666285	0.215567417666285	True	lrt_mle	lrt_mle	0.6983053066118737	False	True	lrt_quadratic		0.734,3.946	0.7336929919545533	3.9456125557468855	
Sensorineural_hearing_loss	64833	2308	62525	0.204315558903494	1.226685183819099	0.47453636147586603	True	lrt_mle	0.706,2.132	wald_mle	two		True	0.705839083817795	2.131869111104273	False	True	False	mle	mle	lrt_mle	64833	2308	62525	ridge_seeded_refit;ridge_seeded_refit;inference=mle;ci=wald_mle	chr4-33098029-INV-7075	0.47453636147586603	0.47453636147586603	True	lrt_mle	lrt_mle	0.8422815355570126	False	True	wald_mle		0.706,2.132	0.705839083817795	2.131869111104273	
Goiter	61140	2665	58475	0.551644688683367	1.736106025002453	0.022359061959451	True	lrt_mle	1.100,2.741	wald_mle	two		True	1.099582101296748	2.741099665495921	False	True	False	mle	mle	lrt_mle	61140	2665	58475	ridge_seeded_refit;ridge_seeded_refit;inference=mle;ci=wald_mle	chr4-33098029-INV-7075	0.022359061959451	0.022359061959451	True	lrt_mle	lrt_mle	0.45621207428101856	False	True	wald_mle		1.100,2.741	1.099582101296748	2.741099665495921	
Alopecia_Areata	60181	208	59973	0.091637610099601	1.095967582524291	0.9152138199198221	True	lrt_mle	0.203,5.922	lrt_quadratic	two		True	0.20283347927651044	5.921827827578167	False	True	False	mle	mle	lrt_mle	60181	208	59973	ridge_seeded_refit;ridge_seeded_refit;inference=mle;ci=lrt_quadratic	chr4-33098029-INV-7075	0.9152138199198221	0.9152138199198221	True	lrt_mle	lrt_mle	0.9755519820675346	False	True	lrt_quadratic		0.203,5.922	0.20283347927651044	5.921827827578167	
Urinary_incontinence_and_enuresis	70513	4051	66462	0.015175010071116001	1.015290735171963	0.943941554690717	True	lrt_mle	0.665,1.550	lrt_quadratic	two		True	0.665109550052283	1.5498428444532102	False	True	False	mle	mle	lrt_mle	70513	4051	66462	ridge_seeded_refit;ridge_seeded_refit;inference=mle;ci=lrt_quadratic	chr4-33098029-INV-7075	0.943941554690717	0.943941554690717	True	lrt_mle	lrt_mle	0.9755519820675346	False	True	lrt_quadratic		0.665,1.550	0.665109550052283	1.5498428444532102	
Viral_infections	70513	15783	54730	-0.066614017333481	0.9355562401471821	0.599343818924934	True	lrt_mle	0.729,1.200	wald_mle	two		True	0.729250533016492	1.2002260387220551	False	True	False	mle	mle	lrt_mle	70513	15783	54730	ridge_seeded_refit;ridge_seeded_refit;inference=mle;ci=wald_mle	chr4-33098029-INV-7075	0.599343818924934	0.599343818924934	True	lrt_mle	lrt_mle	0.8813713011780374	False	True	wald_mle		0.729,1.200	0.729250533016492	1.2002260387220551	
Scar_conditions_and_fibrosis_of_skin	60933	960	59973	-0.24711188170220003	0.7810533030697131	0.5815508873514671	True	lrt_mle	0.319,1.913	wald_mle	two		True	0.31885329722016104	1.913244327578298	False	True	False	mle	mle	lrt_mle	60933	960	59973	ridge_seeded_refit;ridge_seeded_refit;inference=mle;ci=wald_mle	chr4-33098029-INV-7075	0.5815508873514671	0.5815508873514671	True	lrt_mle	lrt_mle	0.8813713011780374	False	True	wald_mle		0.319,1.913	0.31885329722016104	1.913244327578298	
Abnormal_mammogram	63097	2311	60786	0.27574405588841905	1.3175106117872502	0.289268714330572	True	lrt_mle	0.797,2.178	wald_mle	two		True	0.796889613838445	2.178261809450465	False	True	False	mle	mle	lrt_mle	40126	2304	37822	sex_restricted_to_0;sex_majority_restricted_to_0;ridge_seeded_refit;ridge_seeded_refit;inference=mle;ci=wald_mle	chr4-33098029-INV-7075	0.289268714330572	0.289268714330572	True	lrt_mle	lrt_mle	0.7583922901270712	False	True	wald_mle		0.797,2.178	0.796889613838445	2.178261809450465	
Lump_or_mass_in_breast_or_nonspecific_abnormal_breast_exam	66746	5960	60786	0.040928154960910006	1.041777256329036	0.822202768036931	True	lrt_mle	0.729,1.489	lrt_quadratic	two		True	0.7290224230154009	1.488705720895947	False	True	False	mle	mle	lrt_mle	66746	5960	60786	ridge_seeded_refit;ridge_seeded_refit;inference=mle;ci=lrt_quadratic	chr4-33098029-INV-7075	0.822202768036931	0.822202768036931	True	lrt_mle	lrt_mle	0.9635769996450911	False	True	lrt_quadratic		0.729,1.489	0.7290224230154009	1.488705720895947	
Aphagia_and_dysphagia	70513	3384	67129	0.46421026118181	1.590757409811959	0.041801485522327	True	lrt_mle	1.032,2.452	wald_mle	two		True	1.032198642259372	2.451571851841077	False	True	False	mle	mle	lrt_mle	70513	3384	67129	ridge_seeded_refit;ridge_seeded_refit;inference=mle;ci=wald_mle	chr4-33098029-INV-7075	0.041801485522327	0.041801485522327	True	lrt_mle	lrt_mle	0.45621207428101856	False	True	wald_mle		1.032,2.452	1.032198642259372	2.451571851841077	
Hypertrophic_conditions_of_skin	62092	2119	59973	0.14741164726454	1.158830894427124	0.6162133886902641	True	lrt_mle	0.651,2.062	lrt_quadratic	two		True	0.6511468225342492	2.062344459660069	False	True	False	mle	mle	lrt_mle	62092	2119	59973	ridge_seeded_refit;ridge_seeded_refit;inference=mle;ci=lrt_quadratic	chr4-33098029-INV-7075	0.6162133886902641	0.6162133886902641	True	lrt_mle	lrt_mle	0.881763909783306	False	True	lrt_quadratic		0.651,2.062	0.6511468225342492	2.062344459660069	
Mild_cognitive_impairment	63859	473	63386	0.15717583895540602	1.170201362796297	0.22812195878464503	True	lrt_mle	0.909,1.507	wald_mle	two		True	0.9085462180517021	1.507211413445546	False	True	False	mle	mle	lrt_mle	63859	473	63386	ridge_seeded_refit;ridge_seeded_refit;inference=mle;ci=wald_mle	chr10-79542902-INV-674513	0.22812195878464503	0.22812195878464503	True	lrt_mle	lrt_mle	0.6983053066118737	False	True	wald_mle		0.909,1.507	0.9085462180517021	1.507211413445546	
Acne	62021	2048	59973	-0.04735219398197801	0.9537514329164991	0.47359606284269906	True	lrt_mle	0.838,1.086	lrt_quadratic	two		True	0.8378993267170574	1.0856218244670401	False	True	False	mle	mle	lrt_mle	62021	2048	59973	ridge_seeded_refit;ridge_seeded_refit;inference=mle;ci=lrt_quadratic	chr10-79542902-INV-674513	0.47359606284269906	0.47359606284269906	True	lrt_mle	lrt_mle	0.8422815355570126	False	True	lrt_quadratic		0.838,1.086	0.8378993267170574	1.0856218244670401	
Other_skin_and_subcutaneous_disorders	64139	4166	59973	0.078509429309894	1.08167355454934	0.088134590728854	True	lrt_mle	0.989,1.183	wald_mle	two		True	0.9887143651158921	1.183372791872262	False	True	False	mle	mle	lrt_mle	64139	4166	59973	ridge_seeded_refit;ridge_seeded_refit;inference=mle;ci=wald_mle	chr10-79542902-INV-674513	0.088134590728854	0.088134590728854	True	lrt_mle	lrt_mle	0.530857186017981	False	True	wald_mle		0.989,1.183	0.9887143651158921	1.183372791872262	
Inflammation_of_the_eye	67549	5024	62525	0.055820500977963004	1.057407863023498	0.173786972185517	True	lrt_mle	0.976,1.146	wald_mle	two		True	0.9759158295286681	1.145704736979139	False	True	False	mle	mle	lrt_mle	67549	5024	62525	ridge_seeded_refit;ridge_seeded_refit;inference=mle;ci=wald_mle	chr10-79542902-INV-674513	0.173786972185517	0.173786972185517	True	lrt_mle	lrt_mle	0.6573884579363487	False	True	wald_mle		0.976,1.146	0.9759158295286681	1.145704736979139	
Hearing_impairment	66524	3999	62525	0.12097431470444801	1.1285959236751961	0.009858501351826001	True	lrt_mle	1.030,1.237	wald_mle	two		True	1.030098433616988	1.236511693803689	False	True	False	mle	mle	lrt_mle	66524	3999	62525	ridge_seeded_refit;ridge_seeded_refit;inference=mle;ci=wald_mle	chr10-79542902-INV-674513	0.009858501351826001	0.009858501351826001	True	lrt_mle	lrt_mle	0.36308812709682453	False	True	wald_mle		1.030,1.237	1.030098433616988	1.236511693803689	
Abnormal_Papanicolaou_smear	69761	2121	67640	0.09797307502082901	1.102933088258287	0.126023301073679	True	lrt_mle	0.974,1.250	wald_mle	two		True	0.9735139860584451	1.249557186230227	False	True	False	mle	mle	lrt_mle	69761	2121	67640	ridge_seeded_refit;ridge_seeded_refit;inference=mle;ci=wald_mle	chr10-79542902-INV-674513	0.126023301073679	0.126023301073679	True	lrt_mle	lrt_mle	0.6276929803477475	False	True	wald_mle		0.974,1.250	0.9735139860584451	1.249557186230227	
Rosacea	60783	810	59973	0.007282418885521001	1.00730900018414	0.9428566939363461	True	lrt_mle	0.825,1.229	lrt_quadratic	two		True	0.8254364634233633	1.2292544209202803	False	True	False	mle	mle	lrt_mle	60783	810	59973	ridge_seeded_refit;ridge_seeded_refit;inference=mle;ci=lrt_quadratic	chr10-79542902-INV-674513	0.9428566939363461	0.9428566939363461	True	lrt_mle	lrt_mle	0.9755519820675346	False	True	lrt_quadratic		0.825,1.229	0.8254364634233633	1.2292544209202803	
Epidermal_thickening	62586	2613	59973	0.11755842089833501	1.124747336774202	0.034077899282847005	True	lrt_mle	1.010,1.253	wald_mle	two		True	1.009587521515967	1.253042994906562	False	True	False	mle	mle	lrt_mle	62586	2613	59973	ridge_seeded_refit;ridge_seeded_refit;inference=mle;ci=wald_mle	chr10-79542902-INV-674513	0.034077899282847005	0.034077899282847005	True	lrt_mle	lrt_mle	0.45621207428101856	False	True	wald_mle		1.010,1.253	1.009587521515967	1.253042994906562	
Abnormal_cytological_findings_in_specimens_from_genital_organs	70513	2873	67640	0.07837438375024601	1.08152748920177	0.15786642606687	True	lrt_mle	0.971,1.205	wald_mle	two		True	0.9705140189007281	1.205239375340473	False	True	False	mle	mle	lrt_mle	70513	2873	67640	ridge_seeded_refit;ridge_seeded_refit;inference=mle;ci=wald_mle	chr10-79542902-INV-674513	0.15786642606687	0.15786642606687	True	lrt_mle	lrt_mle	0.6573884579363487	False	True	wald_mle		0.971,1.205	0.9705140189007281	1.205239375340473	
Multinodular_goiter	59618	1143	58475	0.080827718752665	1.084184095887715	0.357823998888312	True	lrt_mle	0.913,1.288	lrt_quadratic	two		True	0.9126002710306916	1.2880284951573617	False	True	False	mle	mle	lrt_mle	59618	1143	58475	ridge_seeded_refit;ridge_seeded_refit;inference=mle;ci=lrt_quadratic	chr10-79542902-INV-674513	0.357823998888312	0.357823998888312	True	lrt_mle	lrt_mle	0.8188105359599952	False	True	lrt_quadratic		0.913,1.288	0.9126002710306916	1.2880284951573617	
Pure_hypercholesterolemia	64015	5540	58475	-0.010102863247036001	0.9899479992461441	0.8059632526103411	True	lrt_mle	0.913,1.073	lrt_quadratic	two		True	0.913278235050499	1.0730541948777055	False	True	False	mle	mle	lrt_mle	64015	5540	58475	ridge_seeded_refit;ridge_seeded_refit;inference=mle;ci=lrt_quadratic	chr10-79542902-INV-674513	0.8059632526103411	0.8059632526103411	True	lrt_mle	lrt_mle	0.95097992780583	False	True	lrt_quadratic		0.913,1.073	0.913278235050499	1.0730541948777055	
Benign_sarcoma_related_cancers	63821	3035	60786	-0.059316013302944004	0.942408908343738	0.276373974007867	True	lrt_mle	0.847,1.049	lrt_quadratic	two		True	0.8469438179877244	1.0486345512690323	False	True	False	mle	mle	lrt_mle	63821	3035	60786	ridge_seeded_refit;ridge_seeded_refit;inference=mle;ci=lrt_quadratic	chr10-79542902-INV-674513	0.276373974007867	0.276373974007867	True	lrt_mle	lrt_mle	0.7572709273456495	False	True	lrt_quadratic		0.847,1.049	0.8469438179877244	1.0486345512690323	
Melanocytic_nevi	62560	1774	60786	-0.087783776462988	0.915958907187799	0.21527395329964602	True	lrt_mle	0.797,1.052	lrt_quadratic	two		True	0.7972184366069575	1.0523849940393453	False	True	False	mle	mle	lrt_mle	62560	1774	60786	ridge_seeded_refit;ridge_seeded_refit;inference=mle;ci=lrt_quadratic	chr10-79542902-INV-674513	0.21527395329964602	0.21527395329964602	True	lrt_mle	lrt_mle	0.6983053066118737	False	True	lrt_quadratic		0.797,1.052	0.7972184366069575	1.0523849940393453	
Migraine	69354	5968	63386	0.034529211503878006	1.035132265704668	0.37248860945457	True	lrt_mle	0.959,1.117	lrt_quadratic	two		True	0.9594875487076383	1.1167407111703644	False	True	False	mle	mle	lrt_mle	69354	5968	63386	ridge_seeded_refit;ridge_seeded_refit;inference=mle;ci=lrt_quadratic	chr10-79542902-INV-674513	0.37248860945457	0.37248860945457	True	lrt_mle	lrt_mle	0.8188105359599952	False	True	lrt_quadratic		0.959,1.117	0.9594875487076383	1.1167407111703644	
Diastolic_heart_failure	70513	1350	69163	0.110017211253721	1.116297283169302	0.13879013855581201	True	lrt_mle	0.966,1.290	wald_mle	two		True	0.9658217653185861	1.290216962547038	False	True	False	mle	mle	lrt_mle	70513	1350	69163	ridge_seeded_refit;ridge_seeded_refit;inference=mle;ci=wald_mle	chr10-79542902-INV-674513	0.13879013855581201	0.13879013855581201	True	lrt_mle	lrt_mle	0.6316866105383425	False	True	wald_mle		0.966,1.290	0.9658217653185861	1.290216962547038	
Other_follicular_disorders	65190	5217	59973	-0.05675851635463101	0.944822200929699	0.17791262051146903	True	lrt_mle	0.870,1.026	wald_mle	two		True	0.8697084938773081	1.026423218416417	False	True	False	mle	mle	lrt_mle	65190	5217	59973	ridge_seeded_refit;ridge_seeded_refit;inference=mle;ci=wald_mle	chr10-79542902-INV-674513	0.17791262051146903	0.17791262051146903	True	lrt_mle	lrt_mle	0.6573884579363487	False	True	wald_mle		0.870,1.026	0.8697084938773081	1.026423218416417	
Uninodular_goiter_single_thyroid_nodule	60181	1706	58475	-0.0016316852579140002	0.9983696452167391	0.9818686885360681	True	lrt_mle	0.867,1.149	lrt_quadratic	two		True	0.8673155862430014	1.1492263765347974	False	True	False	mle	mle	lrt_mle	60181	1706	58475	ridge_seeded_refit;ridge_seeded_refit;inference=mle;ci=lrt_quadratic	chr10-79542902-INV-674513	0.9818686885360681	0.9818686885360681	True	lrt_mle	lrt_mle	0.9895096900032748	False	True	lrt_quadratic		0.867,1.149	0.8673155862430014	1.1492263765347974	
Benign_neoplasm_of_the_skin	64484	3698	60786	-0.06598431613782	0.9361455465542131	0.19374537078279402	True	lrt_mle	0.847,1.034	wald_mle	two		True	0.847149522155746	1.034490915019567	False	True	False	mle	mle	lrt_mle	64484	3698	60786	ridge_seeded_refit;ridge_seeded_refit;inference=mle;ci=wald_mle	chr10-79542902-INV-674513	0.19374537078279402	0.19374537078279402	True	lrt_mle	lrt_mle	0.6781087977397792	False	True	wald_mle		0.847,1.034	0.847149522155746	1.034490915019567	
High_risk_human_papillomavirus_HPV_DNA_test_positive	68545	905	67640	0.35812291056931805	1.430641450629172	0.00016997987511000002	True	lrt_mle	1.191,1.718	wald_mle	two		True	1.191451123085569	1.717850544265545	False	True	False	mle	mle	lrt_mle	43958	883	43075	sex_restricted_to_0;sex_forced_restriction_to_0;ridge_seeded_refit;ridge_seeded_refit;inference=mle;ci=wald_mle	chr10-79542902-INV-674513	0.00016997987511000002	0.00016997987511000002	True	lrt_mle	lrt_mle	0.04402478765349	True	True	wald_mle		1.191,1.718	1.191451123085569	1.717850544265545	unable to determine
Disorder_of_nervous_system	64812	1426	63386	0.15490413041252002	1.167546023583864	0.044249803038207004	True	lrt_mle	1.005,1.356	wald_mle	two		True	1.005402832749581	1.355838349349488	False	True	False	mle	mle	lrt_mle	64812	1426	63386	ridge_seeded_refit;ridge_seeded_refit;inference=mle;ci=wald_mle	chr10-79542902-INV-674513	0.044249803038207004	0.044249803038207004	True	lrt_mle	lrt_mle	0.45621207428101856	False	True	wald_mle		1.005,1.356	1.005402832749581	1.355838349349488	
Pain_in_shoulder	70144	7818	62326	0.040364718670312	1.041190446546588	0.240410411548085	True	lrt_mle	0.973,1.114	lrt_quadratic	two		True	0.973336531658902	1.1137746408554494	False	True	False	mle	mle	lrt_mle	70144	7818	62326	ridge_seeded_refit;ridge_seeded_refit;inference=mle;ci=lrt_quadratic	chr10-79542902-INV-674513	0.240410411548085	0.240410411548085	True	lrt_mle	lrt_mle	0.6996213100107194	False	True	lrt_quadratic		0.973,1.114	0.973336531658902	1.1137746408554494	
Flat_foot_pes_planus	63095	769	62326	-0.053973530907805004	0.9474571845014671	0.601772266275301	True	lrt_mle	0.774,1.160	lrt_quadratic	two		True	0.7736111713752128	1.160369898572811	False	True	False	mle	mle	lrt_mle	63095	769	62326	ridge_seeded_refit;ridge_seeded_refit;inference=mle;ci=lrt_quadratic	chr10-79542902-INV-674513	0.601772266275301	0.601772266275301	True	lrt_mle	lrt_mle	0.8813713011780374	False	True	lrt_quadratic		0.774,1.160	0.7736111713752128	1.160369898572811	
Morbid_obesity	64663	6188	58475	0.054933816316361	1.056470691239622	0.137591426260069	True	lrt_mle	0.983,1.136	wald_mle	two		True	0.9827655636997761	1.135703531619968	False	True	False	mle	mle	lrt_mle	64663	6188	58475	ridge_seeded_refit;ridge_seeded_refit;inference=mle;ci=wald_mle	chr10-79542902-INV-674513	0.137591426260069	0.137591426260069	True	lrt_mle	lrt_mle	0.6316866105383425	False	True	wald_mle		0.983,1.136	0.9827655636997761	1.135703531619968	
Skin_changes_due_to_chronic_exposure_to_nonionizing_radiation	61037	1064	59973	-0.15460640064503	0.8567523282918741	0.103575698669208	True	lrt_mle	0.710,1.034	wald_mle	two		True	0.7098429733818411	1.034066095683811	False	True	False	mle	mle	lrt_mle	61037	1064	59973	ridge_seeded_refit;ridge_seeded_refit;inference=mle;ci=wald_mle	chr10-79542902-INV-674513	0.103575698669208	0.103575698669208	True	lrt_mle	lrt_mle	0.5540667367932824	False	True	wald_mle		0.710,1.034	0.7098429733818411	1.034066095683811	
Conjunctivitis	66055	3530	62525	0.08868557607182201	1.092737019639183	0.065544205524193	True	lrt_mle	0.995,1.200	wald_mle	two		True	0.994780239038568	1.200339680293577	False	True	False	mle	mle	lrt_mle	66055	3530	62525	ridge_seeded_refit;ridge_seeded_refit;inference=mle;ci=wald_mle	chr10-79542902-INV-674513	0.065544205524193	0.065544205524193	True	lrt_mle	lrt_mle	0.5014133327509344	False	True	wald_mle		0.995,1.200	0.994780239038568	1.200339680293577	
Skin_changes_due_to_solar_radiation	61239	1266	59973	-0.134030144887999	0.8745637005811631	0.11876628332065602	True	lrt_mle	0.738,1.037	wald_mle	two		True	0.737906204644131	1.036529658594058	False	True	False	mle	mle	lrt_mle	61239	1266	59973	ridge_seeded_refit;ridge_seeded_refit;inference=mle;ci=wald_mle	chr10-79542902-INV-674513	0.11876628332065602	0.11876628332065602	True	lrt_mle	lrt_mle	0.6152093476009981	False	True	wald_mle		0.738,1.037	0.737906204644131	1.036529658594058	
Laryngitis_and_tracheitis	70513	696	69817	0.17821764876182603	1.195085401788644	0.096360121617844	True	lrt_mle	0.971,1.471	wald_mle	two		True	0.9709443998943571	1.470969004737781	False	True	False	mle	mle	lrt_mle	70513	696	69817	ridge_seeded_refit;ridge_seeded_refit;inference=mle;ci=wald_mle	chr10-79542902-INV-674513	0.096360121617844	0.096360121617844	True	lrt_mle	lrt_mle	0.542549380413513	False	True	wald_mle		0.971,1.471	0.9709443998943571	1.470969004737781	
Sensorineural_hearing_loss	64833	2308	62525	0.07563465517871301	1.078568452767941	0.225777089072755	True	lrt_mle	0.954,1.219	lrt_quadratic	two		True	0.9543294204569611	1.2189814988090835	False	True	False	mle	mle	lrt_mle	64833	2308	62525	ridge_seeded_refit;ridge_seeded_refit;inference=mle;ci=lrt_quadratic	chr10-79542902-INV-674513	0.225777089072755	0.225777089072755	True	lrt_mle	lrt_mle	0.6983053066118737	False	True	lrt_quadratic		0.954,1.219	0.9543294204569611	1.2189814988090835	
Goiter	61140	2665	58475	0.04941508915086	1.050656376302113	0.391410762514016	True	lrt_mle	0.938,1.176	lrt_quadratic	two		True	0.9383902557203911	1.1763536698458692	False	True	False	mle	mle	lrt_mle	61140	2665	58475	ridge_seeded_refit;ridge_seeded_refit;inference=mle;ci=lrt_quadratic	chr10-79542902-INV-674513	0.391410762514016	0.391410762514016	True	lrt_mle	lrt_mle	0.8188105359599952	False	True	lrt_quadratic		0.938,1.176	0.9383902557203911	1.1763536698458692	
Alopecia_Areata	60181	208	59973	0.152187695345775	1.164378764397926	0.429206847928616	True	lrt_mle	0.798,1.698	lrt_quadratic	two		True	0.7984184417228635	1.698079398135247	False	True	False	mle	mle	lrt_mle	60181	208	59973	ridge_seeded_refit;ridge_seeded_refit;inference=mle;ci=lrt_quadratic	chr10-79542902-INV-674513	0.429206847928616	0.429206847928616	True	lrt_mle	lrt_mle	0.8422815355570126	False	True	lrt_quadratic		0.798,1.698	0.7984184417228635	1.698079398135247	
Urinary_incontinence_and_enuresis	70513	4051	66462	0.045492311933271	1.046542958690919	0.324706189995634	True	lrt_mle	0.956,1.146	lrt_quadratic	two		True	0.9559552632094283	1.1457148744685526	False	True	False	mle	mle	lrt_mle	70513	4051	66462	ridge_seeded_refit;ridge_seeded_refit;inference=mle;ci=lrt_quadratic	chr10-79542902-INV-674513	0.324706189995634	0.324706189995634	True	lrt_mle	lrt_mle	0.7878942555403989	False	True	lrt_quadratic		0.956,1.146	0.9559552632094283	1.1457148744685526	
Viral_infections	70513	15783	54730	0.029645685221136003	1.030089493356648	0.23815152345849802	True	lrt_mle	0.981,1.082	lrt_quadratic	two		True	0.9805797775278685	1.0820989669997543	False	True	False	mle	mle	lrt_mle	70513	15783	54730	ridge_seeded_refit;ridge_seeded_refit;inference=mle;ci=lrt_quadratic	chr10-79542902-INV-674513	0.23815152345849802	0.23815152345849802	True	lrt_mle	lrt_mle	0.6996213100107194	False	True	lrt_quadratic		0.981,1.082	0.9805797775278685	1.0820989669997543	
Scar_conditions_and_fibrosis_of_skin	60933	960	59973	-0.023129193115498003	0.9771362363436631	0.8077821780590061	True	lrt_mle	0.811,1.177	lrt_quadratic	two		True	0.8110210566876283	1.1772755053678077	False	True	False	mle	mle	lrt_mle	60933	960	59973	ridge_seeded_refit;ridge_seeded_refit;inference=mle;ci=lrt_quadratic	chr10-79542902-INV-674513	0.8077821780590061	0.8077821780590061	True	lrt_mle	lrt_mle	0.95097992780583	False	True	lrt_quadratic		0.811,1.177	0.8110210566876283	1.1772755053678077	
Abnormal_mammogram	63097	2311	60786	-0.005318179879582	0.994695936603282	0.9333950244092251	True	lrt_mle	0.878,1.127	lrt_quadratic	two		True	0.8780611318767108	1.1268236007444707	False	True	False	mle	mle	lrt_mle	40126	2304	37822	sex_restricted_to_0;sex_majority_restricted_to_0;ridge_seeded_refit;ridge_seeded_refit;inference=mle;ci=lrt_quadratic	chr10-79542902-INV-674513	0.9333950244092251	0.9333950244092251	True	lrt_mle	lrt_mle	0.9755519820675346	False	True	lrt_quadratic		0.878,1.127	0.8780611318767108	1.1268236007444707	
Lump_or_mass_in_breast_or_nonspecific_abnormal_breast_exam	66746	5960	60786	0.006477641779853001	1.00649866707496	0.87389432990645	True	lrt_mle	0.929,1.090	lrt_quadratic	two		True	0.9291221803793843	1.0903190002524987	False	True	False	mle	mle	lrt_mle	66746	5960	60786	ridge_seeded_refit;ridge_seeded_refit;inference=mle;ci=lrt_quadratic	chr10-79542902-INV-674513	0.87389432990645	0.87389432990645	True	lrt_mle	lrt_mle	0.9750200668234134	False	True	lrt_quadratic		0.929,1.090	0.9291221803793843	1.0903190002524987	
Aphagia_and_dysphagia	70513	3384	67129	0.006929771650543001	1.006953838077604	0.888052954209758	True	lrt_mle	0.914,1.109	lrt_quadratic	two		True	0.9143373150929804	1.1089518225733868	False	True	False	mle	mle	lrt_mle	70513	3384	67129	ridge_seeded_refit;ridge_seeded_refit;inference=mle;ci=lrt_quadratic	chr10-79542902-INV-674513	0.888052954209758	0.888052954209758	True	lrt_mle	lrt_mle	0.9750200668234134	False	True	lrt_quadratic		0.914,1.109	0.9143373150929804	1.1089518225733868	
Hypertrophic_conditions_of_skin	62092	2119	59973	0.039148036137231	1.039924418649854	0.534273680978534	True	lrt_mle	0.919,1.177	lrt_quadratic	two		True	0.9191460813830323	1.1765733634821125	False	True	False	mle	mle	lrt_mle	62092	2119	59973	ridge_seeded_refit;ridge_seeded_refit;inference=mle;ci=lrt_quadratic	chr10-79542902-INV-674513	0.534273680978534	0.534273680978534	True	lrt_mle	lrt_mle	0.8694452885881662	False	True	lrt_quadratic		0.919,1.177	0.9191460813830323	1.1765733634821125	
Mild_cognitive_impairment	63859	473	63386	0.066164548403311	1.068402506629218	0.7172808090017401	True	lrt_mle	0.747,1.529	lrt_quadratic	two		True	0.7467882748374423	1.5285241542123436	False	True	False	mle	mle	lrt_mle	63859	473	63386	ridge_seeded_refit;ridge_seeded_refit;inference=mle;ci=lrt_quadratic	chr8-7301025-INV-5297356	0.7172808090017401	0.7172808090017401	True	lrt_mle	lrt_mle	0.9345179402369918	False	True	lrt_quadratic		0.747,1.529	0.7467882748374423	1.5285241542123436	
Acne	62021	2048	59973	-0.026756964888861003	0.973597831230486	0.763398154438783	True	lrt_mle	0.818,1.159	lrt_quadratic	two		True	0.8179347117196499	1.158885572888612	False	True	False	mle	mle	lrt_mle	62021	2048	59973	ridge_seeded_refit;ridge_seeded_refit;inference=mle;ci=lrt_quadratic	chr8-7301025-INV-5297356	0.763398154438783	0.763398154438783	True	lrt_mle	lrt_mle	0.9460292918643292	False	True	lrt_quadratic		0.818,1.159	0.8179347117196499	1.158885572888612	
Other_skin_and_subcutaneous_disorders	64139	4166	59973	-0.055214599530499	0.946282054477769	0.389718146179423	True	lrt_mle	0.834,1.073	wald_mle	two		True	0.8343570285992751	1.073221290087238	False	True	False	mle	mle	lrt_mle	64139	4166	59973	ridge_seeded_refit;ridge_seeded_refit;inference=mle;ci=wald_mle	chr8-7301025-INV-5297356	0.389718146179423	0.389718146179423	True	lrt_mle	lrt_mle	0.8188105359599952	False	True	wald_mle		0.834,1.073	0.8343570285992751	1.073221290087238	
Inflammation_of_the_eye	67549	5024	62525	0.011557037383329001	1.01162407795441	0.8426631732251411	True	lrt_mle	0.903,1.134	lrt_quadratic	two		True	0.9025217230652792	1.1339153938825337	False	True	False	mle	mle	lrt_mle	67549	5024	62525	ridge_seeded_refit;ridge_seeded_refit;inference=mle;ci=lrt_quadratic	chr8-7301025-INV-5297356	0.8426631732251411	0.8426631732251411	True	lrt_mle	lrt_mle	0.9750200668234134	False	True	lrt_quadratic		0.903,1.134	0.9025217230652792	1.1339153938825337	
Hearing_impairment	66524	3999	62525	-0.023768705455102002	0.97651154543311	0.720585125888005	True	lrt_mle	0.857,1.112	lrt_quadratic	two		True	0.8572598416489354	1.1123521154682419	False	True	False	mle	mle	lrt_mle	66524	3999	62525	ridge_seeded_refit;ridge_seeded_refit;inference=mle;ci=lrt_quadratic	chr8-7301025-INV-5297356	0.720585125888005	0.720585125888005	True	lrt_mle	lrt_mle	0.9345179402369918	False	True	lrt_quadratic		0.857,1.112	0.8572598416489354	1.1123521154682419	
Abnormal_Papanicolaou_smear	69761	2121	67640	-0.075216992037267	0.9275421952194661	0.394238799171697	True	lrt_mle	0.780,1.103	wald_mle	two		True	0.780069090693365	1.102895287323636	False	True	False	mle	mle	lrt_mle	69761	2121	67640	ridge_seeded_refit;ridge_seeded_refit;inference=mle;ci=wald_mle	chr8-7301025-INV-5297356	0.394238799171697	0.394238799171697	True	lrt_mle	lrt_mle	0.8188105359599952	False	True	wald_mle		0.780,1.103	0.780069090693365	1.102895287323636	
Rosacea	60783	810	59973	-0.07017302002447101	0.9322325110596441	0.613023241633679	True	lrt_mle	0.710,1.224	lrt_quadratic	two		True	0.7102686538740814	1.2235616057901362	False	True	False	mle	mle	lrt_mle	60783	810	59973	ridge_seeded_refit;ridge_seeded_refit;inference=mle;ci=lrt_quadratic	chr8-7301025-INV-5297356	0.613023241633679	0.613023241633679	True	lrt_mle	lrt_mle	0.881763909783306	False	True	lrt_quadratic		0.710,1.224	0.7102686538740814	1.2235616057901362	
Epidermal_thickening	62586	2613	59973	0.002587510681248	1.002590861176201	0.9741122923517761	True	lrt_mle	0.858,1.172	lrt_quadratic	two		True	0.8575365807642953	1.1721814059735438	False	True	False	mle	mle	lrt_mle	62586	2613	59973	ridge_seeded_refit;ridge_seeded_refit;inference=mle;ci=lrt_quadratic	chr8-7301025-INV-5297356	0.9741122923517761	0.9741122923517761	True	lrt_mle	lrt_mle	0.9855276707777735	False	True	lrt_quadratic		0.858,1.172	0.8575365807642953	1.1721814059735438	
Abnormal_cytological_findings_in_specimens_from_genital_organs	70513	2873	67640	-0.009360508967496	0.9906831642225781	0.902574290887425	True	lrt_mle	0.853,1.151	lrt_quadratic	two		True	0.852795101812462	1.1508662863894965	False	True	False	mle	mle	lrt_mle	70513	2873	67640	ridge_seeded_refit;ridge_seeded_refit;inference=mle;ci=lrt_quadratic	chr8-7301025-INV-5297356	0.902574290887425	0.902574290887425	True	lrt_mle	lrt_mle	0.9755519820675346	False	True	lrt_quadratic		0.853,1.151	0.852795101812462	1.1508662863894965	
Multinodular_goiter	59618	1143	58475	-0.20312013693473102	0.8161801821501851	0.08739798376362201	True	lrt_mle	0.646,1.031	wald_mle	two		True	0.6463359117396691	1.030656161347602	False	True	False	mle	mle	lrt_mle	59618	1143	58475	ridge_seeded_refit;ridge_seeded_refit;inference=mle;ci=wald_mle	chr8-7301025-INV-5297356	0.08739798376362201	0.08739798376362201	True	lrt_mle	lrt_mle	0.530857186017981	False	True	wald_mle		0.646,1.031	0.6463359117396691	1.030656161347602	
Pure_hypercholesterolemia	64015	5540	58475	0.138354998110362	1.148383151769867	0.016364254869168	True	lrt_mle	1.026,1.286	wald_mle	two		True	1.025836301138186	1.285569502469036	False	True	False	mle	mle	lrt_mle	64015	5540	58475	ridge_seeded_refit;ridge_seeded_refit;inference=mle;ci=wald_mle	chr8-7301025-INV-5297356	0.016364254869168	0.016364254869168	True	lrt_mle	lrt_mle	0.45621207428101856	False	True	wald_mle		1.026,1.286	1.025836301138186	1.285569502469036	
Benign_sarcoma_related_cancers	63821	3035	60786	0.09042336239502001	1.094637614021925	0.22222773954263902	True	lrt_mle	0.947,1.266	wald_mle	two		True	0.9468031466880721	1.265555052518615	False	True	False	mle	mle	lrt_mle	63821	3035	60786	ridge_seeded_refit;ridge_seeded_refit;inference=mle;ci=wald_mle	chr8-7301025-INV-5297356	0.22222773954263902	0.22222773954263902	True	lrt_mle	lrt_mle	0.6983053066118737	False	True	wald_mle		0.947,1.266	0.9468031466880721	1.265555052518615	
Melanocytic_nevi	62560	1774	60786	0.030318229541807	1.030782507210332	0.748877518550858	True	lrt_mle	0.856,1.241	lrt_quadratic	two		True	0.8561514235481655	1.2410334760262678	False	True	False	mle	mle	lrt_mle	62560	1774	60786	ridge_seeded_refit;ridge_seeded_refit;inference=mle;ci=lrt_quadratic	chr8-7301025-INV-5297356	0.748877518550858	0.748877518550858	True	lrt_mle	lrt_mle	0.9352613915908289	False	True	lrt_quadratic		0.856,1.241	0.8561514235481655	1.2410334760262678	
Migraine	69354	5968	63386	-0.034729240304156	0.965866898684231	0.5196555017138921	True	lrt_mle	0.869,1.074	wald_mle	two		True	0.8689427314412451	1.07360224352941	False	True	False	mle	mle	lrt_mle	69354	5968	63386	ridge_seeded_refit;ridge_seeded_refit;inference=mle;ci=wald_mle	chr8-7301025-INV-5297356	0.5196555017138921	0.5196555017138921	True	lrt_mle	lrt_mle	0.8627613778455003	False	True	wald_mle		0.869,1.074	0.8689427314412451	1.07360224352941	
Diastolic_heart_failure	70513	1350	69163	-0.12076701264730301	0.8862404183497261	0.27776346755921505	True	lrt_mle	0.712,1.103	wald_mle	two		True	0.7123576044263731	1.102567129537641	False	True	False	mle	mle	lrt_mle	70513	1350	69163	ridge_seeded_refit;ridge_seeded_refit;inference=mle;ci=wald_mle	chr8-7301025-INV-5297356	0.27776346755921505	0.27776346755921505	True	lrt_mle	lrt_mle	0.7572709273456495	False	True	wald_mle		0.712,1.103	0.7123576044263731	1.102567129537641	
Other_follicular_disorders	65190	5217	59973	0.0038214867272050005	1.003828797917848	0.946827720237382	True	lrt_mle	0.897,1.123	lrt_quadratic	two		True	0.8971903696739681	1.123142077300017	False	True	False	mle	mle	lrt_mle	65190	5217	59973	ridge_seeded_refit;ridge_seeded_refit;inference=mle;ci=lrt_quadratic	chr8-7301025-INV-5297356	0.946827720237382	0.946827720237382	True	lrt_mle	lrt_mle	0.9755519820675346	False	True	lrt_quadratic		0.897,1.123	0.8971903696739681	1.123142077300017	
Uninodular_goiter_single_thyroid_nodule	60181	1706	58475	-0.21169030893822802	0.809215265499946	0.030621759744678	True	lrt_mle	0.668,0.981	wald_mle	two		True	0.6676482420826291	0.9807999252353411	False	True	False	mle	mle	lrt_mle	60181	1706	58475	ridge_seeded_refit;ridge_seeded_refit;inference=mle;ci=wald_mle	chr8-7301025-INV-5297356	0.030621759744678	0.030621759744678	True	lrt_mle	lrt_mle	0.45621207428101856	False	True	wald_mle		0.668,0.981	0.6676482420826291	0.9807999252353411	
Benign_neoplasm_of_the_skin	64484	3698	60786	0.06662544613856501	1.06889504442092	0.325500715609354	True	lrt_mle	0.936,1.221	wald_mle	two		True	0.9360151911933341	1.22063896690712	False	True	False	mle	mle	lrt_mle	64484	3698	60786	ridge_seeded_refit;ridge_seeded_refit;inference=mle;ci=wald_mle	chr8-7301025-INV-5297356	0.325500715609354	0.325500715609354	True	lrt_mle	lrt_mle	0.7878942555403989	False	True	wald_mle		0.936,1.221	0.9360151911933341	1.22063896690712	
High_risk_human_papillomavirus_HPV_DNA_test_positive	68545	905	67640	0.10376665987684101	1.109341570813974	0.43728801030274606	True	lrt_mle	0.854,1.441	wald_mle	two		True	0.8539768035271701	1.441068089499764	False	True	False	mle	mle	lrt_mle	43958	883	43075	sex_restricted_to_0;sex_forced_restriction_to_0;ridge_seeded_refit;ridge_seeded_refit;inference=mle;ci=wald_mle	chr8-7301025-INV-5297356	0.43728801030274606	0.43728801030274606	True	lrt_mle	lrt_mle	0.8422815355570126	False	True	wald_mle		0.854,1.441	0.8539768035271701	1.441068089499764	
Disorder_of_nervous_system	64812	1426	63386	-0.047791883167357004	0.9533321709051461	0.6533998102531411	True	lrt_mle	0.774,1.174	lrt_quadratic	two		True	0.7738390674248204	1.174458962258346	False	True	False	mle	mle	lrt_mle	64812	1426	63386	ridge_seeded_refit;ridge_seeded_refit;inference=mle;ci=lrt_quadratic	chr8-7301025-INV-5297356	0.6533998102531411	0.6533998102531411	True	lrt_mle	lrt_mle	0.8941844136851813	False	True	lrt_quadratic		0.774,1.174	0.7738390674248204	1.174458962258346	
Pain_in_shoulder	70144	7818	62326	0.034089703745792004	1.034677417005332	0.483431194610249	True	lrt_mle	0.941,1.138	wald_mle	two		True	0.9406113300680401	1.138150608055493	False	True	False	mle	mle	lrt_mle	70144	7818	62326	ridge_seeded_refit;ridge_seeded_refit;inference=mle;ci=wald_mle	chr8-7301025-INV-5297356	0.483431194610249	0.483431194610249	True	lrt_mle	lrt_mle	0.8422815355570126	False	True	wald_mle		0.941,1.138	0.9406113300680401	1.138150608055493	
Flat_foot_pes_planus	63095	769	62326	0.1483611641028	1.159931746430126	0.301591636662884	True	lrt_mle	0.876,1.536	wald_mle	two		True	0.8757075415793231	1.536405240898077	False	True	False	mle	mle	lrt_mle	63095	769	62326	ridge_seeded_refit;ridge_seeded_refit;inference=mle;ci=wald_mle	chr8-7301025-INV-5297356	0.301591636662884	0.301591636662884	True	lrt_mle	lrt_mle	0.7710882399511721	False	True	wald_mle		0.876,1.536	0.8757075415793231	1.536405240898077	
Morbid_obesity	64663	6188	58475	-0.08016023315791801	0.922968444389046	0.13365911804181402	True	lrt_mle	0.831,1.025	wald_mle	two		True	0.8311049806263581	1.024985734889866	False	True	False	mle	mle	lrt_mle	64663	6188	58475	ridge_seeded_refit;ridge_seeded_refit;inference=mle;ci=wald_mle	chr8-7301025-INV-5297356	0.13365911804181402	0.13365911804181402	True	lrt_mle	lrt_mle	0.6316866105383425	False	True	wald_mle		0.831,1.025	0.8311049806263581	1.024985734889866	
Skin_changes_due_to_chronic_exposure_to_nonionizing_radiation	61037	1064	59973	-0.09135926182106001	0.912689757407898	0.459779027696662	True	lrt_mle	0.716,1.163	wald_mle	two		True	0.71621622410551	1.163060211764449	False	True	False	mle	mle	lrt_mle	61037	1064	59973	ridge_seeded_refit;ridge_seeded_refit;inference=mle;ci=wald_mle	chr8-7301025-INV-5297356	0.459779027696662	0.459779027696662	True	lrt_mle	lrt_mle	0.8422815355570126	False	True	wald_mle		0.716,1.163	0.71621622410551	1.163060211764449	
Conjunctivitis	66055	3530	62525	-0.03675440681278	0.963912836707511	0.5916470690926671	True	lrt_mle	0.843,1.102	lrt_quadratic	two		True	0.8427883212135509	1.1024452206832318	False	True	False	mle	mle	lrt_mle	66055	3530	62525	ridge_seeded_refit;ridge_seeded_refit;inference=mle;ci=lrt_quadratic	chr8-7301025-INV-5297356	0.5916470690926671	0.5916470690926671	True	lrt_mle	lrt_mle	0.8813713011780374	False	True	lrt_quadratic		0.843,1.102	0.8427883212135509	1.1024452206832318	
Skin_changes_due_to_solar_radiation	61239	1266	59973	-0.103378446130806	0.9017856316127351	0.36050373847653705	True	lrt_mle	0.722,1.126	wald_mle	two		True	0.722409878324899	1.125700727222669	False	True	False	mle	mle	lrt_mle	61239	1266	59973	ridge_seeded_refit;ridge_seeded_refit;inference=mle;ci=wald_mle	chr8-7301025-INV-5297356	0.36050373847653705	0.36050373847653705	True	lrt_mle	lrt_mle	0.8188105359599952	False	True	wald_mle		0.722,1.126	0.722409878324899	1.125700727222669	
Laryngitis_and_tracheitis	70513	696	69817	-0.270189448013384	0.763234887306382	0.071818740360683	True	lrt_mle	0.568,1.025	wald_mle	two		True	0.5682821917930311	1.02506730215073	False	True	False	mle	mle	lrt_mle	70513	696	69817	ridge_seeded_refit;ridge_seeded_refit;inference=mle;ci=wald_mle	chr8-7301025-INV-5297356	0.071818740360683	0.071818740360683	True	lrt_mle	lrt_mle	0.5166959375949138	False	True	wald_mle		0.568,1.025	0.5682821917930311	1.02506730215073	
Sensorineural_hearing_loss	64833	2308	62525	0.063345724224784	1.065395108465803	0.46682144604253706	True	lrt_mle	0.898,1.264	wald_mle	two		True	0.898350810062128	1.263500543918207	False	True	False	mle	mle	lrt_mle	64833	2308	62525	ridge_seeded_refit;ridge_seeded_refit;inference=mle;ci=wald_mle	chr8-7301025-INV-5297356	0.46682144604253706	0.46682144604253706	True	lrt_mle	lrt_mle	0.8422815355570126	False	True	wald_mle		0.898,1.264	0.898350810062128	1.263500543918207	
Goiter	61140	2665	58475	-0.14950401333876	0.8611349819863641	0.058980583610007006	True	lrt_mle	0.737,1.006	wald_mle	two		True	0.7372020186220971	1.005902640617686	False	True	False	mle	mle	lrt_mle	61140	2665	58475	ridge_seeded_refit;ridge_seeded_refit;inference=mle;ci=wald_mle	chr8-7301025-INV-5297356	0.058980583610007006	0.058980583610007006	True	lrt_mle	lrt_mle	0.5014133327509344	False	True	wald_mle		0.737,1.006	0.7372020186220971	1.005902640617686	
Alopecia_Areata	60181	208	59973	0.499425534319879	1.647774408909866	0.067224557131165	True	lrt_mle	0.965,2.813	lrt_quadratic	two		True	0.9652010370102222	2.813051787707003	False	True	False	mle	mle	lrt_mle	60181	208	59973	ridge_seeded_refit;ridge_seeded_refit;inference=mle;ci=lrt_quadratic	chr8-7301025-INV-5297356	0.067224557131165	0.067224557131165	True	lrt_mle	lrt_mle	0.5014133327509344	False	True	lrt_quadratic		0.965,2.813	0.9652010370102222	2.813051787707003	
Urinary_incontinence_and_enuresis	70513	4051	66462	0.022659335464568	1.022918008296389	0.7277494545187411	True	lrt_mle	0.900,1.162	lrt_quadratic	two		True	0.9004005359069802	1.1621064292715495	False	True	False	mle	mle	lrt_mle	70513	4051	66462	ridge_seeded_refit;ridge_seeded_refit;inference=mle;ci=lrt_quadratic	chr8-7301025-INV-5297356	0.7277494545187411	0.7277494545187411	True	lrt_mle	lrt_mle	0.9345179402369918	False	True	lrt_quadratic		0.900,1.162	0.9004005359069802	1.1621064292715495	
Viral_infections	70513	15783	54730	0.06685856595544201	1.069144254084664	0.06352815100333001	True	lrt_mle	0.996,1.147	wald_mle	two		True	0.9962738423134011	1.147344623028528	False	True	False	mle	mle	lrt_mle	70513	15783	54730	ridge_seeded_refit;ridge_seeded_refit;inference=mle;ci=wald_mle	chr8-7301025-INV-5297356	0.06352815100333001	0.06352815100333001	True	lrt_mle	lrt_mle	0.5014133327509344	False	True	wald_mle		0.996,1.147	0.9962738423134011	1.147344623028528	
Scar_conditions_and_fibrosis_of_skin	60933	960	59973	-0.11585015755793801	0.890608664276837	0.36574046595860404	True	lrt_mle	0.693,1.145	wald_mle	two		True	0.692703528684374	1.145055222096872	False	True	False	mle	mle	lrt_mle	60933	960	59973	ridge_seeded_refit;ridge_seeded_refit;inference=mle;ci=wald_mle	chr8-7301025-INV-5297356	0.36574046595860404	0.36574046595860404	True	lrt_mle	lrt_mle	0.8188105359599952	False	True	wald_mle		0.693,1.145	0.692703528684374	1.145055222096872	
Abnormal_mammogram	63097	2311	60786	0.039129003515351	1.039904626349961	0.657463003046845	True	lrt_mle	0.875,1.236	lrt_quadratic	two		True	0.8747423028874357	1.2362516690166399	False	True	False	mle	mle	lrt_mle	40126	2304	37822	sex_restricted_to_0;sex_majority_restricted_to_0;ridge_seeded_refit;ridge_seeded_refit;inference=mle;ci=lrt_quadratic	chr8-7301025-INV-5297356	0.657463003046845	0.657463003046845	True	lrt_mle	lrt_mle	0.8941844136851813	False	True	lrt_quadratic		0.875,1.236	0.8747423028874357	1.2362516690166399	
Lump_or_mass_in_breast_or_nonspecific_abnormal_breast_exam	66746	5960	60786	-0.009530705974260001	0.9905145672611321	0.8675145454310801	True	lrt_mle	0.886,1.108	lrt_quadratic	two		True	0.8855829290151005	1.1078794269980548	False	True	False	mle	mle	lrt_mle	66746	5960	60786	ridge_seeded_refit;ridge_seeded_refit;inference=mle;ci=lrt_quadratic	chr8-7301025-INV-5297356	0.8675145454310801	0.8675145454310801	True	lrt_mle	lrt_mle	0.9750200668234134	False	True	lrt_quadratic		0.886,1.108	0.8855829290151005	1.1078794269980548	
Aphagia_and_dysphagia	70513	3384	67129	-0.036182037179928	0.964464709066382	0.605181007544909	True	lrt_mle	0.841,1.106	lrt_quadratic	two		True	0.8408358910480858	1.1062707776127834	False	True	False	mle	mle	lrt_mle	70513	3384	67129	ridge_seeded_refit;ridge_seeded_refit;inference=mle;ci=lrt_quadratic	chr8-7301025-INV-5297356	0.605181007544909	0.605181007544909	True	lrt_mle	lrt_mle	0.8813713011780374	False	True	lrt_quadratic		0.841,1.106	0.8408358910480858	1.1062707776127834	
Hypertrophic_conditions_of_skin	62092	2119	59973	-0.066077527528224	0.9360582911928581	0.44847576077708706	True	lrt_mle	0.789,1.111	wald_mle	two		True	0.7889481894049041	1.110599068833413	False	True	False	mle	mle	lrt_mle	62092	2119	59973	ridge_seeded_refit;ridge_seeded_refit;inference=mle;ci=wald_mle	chr8-7301025-INV-5297356	0.44847576077708706	0.44847576077708706	True	lrt_mle	lrt_mle	0.8422815355570126	False	True	wald_mle		0.789,1.111	0.7889481894049041	1.110599068833413	
Mild_cognitive_impairment	63859	473	63386	-0.011443373034267	0.9886218533186891	0.9552482191244761	True	lrt_mle	0.663,1.474	lrt_quadratic	two		True	0.6629102836269697	1.4743671851216364	False	True	False	mle	mle	lrt_mle	63859	473	63386	ridge_seeded_refit;ridge_seeded_refit;inference=mle;ci=lrt_quadratic	chr12-46897663-INV-16289	0.9552482191244761	0.9552482191244761	True	lrt_mle	lrt_mle	0.9755519820675346	False	True	lrt_quadratic		0.663,1.474	0.6629102836269697	1.4743671851216364	
Acne	62021	2048	59973	0.12371888711780701	1.1316976914792671	0.20270510865967803	True	lrt_mle	0.936,1.369	lrt_quadratic	two		True	0.9355394719897564	1.3689851719196353	False	True	False	mle	mle	lrt_mle	62021	2048	59973	ridge_seeded_refit;ridge_seeded_refit;inference=mle;ci=lrt_quadratic	chr12-46897663-INV-16289	0.20270510865967803	0.20270510865967803	True	lrt_mle	lrt_mle	0.6907976729323237	False	True	lrt_quadratic		0.936,1.369	0.9355394719897564	1.3689851719196353	
Other_skin_and_subcutaneous_disorders	64139	4166	59973	0.013355313800285	1.013444894351534	0.853746803623683	True	lrt_mle	0.879,1.168	lrt_quadratic	two		True	0.8792879244724747	1.1680708051385762	False	True	False	mle	mle	lrt_mle	64139	4166	59973	ridge_seeded_refit;ridge_seeded_refit;inference=mle;ci=lrt_quadratic	chr12-46897663-INV-16289	0.853746803623683	0.853746803623683	True	lrt_mle	lrt_mle	0.9750200668234134	False	True	lrt_quadratic		0.879,1.168	0.8792879244724747	1.1680708051385762	
Inflammation_of_the_eye	67549	5024	62525	0.10897196622952601	1.1151310885742731	0.09495586846298601	True	lrt_mle	0.982,1.266	wald_mle	two		True	0.9824381831309311	1.265746146736559	False	True	False	mle	mle	lrt_mle	67549	5024	62525	ridge_seeded_refit;ridge_seeded_refit;inference=mle;ci=wald_mle	chr12-46897663-INV-16289	0.09495586846298601	0.09495586846298601	True	lrt_mle	lrt_mle	0.542549380413513	False	True	wald_mle		0.982,1.266	0.9824381831309311	1.265746146736559	
Hearing_impairment	66524	3999	62525	0.130201175606523	1.139057510862026	0.074380248844623	True	lrt_mle	0.989,1.312	wald_mle	two		True	0.9887740904697051	1.312182454573477	False	True	False	mle	mle	lrt_mle	66524	3999	62525	ridge_seeded_refit;ridge_seeded_refit;inference=mle;ci=wald_mle	chr12-46897663-INV-16289	0.074380248844623	0.074380248844623	True	lrt_mle	lrt_mle	0.520661741912361	False	True	wald_mle		0.989,1.312	0.9887740904697051	1.312182454573477	
Abnormal_Papanicolaou_smear	69761	2121	67640	-0.21780799531764802	0.8042798523398691	0.041492374061486	True	lrt_mle	0.649,0.996	wald_mle	two		True	0.649333572584443	0.9961999628407001	False	True	False	mle	mle	lrt_mle	69761	2121	67640	ridge_seeded_refit;ridge_seeded_refit;inference=mle;ci=wald_mle	chr12-46897663-INV-16289	0.041492374061486	0.041492374061486	True	lrt_mle	lrt_mle	0.45621207428101856	False	True	wald_mle		0.649,0.996	0.649333572584443	0.9961999628407001	
Rosacea	60783	810	59973	-0.08096927942352	0.9222220222016011	0.605246381105346	True	lrt_mle	0.678,1.254	lrt_quadratic	two		True	0.6784101514043772	1.2536567391761528	False	True	False	mle	mle	lrt_mle	60783	810	59973	ridge_seeded_refit;ridge_seeded_refit;inference=mle;ci=lrt_quadratic	chr12-46897663-INV-16289	0.605246381105346	0.605246381105346	True	lrt_mle	lrt_mle	0.8813713011780374	False	True	lrt_quadratic		0.678,1.254	0.6784101514043772	1.2536567391761528	
Epidermal_thickening	62586	2613	59973	0.18883663740056	1.207843619891496	0.030375683003201003	True	lrt_mle	1.021,1.429	wald_mle	two		True	1.0210738306774	1.428776417807849	False	True	False	mle	mle	lrt_mle	62586	2613	59973	ridge_seeded_refit;ridge_seeded_refit;inference=mle;ci=wald_mle	chr12-46897663-INV-16289	0.030375683003201003	0.030375683003201003	True	lrt_mle	lrt_mle	0.45621207428101856	False	True	wald_mle		1.021,1.429	1.0210738306774	1.428776417807849	
Abnormal_cytological_findings_in_specimens_from_genital_organs	70513	2873	67640	-0.09260805443466301	0.9115507085462671	0.303671816505867	True	lrt_mle	0.764,1.087	lrt_quadratic	two		True	0.7640888406921859	1.0874713122344122	False	True	False	mle	mle	lrt_mle	70513	2873	67640	ridge_seeded_refit;ridge_seeded_refit;inference=mle;ci=lrt_quadratic	chr12-46897663-INV-16289	0.303671816505867	0.303671816505867	True	lrt_mle	lrt_mle	0.7710882399511721	False	True	lrt_quadratic		0.764,1.087	0.7640888406921859	1.0874713122344122	
Multinodular_goiter	59618	1143	58475	-0.09902290221934701	0.9057219647429111	0.468584265538634	True	lrt_mle	0.693,1.184	lrt_quadratic	two		True	0.6929476084531329	1.1838301588903504	False	True	False	mle	mle	lrt_mle	59618	1143	58475	ridge_seeded_refit;ridge_seeded_refit;inference=mle;ci=lrt_quadratic	chr12-46897663-INV-16289	0.468584265538634	0.468584265538634	True	lrt_mle	lrt_mle	0.8422815355570126	False	True	lrt_quadratic		0.693,1.184	0.6929476084531329	1.1838301588903504	
Pure_hypercholesterolemia	64015	5540	58475	0.11960844257767801	1.127055458239554	0.063328630090285	True	lrt_mle	0.994,1.277	wald_mle	two		True	0.9944520791380551	1.277340590457177	False	True	False	mle	mle	lrt_mle	64015	5540	58475	ridge_seeded_refit;ridge_seeded_refit;inference=mle;ci=wald_mle	chr12-46897663-INV-16289	0.063328630090285	0.063328630090285	True	lrt_mle	lrt_mle	0.5014133327509344	False	True	wald_mle		0.994,1.277	0.9944520791380551	1.277340590457177	
Benign_sarcoma_related_cancers	63821	3035	60786	-0.021501856600623002	0.9787276603610751	0.797198073134592	True	lrt_mle	0.831,1.153	lrt_quadratic	two		True	0.8306906399273025	1.1531462943168567	False	True	False	mle	mle	lrt_mle	63821	3035	60786	ridge_seeded_refit;ridge_seeded_refit;inference=mle;ci=lrt_quadratic	chr12-46897663-INV-16289	0.797198073134592	0.797198073134592	True	lrt_mle	lrt_mle	0.95097992780583	False	True	lrt_quadratic		0.831,1.153	0.8306906399273025	1.1531462943168567	
Melanocytic_nevi	62560	1774	60786	-0.08662212782846901	0.9170235478510751	0.412957793377323	True	lrt_mle	0.745,1.128	lrt_quadratic	two		True	0.7452800796010637	1.128343840564625	False	True	False	mle	mle	lrt_mle	62560	1774	60786	ridge_seeded_refit;ridge_seeded_refit;inference=mle;ci=lrt_quadratic	chr12-46897663-INV-16289	0.412957793377323	0.412957793377323	True	lrt_mle	lrt_mle	0.835594285036927	False	True	lrt_quadratic		0.745,1.128	0.7452800796010637	1.128343840564625	
Migraine	69354	5968	63386	0.032819137299058006	1.033363625402599	0.588432302396246	True	lrt_mle	0.918,1.164	lrt_quadratic	two		True	0.9175430269835265	1.1638041496710911	False	True	False	mle	mle	lrt_mle	69354	5968	63386	ridge_seeded_refit;ridge_seeded_refit;inference=mle;ci=lrt_quadratic	chr12-46897663-INV-16289	0.588432302396246	0.588432302396246	True	lrt_mle	lrt_mle	0.8813713011780374	False	True	lrt_quadratic		0.918,1.164	0.9175430269835265	1.1638041496710911	
Diastolic_heart_failure	70513	1350	69163	0.102346440376523	1.107767180537109	0.40649587138491605	True	lrt_mle	0.870,1.411	lrt_quadratic	two		True	0.8699560467109418	1.4105863519365551	False	True	False	mle	mle	lrt_mle	70513	1350	69163	ridge_seeded_refit;ridge_seeded_refit;inference=mle;ci=lrt_quadratic	chr12-46897663-INV-16289	0.40649587138491605	0.40649587138491605	True	lrt_mle	lrt_mle	0.8289955172338052	False	True	lrt_quadratic		0.870,1.411	0.8699560467109418	1.4105863519365551	
Other_follicular_disorders	65190	5217	59973	-0.0076756226476000005	0.9923537597198641	0.905171950921211	True	lrt_mle	0.875,1.126	lrt_quadratic	two		True	0.8746278364066121	1.125925729137595	False	True	False	mle	mle	lrt_mle	65190	5217	59973	ridge_seeded_refit;ridge_seeded_refit;inference=mle;ci=lrt_quadratic	chr12-46897663-INV-16289	0.905171950921211	0.905171950921211	True	lrt_mle	lrt_mle	0.9755519820675346	False	True	lrt_quadratic		0.875,1.126	0.8746278364066121	1.125925729137595	
Uninodular_goiter_single_thyroid_nodule	60181	1706	58475	0.036709720673195	1.037391843721498	0.738549051970806	True	lrt_mle	0.836,1.287	lrt_quadratic	two		True	0.8362283192927933	1.286947371418881	False	True	False	mle	mle	lrt_mle	60181	1706	58475	ridge_seeded_refit;ridge_seeded_refit;inference=mle;ci=lrt_quadratic	chr12-46897663-INV-16289	0.738549051970806	0.738549051970806	True	lrt_mle	lrt_mle	0.9345179402369918	False	True	lrt_quadratic		0.836,1.287	0.8362283192927933	1.286947371418881	
Benign_neoplasm_of_the_skin	64484	3698	60786	-0.050804117875028004	0.9504648313699211	0.5020150539897901	True	lrt_mle	0.819,1.102	lrt_quadratic	two		True	0.8194436912396427	1.1024349876980901	False	True	False	mle	mle	lrt_mle	64484	3698	60786	ridge_seeded_refit;ridge_seeded_refit;inference=mle;ci=lrt_quadratic	chr12-46897663-INV-16289	0.5020150539897901	0.5020150539897901	True	lrt_mle	lrt_mle	0.8498163332245465	False	True	lrt_quadratic		0.819,1.102	0.8194436912396427	1.1024349876980901	
High_risk_human_papillomavirus_HPV_DNA_test_positive	68545	905	67640	-0.127481313973593	0.8803098651739211	0.422717627985836	True	lrt_mle	0.645,1.202	lrt_quadratic	two		True	0.6445927593205827	1.2022248893073817	False	True	False	mle	mle	lrt_mle	43958	883	43075	sex_restricted_to_0;sex_forced_restriction_to_0;ridge_seeded_refit;ridge_seeded_refit;inference=mle;ci=lrt_quadratic	chr12-46897663-INV-16289	0.422717627985836	0.422717627985836	True	lrt_mle	lrt_mle	0.8422815355570126	False	True	lrt_quadratic		0.645,1.202	0.6445927593205827	1.2022248893073817	
Disorder_of_nervous_system	64812	1426	63386	0.292322299802017	1.3395346798353431	0.009920957405405	True	lrt_mle	1.079,1.663	wald_mle	two		True	1.079195046953011	1.66267734785082	False	True	False	mle	mle	lrt_mle	64812	1426	63386	ridge_seeded_refit;ridge_seeded_refit;inference=mle;ci=wald_mle	chr12-46897663-INV-16289	0.009920957405405	0.009920957405405	True	lrt_mle	lrt_mle	0.36308812709682453	False	True	wald_mle		1.079,1.663	1.079195046953011	1.66267734785082	
Pain_in_shoulder	70144	7818	62326	0.038807481270804	1.039570327625501	0.479124954291528	True	lrt_mle	0.934,1.158	lrt_quadratic	two		True	0.9336369633706798	1.1575232220645477	False	True	False	mle	mle	lrt_mle	70144	7818	62326	ridge_seeded_refit;ridge_seeded_refit;inference=mle;ci=lrt_quadratic	chr12-46897663-INV-16289	0.479124954291528	0.479124954291528	True	lrt_mle	lrt_mle	0.8422815355570126	False	True	lrt_quadratic		0.934,1.158	0.9336369633706798	1.1575232220645477	
Flat_foot_pes_planus	63095	769	62326	0.26636012030585304	1.305205004888826	0.08207451974233901	True	lrt_mle	0.974,1.748	wald_mle	two		True	0.9744265843141241	1.748269322912548	False	True	False	mle	mle	lrt_mle	63095	769	62326	ridge_seeded_refit;ridge_seeded_refit;inference=mle;ci=wald_mle	chr12-46897663-INV-16289	0.08207451974233901	0.08207451974233901	True	lrt_mle	lrt_mle	0.5305227154565963	False	True	wald_mle		0.974,1.748	0.9744265843141241	1.748269322912548	
Morbid_obesity	64663	6188	58475	0.035150716488888005	1.035775805528837	0.5607715301314941	True	lrt_mle	0.920,1.166	lrt_quadratic	two		True	0.9200879876279298	1.1660097009686732	False	True	False	mle	mle	lrt_mle	64663	6188	58475	ridge_seeded_refit;ridge_seeded_refit;inference=mle;ci=lrt_quadratic	chr12-46897663-INV-16289	0.5607715301314941	0.5607715301314941	True	lrt_mle	lrt_mle	0.8813713011780374	False	True	lrt_quadratic		0.920,1.166	0.9200879876279298	1.1660097009686732	
Skin_changes_due_to_chronic_exposure_to_nonionizing_radiation	61037	1064	59973	-0.0015510029343800001	0.9984501992490601	0.990603174367324	True	lrt_mle	0.771,1.292	lrt_quadratic	two		True	0.7713108446700373	1.292478651466335	False	True	False	mle	mle	lrt_mle	61037	1064	59973	ridge_seeded_refit;ridge_seeded_refit;inference=mle;ci=lrt_quadratic	chr12-46897663-INV-16289	0.990603174367324	0.990603174367324	True	lrt_mle	lrt_mle	0.9944427215547943	False	True	lrt_quadratic		0.771,1.292	0.7713108446700373	1.292478651466335	
Conjunctivitis	66055	3530	62525	0.11308042518430901	1.119721983174257	0.13901983320728	True	lrt_mle	0.965,1.299	wald_mle	two		True	0.9654769116134411	1.298609324078461	False	True	False	mle	mle	lrt_mle	66055	3530	62525	ridge_seeded_refit;ridge_seeded_refit;inference=mle;ci=wald_mle	chr12-46897663-INV-16289	0.13901983320728	0.13901983320728	True	lrt_mle	lrt_mle	0.6316866105383425	False	True	wald_mle		0.965,1.299	0.9654769116134411	1.298609324078461	
Skin_changes_due_to_solar_radiation	61239	1266	59973	0.012203356738847001	1.012278121514238	0.9197673564268011	True	lrt_mle	0.798,1.284	lrt_quadratic	two		True	0.7983147999990139	1.283587621446652	False	True	False	mle	mle	lrt_mle	61239	1266	59973	ridge_seeded_refit;ridge_seeded_refit;inference=mle;ci=lrt_quadratic	chr12-46897663-INV-16289	0.9197673564268011	0.9197673564268011	True	lrt_mle	lrt_mle	0.9755519820675346	False	True	lrt_quadratic		0.798,1.284	0.7983147999990139	1.283587621446652	
Laryngitis_and_tracheitis	70513	696	69817	0.22443360843121202	1.251613611998287	0.163226052285111	True	lrt_mle	0.920,1.703	wald_mle	two		True	0.9196038929418751	1.703490650445096	False	True	False	mle	mle	lrt_mle	70513	696	69817	ridge_seeded_refit;ridge_seeded_refit;inference=mle;ci=wald_mle	chr12-46897663-INV-16289	0.163226052285111	0.163226052285111	True	lrt_mle	lrt_mle	0.6573884579363487	False	True	wald_mle		0.920,1.703	0.9196038929418751	1.703490650445096	
Sensorineural_hearing_loss	64833	2308	62525	0.171648948594173	1.187260970415304	0.067758558479856	True	lrt_mle	0.990,1.424	wald_mle	two		True	0.990133563892123	1.423634813802825	False	True	False	mle	mle	lrt_mle	64833	2308	62525	ridge_seeded_refit;ridge_seeded_refit;inference=mle;ci=wald_mle	chr12-46897663-INV-16289	0.067758558479856	0.067758558479856	True	lrt_mle	lrt_mle	0.5014133327509344	False	True	wald_mle		0.990,1.424	0.990133563892123	1.423634813802825	
Goiter	61140	2665	58475	0.09288392573305501	1.097334355594555	0.28988740047328204	True	lrt_mle	0.924,1.303	lrt_quadratic	two		True	0.9239241713362333	1.3032916827217704	False	True	False	mle	mle	lrt_mle	61140	2665	58475	ridge_seeded_refit;ridge_seeded_refit;inference=mle;ci=lrt_quadratic	chr12-46897663-INV-16289	0.28988740047328204	0.28988740047328204	True	lrt_mle	lrt_mle	0.7583922901270712	False	True	lrt_quadratic		0.924,1.303	0.9239241713362333	1.3032916827217704	
Alopecia_Areata	60181	208	59973	0.026639124697957	1.026997117986871	0.9326094084074511	True	lrt_mle	0.554,1.904	lrt_quadratic	two		True	0.5538860907809008	1.9042238068595108	False	True	False	mle	mle	lrt_mle	60181	208	59973	ridge_seeded_refit;ridge_seeded_refit;inference=mle;ci=lrt_quadratic	chr12-46897663-INV-16289	0.9326094084074511	0.9326094084074511	True	lrt_mle	lrt_mle	0.9755519820675346	False	True	lrt_quadratic		0.554,1.904	0.5538860907809008	1.9042238068595108	
Urinary_incontinence_and_enuresis	70513	4051	66462	0.143565854080483	1.154382829123759	0.046937596190458	True	lrt_mle	1.004,1.328	wald_mle	two		True	1.003648661641291	1.327755186756829	False	True	False	mle	mle	lrt_mle	70513	4051	66462	ridge_seeded_refit;ridge_seeded_refit;inference=mle;ci=wald_mle	chr12-46897663-INV-16289	0.046937596190458	0.046937596190458	True	lrt_mle	lrt_mle	0.45621207428101856	False	True	wald_mle		1.004,1.328	1.003648661641291	1.327755186756829	
Viral_infections	70513	15783	54730	0.013012848880549	1.013097884449883	0.7510979515478471	True	lrt_mle	0.935,1.098	lrt_quadratic	two		True	0.9348258954580886	1.0979235047547358	False	True	False	mle	mle	lrt_mle	70513	15783	54730	ridge_seeded_refit;ridge_seeded_refit;inference=mle;ci=lrt_quadratic	chr12-46897663-INV-16289	0.7510979515478471	0.7510979515478471	True	lrt_mle	lrt_mle	0.9352613915908289	False	True	lrt_quadratic		0.935,1.098	0.9348258954580886	1.0979235047547358	
Scar_conditions_and_fibrosis_of_skin	60933	960	59973	0.096930044666981	1.101783295307684	0.488166143492115	True	lrt_mle	0.838,1.449	lrt_quadratic	two		True	0.8376791535219665	1.4491543984533781	False	True	False	mle	mle	lrt_mle	60933	960	59973	ridge_seeded_refit;ridge_seeded_refit;inference=mle;ci=lrt_quadratic	chr12-46897663-INV-16289	0.488166143492115	0.488166143492115	True	lrt_mle	lrt_mle	0.842900207763052	False	True	lrt_quadratic		0.838,1.449	0.8376791535219665	1.4491543984533781	
Abnormal_mammogram	63097	2311	60786	0.10736337769117	1.113338743445825	0.284640018641168	True	lrt_mle	0.915,1.355	lrt_quadratic	two		True	0.9145646753679902	1.3553149285574424	False	True	False	mle	mle	lrt_mle	40126	2304	37822	sex_restricted_to_0;sex_majority_restricted_to_0;ridge_seeded_refit;ridge_seeded_refit;inference=mle;ci=lrt_quadratic	chr12-46897663-INV-16289	0.284640018641168	0.284640018641168	True	lrt_mle	lrt_mle	0.7583922901270712	False	True	lrt_quadratic		0.915,1.355	0.9145646753679902	1.3553149285574424	
Lump_or_mass_in_breast_or_nonspecific_abnormal_breast_exam	66746	5960	60786	0.033361923155911	1.033924672813979	0.610393034714198	True	lrt_mle	0.909,1.176	lrt_quadratic	two		True	0.9093976314529372	1.1755036433793657	False	True	False	mle	mle	lrt_mle	66746	5960	60786	ridge_seeded_refit;ridge_seeded_refit;inference=mle;ci=lrt_quadratic	chr12-46897663-INV-16289	0.610393034714198	0.610393034714198	True	lrt_mle	lrt_mle	0.881763909783306	False	True	lrt_quadratic		0.909,1.176	0.9093976314529372	1.1755036433793657	
Aphagia_and_dysphagia	70513	3384	67129	-0.14034533467551502	0.86905806768682	0.08398236036185501	True	lrt_mle	0.740,1.021	wald_mle	two		True	0.7395439528948701	1.021253601026895	False	True	False	mle	mle	lrt_mle	70513	3384	67129	ridge_seeded_refit;ridge_seeded_refit;inference=mle;ci=wald_mle	chr12-46897663-INV-16289	0.08398236036185501	0.08398236036185501	True	lrt_mle	lrt_mle	0.5305227154565963	False	True	wald_mle		0.740,1.021	0.7395439528948701	1.021253601026895	
Hypertrophic_conditions_of_skin	62092	2119	59973	0.113422395074059	1.120104959856908	0.23463107058038402	True	lrt_mle	0.929,1.350	lrt_quadratic	two		True	0.9290235983653962	1.3504878921305739	False	True	False	mle	mle	lrt_mle	62092	2119	59973	ridge_seeded_refit;ridge_seeded_refit;inference=mle;ci=lrt_quadratic	chr12-46897663-INV-16289	0.23463107058038402	0.23463107058038402	True	lrt_mle	lrt_mle	0.6996213100107194	False	True	lrt_quadratic		0.929,1.350	0.9290235983653962	1.3504878921305739	
