Phenotype	N_Total	N_Cases	N_Controls	Beta	OR	P_Value	P_Valid	P_Source	OR_CI95	CI_Method	CI_Sided	CI_Label	CI_Valid	CI_LO_OR	CI_HI_OR	Used_Ridge	Final_Is_MLE	Used_Firth	Inference_Type	Coef_Source	P_Value_Method	N_Total_Used	N_Cases_Used	N_Controls_Used	Model_Notes	Inversion	P_LRT_Overall	P_Value_lrt	P_Overall_Valid	P_Source_lrt	P_Method	Q_GLOBAL	Sig_Global	CI_Valid_DISPLAY	CI_Method_DISPLAY	CI_Label_DISPLAY	OR_CI95_DISPLAY	CI_LO_OR_DISPLAY	CI_HI_OR_DISPLAY	FINAL_INTERPRETATION
Mild_cognitive_impairment	193977	3357	190620	-0.12583503346302102	0.8817602957284131	0.085595649067844	True	lrt_mle	0.764,1.018	wald_mle	two		True	0.7639138066776161	1.017786577918438	False	True	False	mle	mle	lrt_mle	193977	3357	190620	ridge_seeded_refit;ridge_seeded_refit;inference=mle;ci=wald_mle	chr8-7301025-INV-5297356	0.085595649067844	0.085595649067844	True	lrt_mle	lrt_mle	0.295590308114288	False	True	wald_mle		0.764,1.018	0.7639138066776161	1.017786577918438	
Acne	169148	9907	159241	-0.006214288587512	0.9938049801692781	0.8864112797134951	True	lrt_mle	0.981,1.018	profile	two		True	0.9811966746464361	1.018131680934701	False	True	False	mle	mle	lrt_mle	169148	9907	159241	ridge_seeded_refit;ridge_seeded_refit;inference=mle;ci=profile	chr8-7301025-INV-5297356	0.8864112797134951	0.8864112797134951	True	lrt_mle	lrt_mle	0.9579750234484826	False	True	profile		0.981,1.018	0.9811966746464361	1.018131680934701	
Other_skin_and_subcutaneous_disorders	189175	29934	159241	0.027575842313989	1.02795957498374	0.301350207444793	True	lrt_mle	0.976,1.083	wald_mle	two		True	0.9755848447631431	1.083146067175021	False	True	False	mle	mle	lrt_mle	189175	29934	159241	ridge_seeded_refit;ridge_seeded_refit;inference=mle;ci=wald_mle	chr8-7301025-INV-5297356	0.301350207444793	0.301350207444793	True	lrt_mle	lrt_mle	0.6050364630093131	False	True	wald_mle		0.976,1.083	0.9755848447631431	1.083146067175021	
Inflammation_of_the_eye	198166	21107	177059	-0.010518512444994	0.989536613656205	0.7295590763541041	True	lrt_mle	0.987,1.012	profile	two		True	0.9867063348082181	1.012276594499455	False	True	False	mle	mle	lrt_mle	198166	21107	177059	ridge_seeded_refit;ridge_seeded_refit;inference=mle;ci=profile	chr8-7301025-INV-5297356	0.7295590763541041	0.7295590763541041	True	lrt_mle	lrt_mle	0.8913009470552498	False	True	profile		0.987,1.012	0.9867063348082181	1.012276594499455	
Hearing_impairment	207412	30353	177059	-0.026092816549753	0.9742446593842041	0.33268796965608	True	lrt_mle	0.924,1.027	wald_mle	two		True	0.9241457717696101	1.027059458943526	False	True	False	mle	mle	lrt_mle	207412	30353	177059	ridge_seeded_refit;ridge_seeded_refit;inference=mle;ci=wald_mle	chr8-7301025-INV-5297356	0.33268796965608	0.33268796965608	True	lrt_mle	lrt_mle	0.624392638702353	False	True	wald_mle		0.924,1.027	0.9241457717696101	1.027059458943526	
Abnormal_Papanicolaou_smear	218461	6564	211897	0.10322007490123	1.108735387059105	0.049814299615075004	True	lrt_mle	1.000,1.229	wald_mle	two		True	1.000077509381988	1.229198884071258	False	True	False	mle	mle	lrt_mle	218461	6564	211897	ridge_seeded_refit;ridge_seeded_refit;inference=mle;ci=wald_mle	chr8-7301025-INV-5297356	0.049814299615075004	0.049814299615075004	True	lrt_mle	lrt_mle	0.20159224375475665	False	True	wald_mle		1.000,1.229	1.000077509381988	1.229198884071258	
Rosacea	167892	8651	159241	0.023615218465525	1.02389626570722	0.6107378747901401	True	lrt_mle	0.935,1.121	wald_mle	two		True	0.934900620210739	1.121363640440066	False	True	False	mle	mle	lrt_mle	167892	8651	159241	ridge_seeded_refit;ridge_seeded_refit;inference=mle;ci=wald_mle	chr8-7301025-INV-5297356	0.6107378747901401	0.6107378747901401	True	lrt_mle	lrt_mle	0.8163670273825588	False	True	wald_mle		0.935,1.121	0.934900620210739	1.121363640440066	
Epidermal_thickening	174555	15314	159241	0.041908529343036	1.042799088870402	0.24192050108627003	True	lrt_mle	0.972,1.119	wald_mle	two		True	0.9721113673324131	1.118626914869821	False	True	False	mle	mle	lrt_mle	174555	15314	159241	ridge_seeded_refit;ridge_seeded_refit;inference=mle;ci=wald_mle	chr8-7301025-INV-5297356	0.24192050108627003	0.24192050108627003	True	lrt_mle	lrt_mle	0.5544903520472915	False	True	wald_mle		0.972,1.119	0.9721113673324131	1.118626914869821	
Abnormal_cytological_findings_in_specimens_from_genital_organs	221336	9439	211897	0.08537150891667801	1.089121609937474	0.054157830021563005	True	lrt_mle	0.998,1.188	wald_mle	two		True	0.9984724667304431	1.18800059166081	False	True	False	mle	mle	lrt_mle	221336	9439	211897	ridge_seeded_refit;ridge_seeded_refit;inference=mle;ci=wald_mle	chr8-7301025-INV-5297356	0.054157830021563005	0.054157830021563005	True	lrt_mle	lrt_mle	0.21049859582887157	False	True	wald_mle		0.998,1.188	0.9984724667304431	1.18800059166081	
Multinodular_goiter	174257	6591	167666	-0.26128247846505204	0.770063362572283	8.286881257175483e-07	True	lrt_mle	0.694,0.854	wald_mle	two		True	0.6940488188549341	0.8544032728914941	False	True	False	mle	mle	lrt_mle	174257	6591	167666	ridge_seeded_refit;ridge_seeded_refit;inference=mle;ci=wald_mle	chr8-7301025-INV-5297356	8.286881257175483e-07	8.286881257175483e-07	True	lrt_mle	lrt_mle	7.154340818694834e-05	True	True	wald_mle		0.694,0.854	0.6940488188549341	0.8544032728914941	unable to determine
Pure_hypercholesterolemia	199582	31916	167666	-0.015697527058037	0.9844250369644331	0.553663835410532	True	lrt_mle	0.935,1.037	wald_mle	two		True	0.9345935704924281	1.036913460566414	False	True	False	mle	mle	lrt_mle	199582	31916	167666	ridge_seeded_refit;ridge_seeded_refit;inference=mle;ci=wald_mle	chr8-7301025-INV-5297356	0.553663835410532	0.553663835410532	True	lrt_mle	lrt_mle	0.7785956860465798	False	True	wald_mle		0.935,1.037	0.9345935704924281	1.036913460566414	
Benign_sarcoma_related_cancers	187100	25589	161511	0.040856917782518	1.041703045700091	0.153071602138756	True	lrt_mle	0.985,1.102	wald_mle	two		True	0.9849236488083111	1.101755691148037	False	True	False	mle	mle	lrt_mle	187100	25589	161511	ridge_seeded_refit;ridge_seeded_refit;inference=mle;ci=wald_mle	chr8-7301025-INV-5297356	0.153071602138756	0.153071602138756	True	lrt_mle	lrt_mle	0.4309298364558457	False	True	wald_mle		0.985,1.102	0.9849236488083111	1.101755691148037	
Melanocytic_nevi	187334	25823	161511	0.036470852108076005	1.037144073013817	0.19604021945496103	True	lrt_mle	0.981,1.096	wald_mle	two		True	0.981359001680385	1.096100230747178	False	True	False	mle	mle	lrt_mle	187334	25823	161511	ridge_seeded_refit;ridge_seeded_refit;inference=mle;ci=wald_mle	chr8-7301025-INV-5297356	0.19604021945496103	0.19604021945496103	True	lrt_mle	lrt_mle	0.48353544919562325	False	True	wald_mle		0.981,1.096	0.981359001680385	1.096100230747178	
Migraine	214732	24112	190620	-0.040217063799037	0.9605809091795581	0.161081228396999	True	lrt_mle	0.908,1.016	wald_mle	two		True	0.9080441118512791	1.016157333148756	False	True	False	mle	mle	lrt_mle	214732	24112	190620	ridge_seeded_refit;ridge_seeded_refit;inference=mle;ci=wald_mle	chr8-7301025-INV-5297356	0.161081228396999	0.161081228396999	True	lrt_mle	lrt_mle	0.44383019313641214	False	True	wald_mle		0.908,1.016	0.9080441118512791	1.016157333148756	
Diastolic_heart_failure	221336	6420	214916	-0.11504623828966601	0.8913249296137171	0.031241082193831003	True	lrt_mle	0.803,0.990	wald_mle	two		True	0.8027336861657071	0.9896932741737441	False	True	False	mle	mle	lrt_mle	221336	6420	214916	ridge_seeded_refit;ridge_seeded_refit;inference=mle;ci=wald_mle	chr8-7301025-INV-5297356	0.031241082193831003	0.031241082193831003	True	lrt_mle	lrt_mle	0.13312028029126113	False	True	wald_mle		0.803,0.990	0.8027336861657071	0.9896932741737441	
Other_follicular_disorders	189050	29809	159241	0.01340564163162	1.013495900118738	0.611487271475739	True	lrt_mle	0.962,1.067	wald_mle	two		True	0.962403953626156	1.067300207659471	False	True	False	mle	mle	lrt_mle	189050	29809	159241	ridge_seeded_refit;ridge_seeded_refit;inference=mle;ci=wald_mle	chr8-7301025-INV-5297356	0.611487271475739	0.611487271475739	True	lrt_mle	lrt_mle	0.8163670273825588	False	True	wald_mle		0.962,1.067	0.962403953626156	1.067300207659471	
Uninodular_goiter_single_thyroid_nodule	177337	9671	167666	-0.16236844339220502	0.8501279228147951	0.00023244411658400002	True	lrt_mle	0.780,0.927	wald_mle	two		True	0.779710215383528	0.926905241063058	False	True	False	mle	mle	lrt_mle	177337	9671	167666	ridge_seeded_refit;ridge_seeded_refit;inference=mle;ci=wald_mle	chr8-7301025-INV-5297356	0.00023244411658400002	0.00023244411658400002	True	lrt_mle	lrt_mle	0.0030101513097628005	True	True	wald_mle		0.780,0.927	0.779710215383528	0.926905241063058	unable to determine
Benign_neoplasm_of_the_skin	200345	38834	161511	0.032854254601925	1.033399914983197	0.169144791162042	True	lrt_mle	0.986,1.083	wald_mle	two		True	0.986118232008626	1.082948625858016	False	True	False	mle	mle	lrt_mle	200345	38834	161511	ridge_seeded_refit;ridge_seeded_refit;inference=mle;ci=wald_mle	chr8-7301025-INV-5297356	0.169144791162042	0.169144791162042	True	lrt_mle	lrt_mle	0.45141648037505666	False	True	wald_mle		0.986,1.083	0.986118232008626	1.082948625858016	
High_risk_human_papillomavirus_HPV_DNA_test_positive	214395	2498	211897	0.132598027513591	1.1417909375300521	0.11806125074420201	True	lrt_mle	0.967,1.348	wald_mle	two		True	0.9668651933828851	1.348364336567327	False	True	False	mle	mle	lrt_mle	125522	2447	123075	sex_restricted_to_0;sex_forced_restriction_to_0;ridge_seeded_refit;ridge_seeded_refit;inference=mle;ci=wald_mle	chr8-7301025-INV-5297356	0.11806125074420201	0.11806125074420201	True	lrt_mle	lrt_mle	0.372681629248923	False	True	wald_mle		0.967,1.348	0.9668651933828851	1.348364336567327	
Disorder_of_nervous_system	197211	6591	190620	-0.005450585953288001	0.9945642415385901	0.9169378318373401	True	lrt_mle	0.977,1.022	profile	two		True	0.9774789590463471	1.021830398205033	False	True	False	mle	mle	lrt_mle	197211	6591	190620	ridge_seeded_refit;ridge_seeded_refit;inference=mle;ci=profile	chr8-7301025-INV-5297356	0.9169378318373401	0.9169378318373401	True	lrt_mle	lrt_mle	0.9579750234484826	False	True	profile		0.977,1.022	0.9774789590463471	1.021830398205033	
Pain_in_shoulder	219503	40201	179302	-0.014403713391604001	0.9856995238273101	0.536027688185017	True	lrt_mle	0.942,1.032	wald_mle	two		True	0.941742678730464	1.03170810160497	False	True	False	mle	mle	lrt_mle	219503	40201	179302	ridge_seeded_refit;ridge_seeded_refit;inference=mle;ci=wald_mle	chr8-7301025-INV-5297356	0.536027688185017	0.536027688185017	True	lrt_mle	lrt_mle	0.7730297973368259	False	True	wald_mle		0.942,1.032	0.941742678730464	1.03170810160497	
Flat_foot_pes_planus	183387	4085	179302	0.11755134880482901	1.124739382483994	0.074265169125222	True	lrt_mle	0.989,1.280	wald_mle	two		True	0.9885300040490601	1.279717027635807	False	True	False	mle	mle	lrt_mle	183387	4085	179302	ridge_seeded_refit;ridge_seeded_refit;inference=mle;ci=wald_mle	chr8-7301025-INV-5297356	0.074265169125222	0.074265169125222	True	lrt_mle	lrt_mle	0.26714831671434025	False	True	wald_mle		0.989,1.280	0.9885300040490601	1.279717027635807	
Morbid_obesity	187242	19576	167666	-0.047928528585493006	0.9532019113319201	0.127994111590982	True	lrt_mle	0.896,1.014	wald_mle	two		True	0.8961502441443521	1.013885662257844	False	True	False	mle	mle	lrt_mle	187242	19576	167666	ridge_seeded_refit;ridge_seeded_refit;inference=mle;ci=wald_mle	chr8-7301025-INV-5297356	0.127994111590982	0.127994111590982	True	lrt_mle	lrt_mle	0.3900055870831099	False	True	wald_mle		0.896,1.014	0.8961502441443521	1.013885662257844	
Skin_changes_due_to_chronic_exposure_to_nonionizing_radiation	183922	24681	159241	0.08836381563049	1.09238547665283	0.0030382095675650003	True	lrt_mle	1.030,1.158	wald_mle	two		True	1.030377639221569	1.158124928354958	False	True	False	mle	mle	lrt_mle	183922	24681	159241	ridge_seeded_refit;ridge_seeded_refit;inference=mle;ci=wald_mle	chr8-7301025-INV-5297356	0.0030382095675650003	0.0030382095675650003	True	lrt_mle	lrt_mle	0.02300276321199449	True	True	wald_mle		1.030,1.158	1.030377639221569	1.158124928354958	unable to determine
Conjunctivitis	192663	15604	177059	-0.0029380730162570003	0.9970662388963291	0.9326323783696341	True	lrt_mle	0.985,1.015	profile	two		True	0.9850152044800911	1.014658870109704	False	True	False	mle	mle	lrt_mle	192663	15604	177059	ridge_seeded_refit;ridge_seeded_refit;inference=mle;ci=profile	chr8-7301025-INV-5297356	0.9326323783696341	0.9326323783696341	True	lrt_mle	lrt_mle	0.966207143990941	False	True	profile		0.985,1.015	0.9850152044800911	1.014658870109704	
Skin_changes_due_to_solar_radiation	185200	25959	159241	0.08610100483868101	1.08991640957679	0.0030487387958280003	True	lrt_mle	1.030,1.154	wald_mle	two		True	1.029567581406322	1.153802626770884	False	True	False	mle	mle	lrt_mle	185200	25959	159241	ridge_seeded_refit;ridge_seeded_refit;inference=mle;ci=wald_mle	chr8-7301025-INV-5297356	0.0030487387958280003	0.0030487387958280003	True	lrt_mle	lrt_mle	0.02300276321199449	True	True	wald_mle		1.030,1.154	1.029567581406322	1.153802626770884	unable to determine
Laryngitis_and_tracheitis	221336	3798	217538	0.078955928141757	1.082156628365825	0.24652661796178102	True	lrt_mle	0.947,1.237	wald_mle	two		True	0.9468712682326521	1.236771045447282	False	True	False	mle	mle	lrt_mle	221336	3798	217538	ridge_seeded_refit;ridge_seeded_refit;inference=mle;ci=wald_mle	chr8-7301025-INV-5297356	0.24652661796178102	0.24652661796178102	True	lrt_mle	lrt_mle	0.5568311768924221	False	True	wald_mle		0.947,1.237	0.9468712682326521	1.236771045447282	
Sensorineural_hearing_loss	198841	21782	177059	-0.018893299507772	0.98128406014928	0.5463114782875701	True	lrt_mle	0.923,1.043	wald_mle	two		True	0.9228645302983851	1.043401685826759	False	True	False	mle	mle	lrt_mle	198841	21782	177059	ridge_seeded_refit;ridge_seeded_refit;inference=mle;ci=wald_mle	chr8-7301025-INV-5297356	0.5463114782875701	0.5463114782875701	True	lrt_mle	lrt_mle	0.7785956860465798	False	True	wald_mle		0.923,1.043	0.9228645302983851	1.043401685826759	
Goiter	182053	14387	167666	-0.153098106445021	0.85804553788458	3.151885921140772e-05	True	lrt_mle	0.798,0.922	wald_mle	two		True	0.7983577659997121	0.922195757890208	False	True	False	mle	mle	lrt_mle	182053	14387	167666	ridge_seeded_refit;ridge_seeded_refit;inference=mle;ci=wald_mle	chr8-7301025-INV-5297356	3.151885921140772e-05	3.151885921140772e-05	True	lrt_mle	lrt_mle	0.001020423066969325	True	True	wald_mle		0.798,0.922	0.7983577659997121	0.922195757890208	unable to determine
Alopecia_Areata	159761	520	159241	0.611735214944023	1.8436277151942542	0.0008702573827350001	True	lrt_mle	1.285,2.644	wald_mle	two		True	1.285333641301969	2.644420905990938	False	True	False	mle	mle	lrt_mle	159761	520	159241	ridge_seeded_refit;ridge_seeded_refit;inference=mle;ci=wald_mle	chr8-7301025-INV-5297356	0.0008702573827350001	0.0008702573827350001	True	lrt_mle	lrt_mle	0.009391527588681876	True	True	wald_mle		1.285,2.644	1.285333641301969	2.644420905990938	unable to determine
Urinary_incontinence_and_enuresis	221336	19386	201950	-0.0543691170478	0.9470824576942921	0.08848154627185201	True	lrt_mle	0.890,1.008	wald_mle	two		True	0.8896515054964781	1.00822083268628	False	True	False	mle	mle	lrt_mle	221336	19386	201950	ridge_seeded_refit;ridge_seeded_refit;inference=mle;ci=wald_mle	chr8-7301025-INV-5297356	0.08848154627185201	0.08848154627185201	True	lrt_mle	lrt_mle	0.2996182948905294	False	True	wald_mle		0.890,1.008	0.8896515054964781	1.00822083268628	
Viral_infections	221336	57765	163571	0.043784071605679	1.044756737885894	0.029776830888766002	True	lrt_mle	1.004,1.087	wald_mle	two		True	1.00430188286873	1.086841177913678	False	True	False	mle	mle	lrt_mle	221336	57765	163571	ridge_seeded_refit;ridge_seeded_refit;inference=mle;ci=wald_mle	chr8-7301025-INV-5297356	0.029776830888766002	0.029776830888766002	True	lrt_mle	lrt_mle	0.1329689517274206	False	True	wald_mle		1.004,1.087	1.00430188286873	1.086841177913678	
Scar_conditions_and_fibrosis_of_skin	167897	8656	159241	0.04561391906322201	1.046670233515102	0.326730129220744	True	lrt_mle	0.955,1.147	wald_mle	two		True	0.95547428102022	1.1465704514377961	False	True	False	mle	mle	lrt_mle	167897	8656	159241	ridge_seeded_refit;ridge_seeded_refit;inference=mle;ci=wald_mle	chr8-7301025-INV-5297356	0.326730129220744	0.326730129220744	True	lrt_mle	lrt_mle	0.6228089826805127	False	True	wald_mle		0.955,1.147	0.95547428102022	1.1465704514377961	
Abnormal_mammogram	173257	11746	161511	0.013556681869803001	1.013648990341991	0.7473317032344851	True	lrt_mle	0.983,1.018	profile	two		True	0.9829506336418051	1.018334188546544	False	True	False	mle	mle	lrt_mle	102301	11702	90599	sex_restricted_to_0;sex_majority_restricted_to_0;ridge_seeded_refit;ridge_seeded_refit;inference=mle;ci=profile	chr8-7301025-INV-5297356	0.7473317032344851	0.7473317032344851	True	lrt_mle	lrt_mle	0.900274005291775	False	True	profile		0.983,1.018	0.9829506336418051	1.018334188546544	
Lump_or_mass_in_breast_or_nonspecific_abnormal_breast_exam	188960	27449	161511	0.033711468669112	1.034286139715235	0.24927312044412503	True	lrt_mle	0.977,1.095	wald_mle	two		True	0.9766386947664231	1.095336304551079	False	True	False	mle	mle	lrt_mle	188960	27449	161511	ridge_seeded_refit;ridge_seeded_refit;inference=mle;ci=wald_mle	chr8-7301025-INV-5297356	0.24927312044412503	0.24927312044412503	True	lrt_mle	lrt_mle	0.5568311768924221	False	True	wald_mle		0.977,1.095	0.9766386947664231	1.095336304551079	
Aphagia_and_dysphagia	221336	17972	203364	-0.008320237114178	0.9917142802613841	0.7982406501599191	True	lrt_mle	0.986,1.013	profile	two		True	0.9858127478259291	1.013362111443637	False	True	False	mle	mle	lrt_mle	221336	17972	203364	ridge_seeded_refit;ridge_seeded_refit;inference=mle;ci=profile	chr8-7301025-INV-5297356	0.7982406501599191	0.7982406501599191	True	lrt_mle	lrt_mle	0.932872527128219	False	True	profile		0.986,1.013	0.9858127478259291	1.013362111443637	
Hypertrophic_conditions_of_skin	174342	15101	159241	0.035487671312658	1.036124873989702	0.321621285775436	True	lrt_mle	0.966,1.111	wald_mle	two		True	0.9659046201063101	1.111450066759197	False	True	False	mle	mle	lrt_mle	174342	15101	159241	ridge_seeded_refit;ridge_seeded_refit;inference=mle;ci=wald_mle	chr8-7301025-INV-5297356	0.321621285775436	0.321621285775436	True	lrt_mle	lrt_mle	0.6216411419092384	False	True	wald_mle		0.966,1.111	0.9659046201063101	1.111450066759197	
Mild_cognitive_impairment	193977	3357	190620	1.042878080894357	2.837371458733002	0.12247908088213501	True	lrt_mle	1.053,+inf	profile	one	one-sided (boundary)	True	1.053332409779927	inf	False	True	False	mle	mle	lrt_mle	193977	3357	190620	ridge_seeded_refit;ridge_seeded_refit;inference=mle;ci=profile	chr6-141867315-INV-29159	0.12247908088213501	0.12247908088213501	True	lrt_mle	lrt_mle	0.37764383271991625	False	True	profile	one-sided (boundary)	1.053,+inf	1.053332409779927	inf	
Acne	169148	9907	159241	0.07481444957387301	1.077684167575187	0.8765749812554161	True	lrt_mle	0.421,2.756	wald_mle	two		True	0.42133683744180306	2.756471928953141	False	True	False	mle	mle	lrt_mle	169148	9907	159241	ridge_seeded_refit;ridge_seeded_refit;inference=mle;ci=wald_mle	chr6-141867315-INV-29159	0.8765749812554161	0.8765749812554161	True	lrt_mle	lrt_mle	0.955781038117909	False	True	wald_mle		0.421,2.756	0.42133683744180306	2.756471928953141	
Other_skin_and_subcutaneous_disorders	189175	29934	159241	-0.15937067680230801	0.852680231600568	0.643990335838294	True	lrt_mle	0.431,1.687	wald_mle	two		True	0.43102103151249105	1.686840140517197	False	True	False	mle	mle	lrt_mle	189175	29934	159241	ridge_seeded_refit;ridge_seeded_refit;inference=mle;ci=wald_mle	chr6-141867315-INV-29159	0.643990335838294	0.643990335838294	True	lrt_mle	lrt_mle	0.8423913988995866	False	True	wald_mle		0.431,1.687	0.43102103151249105	1.686840140517197	
Inflammation_of_the_eye	198166	21107	177059	0.47177926862698605	1.602843546819742	0.17080623581758902	True	lrt_mle	0.832,3.087	wald_mle	two		True	0.832278243226631	3.086837192357215	False	True	False	mle	mle	lrt_mle	198166	21107	177059	ridge_seeded_refit;ridge_seeded_refit;inference=mle;ci=wald_mle	chr6-141867315-INV-29159	0.17080623581758902	0.17080623581758902	True	lrt_mle	lrt_mle	0.45141648037505666	False	True	wald_mle		0.832,3.087	0.832278243226631	3.086837192357215	
Hearing_impairment	207412	30353	177059	-0.721015005060969	0.48625845060659406	0.050654599000596004	True	lrt_mle	0.229,1.034	wald_mle	two		True	0.228659727590199	1.03405738858433	False	True	False	mle	mle	lrt_mle	207412	30353	177059	ridge_seeded_refit;ridge_seeded_refit;inference=mle;ci=wald_mle	chr6-141867315-INV-29159	0.050654599000596004	0.050654599000596004	True	lrt_mle	lrt_mle	0.20183909447929793	False	True	wald_mle		0.229,1.034	0.228659727590199	1.03405738858433	
Abnormal_Papanicolaou_smear	218461	6564	211897	0.49726719387032203	1.644221786015356	0.40080502968590204	True	lrt_mle	1.054,+inf	profile	one	one-sided (boundary)	True	1.054085706608463	inf	False	True	False	mle	mle	lrt_mle	218461	6564	211897	ridge_seeded_refit;ridge_seeded_refit;inference=mle;ci=profile	chr6-141867315-INV-29159	0.40080502968590204	0.40080502968590204	True	lrt_mle	lrt_mle	0.6633812464362622	False	True	profile	one-sided (boundary)	1.054,+inf	1.054085706608463	inf	
Rosacea	167892	8651	159241	-0.128224591893972	0.8796557933967121	0.8343293653859271	True	lrt_mle	0.261,2.960	wald_mle	two		True	0.26142944033639004	2.959859126274117	False	True	False	mle	mle	lrt_mle	167892	8651	159241	ridge_seeded_refit;ridge_seeded_refit;inference=mle;ci=wald_mle	chr6-141867315-INV-29159	0.8343293653859271	0.8343293653859271	True	lrt_mle	lrt_mle	0.9486750347455831	False	True	wald_mle		0.261,2.960	0.26142944033639004	2.959859126274117	
Epidermal_thickening	174555	15314	159241	-0.29861152693847803	0.741847541251194	0.5206431634485951	True	lrt_mle	0.293,1.881	wald_mle	two		True	0.292634119898849	1.880634338369943	False	True	False	mle	mle	lrt_mle	174555	15314	159241	ridge_seeded_refit;ridge_seeded_refit;inference=mle;ci=wald_mle	chr6-141867315-INV-29159	0.5206431634485951	0.5206431634485951	True	lrt_mle	lrt_mle	0.7705518819039208	False	True	wald_mle		0.293,1.881	0.292634119898849	1.880634338369943	
Abnormal_cytological_findings_in_specimens_from_genital_organs	221336	9439	211897	0.5098376344887461	1.6650208310391141	0.31238411495232404	True	lrt_mle	1.043,+inf	profile	one	one-sided (boundary)	True	1.04337900361699	inf	False	True	False	mle	mle	lrt_mle	221336	9439	211897	ridge_seeded_refit;ridge_seeded_refit;inference=mle;ci=profile	chr6-141867315-INV-29159	0.31238411495232404	0.31238411495232404	True	lrt_mle	lrt_mle	0.6129354982776661	False	True	profile	one-sided (boundary)	1.043,+inf	1.04337900361699	inf	
Multinodular_goiter	174257	6591	167666	0.46085118012222404	1.58542289128231	0.443990531848913	True	lrt_mle	1.055,+inf	profile	one	one-sided (boundary)	True	1.055108550939889	inf	False	True	False	mle	mle	lrt_mle	174257	6591	167666	ridge_seeded_refit;ridge_seeded_refit;inference=mle;ci=profile	chr6-141867315-INV-29159	0.443990531848913	0.443990531848913	True	lrt_mle	lrt_mle	0.7187096734304279	False	True	profile	one-sided (boundary)	1.055,+inf	1.055108550939889	inf	
Pure_hypercholesterolemia	199582	31916	167666	-0.375892859569019	0.6866758998530951	0.26812579257868	True	lrt_mle	0.349,1.353	wald_mle	two		True	0.34852903603171403	1.35289672506985	False	True	False	mle	mle	lrt_mle	199582	31916	167666	ridge_seeded_refit;ridge_seeded_refit;inference=mle;ci=wald_mle	chr6-141867315-INV-29159	0.26812579257868	0.26812579257868	True	lrt_mle	lrt_mle	0.5692178711301485	False	True	wald_mle		0.349,1.353	0.34852903603171403	1.35289672506985	
Benign_sarcoma_related_cancers	187100	25589	161511	-0.03464184987479	0.965951309895529	0.920987570805684	True	lrt_mle	0.487,1.918	wald_mle	two		True	0.48650453894002504	1.9178894715387511	False	True	False	mle	mle	lrt_mle	187100	25589	161511	ridge_seeded_refit;ridge_seeded_refit;inference=mle;ci=wald_mle	chr6-141867315-INV-29159	0.920987570805684	0.920987570805684	True	lrt_mle	lrt_mle	0.9579750234484826	False	True	wald_mle		0.487,1.918	0.48650453894002504	1.9178894715387511	
Melanocytic_nevi	187334	25823	161511	0.35144589244199803	1.42112085170646	0.28400731997402	True	lrt_mle	0.756,2.670	wald_mle	two		True	0.7563714133513031	2.6700962510026542	False	True	False	mle	mle	lrt_mle	187334	25823	161511	ridge_seeded_refit;ridge_seeded_refit;inference=mle;ci=wald_mle	chr6-141867315-INV-29159	0.28400731997402	0.28400731997402	True	lrt_mle	lrt_mle	0.5791960304981982	False	True	wald_mle		0.756,2.670	0.7563714133513031	2.6700962510026542	
Migraine	214732	24112	190620	-0.17699912115070002	0.837780520805493	0.620703801003875	True	lrt_mle	0.412,1.703	wald_mle	two		True	0.41219807259398006	1.702764393399966	False	True	False	mle	mle	lrt_mle	214732	24112	190620	ridge_seeded_refit;ridge_seeded_refit;inference=mle;ci=wald_mle	chr6-141867315-INV-29159	0.620703801003875	0.620703801003875	True	lrt_mle	lrt_mle	0.8181621287974379	False	True	wald_mle		0.412,1.703	0.41219807259398006	1.702764393399966	
Diastolic_heart_failure	221336	6420	214916	1.090526835714479	2.9758414392052512	0.05445330471248801	True	lrt_mle	1.062,8.337	wald_mle	two		True	1.062171317418818	8.337291853080014	False	True	False	mle	mle	lrt_mle	221336	6420	214916	ridge_seeded_refit;ridge_seeded_refit;inference=mle;ci=wald_mle	chr6-141867315-INV-29159	0.05445330471248801	0.05445330471248801	True	lrt_mle	lrt_mle	0.21049859582887157	False	True	wald_mle		1.062,8.337	1.062171317418818	8.337291853080014	
Other_follicular_disorders	189050	29809	159241	0.07965202627498301	1.082910177816444	0.7936493834936961	True	lrt_mle	0.598,1.962	wald_mle	two		True	0.597817287369932	1.961626868265476	False	True	False	mle	mle	lrt_mle	189050	29809	159241	ridge_seeded_refit;ridge_seeded_refit;inference=mle;ci=wald_mle	chr6-141867315-INV-29159	0.7936493834936961	0.7936493834936961	True	lrt_mle	lrt_mle	0.932872527128219	False	True	wald_mle		0.598,1.962	0.597817287369932	1.961626868265476	
Uninodular_goiter_single_thyroid_nodule	177337	9671	167666	0.6944921053108151	2.002691659135509	0.152535915660929	True	lrt_mle	0.808,4.965	wald_mle	two		True	0.8077599359423081	4.965304297856873	False	True	False	mle	mle	lrt_mle	177337	9671	167666	ridge_seeded_refit;ridge_seeded_refit;inference=mle;ci=wald_mle	chr6-141867315-INV-29159	0.152535915660929	0.152535915660929	True	lrt_mle	lrt_mle	0.4309298364558457	False	True	wald_mle		0.808,4.965	0.8077599359423081	4.965304297856873	
Benign_neoplasm_of_the_skin	200345	38834	161511	0.037839270075861006	1.038564291102865	0.8961992930995281	True	lrt_mle	0.589,1.832	wald_mle	two		True	0.588857968871151	1.8317078884433182	False	True	False	mle	mle	lrt_mle	200345	38834	161511	ridge_seeded_refit;ridge_seeded_refit;inference=mle;ci=wald_mle	chr6-141867315-INV-29159	0.8961992930995281	0.8961992930995281	True	lrt_mle	lrt_mle	0.9579750234484826	False	True	wald_mle		0.589,1.832	0.588857968871151	1.8317078884433182	
High_risk_human_papillomavirus_HPV_DNA_test_positive	214395	2498	211897	0.101669765916546	1.107017836338072	0.9194635675907641	True	lrt_mle	0.157,7.819	wald_mle	two		True	0.15672506641903503	7.819352181316294	False	True	False	mle	mle	lrt_mle	125522	2447	123075	sex_restricted_to_0;sex_forced_restriction_to_0;ridge_seeded_refit;ridge_seeded_refit;inference=mle;ci=wald_mle	chr6-141867315-INV-29159	0.9194635675907641	0.9194635675907641	True	lrt_mle	lrt_mle	0.9579750234484826	False	True	wald_mle		0.157,7.819	0.15672506641903503	7.819352181316294	
Disorder_of_nervous_system	197211	6591	190620	-0.074502150950566	0.9282054775327381	0.902607117153677	True	lrt_mle	0.279,3.083	wald_mle	two		True	0.279484687005853	3.082692714766644	False	True	False	mle	mle	lrt_mle	197211	6591	190620	ridge_seeded_refit;ridge_seeded_refit;inference=mle;ci=wald_mle	chr6-141867315-INV-29159	0.902607117153677	0.902607117153677	True	lrt_mle	lrt_mle	0.9579750234484826	False	True	wald_mle		0.279,3.083	0.279484687005853	3.082692714766644	
Pain_in_shoulder	219503	40201	179302	0.05764307775432301	1.059336827346607	0.838789895585863	True	lrt_mle	0.609,1.843	wald_mle	two		True	0.608947143159951	1.842843876316551	False	True	False	mle	mle	lrt_mle	219503	40201	179302	ridge_seeded_refit;ridge_seeded_refit;inference=mle;ci=wald_mle	chr6-141867315-INV-29159	0.838789895585863	0.838789895585863	True	lrt_mle	lrt_mle	0.9486750347455831	False	True	wald_mle		0.609,1.843	0.608947143159951	1.842843876316551	
Flat_foot_pes_planus	183387	4085	179302	0.24183341457416502	1.27358201494152	0.760542814260406	True	lrt_mle	0.277,5.855	wald_mle	two		True	0.27705098292163305	5.854558362066174	False	True	False	mle	mle	lrt_mle	183387	4085	179302	ridge_seeded_refit;ridge_seeded_refit;inference=mle;ci=wald_mle	chr6-141867315-INV-29159	0.760542814260406	0.760542814260406	True	lrt_mle	lrt_mle	0.9070248290753441	False	True	wald_mle		0.277,5.855	0.27705098292163305	5.854558362066174	
Morbid_obesity	187242	19576	167666	0.24313502383124802	1.2752408003928801	0.5097231776514171	True	lrt_mle	0.626,2.598	wald_mle	two		True	0.6259314807603911	2.59811041459537	False	True	False	mle	mle	lrt_mle	187242	19576	167666	ridge_seeded_refit;ridge_seeded_refit;inference=mle;ci=wald_mle	chr6-141867315-INV-29159	0.5097231776514171	0.5097231776514171	True	lrt_mle	lrt_mle	0.7705518819039208	False	True	wald_mle		0.626,2.598	0.6259314807603911	2.59811041459537	
Skin_changes_due_to_chronic_exposure_to_nonionizing_radiation	183922	24681	159241	0.058291740930382	1.060024203051101	0.8782852782705111	True	lrt_mle	0.504,2.230	wald_mle	two		True	0.5038473948219451	2.230142147407968	False	True	False	mle	mle	lrt_mle	183922	24681	159241	ridge_seeded_refit;ridge_seeded_refit;inference=mle;ci=wald_mle	chr6-141867315-INV-29159	0.8782852782705111	0.8782852782705111	True	lrt_mle	lrt_mle	0.955781038117909	False	True	wald_mle		0.504,2.230	0.5038473948219451	2.230142147407968	
Conjunctivitis	192663	15604	177059	0.392556782790139	1.480761944688636	0.337057369463711	True	lrt_mle	0.679,3.230	wald_mle	two		True	0.6788960710863371	3.229737260564034	False	True	False	mle	mle	lrt_mle	192663	15604	177059	ridge_seeded_refit;ridge_seeded_refit;inference=mle;ci=wald_mle	chr6-141867315-INV-29159	0.337057369463711	0.337057369463711	True	lrt_mle	lrt_mle	0.6280421488568427	False	True	wald_mle		0.679,3.230	0.6788960710863371	3.229737260564034	
Skin_changes_due_to_solar_radiation	185200	25959	159241	0.231086488775563	1.259968207844437	0.524814499253086	True	lrt_mle	0.623,2.547	wald_mle	two		True	0.6232461742671951	2.54717950999909	False	True	False	mle	mle	lrt_mle	185200	25959	159241	ridge_seeded_refit;ridge_seeded_refit;inference=mle;ci=wald_mle	chr6-141867315-INV-29159	0.524814499253086	0.524814499253086	True	lrt_mle	lrt_mle	0.7723122460599391	False	True	wald_mle		0.623,2.547	0.6232461742671951	2.54717950999909	
Laryngitis_and_tracheitis	221336	3798	217538	-1.535412879494229	0.21536675229472502	0.151270708175535	True	lrt_mle	0.019,2.380	wald_mle	two		True	0.019492519035686003	2.379519953735119	False	True	False	mle	mle	lrt_mle	221336	3798	217538	ridge_seeded_refit;ridge_seeded_refit;inference=mle;ci=wald_mle	chr6-141867315-INV-29159	0.151270708175535	0.151270708175535	True	lrt_mle	lrt_mle	0.4309298364558457	False	True	wald_mle		0.019,2.380	0.019492519035686003	2.379519953735119	
Sensorineural_hearing_loss	198841	21782	177059	-0.507991855569205	0.6017026722679261	0.22125813606338302	True	lrt_mle	0.000,0.973	profile	one	one-sided (boundary)	True	0.0	0.9725587349219421	False	True	False	mle	mle	lrt_mle	198841	21782	177059	ridge_seeded_refit;ridge_seeded_refit;inference=mle;ci=profile	chr6-141867315-INV-29159	0.22125813606338302	0.22125813606338302	True	lrt_mle	lrt_mle	0.5257418095451027	False	True	profile	one-sided (boundary)	0.000,0.973	0.0	0.9725587349219421	
Goiter	182053	14387	167666	0.6490543418419621	1.9137302384366892	0.10856869997911	True	lrt_mle	0.894,4.098	wald_mle	two		True	0.893640051572808	4.098253451220302	False	True	False	mle	mle	lrt_mle	182053	14387	167666	ridge_seeded_refit;ridge_seeded_refit;inference=mle;ci=wald_mle	chr6-141867315-INV-29159	0.10856869997911	0.10856869997911	True	lrt_mle	lrt_mle	0.35149116618236864	False	True	wald_mle		0.894,4.098	0.893640051572808	4.098253451220302	
Alopecia_Areata	159761	520	159241	1.370057365577872	3.935576455612617	0.369330274536864	True	lrt_mle	0.267,57.955	wald_mle	two		True	0.26725421517532705	57.95516462784773	False	True	False	mle	mle	lrt_mle	159761	520	159241	ridge_seeded_refit;ridge_seeded_refit;inference=mle;ci=wald_mle	chr6-141867315-INV-29159	0.369330274536864	0.369330274536864	True	lrt_mle	lrt_mle	0.6293193493753143	False	True	wald_mle		0.267,57.955	0.26725421517532705	57.95516462784773	
Urinary_incontinence_and_enuresis	221336	19386	201950	0.066423918631192	1.068679654371215	0.869177746946803	True	lrt_mle	0.486,2.348	wald_mle	two		True	0.486499019959081	2.347540605041787	False	True	False	mle	mle	lrt_mle	221336	19386	201950	ridge_seeded_refit;ridge_seeded_refit;inference=mle;ci=wald_mle	chr6-141867315-INV-29159	0.869177746946803	0.869177746946803	True	lrt_mle	lrt_mle	0.955781038117909	False	True	wald_mle		0.486,2.348	0.486499019959081	2.347540605041787	
Viral_infections	221336	57765	163571	0.238039492916638	1.268759298840711	0.307932862388465	True	lrt_mle	0.806,1.997	wald_mle	two		True	0.8062651981885921	1.9965517078144281	False	True	False	mle	mle	lrt_mle	221336	57765	163571	ridge_seeded_refit;ridge_seeded_refit;inference=mle;ci=wald_mle	chr6-141867315-INV-29159	0.307932862388465	0.307932862388465	True	lrt_mle	lrt_mle	0.6129354982776661	False	True	wald_mle		0.806,1.997	0.8062651981885921	1.9965517078144281	
Scar_conditions_and_fibrosis_of_skin	167897	8656	159241	0.017591939531803002	1.01774758908628	0.9748890612346781	True	lrt_mle	0.950,1.051	profile	two		True	0.9500023800974091	1.0513698452333191	False	True	False	mle	mle	lrt_mle	167897	8656	159241	ridge_seeded_refit;ridge_seeded_refit;inference=mle;ci=profile	chr6-141867315-INV-29159	0.9748890612346781	0.9748890612346781	True	lrt_mle	lrt_mle	0.986313542421022	False	True	profile		0.950,1.051	0.9500023800974091	1.0513698452333191	
Abnormal_mammogram	173257	11746	161511	-1.4712252550054972	0.22964394035243801	0.031352652887131	True	lrt_mle	0.052,1.017	wald_mle	two		True	0.051867757700721	1.016746080385519	False	True	False	mle	mle	lrt_mle	102301	11702	90599	sex_restricted_to_0;sex_majority_restricted_to_0;ridge_seeded_refit;ridge_seeded_refit;inference=mle;ci=wald_mle	chr6-141867315-INV-29159	0.031352652887131	0.031352652887131	True	lrt_mle	lrt_mle	0.13312028029126113	False	True	wald_mle		0.052,1.017	0.051867757700721	1.016746080385519	
Lump_or_mass_in_breast_or_nonspecific_abnormal_breast_exam	188960	27449	161511	-0.745196782146981	0.47464088989614006	0.071734588407345	True	lrt_mle	0.204,1.103	wald_mle	two		True	0.20421483379513602	1.103171450255175	False	True	False	mle	mle	lrt_mle	188960	27449	161511	ridge_seeded_refit;ridge_seeded_refit;inference=mle;ci=wald_mle	chr6-141867315-INV-29159	0.071734588407345	0.071734588407345	True	lrt_mle	lrt_mle	0.2616796957394698	False	True	wald_mle		0.204,1.103	0.20421483379513602	1.103171450255175	
Aphagia_and_dysphagia	221336	17972	203364	0.6087225957403151	1.838081924806689	0.10520085104790301	True	lrt_mle	0.906,3.729	wald_mle	two		True	0.906108592453679	3.728631634705282	False	True	False	mle	mle	lrt_mle	221336	17972	203364	ridge_seeded_refit;ridge_seeded_refit;inference=mle;ci=wald_mle	chr6-141867315-INV-29159	0.10520085104790301	0.10520085104790301	True	lrt_mle	lrt_mle	0.34489899267603646	False	True	wald_mle		0.906,3.729	0.906108592453679	3.728631634705282	
Hypertrophic_conditions_of_skin	174342	15101	159241	-0.005266397031561	0.9947474461254371	0.9903296384575261	True	lrt_mle	0.961,1.040	profile	two		True	0.9613050433131911	1.039503634297855	False	True	False	mle	mle	lrt_mle	174342	15101	159241	ridge_seeded_refit;ridge_seeded_refit;inference=mle;ci=profile	chr6-141867315-INV-29159	0.9903296384575261	0.9903296384575261	True	lrt_mle	lrt_mle	0.9945087373255682	False	True	profile		0.961,1.040	0.9613050433131911	1.039503634297855	
Mild_cognitive_impairment	193977	3357	190620	1.7180410166803601	5.5735991748095675	0.018231695074264	True	lrt_mle	1.463,21.239	wald_mle	two		True	1.46262584670437	21.239203335175873	False	True	False	mle	mle	lrt_mle	193977	3357	190620	ridge_seeded_refit;ridge_seeded_refit;inference=mle;ci=wald_mle	chr4-33098029-INV-7075	0.018231695074264	0.018231695074264	True	lrt_mle	lrt_mle	0.08744461155989586	False	True	wald_mle		1.463,21.239	1.46262584670437	21.239203335175873	
Acne	169148	9907	159241	0.18717981431326702	1.2058440935842971	0.69536227521931	True	lrt_mle	0.475,3.064	wald_mle	two		True	0.47455699816492203	3.064036530184745	False	True	False	mle	mle	lrt_mle	169148	9907	159241	ridge_seeded_refit;ridge_seeded_refit;inference=mle;ci=wald_mle	chr4-33098029-INV-7075	0.69536227521931	0.69536227521931	True	lrt_mle	lrt_mle	0.8658597561625063	False	True	wald_mle		0.475,3.064	0.47455699816492203	3.064036530184745	
Other_skin_and_subcutaneous_disorders	189175	29934	159241	0.1891752447252	1.208252673838634	0.5372407857939331	True	lrt_mle	0.664,2.200	wald_mle	two		True	0.6637054784240161	2.199581849625099	False	True	False	mle	mle	lrt_mle	189175	29934	159241	ridge_seeded_refit;ridge_seeded_refit;inference=mle;ci=wald_mle	chr4-33098029-INV-7075	0.5372407857939331	0.5372407857939331	True	lrt_mle	lrt_mle	0.7730297973368259	False	True	wald_mle		0.664,2.200	0.6637054784240161	2.199581849625099	
Inflammation_of_the_eye	198166	21107	177059	-0.39591618752421703	0.6730631046586351	0.265136836338677	True	lrt_mle	0.334,1.357	wald_mle	two		True	0.333923214774537	1.356641056413503	False	True	False	mle	mle	lrt_mle	198166	21107	177059	ridge_seeded_refit;ridge_seeded_refit;inference=mle;ci=wald_mle	chr4-33098029-INV-7075	0.265136836338677	0.265136836338677	True	lrt_mle	lrt_mle	0.5692178711301485	False	True	wald_mle		0.334,1.357	0.333923214774537	1.356641056413503	
Hearing_impairment	207412	30353	177059	-0.13284605100621302	0.8755998794537181	0.673813679043456	True	lrt_mle	0.471,1.627	wald_mle	two		True	0.47116682971521706	1.627184047236007	False	True	False	mle	mle	lrt_mle	207412	30353	177059	ridge_seeded_refit;ridge_seeded_refit;inference=mle;ci=wald_mle	chr4-33098029-INV-7075	0.673813679043456	0.673813679043456	True	lrt_mle	lrt_mle	0.8513060627914883	False	True	wald_mle		0.471,1.627	0.47116682971521706	1.627184047236007	
Abnormal_Papanicolaou_smear	218461	6564	211897	0.760357255296473	2.139040267473702	0.175679955007557	True	lrt_mle	0.728,6.282	wald_mle	two		True	0.7283372379557781	6.28210810519038	False	True	False	mle	mle	lrt_mle	218461	6564	211897	ridge_seeded_refit;ridge_seeded_refit;inference=mle;ci=wald_mle	chr4-33098029-INV-7075	0.175679955007557	0.175679955007557	True	lrt_mle	lrt_mle	0.45960715501977034	False	True	wald_mle		0.728,6.282	0.7283372379557781	6.28210810519038	
Rosacea	167892	8651	159241	0.9264224248394771	2.525457980862122	0.078577919119396	True	lrt_mle	0.919,6.941	wald_mle	two		True	0.9189270158686641	6.940636092923117	False	True	False	mle	mle	lrt_mle	167892	8651	159241	ridge_seeded_refit;ridge_seeded_refit;inference=mle;ci=wald_mle	chr4-33098029-INV-7075	0.078577919119396	0.078577919119396	True	lrt_mle	lrt_mle	0.27502271691788605	False	True	wald_mle		0.919,6.941	0.9189270158686641	6.940636092923117	
Epidermal_thickening	174555	15314	159241	0.293642624360722	1.34130446846096	0.478758197319174	True	lrt_mle	0.598,3.010	wald_mle	two		True	0.597656910250548	3.010251611345257	False	True	False	mle	mle	lrt_mle	174555	15314	159241	ridge_seeded_refit;ridge_seeded_refit;inference=mle;ci=wald_mle	chr4-33098029-INV-7075	0.478758197319174	0.478758197319174	True	lrt_mle	lrt_mle	0.7425052281776411	False	True	wald_mle		0.598,3.010	0.597656910250548	3.010251611345257	
Abnormal_cytological_findings_in_specimens_from_genital_organs	221336	9439	211897	0.19916711665295403	1.220385895665564	0.6853068463206381	True	lrt_mle	0.468,3.184	wald_mle	two		True	0.467765728376038	3.183947955122862	False	True	False	mle	mle	lrt_mle	221336	9439	211897	ridge_seeded_refit;ridge_seeded_refit;inference=mle;ci=wald_mle	chr4-33098029-INV-7075	0.6853068463206381	0.6853068463206381	True	lrt_mle	lrt_mle	0.8597896979114157	False	True	wald_mle		0.468,3.184	0.467765728376038	3.183947955122862	
Multinodular_goiter	174257	6591	167666	-0.193495761146135	0.824073329314124	0.7469165856931951	True	lrt_mle	0.253,2.681	wald_mle	two		True	0.25332078169743905	2.6807782904205713	False	True	False	mle	mle	lrt_mle	174257	6591	167666	ridge_seeded_refit;ridge_seeded_refit;inference=mle;ci=wald_mle	chr4-33098029-INV-7075	0.7469165856931951	0.7469165856931951	True	lrt_mle	lrt_mle	0.900274005291775	False	True	wald_mle		0.253,2.681	0.25332078169743905	2.6807782904205713	
Pure_hypercholesterolemia	199582	31916	167666	-0.27921677473364104	0.7563759222531451	0.365380045321539	True	lrt_mle	0.412,1.388	wald_mle	two		True	0.412289331572036	1.387628764447759	False	True	False	mle	mle	lrt_mle	199582	31916	167666	ridge_seeded_refit;ridge_seeded_refit;inference=mle;ci=wald_mle	chr4-33098029-INV-7075	0.365380045321539	0.365380045321539	True	lrt_mle	lrt_mle	0.6293193493753143	False	True	wald_mle		0.412,1.388	0.412289331572036	1.387628764447759	
Benign_sarcoma_related_cancers	187100	25589	161511	0.16922389918216002	1.18438529213734	0.6151028251560661	True	lrt_mle	0.613,2.287	wald_mle	two		True	0.613315728699104	2.287188236973226	False	True	False	mle	mle	lrt_mle	187100	25589	161511	ridge_seeded_refit;ridge_seeded_refit;inference=mle;ci=wald_mle	chr4-33098029-INV-7075	0.6151028251560661	0.6151028251560661	True	lrt_mle	lrt_mle	0.8169827267457492	False	True	wald_mle		0.613,2.287	0.613315728699104	2.287188236973226	
Melanocytic_nevi	187334	25823	161511	0.0009380832854480001	1.000938523423191	0.9977936585564081	True	lrt_mle	0.952,1.050	profile	two		True	0.9518019691989271	1.050016738808648	False	True	False	mle	mle	lrt_mle	187334	25823	161511	ridge_seeded_refit;ridge_seeded_refit;inference=mle;ci=profile	chr4-33098029-INV-7075	0.9977936585564081	0.9977936585564081	True	lrt_mle	lrt_mle	0.9977936585564081	False	True	profile		0.952,1.050	0.9518019691989271	1.050016738808648	
Migraine	214732	24112	190620	0.18755047627771002	1.206291136970709	0.556139775747557	True	lrt_mle	0.647,2.247	wald_mle	two		True	0.6474934202711891	2.24734068575497	False	True	False	mle	mle	lrt_mle	214732	24112	190620	ridge_seeded_refit;ridge_seeded_refit;inference=mle;ci=wald_mle	chr4-33098029-INV-7075	0.556139775747557	0.556139775747557	True	lrt_mle	lrt_mle	0.7785956860465798	False	True	wald_mle		0.647,2.247	0.6474934202711891	2.24734068575497	
Diastolic_heart_failure	221336	6420	214916	0.31331876419422705	1.3679575174112641	0.606948935218331	True	lrt_mle	0.418,4.479	wald_mle	two		True	0.417770395463106	4.479273279686583	False	True	False	mle	mle	lrt_mle	221336	6420	214916	ridge_seeded_refit;ridge_seeded_refit;inference=mle;ci=wald_mle	chr4-33098029-INV-7075	0.606948935218331	0.606948935218331	True	lrt_mle	lrt_mle	0.8163670273825588	False	True	wald_mle		0.418,4.479	0.417770395463106	4.479273279686583	
Other_follicular_disorders	189050	29809	159241	-0.19513513195697701	0.822723474310814	0.5134093249917441	True	lrt_mle	0.457,1.480	wald_mle	two		True	0.45732335542940106	1.4800772957386101	False	True	False	mle	mle	lrt_mle	189050	29809	159241	ridge_seeded_refit;ridge_seeded_refit;inference=mle;ci=wald_mle	chr4-33098029-INV-7075	0.5134093249917441	0.5134093249917441	True	lrt_mle	lrt_mle	0.7705518819039208	False	True	wald_mle		0.457,1.480	0.45732335542940106	1.4800772957386101	
Uninodular_goiter_single_thyroid_nodule	177337	9671	167666	-0.26556548360779203	0.7667722302296041	0.59988967789128	True	lrt_mle	0.283,2.078	wald_mle	two		True	0.282948617839036	2.077902544785528	False	True	False	mle	mle	lrt_mle	177337	9671	167666	ridge_seeded_refit;ridge_seeded_refit;inference=mle;ci=wald_mle	chr4-33098029-INV-7075	0.59988967789128	0.59988967789128	True	lrt_mle	lrt_mle	0.8134629663551912	False	True	wald_mle		0.283,2.078	0.282948617839036	2.077902544785528	
Benign_neoplasm_of_the_skin	200345	38834	161511	0.264585892512331	1.302891326995653	0.34301514454637705	True	lrt_mle	0.755,2.247	wald_mle	two		True	0.755497168835214	2.2468989692941532	False	True	False	mle	mle	lrt_mle	200345	38834	161511	ridge_seeded_refit;ridge_seeded_refit;inference=mle;ci=wald_mle	chr4-33098029-INV-7075	0.34301514454637705	0.34301514454637705	True	lrt_mle	lrt_mle	0.6293193493753143	False	True	wald_mle		0.755,2.247	0.755497168835214	2.2468989692941532	
High_risk_human_papillomavirus_HPV_DNA_test_positive	214395	2498	211897	0.254616726938999	1.2899671164685151	0.7879838651355501	True	lrt_mle	0.204,8.154	wald_mle	two		True	0.20406536017957702	8.154324477734805	False	True	False	mle	mle	lrt_mle	125522	2447	123075	sex_restricted_to_0;sex_forced_restriction_to_0;ridge_seeded_refit;ridge_seeded_refit;inference=mle;ci=wald_mle	chr4-33098029-INV-7075	0.7879838651355501	0.7879838651355501	True	lrt_mle	lrt_mle	0.9319078587676141	False	True	wald_mle		0.204,8.154	0.20406536017957702	8.154324477734805	
Disorder_of_nervous_system	197211	6591	190620	0.35584504889023705	1.427386356027369	0.536065616969307	True	lrt_mle	0.467,4.362	wald_mle	two		True	0.467138190686313	4.361518390050114	False	True	False	mle	mle	lrt_mle	197211	6591	190620	ridge_seeded_refit;ridge_seeded_refit;inference=mle;ci=wald_mle	chr4-33098029-INV-7075	0.536065616969307	0.536065616969307	True	lrt_mle	lrt_mle	0.7730297973368259	False	True	wald_mle		0.467,4.362	0.467138190686313	4.361518390050114	
Pain_in_shoulder	219503	40201	179302	0.284056040118988	1.3285073783783101	0.27982191747885404	True	lrt_mle	0.795,2.219	wald_mle	two		True	0.79547022070146	2.218727751806045	False	True	False	mle	mle	lrt_mle	219503	40201	179302	ridge_seeded_refit;ridge_seeded_refit;inference=mle;ci=wald_mle	chr4-33098029-INV-7075	0.27982191747885404	0.27982191747885404	True	lrt_mle	lrt_mle	0.5791960304981982	False	True	wald_mle		0.795,2.219	0.79547022070146	2.218727751806045	
Flat_foot_pes_planus	183387	4085	179302	-0.659100472365687	0.517316465717738	0.39702297133506803	True	lrt_mle	0.111,2.414	wald_mle	two		True	0.11085958247069701	2.414011668981596	False	True	False	mle	mle	lrt_mle	183387	4085	179302	ridge_seeded_refit;ridge_seeded_refit;inference=mle;ci=wald_mle	chr4-33098029-INV-7075	0.39702297133506803	0.39702297133506803	True	lrt_mle	lrt_mle	0.6633812464362622	False	True	wald_mle		0.111,2.414	0.11085958247069701	2.414011668981596	
Morbid_obesity	187242	19576	167666	0.21906138459131902	1.2449076924920641	0.517889337309521	True	lrt_mle	0.643,2.410	wald_mle	two		True	0.6429613743626761	2.410401658050021	False	True	False	mle	mle	lrt_mle	187242	19576	167666	ridge_seeded_refit;ridge_seeded_refit;inference=mle;ci=wald_mle	chr4-33098029-INV-7075	0.517889337309521	0.517889337309521	True	lrt_mle	lrt_mle	0.7705518819039208	False	True	wald_mle		0.643,2.410	0.6429613743626761	2.410401658050021	
Skin_changes_due_to_chronic_exposure_to_nonionizing_radiation	183922	24681	159241	0.323717787564895	1.38225716191055	0.36141617925724	True	lrt_mle	0.692,2.763	wald_mle	two		True	0.6915710960846041	2.7627453959112103	False	True	False	mle	mle	lrt_mle	183922	24681	159241	ridge_seeded_refit;ridge_seeded_refit;inference=mle;ci=wald_mle	chr4-33098029-INV-7075	0.36141617925724	0.36141617925724	True	lrt_mle	lrt_mle	0.6293193493753143	False	True	wald_mle		0.692,2.763	0.6915710960846041	2.7627453959112103	
Conjunctivitis	192663	15604	177059	-0.5564092743538911	0.573263805683065	0.17840573357383002	True	lrt_mle	0.253,1.298	wald_mle	two		True	0.25322891349173104	1.297764091686008	False	True	False	mle	mle	lrt_mle	192663	15604	177059	ridge_seeded_refit;ridge_seeded_refit;inference=mle;ci=wald_mle	chr4-33098029-INV-7075	0.17840573357383002	0.17840573357383002	True	lrt_mle	lrt_mle	0.4620708499562198	False	True	wald_mle		0.253,1.298	0.25322891349173104	1.297764091686008	
Skin_changes_due_to_solar_radiation	185200	25959	159241	0.285517307599218	1.3304501020813722	0.408240262571305	True	lrt_mle	0.678,2.611	wald_mle	two		True	0.6778620953829361	2.611294371207427	False	True	False	mle	mle	lrt_mle	185200	25959	159241	ridge_seeded_refit;ridge_seeded_refit;inference=mle;ci=wald_mle	chr4-33098029-INV-7075	0.408240262571305	0.408240262571305	True	lrt_mle	lrt_mle	0.6692039747213164	False	True	wald_mle		0.678,2.611	0.6778620953829361	2.611294371207427	
Laryngitis_and_tracheitis	221336	3798	217538	-1.352991741043845	0.258465839928644	0.09990193715704	True	lrt_mle	0.050,1.324	wald_mle	two		True	0.05046305048353	1.323831789198358	False	True	False	mle	mle	lrt_mle	221336	3798	217538	ridge_seeded_refit;ridge_seeded_refit;inference=mle;ci=wald_mle	chr4-33098029-INV-7075	0.09990193715704	0.09990193715704	True	lrt_mle	lrt_mle	0.3317256631240174	False	True	wald_mle		0.050,1.324	0.05046305048353	1.323831789198358	
Sensorineural_hearing_loss	198841	21782	177059	0.06363008746032	1.065698110745283	0.862098475216146	True	lrt_mle	0.520,2.184	wald_mle	two		True	0.5201168586107591	2.183571719400854	False	True	False	mle	mle	lrt_mle	198841	21782	177059	ridge_seeded_refit;ridge_seeded_refit;inference=mle;ci=wald_mle	chr4-33098029-INV-7075	0.862098475216146	0.862098475216146	True	lrt_mle	lrt_mle	0.955781038117909	False	True	wald_mle		0.520,2.184	0.5201168586107591	2.183571719400854	
Goiter	182053	14387	167666	-0.06432716599133101	0.9376981663906041	0.87774287574897	True	lrt_mle	0.937,1.065	profile	two		True	0.937228692607978	1.064909791244589	False	True	False	mle	mle	lrt_mle	182053	14387	167666	ridge_seeded_refit;ridge_seeded_refit;inference=mle;ci=profile	chr4-33098029-INV-7075	0.87774287574897	0.87774287574897	True	lrt_mle	lrt_mle	0.955781038117909	False	True	profile		0.937,1.065	0.937228692607978	1.064909791244589	
Alopecia_Areata	159761	520	159241	0.23716825290356403	1.2676543863644731	0.900645112977658	True	lrt_mle	0.716,1.351	profile	two		True	0.716225228440702	1.351325230961733	False	True	False	mle	mle	lrt_mle	159761	520	159241	ridge_seeded_refit;ridge_seeded_refit;inference=mle;ci=profile	chr4-33098029-INV-7075	0.900645112977658	0.900645112977658	True	lrt_mle	lrt_mle	0.9579750234484826	False	True	profile		0.716,1.351	0.716225228440702	1.351325230961733	
Urinary_incontinence_and_enuresis	221336	19386	201950	-0.07908318973768501	0.9239630570034961	0.829603112409644	True	lrt_mle	0.449,1.901	wald_mle	two		True	0.449200252069466	1.9005059030448281	False	True	False	mle	mle	lrt_mle	221336	19386	201950	ridge_seeded_refit;ridge_seeded_refit;inference=mle;ci=wald_mle	chr4-33098029-INV-7075	0.829603112409644	0.829603112409644	True	lrt_mle	lrt_mle	0.9486750347455831	False	True	wald_mle		0.449,1.901	0.449200252069466	1.9005059030448281	
Viral_infections	221336	57765	163571	-0.09751368965446501	0.9070899237231791	0.665271056209075	True	lrt_mle	0.583,1.412	wald_mle	two		True	0.582829878989616	1.411753513986852	False	True	False	mle	mle	lrt_mle	221336	57765	163571	ridge_seeded_refit;ridge_seeded_refit;inference=mle;ci=wald_mle	chr4-33098029-INV-7075	0.665271056209075	0.665271056209075	True	lrt_mle	lrt_mle	0.8487941061977854	False	True	wald_mle		0.583,1.412	0.582829878989616	1.411753513986852	
Scar_conditions_and_fibrosis_of_skin	167897	8656	159241	0.24432647893408702	1.276761098055215	0.651782754218541	True	lrt_mle	0.444,3.673	wald_mle	two		True	0.44386601122367103	3.672547255900871	False	True	False	mle	mle	lrt_mle	167897	8656	159241	ridge_seeded_refit;ridge_seeded_refit;inference=mle;ci=wald_mle	chr4-33098029-INV-7075	0.651782754218541	0.651782754218541	True	lrt_mle	lrt_mle	0.8477432017799363	False	True	wald_mle		0.444,3.673	0.44386601122367103	3.672547255900871	
Abnormal_mammogram	173257	11746	161511	-0.8877159865715111	0.41159476795957406	0.078453410999845	True	lrt_mle	0.152,1.116	wald_mle	two		True	0.15177115031597202	1.116221710509546	False	True	False	mle	mle	lrt_mle	102301	11702	90599	sex_restricted_to_0;sex_majority_restricted_to_0;ridge_seeded_refit;ridge_seeded_refit;inference=mle;ci=wald_mle	chr4-33098029-INV-7075	0.078453410999845	0.078453410999845	True	lrt_mle	lrt_mle	0.27502271691788605	False	True	wald_mle		0.152,1.116	0.15177115031597202	1.116221710509546	
Lump_or_mass_in_breast_or_nonspecific_abnormal_breast_exam	188960	27449	161511	0.059267139010640006	1.061058653042037	0.8597804868826521	True	lrt_mle	0.550,2.047	wald_mle	two		True	0.5500201610336131	2.046916722251894	False	True	False	mle	mle	lrt_mle	188960	27449	161511	ridge_seeded_refit;ridge_seeded_refit;inference=mle;ci=wald_mle	chr4-33098029-INV-7075	0.8597804868826521	0.8597804868826521	True	lrt_mle	lrt_mle	0.955781038117909	False	True	wald_mle		0.550,2.047	0.5500201610336131	2.046916722251894	
Aphagia_and_dysphagia	221336	17972	203364	-0.572052602824054	0.5643658301020651	0.132964465774932	True	lrt_mle	0.266,1.198	wald_mle	two		True	0.265845511426309	1.198097302745251	False	True	False	mle	mle	lrt_mle	221336	17972	203364	ridge_seeded_refit;ridge_seeded_refit;inference=mle;ci=wald_mle	chr4-33098029-INV-7075	0.132964465774932	0.132964465774932	True	lrt_mle	lrt_mle	0.39587567933407414	False	True	wald_mle		0.266,1.198	0.265845511426309	1.198097302745251	
Hypertrophic_conditions_of_skin	174342	15101	159241	0.60596706226217	1.83302400036776	0.134506022322002	True	lrt_mle	0.837,4.014	wald_mle	two		True	0.837067558630828	4.013985431976434	False	True	False	mle	mle	lrt_mle	174342	15101	159241	ridge_seeded_refit;ridge_seeded_refit;inference=mle;ci=wald_mle	chr4-33098029-INV-7075	0.134506022322002	0.134506022322002	True	lrt_mle	lrt_mle	0.39587567933407414	False	True	wald_mle		0.837,4.014	0.837067558630828	4.013985431976434	
Mild_cognitive_impairment	193977	3357	190620	0.26274793762327603	1.300498870798068	0.7365835457266571	True	lrt_mle	0.285,5.933	wald_mle	two		True	0.285068197450698	5.932956843562161	False	True	False	mle	mle	lrt_mle	193977	3357	190620	ridge_seeded_refit;ridge_seeded_refit;inference=mle;ci=wald_mle	chr6-167181003-INV-209976	0.7365835457266571	0.7365835457266571	True	lrt_mle	lrt_mle	0.8956579264939163	False	True	wald_mle		0.285,5.933	0.285068197450698	5.932956843562161	
Acne	169148	9907	159241	0.9559092037084811	2.601034378273548	0.024468348683272002	True	lrt_mle	1.163,5.815	wald_mle	two		True	1.16347323277311	5.814813479495133	False	True	False	mle	mle	lrt_mle	169148	9907	159241	ridge_seeded_refit;ridge_seeded_refit;inference=mle;ci=wald_mle	chr6-167181003-INV-209976	0.024468348683272002	0.024468348683272002	True	lrt_mle	lrt_mle	0.1152236783448627	False	True	wald_mle		1.163,5.815	1.16347323277311	5.814813479495133	
Other_skin_and_subcutaneous_disorders	189175	29934	159241	0.8358776701584261	2.306837802762462	0.0035879420905570005	True	lrt_mle	1.329,4.004	wald_mle	two		True	1.32893797903489	4.004325809183781	False	True	False	mle	mle	lrt_mle	189175	29934	159241	ridge_seeded_refit;ridge_seeded_refit;inference=mle;ci=wald_mle	chr6-167181003-INV-209976	0.0035879420905570005	0.0035879420905570005	True	lrt_mle	lrt_mle	0.02300276321199449	True	True	wald_mle		1.329,4.004	1.32893797903489	4.004325809183781	unable to determine
Inflammation_of_the_eye	198166	21107	177059	0.189742607555861	1.208938386001219	0.5666392060044431	True	lrt_mle	0.634,2.305	wald_mle	two		True	0.633967539987315	2.305373586124735	False	True	False	mle	mle	lrt_mle	198166	21107	177059	ridge_seeded_refit;ridge_seeded_refit;inference=mle;ci=wald_mle	chr6-167181003-INV-209976	0.5666392060044431	0.5666392060044431	True	lrt_mle	lrt_mle	0.7850899397532964	False	True	wald_mle		0.634,2.305	0.633967539987315	2.305373586124735	
Hearing_impairment	207412	30353	177059	0.14863340862155602	1.1602475744795	0.6223086462281671	True	lrt_mle	0.644,2.092	wald_mle	two		True	0.6435071703217431	2.091933852753336	False	True	False	mle	mle	lrt_mle	207412	30353	177059	ridge_seeded_refit;ridge_seeded_refit;inference=mle;ci=wald_mle	chr6-167181003-INV-209976	0.6223086462281671	0.6223086462281671	True	lrt_mle	lrt_mle	0.8181621287974379	False	True	wald_mle		0.644,2.092	0.6435071703217431	2.091933852753336	
Abnormal_Papanicolaou_smear	218461	6564	211897	0.031109749889275003	1.031598715518732	0.954813792176544	True	lrt_mle	0.938,1.064	profile	two		True	0.93827744026278	1.064036717970503	False	True	False	mle	mle	lrt_mle	218461	6564	211897	ridge_seeded_refit;ridge_seeded_refit;inference=mle;ci=profile	chr6-167181003-INV-209976	0.954813792176544	0.954813792176544	True	lrt_mle	lrt_mle	0.9813363975147813	False	True	profile		0.938,1.064	0.93827744026278	1.064036717970503	
Rosacea	167892	8651	159241	0.196415016347488	1.217031888668111	0.709112269137647	True	lrt_mle	0.436,3.398	wald_mle	two		True	0.43585325596359303	3.398314909362042	False	True	False	mle	mle	lrt_mle	167892	8651	159241	ridge_seeded_refit;ridge_seeded_refit;inference=mle;ci=wald_mle	chr6-167181003-INV-209976	0.709112269137647	0.709112269137647	True	lrt_mle	lrt_mle	0.874571798603098	False	True	wald_mle		0.436,3.398	0.43585325596359303	3.398314909362042	
Epidermal_thickening	174555	15314	159241	0.8675318568456201	2.381026880072398	0.026821765008779003	True	lrt_mle	1.124,5.045	wald_mle	two		True	1.123767471678625	5.04489509307367	False	True	False	mle	mle	lrt_mle	174555	15314	159241	ridge_seeded_refit;ridge_seeded_refit;inference=mle;ci=wald_mle	chr6-167181003-INV-209976	0.026821765008779003	0.026821765008779003	True	lrt_mle	lrt_mle	0.12405066316560288	False	True	wald_mle		1.124,5.045	1.123767471678625	5.04489509307367	
Abnormal_cytological_findings_in_specimens_from_genital_organs	221336	9439	211897	0.45334542624207	1.573567644204478	0.315164988613493	True	lrt_mle	0.659,3.759	wald_mle	two		True	0.658704327422129	3.759069172321403	False	True	False	mle	mle	lrt_mle	221336	9439	211897	ridge_seeded_refit;ridge_seeded_refit;inference=mle;ci=wald_mle	chr6-167181003-INV-209976	0.315164988613493	0.315164988613493	True	lrt_mle	lrt_mle	0.6137423462473285	False	True	wald_mle		0.659,3.759	0.658704327422129	3.759069172321403	
Multinodular_goiter	174257	6591	167666	0.21655186969596502	1.241787494823174	0.7010723518041181	True	lrt_mle	0.414,3.723	wald_mle	two		True	0.41414117962276703	3.723455329179837	False	True	False	mle	mle	lrt_mle	174257	6591	167666	ridge_seeded_refit;ridge_seeded_refit;inference=mle;ci=wald_mle	chr6-167181003-INV-209976	0.7010723518041181	0.7010723518041181	True	lrt_mle	lrt_mle	0.8687930101304621	False	True	wald_mle		0.414,3.723	0.41414117962276703	3.723455329179837	
Pure_hypercholesterolemia	199582	31916	167666	0.271004188931425	1.311280563237442	0.349333456802339	True	lrt_mle	0.746,2.305	wald_mle	two		True	0.745832628324072	2.305419004513143	False	True	False	mle	mle	lrt_mle	199582	31916	167666	ridge_seeded_refit;ridge_seeded_refit;inference=mle;ci=wald_mle	chr6-167181003-INV-209976	0.349333456802339	0.349333456802339	True	lrt_mle	lrt_mle	0.6293193493753143	False	True	wald_mle		0.746,2.305	0.745832628324072	2.305419004513143	
Benign_sarcoma_related_cancers	187100	25589	161511	0.39323449587736103	1.481765816567744	0.205898496526701	True	lrt_mle	0.810,2.709	wald_mle	two		True	0.810396131790721	2.7093292391426163	False	True	False	mle	mle	lrt_mle	187100	25589	161511	ridge_seeded_refit;ridge_seeded_refit;inference=mle;ci=wald_mle	chr6-167181003-INV-209976	0.205898496526701	0.205898496526701	True	lrt_mle	lrt_mle	0.4983898186954725	False	True	wald_mle		0.810,2.709	0.810396131790721	2.7093292391426163	
Melanocytic_nevi	187334	25823	161511	0.39929438884205304	1.490772420781721	0.19597422552618401	True	lrt_mle	0.819,2.714	wald_mle	two		True	0.8188111616544501	2.7141818707904672	False	True	False	mle	mle	lrt_mle	187334	25823	161511	ridge_seeded_refit;ridge_seeded_refit;inference=mle;ci=wald_mle	chr6-167181003-INV-209976	0.19597422552618401	0.19597422552618401	True	lrt_mle	lrt_mle	0.48353544919562325	False	True	wald_mle		0.819,2.714	0.8188111616544501	2.7141818707904672	
Migraine	214732	24112	190620	-0.058316530246179006	0.9433513009544441	0.8491295643841791	True	lrt_mle	0.517,1.722	wald_mle	two		True	0.51677343802257	1.722053827723196	False	True	False	mle	mle	lrt_mle	214732	24112	190620	ridge_seeded_refit;ridge_seeded_refit;inference=mle;ci=wald_mle	chr6-167181003-INV-209976	0.8491295643841791	0.8491295643841791	True	lrt_mle	lrt_mle	0.955781038117909	False	True	wald_mle		0.517,1.722	0.51677343802257	1.722053827723196	
Diastolic_heart_failure	221336	6420	214916	0.653281942299333	1.921837851066075	0.263512858985197	True	lrt_mle	0.625,5.906	wald_mle	two		True	0.625329963467369	5.906418917319324	False	True	False	mle	mle	lrt_mle	221336	6420	214916	ridge_seeded_refit;ridge_seeded_refit;inference=mle;ci=wald_mle	chr6-167181003-INV-209976	0.263512858985197	0.263512858985197	True	lrt_mle	lrt_mle	0.5692178711301485	False	True	wald_mle		0.625,5.906	0.625329963467369	5.906418917319324	
Other_follicular_disorders	189050	29809	159241	0.844574703768696	2.326987944887983	0.001959205260172	True	lrt_mle	1.378,3.928	wald_mle	two		True	1.378469080396254	3.928178711195642	False	True	False	mle	mle	lrt_mle	189050	29809	159241	ridge_seeded_refit;ridge_seeded_refit;inference=mle;ci=wald_mle	chr6-167181003-INV-209976	0.001959205260172	0.001959205260172	True	lrt_mle	lrt_mle	0.01678625403497723	True	True	wald_mle		1.378,3.928	1.378469080396254	3.928178711195642	unable to determine
Uninodular_goiter_single_thyroid_nodule	177337	9671	167666	0.271645131530918	1.312121288209751	0.567874410463557	True	lrt_mle	0.521,3.308	wald_mle	two		True	0.5205008601987611	3.307703034949404	False	True	False	mle	mle	lrt_mle	177337	9671	167666	ridge_seeded_refit;ridge_seeded_refit;inference=mle;ci=wald_mle	chr6-167181003-INV-209976	0.567874410463557	0.567874410463557	True	lrt_mle	lrt_mle	0.7850899397532964	False	True	wald_mle		0.521,3.308	0.5205008601987611	3.307703034949404	
Benign_neoplasm_of_the_skin	200345	38834	161511	0.46647724312394906	1.5943677188408372	0.07118734240749901	True	lrt_mle	0.965,2.633	wald_mle	two		True	0.9654685573473291	2.632927197407674	False	True	False	mle	mle	lrt_mle	200345	38834	161511	ridge_seeded_refit;ridge_seeded_refit;inference=mle;ci=wald_mle	chr6-167181003-INV-209976	0.07118734240749901	0.07118734240749901	True	lrt_mle	lrt_mle	0.2616796957394698	False	True	wald_mle		0.965,2.633	0.9654685573473291	2.632927197407674	
High_risk_human_papillomavirus_HPV_DNA_test_positive	214395	2498	211897	0.098980760908042	1.1040450585301471	0.909821982914861	True	lrt_mle	0.902,1.104	profile	two		True	0.901735256248767	1.104057534980837	False	True	False	mle	mle	lrt_mle	125522	2447	123075	sex_restricted_to_0;sex_forced_restriction_to_0;ridge_seeded_refit;ridge_seeded_refit;inference=mle;ci=profile	chr6-167181003-INV-209976	0.909821982914861	0.909821982914861	True	lrt_mle	lrt_mle	0.9579750234484826	False	True	profile		0.902,1.104	0.901735256248767	1.104057534980837	
Disorder_of_nervous_system	197211	6591	190620	0.5288693033177561	1.697012417105866	0.32703483260443905	True	lrt_mle	1.056,+inf	profile	one	one-sided (boundary)	True	1.056466827307141	inf	False	True	False	mle	mle	lrt_mle	197211	6591	190620	ridge_seeded_refit;ridge_seeded_refit;inference=mle;ci=profile	chr6-167181003-INV-209976	0.32703483260443905	0.32703483260443905	True	lrt_mle	lrt_mle	0.6228089826805127	False	True	profile	one-sided (boundary)	1.056,+inf	1.056466827307141	inf	
Pain_in_shoulder	219503	40201	179302	0.323729652350268	1.3822735621924	0.19650845860691202	True	lrt_mle	0.849,2.251	wald_mle	two		True	0.8488259762001491	2.250968106901501	False	True	False	mle	mle	lrt_mle	219503	40201	179302	ridge_seeded_refit;ridge_seeded_refit;inference=mle;ci=wald_mle	chr6-167181003-INV-209976	0.19650845860691202	0.19650845860691202	True	lrt_mle	lrt_mle	0.48353544919562325	False	True	wald_mle		0.849,2.251	0.8488259762001491	2.250968106901501	
Flat_foot_pes_planus	183387	4085	179302	0.751944566482286	2.121120669030803	0.283962033949664	True	lrt_mle	0.556,8.085	wald_mle	two		True	0.556453213851702	8.085410921516809	False	True	False	mle	mle	lrt_mle	183387	4085	179302	ridge_seeded_refit;ridge_seeded_refit;inference=mle;ci=wald_mle	chr6-167181003-INV-209976	0.283962033949664	0.283962033949664	True	lrt_mle	lrt_mle	0.5791960304981982	False	True	wald_mle		0.556,8.085	0.556453213851702	8.085410921516809	
Morbid_obesity	187242	19576	167666	0.014290136774621001	1.014392728881719	0.965931705803407	True	lrt_mle	0.963,1.038	profile	two		True	0.962801370694871	1.038137822251722	False	True	False	mle	mle	lrt_mle	187242	19576	167666	ridge_seeded_refit;ridge_seeded_refit;inference=mle;ci=profile	chr6-167181003-INV-209976	0.965931705803407	0.965931705803407	True	lrt_mle	lrt_mle	0.9849461094609544	False	True	profile		0.963,1.038	0.962801370694871	1.038137822251722	
Skin_changes_due_to_chronic_exposure_to_nonionizing_radiation	183922	24681	159241	0.39697935821850305	1.487325228692056	0.24939156957344003	True	lrt_mle	0.760,2.909	wald_mle	two		True	0.760372957218006	2.909278025874925	False	True	False	mle	mle	lrt_mle	183922	24681	159241	ridge_seeded_refit;ridge_seeded_refit;inference=mle;ci=wald_mle	chr6-167181003-INV-209976	0.24939156957344003	0.24939156957344003	True	lrt_mle	lrt_mle	0.5568311768924221	False	True	wald_mle		0.760,2.909	0.760372957218006	2.909278025874925	
Conjunctivitis	192663	15604	177059	-0.254055671583834	0.7756486192573261	0.5164825867950941	True	lrt_mle	0.358,1.680	wald_mle	two		True	0.358134685248546	1.679900901355769	False	True	False	mle	mle	lrt_mle	192663	15604	177059	ridge_seeded_refit;ridge_seeded_refit;inference=mle;ci=wald_mle	chr6-167181003-INV-209976	0.5164825867950941	0.5164825867950941	True	lrt_mle	lrt_mle	0.7705518819039208	False	True	wald_mle		0.358,1.680	0.358134685248546	1.679900901355769	
Skin_changes_due_to_solar_radiation	185200	25959	159241	0.24778907973619702	1.2811896748294491	0.46147408651395805	True	lrt_mle	0.664,2.471	wald_mle	two		True	0.664408744735389	2.470537896883522	False	True	False	mle	mle	lrt_mle	185200	25959	159241	ridge_seeded_refit;ridge_seeded_refit;inference=mle;ci=wald_mle	chr6-167181003-INV-209976	0.46147408651395805	0.46147408651395805	True	lrt_mle	lrt_mle	0.7332625055651235	False	True	wald_mle		0.664,2.471	0.664408744735389	2.470537896883522	
Laryngitis_and_tracheitis	221336	3798	217538	0.7678648452551141	2.155159738182174	0.28055896753820403	True	lrt_mle	0.556,8.350	wald_mle	two		True	0.5562447544387641	8.350125479866948	False	True	False	mle	mle	lrt_mle	221336	3798	217538	ridge_seeded_refit;ridge_seeded_refit;inference=mle;ci=wald_mle	chr6-167181003-INV-209976	0.28055896753820403	0.28055896753820403	True	lrt_mle	lrt_mle	0.5791960304981982	False	True	wald_mle		0.556,8.350	0.5562447544387641	8.350125479866948	
Sensorineural_hearing_loss	198841	21782	177059	0.45169125073996	1.5709668388438272	0.19668987750518901	True	lrt_mle	0.797,3.097	wald_mle	two		True	0.7969157533467841	3.096860362444139	False	True	False	mle	mle	lrt_mle	198841	21782	177059	ridge_seeded_refit;ridge_seeded_refit;inference=mle;ci=wald_mle	chr6-167181003-INV-209976	0.19668987750518901	0.19668987750518901	True	lrt_mle	lrt_mle	0.48353544919562325	False	True	wald_mle		0.797,3.097	0.7969157533467841	3.096860362444139	
Goiter	182053	14387	167666	0.27086523102430704	1.311098363094099	0.49001669198729003	True	lrt_mle	0.611,2.812	wald_mle	two		True	0.6112169757696461	2.812387394089445	False	True	False	mle	mle	lrt_mle	182053	14387	167666	ridge_seeded_refit;ridge_seeded_refit;inference=mle;ci=wald_mle	chr6-167181003-INV-209976	0.49001669198729003	0.49001669198729003	True	lrt_mle	lrt_mle	0.7554424001470721	False	True	wald_mle		0.611,2.812	0.6112169757696461	2.812387394089445	
Alopecia_Areata	159761	520	159241	0.112024401101578	1.118540153923966	0.9529417510897971	True	lrt_mle	0.795,1.229	profile	two		True	0.7945184525464281	1.228722107496043	False	True	False	mle	mle	lrt_mle	159761	520	159241	ridge_seeded_refit;ridge_seeded_refit;inference=mle;ci=profile	chr6-167181003-INV-209976	0.9529417510897971	0.9529417510897971	True	lrt_mle	lrt_mle	0.9813363975147813	False	True	profile		0.795,1.229	0.7945184525464281	1.228722107496043	
Urinary_incontinence_and_enuresis	221336	19386	201950	0.33863358071134103	1.4030291540691011	0.329444712310388	True	lrt_mle	0.715,2.754	wald_mle	two		True	0.714861221878608	2.753668470077021	False	True	False	mle	mle	lrt_mle	221336	19386	201950	ridge_seeded_refit;ridge_seeded_refit;inference=mle;ci=wald_mle	chr6-167181003-INV-209976	0.329444712310388	0.329444712310388	True	lrt_mle	lrt_mle	0.6228188356816824	False	True	wald_mle		0.715,2.754	0.714861221878608	2.753668470077021	
Viral_infections	221336	57765	163571	0.12061089291846801	1.128185841849813	0.5734797009789561	True	lrt_mle	0.742,1.715	wald_mle	two		True	0.74202721236371	1.7153054127164502	False	True	False	mle	mle	lrt_mle	221336	57765	163571	ridge_seeded_refit;ridge_seeded_refit;inference=mle;ci=wald_mle	chr6-167181003-INV-209976	0.5734797009789561	0.5734797009789561	True	lrt_mle	lrt_mle	0.7858795902304213	False	True	wald_mle		0.742,1.715	0.74202721236371	1.7153054127164502	
Scar_conditions_and_fibrosis_of_skin	167897	8656	159241	0.059643703603726006	1.0614582854009371	0.910022062425873	True	lrt_mle	0.378,2.982	wald_mle	two		True	0.37785149446521804	2.9818426237560143	False	True	False	mle	mle	lrt_mle	167897	8656	159241	ridge_seeded_refit;ridge_seeded_refit;inference=mle;ci=wald_mle	chr6-167181003-INV-209976	0.910022062425873	0.910022062425873	True	lrt_mle	lrt_mle	0.9579750234484826	False	True	wald_mle		0.378,2.982	0.37785149446521804	2.9818426237560143	
Abnormal_mammogram	173257	11746	161511	0.27007404982089	1.310061456957799	0.554868080882709	True	lrt_mle	0.538,3.192	wald_mle	two		True	0.537606768229664	3.192409624339415	False	True	False	mle	mle	lrt_mle	102301	11702	90599	sex_restricted_to_0;sex_majority_restricted_to_0;ridge_seeded_refit;ridge_seeded_refit;inference=mle;ci=wald_mle	chr6-167181003-INV-209976	0.554868080882709	0.554868080882709	True	lrt_mle	lrt_mle	0.7785956860465798	False	True	wald_mle		0.538,3.192	0.537606768229664	3.192409624339415	
Lump_or_mass_in_breast_or_nonspecific_abnormal_breast_exam	188960	27449	161511	0.462538343833288	1.588100016990803	0.139883017107046	True	lrt_mle	0.864,2.920	wald_mle	two		True	0.863833412083007	2.9196157831920493	False	True	False	mle	mle	lrt_mle	188960	27449	161511	ridge_seeded_refit;ridge_seeded_refit;inference=mle;ci=wald_mle	chr6-167181003-INV-209976	0.139883017107046	0.139883017107046	True	lrt_mle	lrt_mle	0.4070752969744373	False	True	wald_mle		0.864,2.920	0.863833412083007	2.9196157831920493	
Aphagia_and_dysphagia	221336	17972	203364	-0.07790841807132501	0.9250491404487491	0.8297495394788921	True	lrt_mle	0.454,1.885	wald_mle	two		True	0.454037185683405	1.884682442820116	False	True	False	mle	mle	lrt_mle	221336	17972	203364	ridge_seeded_refit;ridge_seeded_refit;inference=mle;ci=wald_mle	chr6-167181003-INV-209976	0.8297495394788921	0.8297495394788921	True	lrt_mle	lrt_mle	0.9486750347455831	False	True	wald_mle		0.454,1.885	0.454037185683405	1.884682442820116	
Hypertrophic_conditions_of_skin	174342	15101	159241	0.54420236484435	1.723233322571848	0.164088145649075	True	lrt_mle	0.810,3.668	wald_mle	two		True	0.8095359771976101	3.668191615524876	False	True	False	mle	mle	lrt_mle	174342	15101	159241	ridge_seeded_refit;ridge_seeded_refit;inference=mle;ci=wald_mle	chr6-167181003-INV-209976	0.164088145649075	0.164088145649075	True	lrt_mle	lrt_mle	0.44735610234853085	False	True	wald_mle		0.810,3.668	0.8095359771976101	3.668191615524876	
Mild_cognitive_impairment	193977	3357	190620	-0.057755087908159	0.943881087022674	0.36714277728369205	True	lrt_mle	0.909,1.050	profile	two		True	0.9089528249080151	1.050151970038221	False	True	False	mle	mle	lrt_mle	193977	3357	190620	ridge_seeded_refit;ridge_seeded_refit;inference=mle;ci=profile	chr12-46897663-INV-16289	0.36714277728369205	0.36714277728369205	True	lrt_mle	lrt_mle	0.6293193493753143	False	True	profile		0.909,1.050	0.9089528249080151	1.050151970038221	
Acne	169148	9907	159241	0.141968249024041	1.152540053684511	9.731684158375963e-05	True	lrt_mle	1.074,1.237	wald_mle	two		True	1.074050563379558	1.236765400659887	False	True	False	mle	mle	lrt_mle	169148	9907	159241	ridge_seeded_refit;ridge_seeded_refit;inference=mle;ci=wald_mle	chr12-46897663-INV-16289	9.731684158375963e-05	9.731684158375963e-05	True	lrt_mle	lrt_mle	0.001575316373137109	True	True	wald_mle		1.074,1.237	1.074050563379558	1.236765400659887	unable to determine
Other_skin_and_subcutaneous_disorders	189175	29934	159241	0.050478568293781	1.051774321795179	0.028299111497707002	True	lrt_mle	1.006,1.100	wald_mle	two		True	1.005530508714751	1.100144863234105	False	True	False	mle	mle	lrt_mle	189175	29934	159241	ridge_seeded_refit;ridge_seeded_refit;inference=mle;ci=wald_mle	chr12-46897663-INV-16289	0.028299111497707002	0.028299111497707002	True	lrt_mle	lrt_mle	0.12858719084045814	False	True	wald_mle		1.006,1.100	1.005530508714751	1.100144863234105	
Inflammation_of_the_eye	198166	21107	177059	0.09617465344888901	1.10095133215056	0.000208427854734	True	lrt_mle	1.047,1.158	wald_mle	two		True	1.046790926638542	1.1579139682232191	False	True	False	mle	mle	lrt_mle	198166	21107	177059	ridge_seeded_refit;ridge_seeded_refit;inference=mle;ci=wald_mle	chr12-46897663-INV-16289	0.000208427854734	0.000208427854734	True	lrt_mle	lrt_mle	0.002999045243117	True	True	wald_mle		1.047,1.158	1.046790926638542	1.1579139682232191	unable to determine
Hearing_impairment	207412	30353	177059	0.067882566627083	1.070239619250546	0.0032976054604860004	True	lrt_mle	1.023,1.120	wald_mle	two		True	1.023056366492932	1.119598958696736	False	True	False	mle	mle	lrt_mle	207412	30353	177059	ridge_seeded_refit;ridge_seeded_refit;inference=mle;ci=wald_mle	chr12-46897663-INV-16289	0.0032976054604860004	0.0032976054604860004	True	lrt_mle	lrt_mle	0.02300276321199449	True	True	wald_mle		1.023,1.120	1.023056366492932	1.119598958696736	unable to determine
Abnormal_Papanicolaou_smear	218461	6564	211897	0.141125447380396	1.151569100250947	0.001462811949983	True	lrt_mle	1.057,1.255	wald_mle	two		True	1.056864686121064	1.254759866676888	False	True	False	mle	mle	lrt_mle	218461	6564	211897	ridge_seeded_refit;ridge_seeded_refit;inference=mle;ci=wald_mle	chr12-46897663-INV-16289	0.001462811949983	0.001462811949983	True	lrt_mle	lrt_mle	0.014032159075762853	True	True	wald_mle		1.057,1.255	1.056864686121064	1.254759866676888	unable to determine
Rosacea	167892	8651	159241	0.133851950387747	1.143223553311263	0.0006199253662820001	True	lrt_mle	1.060,1.233	wald_mle	two		True	1.059828366275821	1.233180894599203	False	True	False	mle	mle	lrt_mle	167892	8651	159241	ridge_seeded_refit;ridge_seeded_refit;inference=mle;ci=wald_mle	chr12-46897663-INV-16289	0.0006199253662820001	0.0006199253662820001	True	lrt_mle	lrt_mle	0.007298212266683547	True	True	wald_mle		1.060,1.233	1.059828366275821	1.233180894599203	unable to determine
Epidermal_thickening	174555	15314	159241	0.084440692561644	1.0881083094018411	0.00575524872918	True	lrt_mle	1.025,1.155	wald_mle	two		True	1.025221203900312	1.154852912215476	False	True	False	mle	mle	lrt_mle	174555	15314	159241	ridge_seeded_refit;ridge_seeded_refit;inference=mle;ci=wald_mle	chr12-46897663-INV-16289	0.00575524872918	0.00575524872918	True	lrt_mle	lrt_mle	0.033124653796836	True	True	wald_mle		1.025,1.155	1.025221203900312	1.154852912215476	unable to determine
Abnormal_cytological_findings_in_specimens_from_genital_organs	221336	9439	211897	0.12550709024832601	1.133723207311103	0.0008211532259200001	True	lrt_mle	1.054,1.219	wald_mle	two		True	1.054195439347895	1.219250494567546	False	True	False	mle	mle	lrt_mle	221336	9439	211897	ridge_seeded_refit;ridge_seeded_refit;inference=mle;ci=wald_mle	chr12-46897663-INV-16289	0.0008211532259200001	0.0008211532259200001	True	lrt_mle	lrt_mle	0.009246899370142609	True	True	wald_mle		1.054,1.219	1.054195439347895	1.219250494567546	unable to determine
Multinodular_goiter	174257	6591	167666	0.030318100454495	1.030782374149397	0.505912464454028	True	lrt_mle	0.959,1.065	profile	two		True	0.958961505042316	1.065062232859226	False	True	False	mle	mle	lrt_mle	174257	6591	167666	ridge_seeded_refit;ridge_seeded_refit;inference=mle;ci=profile	chr12-46897663-INV-16289	0.505912464454028	0.505912464454028	True	lrt_mle	lrt_mle	0.7705518819039208	False	True	profile		0.959,1.065	0.958961505042316	1.065062232859226	
Pure_hypercholesterolemia	199582	31916	167666	0.066173596334083	1.068412173504868	0.0034313293851260004	True	lrt_mle	1.022,1.117	wald_mle	two		True	1.022261381489903	1.116646479229901	False	True	False	mle	mle	lrt_mle	199582	31916	167666	ridge_seeded_refit;ridge_seeded_refit;inference=mle;ci=wald_mle	chr12-46897663-INV-16289	0.0034313293851260004	0.0034313293851260004	True	lrt_mle	lrt_mle	0.02300276321199449	True	True	wald_mle		1.022,1.117	1.022261381489903	1.116646479229901	unable to determine
Benign_sarcoma_related_cancers	187100	25589	161511	0.030469779741558	1.030938734343027	0.21557877438216302	True	lrt_mle	0.986,1.038	profile	two		True	0.9858673762342061	1.037510091137361	False	True	False	mle	mle	lrt_mle	187100	25589	161511	ridge_seeded_refit;ridge_seeded_refit;inference=mle;ci=profile	chr12-46897663-INV-16289	0.21557877438216302	0.21557877438216302	True	lrt_mle	lrt_mle	0.5169898385646317	False	True	profile		0.986,1.038	0.9858673762342061	1.037510091137361	
Melanocytic_nevi	187334	25823	161511	0.038497998763704	1.039248648573788	0.11126045485203201	True	lrt_mle	0.991,1.090	wald_mle	two		True	0.9912870281104741	1.089530804837767	False	True	False	mle	mle	lrt_mle	187334	25823	161511	ridge_seeded_refit;ridge_seeded_refit;inference=mle;ci=wald_mle	chr12-46897663-INV-16289	0.11126045485203201	0.11126045485203201	True	lrt_mle	lrt_mle	0.35575873835402827	False	True	wald_mle		0.991,1.090	0.9912870281104741	1.089530804837767	
Migraine	214732	24112	190620	0.09230031678125701	1.096694128280882	0.000175942301274	True	lrt_mle	1.045,1.150	wald_mle	two		True	1.045411708284785	1.150492195059786	False	True	False	mle	mle	lrt_mle	214732	24112	190620	ridge_seeded_refit;ridge_seeded_refit;inference=mle;ci=wald_mle	chr12-46897663-INV-16289	0.000175942301274	0.000175942301274	True	lrt_mle	lrt_mle	0.002680532707645059	True	True	wald_mle		1.045,1.150	1.045411708284785	1.150492195059786	unable to determine
Diastolic_heart_failure	221336	6420	214916	0.041794828508982	1.042680528484581	0.36389228878259705	True	lrt_mle	0.964,1.068	profile	two		True	0.9644272444579741	1.068188932995906	False	True	False	mle	mle	lrt_mle	221336	6420	214916	ridge_seeded_refit;ridge_seeded_refit;inference=mle;ci=profile	chr12-46897663-INV-16289	0.36389228878259705	0.36389228878259705	True	lrt_mle	lrt_mle	0.6293193493753143	False	True	profile		0.964,1.068	0.9644272444579741	1.068188932995906	
Other_follicular_disorders	189050	29809	159241	0.065242226613181	1.067417550010025	0.003817456042707	True	lrt_mle	1.021,1.115	wald_mle	two		True	1.021464761518111	1.115437623492801	False	True	False	mle	mle	lrt_mle	189050	29809	159241	ridge_seeded_refit;ridge_seeded_refit;inference=mle;ci=wald_mle	chr12-46897663-INV-16289	0.003817456042707	0.003817456042707	True	lrt_mle	lrt_mle	0.0235409789300265	True	True	wald_mle		1.021,1.115	1.021464761518111	1.115437623492801	unable to determine
Uninodular_goiter_single_thyroid_nodule	177337	9671	167666	0.0059086643256690006	1.00592615491443	0.8769350772088551	True	lrt_mle	0.957,1.048	profile	two		True	0.956937393420034	1.048447676162763	False	True	False	mle	mle	lrt_mle	177337	9671	167666	ridge_seeded_refit;ridge_seeded_refit;inference=mle;ci=profile	chr12-46897663-INV-16289	0.8769350772088551	0.8769350772088551	True	lrt_mle	lrt_mle	0.955781038117909	False	True	profile		0.957,1.048	0.956937393420034	1.048447676162763	
Benign_neoplasm_of_the_skin	200345	38834	161511	0.057149703198406	1.058814306419713	0.0052634687775900005	True	lrt_mle	1.017,1.102	wald_mle	two		True	1.01729004242815	1.102033529005311	False	True	False	mle	mle	lrt_mle	200345	38834	161511	ridge_seeded_refit;ridge_seeded_refit;inference=mle;ci=wald_mle	chr12-46897663-INV-16289	0.0052634687775900005	0.0052634687775900005	True	lrt_mle	lrt_mle	0.03170321891618163	True	True	wald_mle		1.017,1.102	1.01729004242815	1.102033529005311	unable to determine
High_risk_human_papillomavirus_HPV_DNA_test_positive	214395	2498	211897	0.21667124796494203	1.241935746113559	0.0020091655408660002	True	lrt_mle	1.085,1.421	wald_mle	two		True	1.085496444611269	1.420920727222647	False	True	False	mle	mle	lrt_mle	125522	2447	123075	sex_restricted_to_0;sex_forced_restriction_to_0;ridge_seeded_refit;ridge_seeded_refit;inference=mle;ci=wald_mle	chr12-46897663-INV-16289	0.0020091655408660002	0.0020091655408660002	True	lrt_mle	lrt_mle	0.01678625403497723	True	True	wald_mle		1.085,1.421	1.085496444611269	1.420920727222647	unable to determine
Disorder_of_nervous_system	197211	6591	190620	0.14223293573175302	1.152845156093321	0.001170676760338	True	lrt_mle	1.059,1.255	wald_mle	two		True	1.059186446130961	1.254785650611985	False	True	False	mle	mle	lrt_mle	197211	6591	190620	ridge_seeded_refit;ridge_seeded_refit;inference=mle;ci=wald_mle	chr12-46897663-INV-16289	0.001170676760338	0.001170676760338	True	lrt_mle	lrt_mle	0.01212821123710168	True	True	wald_mle		1.059,1.255	1.059186446130961	1.254785650611985	unable to determine
Pain_in_shoulder	219503	40201	179302	0.0071040676720290005	1.007129361421468	0.724960282944447	True	lrt_mle	0.979,1.027	profile	two		True	0.9787949369383251	1.026904663133804	False	True	False	mle	mle	lrt_mle	219503	40201	179302	ridge_seeded_refit;ridge_seeded_refit;inference=mle;ci=profile	chr12-46897663-INV-16289	0.724960282944447	0.724960282944447	True	lrt_mle	lrt_mle	0.8898801577374965	False	True	profile		0.979,1.027	0.9787949369383251	1.026904663133804	
Flat_foot_pes_planus	183387	4085	179302	0.16073768648782202	1.17437687348455	0.003513966821269	True	lrt_mle	1.056,1.306	wald_mle	two		True	1.055990155963821	1.306035887916552	False	True	False	mle	mle	lrt_mle	183387	4085	179302	ridge_seeded_refit;ridge_seeded_refit;inference=mle;ci=wald_mle	chr12-46897663-INV-16289	0.003513966821269	0.003513966821269	True	lrt_mle	lrt_mle	0.02300276321199449	True	True	wald_mle		1.056,1.306	1.055990155963821	1.306035887916552	unable to determine
Morbid_obesity	187242	19576	167666	0.046636367008314	1.0477409466254821	0.089075709291779	True	lrt_mle	0.993,1.105	wald_mle	two		True	0.9931032247747511	1.105384680917381	False	True	False	mle	mle	lrt_mle	187242	19576	167666	ridge_seeded_refit;ridge_seeded_refit;inference=mle;ci=wald_mle	chr12-46897663-INV-16289	0.089075709291779	0.089075709291779	True	lrt_mle	lrt_mle	0.2996182948905294	False	True	wald_mle		0.993,1.105	0.9931032247747511	1.105384680917381	
Skin_changes_due_to_chronic_exposure_to_nonionizing_radiation	183922	24681	159241	0.06865094465620801	1.071062283878115	0.0073607695484660006	True	lrt_mle	1.019,1.126	wald_mle	two		True	1.018833788523301	1.125968169556802	False	True	False	mle	mle	lrt_mle	183922	24681	159241	ridge_seeded_refit;ridge_seeded_refit;inference=mle;ci=wald_mle	chr12-46897663-INV-16289	0.0073607695484660006	0.0073607695484660006	True	lrt_mle	lrt_mle	0.039717485688597794	True	True	wald_mle		1.019,1.126	1.018833788523301	1.125968169556802	unable to determine
Conjunctivitis	192663	15604	177059	0.128495927426225	1.137116790289766	1.2977525163457663e-05	True	lrt_mle	1.074,1.204	wald_mle	two		True	1.073970974237217	1.203975364117518	False	True	False	mle	mle	lrt_mle	192663	15604	177059	ridge_seeded_refit;ridge_seeded_refit;inference=mle;ci=wald_mle	chr12-46897663-INV-16289	1.2977525163457663e-05	1.2977525163457663e-05	True	lrt_mle	lrt_mle	0.0005601965028892558	True	True	wald_mle		1.074,1.204	1.073970974237217	1.203975364117518	unable to determine
Skin_changes_due_to_solar_radiation	185200	25959	159241	0.06785787544044	1.07021319409059	0.006572669543666001	True	lrt_mle	1.019,1.124	wald_mle	two		True	1.019310569516899	1.123657808579795	False	True	False	mle	mle	lrt_mle	185200	25959	159241	ridge_seeded_refit;ridge_seeded_refit;inference=mle;ci=wald_mle	chr12-46897663-INV-16289	0.006572669543666001	0.006572669543666001	True	lrt_mle	lrt_mle	0.037006987213249874	True	True	wald_mle		1.019,1.124	1.019310569516899	1.123657808579795	unable to determine
Laryngitis_and_tracheitis	221336	3798	217538	0.06551213374335	1.067705692501746	0.25691232322400204	True	lrt_mle	0.963,1.088	profile	two		True	0.962896363677009	1.088252482200754	False	True	False	mle	mle	lrt_mle	221336	3798	217538	ridge_seeded_refit;ridge_seeded_refit;inference=mle;ci=profile	chr12-46897663-INV-16289	0.25691232322400204	0.25691232322400204	True	lrt_mle	lrt_mle	0.5687204420086883	False	True	profile		0.963,1.088	0.962896363677009	1.088252482200754	
Sensorineural_hearing_loss	198841	21782	177059	0.07781324920985	1.080920777010694	0.0036413640605860004	True	lrt_mle	1.026,1.139	wald_mle	two		True	1.025963667316855	1.1388217374490721	False	True	False	mle	mle	lrt_mle	198841	21782	177059	ridge_seeded_refit;ridge_seeded_refit;inference=mle;ci=wald_mle	chr12-46897663-INV-16289	0.0036413640605860004	0.0036413640605860004	True	lrt_mle	lrt_mle	0.02300276321199449	True	True	wald_mle		1.026,1.139	1.025963667316855	1.1388217374490721	unable to determine
Goiter	182053	14387	167666	0.009574521985903	1.009620504357442	0.763441748024807	True	lrt_mle	0.966,1.042	profile	two		True	0.9659689945945401	1.041930256336421	False	True	False	mle	mle	lrt_mle	182053	14387	167666	ridge_seeded_refit;ridge_seeded_refit;inference=mle;ci=profile	chr12-46897663-INV-16289	0.763441748024807	0.763441748024807	True	lrt_mle	lrt_mle	0.9070248290753441	False	True	profile		0.966,1.042	0.9659689945945401	1.041930256336421	
Alopecia_Areata	159761	520	159241	0.140444955458735	1.150785733348645	0.35475707821664204	True	lrt_mle	0.885,1.232	profile	two		True	0.884686510585292	1.232273820834832	False	True	False	mle	mle	lrt_mle	159761	520	159241	ridge_seeded_refit;ridge_seeded_refit;inference=mle;ci=profile	chr12-46897663-INV-16289	0.35475707821664204	0.35475707821664204	True	lrt_mle	lrt_mle	0.6293193493753143	False	True	profile		0.885,1.232	0.884686510585292	1.232273820834832	
Urinary_incontinence_and_enuresis	221336	19386	201950	0.080856761454971	1.084215583980904	0.0031216746749490004	True	lrt_mle	1.028,1.144	wald_mle	two		True	1.027956245762437	1.143553957080308	False	True	False	mle	mle	lrt_mle	221336	19386	201950	ridge_seeded_refit;ridge_seeded_refit;inference=mle;ci=wald_mle	chr12-46897663-INV-16289	0.0031216746749490004	0.0031216746749490004	True	lrt_mle	lrt_mle	0.02300276321199449	True	True	wald_mle		1.028,1.144	1.027956245762437	1.143553957080308	unable to determine
Viral_infections	221336	57765	163571	0.043420361863675004	1.04437681877663	0.012580651046305001	True	lrt_mle	1.009,1.081	wald_mle	two		True	1.009432732268108	1.080530583892632	False	True	False	mle	mle	lrt_mle	221336	57765	163571	ridge_seeded_refit;ridge_seeded_refit;inference=mle;ci=wald_mle	chr12-46897663-INV-16289	0.012580651046305001	0.012580651046305001	True	lrt_mle	lrt_mle	0.06649772695904071	False	True	wald_mle		1.009,1.081	1.009432732268108	1.080530583892632	
Scar_conditions_and_fibrosis_of_skin	167897	8656	159241	0.073546318335868	1.076318388793983	0.06228122541016701	True	lrt_mle	0.997,1.162	wald_mle	two		True	0.996737579458257	1.162253032223103	False	True	False	mle	mle	lrt_mle	167897	8656	159241	ridge_seeded_refit;ridge_seeded_refit;inference=mle;ci=wald_mle	chr12-46897663-INV-16289	0.06228122541016701	0.06228122541016701	True	lrt_mle	lrt_mle	0.23378025190193122	False	True	wald_mle		0.997,1.162	0.996737579458257	1.162253032223103	
Abnormal_mammogram	173257	11746	161511	0.08612687232290801	1.089944603336973	0.016888189696313	True	lrt_mle	1.016,1.169	wald_mle	two		True	1.016007700208586	1.169262042108046	False	True	False	mle	mle	lrt_mle	102301	11702	90599	sex_restricted_to_0;sex_majority_restricted_to_0;ridge_seeded_refit;ridge_seeded_refit;inference=mle;ci=wald_mle	chr12-46897663-INV-16289	0.016888189696313	0.016888189696313	True	lrt_mle	lrt_mle	0.08252907794990692	False	True	wald_mle		1.016,1.169	1.016007700208586	1.169262042108046	
Lump_or_mass_in_breast_or_nonspecific_abnormal_breast_exam	188960	27449	161511	0.07836423592496701	1.081516514105462	0.001832970777828	True	lrt_mle	1.030,1.136	wald_mle	two		True	1.029693911921171	1.135947252616539	False	True	False	mle	mle	lrt_mle	188960	27449	161511	ridge_seeded_refit;ridge_seeded_refit;inference=mle;ci=wald_mle	chr12-46897663-INV-16289	0.001832970777828	0.001832970777828	True	lrt_mle	lrt_mle	0.01637032522267076	True	True	wald_mle		1.030,1.136	1.029693911921171	1.135947252616539	unable to determine
Aphagia_and_dysphagia	221336	17972	203364	0.029313765204887002	1.029747642771939	0.29766791986177205	True	lrt_mle	0.980,1.042	profile	two		True	0.9803775644686421	1.042171029868265	False	True	False	mle	mle	lrt_mle	221336	17972	203364	ridge_seeded_refit;ridge_seeded_refit;inference=mle;ci=profile	chr12-46897663-INV-16289	0.29766791986177205	0.29766791986177205	True	lrt_mle	lrt_mle	0.6023124315953043	False	True	profile		0.980,1.042	0.9803775644686421	1.042171029868265	
Hypertrophic_conditions_of_skin	174342	15101	159241	0.074262341658982	1.077089333837833	0.014709863676880002	True	lrt_mle	1.015,1.143	wald_mle	two		True	1.015071947857463	1.142895767650682	False	True	False	mle	mle	lrt_mle	174342	15101	159241	ridge_seeded_refit;ridge_seeded_refit;inference=mle;ci=wald_mle	chr12-46897663-INV-16289	0.014709863676880002	0.014709863676880002	True	lrt_mle	lrt_mle	0.07617855787723384	False	True	wald_mle		1.015,1.143	1.015071947857463	1.142895767650682	
Mild_cognitive_impairment	193977	3357	190620	0.050622088067038	1.051925283040064	0.47140436750552905	True	lrt_mle	0.946,1.083	profile	two		True	0.946296981971231	1.082584131635928	False	True	False	mle	mle	lrt_mle	193977	3357	190620	ridge_seeded_refit;ridge_seeded_refit;inference=mle;ci=profile	chr10-79542902-INV-674513	0.47140436750552905	0.47140436750552905	True	lrt_mle	lrt_mle	0.7399620071753457	False	True	profile		0.946,1.083	0.946296981971231	1.082584131635928	
Acne	169148	9907	159241	0.023806205396007002	1.024091835187151	0.56987223426108	True	lrt_mle	0.965,1.048	profile	two		True	0.9654294139995461	1.048070577101785	False	True	False	mle	mle	lrt_mle	169148	9907	159241	ridge_seeded_refit;ridge_seeded_refit;inference=mle;ci=profile	chr10-79542902-INV-674513	0.56987223426108	0.56987223426108	True	lrt_mle	lrt_mle	0.7850899397532964	False	True	profile		0.965,1.048	0.9654294139995461	1.048070577101785	
Other_skin_and_subcutaneous_disorders	189175	29934	159241	-0.011553594029005	0.9885128924395951	0.657114257060739	True	lrt_mle	0.971,1.023	profile	two		True	0.9713424673696851	1.022891632395075	False	True	False	mle	mle	lrt_mle	189175	29934	159241	ridge_seeded_refit;ridge_seeded_refit;inference=mle;ci=profile	chr10-79542902-INV-674513	0.657114257060739	0.657114257060739	True	lrt_mle	lrt_mle	0.8477432017799363	False	True	profile		0.971,1.023	0.9713424673696851	1.022891632395075	
Inflammation_of_the_eye	198166	21107	177059	-0.003956795317469001	0.996051022482578	0.893791553934396	True	lrt_mle	0.969,1.029	profile	two		True	0.9692259877252761	1.029099447455083	False	True	False	mle	mle	lrt_mle	198166	21107	177059	ridge_seeded_refit;ridge_seeded_refit;inference=mle;ci=profile	chr10-79542902-INV-674513	0.893791553934396	0.893791553934396	True	lrt_mle	lrt_mle	0.9579750234484826	False	True	profile		0.969,1.029	0.9692259877252761	1.029099447455083	
Hearing_impairment	207412	30353	177059	-0.005384891521621	0.9946295810173911	0.837176282233376	True	lrt_mle	0.972,1.025	profile	two		True	0.9723884461996071	1.025159410528357	False	True	False	mle	mle	lrt_mle	207412	30353	177059	ridge_seeded_refit;ridge_seeded_refit;inference=mle;ci=profile	chr10-79542902-INV-674513	0.837176282233376	0.837176282233376	True	lrt_mle	lrt_mle	0.9486750347455831	False	True	profile		0.972,1.025	0.9723884461996071	1.025159410528357	
Abnormal_Papanicolaou_smear	218461	6564	211897	-0.044394614445423	0.9565764041167261	0.38992447818783804	True	lrt_mle	0.941,1.037	profile	two		True	0.940593525156987	1.036763012057545	False	True	False	mle	mle	lrt_mle	218461	6564	211897	ridge_seeded_refit;ridge_seeded_refit;inference=mle;ci=profile	chr10-79542902-INV-674513	0.38992447818783804	0.38992447818783804	True	lrt_mle	lrt_mle	0.6600682343179741	False	True	profile		0.941,1.037	0.940593525156987	1.036763012057545	
Rosacea	167892	8651	159241	0.0050771137342880005	1.005090024116136	0.9103150813085301	True	lrt_mle	0.956,1.047	profile	two		True	0.956200454634875	1.047382899420019	False	True	False	mle	mle	lrt_mle	167892	8651	159241	ridge_seeded_refit;ridge_seeded_refit;inference=mle;ci=profile	chr10-79542902-INV-674513	0.9103150813085301	0.9103150813085301	True	lrt_mle	lrt_mle	0.9579750234484826	False	True	profile		0.956,1.047	0.956200454634875	1.047382899420019	
Epidermal_thickening	174555	15314	159241	0.024712857786701	1.025020751536296	0.47496465181450404	True	lrt_mle	0.973,1.040	profile	two		True	0.9734281200236011	1.040366661709772	False	True	False	mle	mle	lrt_mle	174555	15314	159241	ridge_seeded_refit;ridge_seeded_refit;inference=mle;ci=profile	chr10-79542902-INV-674513	0.47496465181450404	0.47496465181450404	True	lrt_mle	lrt_mle	0.7410593061443165	False	True	profile		0.973,1.040	0.9734281200236011	1.040366661709772	
Abnormal_cytological_findings_in_specimens_from_genital_organs	221336	9439	211897	-0.024192023728521	0.976098257734013	0.576847496986581	True	lrt_mle	0.952,1.036	profile	two		True	0.951530513181821	1.036354469637476	False	True	False	mle	mle	lrt_mle	221336	9439	211897	ridge_seeded_refit;ridge_seeded_refit;inference=mle;ci=profile	chr10-79542902-INV-674513	0.576847496986581	0.576847496986581	True	lrt_mle	lrt_mle	0.7863342195764447	False	True	profile		0.952,1.036	0.951530513181821	1.036354469637476	
Multinodular_goiter	174257	6591	167666	-0.031827631255735005	0.9686735367310311	0.536743190526588	True	lrt_mle	0.942,1.042	profile	two		True	0.9421207653614181	1.041995533644307	False	True	False	mle	mle	lrt_mle	174257	6591	167666	ridge_seeded_refit;ridge_seeded_refit;inference=mle;ci=profile	chr10-79542902-INV-674513	0.536743190526588	0.536743190526588	True	lrt_mle	lrt_mle	0.7730297973368259	False	True	profile		0.942,1.042	0.9421207653614181	1.041995533644307	
Pure_hypercholesterolemia	199582	31916	167666	-0.063125387930747	0.9388257488906671	0.015000411010575001	True	lrt_mle	0.892,0.988	wald_mle	two		True	0.892111456393561	0.9879861764618891	False	True	False	mle	mle	lrt_mle	199582	31916	167666	ridge_seeded_refit;ridge_seeded_refit;inference=mle;ci=wald_mle	chr10-79542902-INV-674513	0.015000411010575001	0.015000411010575001	True	lrt_mle	lrt_mle	0.07617855787723384	False	True	wald_mle		0.892,0.988	0.892111456393561	0.9879861764618891	
Benign_sarcoma_related_cancers	187100	25589	161511	-0.012229860382932	0.9878446204204241	0.65994989651223	True	lrt_mle	0.969,1.024	profile	two		True	0.9694156872834491	1.024494567910473	False	True	False	mle	mle	lrt_mle	187100	25589	161511	ridge_seeded_refit;ridge_seeded_refit;inference=mle;ci=profile	chr10-79542902-INV-674513	0.65994989651223	0.65994989651223	True	lrt_mle	lrt_mle	0.8477432017799363	False	True	profile		0.969,1.024	0.9694156872834491	1.024494567910473	
Melanocytic_nevi	187334	25823	161511	-0.019952744706077	0.9802449939776041	0.46650244023177506	True	lrt_mle	0.969,1.021	profile	two		True	0.9686835314846871	1.021066724196847	False	True	False	mle	mle	lrt_mle	187334	25823	161511	ridge_seeded_refit;ridge_seeded_refit;inference=mle;ci=profile	chr10-79542902-INV-674513	0.46650244023177506	0.46650244023177506	True	lrt_mle	lrt_mle	0.7367325123172546	False	True	profile		0.969,1.021	0.9686835314846871	1.021066724196847	
Migraine	214732	24112	190620	-0.000326725830605	0.999673327538466	0.9906689352509521	True	lrt_mle	0.972,1.028	profile	two		True	0.9717995775515621	1.028432916790876	False	True	False	mle	mle	lrt_mle	214732	24112	190620	ridge_seeded_refit;ridge_seeded_refit;inference=mle;ci=profile	chr10-79542902-INV-674513	0.9906689352509521	0.9906689352509521	True	lrt_mle	lrt_mle	0.9945087373255682	False	True	profile		0.972,1.028	0.9717995775515621	1.028432916790876	
Diastolic_heart_failure	221336	6420	214916	-0.06759550880005001	0.9346384501561821	0.197894817045313	True	lrt_mle	0.843,1.037	wald_mle	two		True	0.8427528268084551	1.036542393833933	False	True	False	mle	mle	lrt_mle	221336	6420	214916	ridge_seeded_refit;ridge_seeded_refit;inference=mle;ci=wald_mle	chr10-79542902-INV-674513	0.197894817045313	0.197894817045313	True	lrt_mle	lrt_mle	0.48353544919562325	False	True	wald_mle		0.843,1.037	0.8427528268084551	1.036542393833933	
Other_follicular_disorders	189050	29809	159241	0.0009337488658920001	1.000934184945083	0.9708574761090871	True	lrt_mle	0.975,1.026	profile	two		True	0.9745292301564671	1.026339316805309	False	True	False	mle	mle	lrt_mle	189050	29809	159241	ridge_seeded_refit;ridge_seeded_refit;inference=mle;ci=profile	chr10-79542902-INV-674513	0.9708574761090871	0.9708574761090871	True	lrt_mle	lrt_mle	0.9860866129892296	False	True	profile		0.975,1.026	0.9745292301564671	1.026339316805309	
Uninodular_goiter_single_thyroid_nodule	177337	9671	167666	-0.036011429904792	0.96462926779942	0.40212685594785	True	lrt_mle	0.951,1.031	profile	two		True	0.950556870446377	1.031015275351152	False	True	False	mle	mle	lrt_mle	177337	9671	167666	ridge_seeded_refit;ridge_seeded_refit;inference=mle;ci=profile	chr10-79542902-INV-674513	0.40212685594785	0.40212685594785	True	lrt_mle	lrt_mle	0.6633812464362622	False	True	profile		0.951,1.031	0.950556870446377	1.031015275351152	
Benign_neoplasm_of_the_skin	200345	38834	161511	-0.015147875954239002	0.9849662760052981	0.5144623975326691	True	lrt_mle	0.974,1.019	profile	two		True	0.973655998425565	1.018594393578535	False	True	False	mle	mle	lrt_mle	200345	38834	161511	ridge_seeded_refit;ridge_seeded_refit;inference=mle;ci=profile	chr10-79542902-INV-674513	0.5144623975326691	0.5144623975326691	True	lrt_mle	lrt_mle	0.7705518819039208	False	True	profile		0.974,1.019	0.973655998425565	1.018594393578535	
High_risk_human_papillomavirus_HPV_DNA_test_positive	214395	2498	211897	0.15312106296493203	1.165466065179786	0.05549503564995	True	lrt_mle	0.998,1.360	wald_mle	two		True	0.9984914622198481	1.360363308531305	False	True	False	mle	mle	lrt_mle	125522	2447	123075	sex_restricted_to_0;sex_forced_restriction_to_0;ridge_seeded_refit;ridge_seeded_refit;inference=mle;ci=wald_mle	chr10-79542902-INV-674513	0.05549503564995	0.05549503564995	True	lrt_mle	lrt_mle	0.21137079754907429	False	True	wald_mle		0.998,1.360	0.9984914622198481	1.360363308531305	
Disorder_of_nervous_system	197211	6591	190620	-0.057389569230917	0.9442261562498581	0.26238461391176904	True	lrt_mle	0.941,1.030	profile	two		True	0.940516305707997	1.02989889439432	False	True	False	mle	mle	lrt_mle	197211	6591	190620	ridge_seeded_refit;ridge_seeded_refit;inference=mle;ci=profile	chr10-79542902-INV-674513	0.26238461391176904	0.26238461391176904	True	lrt_mle	lrt_mle	0.5692178711301485	False	True	profile		0.941,1.030	0.940516305707997	1.02989889439432	
Pain_in_shoulder	219503	40201	179302	-0.020900724912242003	0.9793161814436281	0.358098070499242	True	lrt_mle	0.974,1.016	profile	two		True	0.9735878459391861	1.015563314437282	False	True	False	mle	mle	lrt_mle	219503	40201	179302	ridge_seeded_refit;ridge_seeded_refit;inference=mle;ci=profile	chr10-79542902-INV-674513	0.358098070499242	0.358098070499242	True	lrt_mle	lrt_mle	0.6293193493753143	False	True	profile		0.974,1.016	0.9735878459391861	1.015563314437282	
Flat_foot_pes_planus	183387	4085	179302	-0.013252164550025002	0.9868352587737451	0.836358630485529	True	lrt_mle	0.933,1.062	profile	two		True	0.932698854654847	1.061767689320908	False	True	False	mle	mle	lrt_mle	183387	4085	179302	ridge_seeded_refit;ridge_seeded_refit;inference=mle;ci=profile	chr10-79542902-INV-674513	0.836358630485529	0.836358630485529	True	lrt_mle	lrt_mle	0.9486750347455831	False	True	profile		0.933,1.062	0.932698854654847	1.061767689320908	
Morbid_obesity	187242	19576	167666	-0.041388575393382004	0.9594562364193661	0.18054132597357603	True	lrt_mle	0.903,1.020	wald_mle	two		True	0.90289475094874	1.019560993833131	False	True	False	mle	mle	lrt_mle	187242	19576	167666	ridge_seeded_refit;ridge_seeded_refit;inference=mle;ci=wald_mle	chr10-79542902-INV-674513	0.18054132597357603	0.18054132597357603	True	lrt_mle	lrt_mle	0.4629723111599623	False	True	wald_mle		0.903,1.020	0.90289475094874	1.019560993833131	
Skin_changes_due_to_chronic_exposure_to_nonionizing_radiation	183922	24681	159241	0.034474251673635	1.035075376574388	0.23103669596832102	True	lrt_mle	0.978,1.095	wald_mle	two		True	0.978404280737706	1.095028973486096	False	True	False	mle	mle	lrt_mle	183922	24681	159241	ridge_seeded_refit;ridge_seeded_refit;inference=mle;ci=wald_mle	chr10-79542902-INV-674513	0.23103669596832102	0.23103669596832102	True	lrt_mle	lrt_mle	0.5397095395349304	False	True	wald_mle		0.978,1.095	0.978404280737706	1.095028973486096	
Conjunctivitis	192663	15604	177059	-0.013676769585138	0.986416332499439	0.687167828060475	True	lrt_mle	0.963,1.030	profile	two		True	0.9628522296428871	1.030372399053208	False	True	False	mle	mle	lrt_mle	192663	15604	177059	ridge_seeded_refit;ridge_seeded_refit;inference=mle;ci=profile	chr10-79542902-INV-674513	0.687167828060475	0.687167828060475	True	lrt_mle	lrt_mle	0.8597896979114157	False	True	profile		0.963,1.030	0.9628522296428871	1.030372399053208	
Skin_changes_due_to_solar_radiation	185200	25959	159241	0.020985372132504003	1.02120711344593	0.45529706879594906	True	lrt_mle	0.979,1.033	profile	two		True	0.978794117885571	1.032892243318898	False	True	False	mle	mle	lrt_mle	185200	25959	159241	ridge_seeded_refit;ridge_seeded_refit;inference=mle;ci=profile	chr10-79542902-INV-674513	0.45529706879594906	0.45529706879594906	True	lrt_mle	lrt_mle	0.7279132149268569	False	True	profile		0.979,1.033	0.978794117885571	1.032892243318898	
Laryngitis_and_tracheitis	221336	3798	217538	0.06615998144054301	1.068397627285891	0.31166139947731203	True	lrt_mle	0.958,1.079	profile	two		True	0.9583374292320391	1.078541674591973	False	True	False	mle	mle	lrt_mle	221336	3798	217538	ridge_seeded_refit;ridge_seeded_refit;inference=mle;ci=profile	chr10-79542902-INV-674513	0.31166139947731203	0.31166139947731203	True	lrt_mle	lrt_mle	0.6129354982776661	False	True	profile		0.958,1.079	0.9583374292320391	1.078541674591973	
Sensorineural_hearing_loss	198841	21782	177059	-0.0077331360925250005	0.9922966876777791	0.7996050232527591	True	lrt_mle	0.968,1.029	profile	two		True	0.9676193485815201	1.028794124255436	False	True	False	mle	mle	lrt_mle	198841	21782	177059	ridge_seeded_refit;ridge_seeded_refit;inference=mle;ci=profile	chr10-79542902-INV-674513	0.7996050232527591	0.7996050232527591	True	lrt_mle	lrt_mle	0.932872527128219	False	True	profile		0.968,1.029	0.9676193485815201	1.028794124255436	
Goiter	182053	14387	167666	-0.008813874727101	0.9912248536010181	0.8049320907074321	True	lrt_mle	0.962,1.034	profile	two		True	0.962071812394875	1.03383739747638	False	True	False	mle	mle	lrt_mle	182053	14387	167666	ridge_seeded_refit;ridge_seeded_refit;inference=mle;ci=profile	chr10-79542902-INV-674513	0.8049320907074321	0.8049320907074321	True	lrt_mle	lrt_mle	0.9348762847229818	False	True	profile		0.962,1.034	0.962071812394875	1.03383739747638	
Alopecia_Areata	159761	520	159241	0.10367039461845401	1.10923478490099	0.549538448622481	True	lrt_mle	0.861,1.205	profile	two		True	0.860661105937344	1.204799057173322	False	True	False	mle	mle	lrt_mle	159761	520	159241	ridge_seeded_refit;ridge_seeded_refit;inference=mle;ci=profile	chr10-79542902-INV-674513	0.549538448622481	0.549538448622481	True	lrt_mle	lrt_mle	0.7785956860465798	False	True	profile		0.861,1.205	0.860661105937344	1.204799057173322	
Urinary_incontinence_and_enuresis	221336	19386	201950	0.02901883824115	1.029443987206549	0.348972224187366	True	lrt_mle	0.979,1.037	profile	two		True	0.979185494236758	1.036770906241351	False	True	False	mle	mle	lrt_mle	221336	19386	201950	ridge_seeded_refit;ridge_seeded_refit;inference=mle;ci=profile	chr10-79542902-INV-674513	0.348972224187366	0.348972224187366	True	lrt_mle	lrt_mle	0.6293193493753143	False	True	profile		0.979,1.037	0.979185494236758	1.036770906241351	
Viral_infections	221336	57765	163571	-0.0009126563394610001	0.999087760004665	0.9628687961012861	True	lrt_mle	0.980,1.020	profile	two		True	0.9800394314680551	1.019742305163338	False	True	False	mle	mle	lrt_mle	221336	57765	163571	ridge_seeded_refit;ridge_seeded_refit;inference=mle;ci=profile	chr10-79542902-INV-674513	0.9628687961012861	0.9628687961012861	True	lrt_mle	lrt_mle	0.9849461094609544	False	True	profile		0.980,1.020	0.9800394314680551	1.019742305163338	
Scar_conditions_and_fibrosis_of_skin	167897	8656	159241	-0.033829794255444	0.9667360346617	0.45463574913298704	True	lrt_mle	0.948,1.034	profile	two		True	0.948414968342501	1.03441163089712	False	True	False	mle	mle	lrt_mle	167897	8656	159241	ridge_seeded_refit;ridge_seeded_refit;inference=mle;ci=profile	chr10-79542902-INV-674513	0.45463574913298704	0.45463574913298704	True	lrt_mle	lrt_mle	0.7279132149268569	False	True	profile		0.948,1.034	0.948414968342501	1.03441163089712	
Abnormal_mammogram	173257	11746	161511	-0.037569974224789006	0.9631270212961541	0.36099682745805	True	lrt_mle	0.953,1.028	profile	two		True	0.9525498990373621	1.028303157864803	False	True	False	mle	mle	lrt_mle	102301	11702	90599	sex_restricted_to_0;sex_majority_restricted_to_0;ridge_seeded_refit;ridge_seeded_refit;inference=mle;ci=profile	chr10-79542902-INV-674513	0.36099682745805	0.36099682745805	True	lrt_mle	lrt_mle	0.6293193493753143	False	True	profile		0.953,1.028	0.9525498990373621	1.028303157864803	
Lump_or_mass_in_breast_or_nonspecific_abnormal_breast_exam	188960	27449	161511	-0.044542601405152	0.9564348537569941	0.11943079238479001	True	lrt_mle	0.904,1.012	wald_mle	two		True	0.904181392897295	1.011708089402223	False	True	False	mle	mle	lrt_mle	188960	27449	161511	ridge_seeded_refit;ridge_seeded_refit;inference=mle;ci=wald_mle	chr10-79542902-INV-674513	0.11943079238479001	0.11943079238479001	True	lrt_mle	lrt_mle	0.372681629248923	False	True	wald_mle		0.904,1.012	0.904181392897295	1.011708089402223	
Aphagia_and_dysphagia	221336	17972	203364	-0.034373635949051004	0.966210426236181	0.281146646442106	True	lrt_mle	0.963,1.019	profile	two		True	0.9627649882377681	1.019348700482544	False	True	False	mle	mle	lrt_mle	221336	17972	203364	ridge_seeded_refit;ridge_seeded_refit;inference=mle;ci=profile	chr10-79542902-INV-674513	0.281146646442106	0.281146646442106	True	lrt_mle	lrt_mle	0.5791960304981982	False	True	profile		0.963,1.019	0.9627649882377681	1.019348700482544	
Hypertrophic_conditions_of_skin	174342	15101	159241	-0.038775395068723004	0.9619667473590151	0.267057298358278	True	lrt_mle	0.959,1.021	profile	two		True	0.9592548239276001	1.020622055120493	False	True	False	mle	mle	lrt_mle	174342	15101	159241	ridge_seeded_refit;ridge_seeded_refit;inference=mle;ci=profile	chr10-79542902-INV-674513	0.267057298358278	0.267057298358278	True	lrt_mle	lrt_mle	0.5692178711301485	False	True	profile		0.959,1.021	0.9592548239276001	1.020622055120493	
Mild_cognitive_impairment	193977	3357	190620	-0.158870368541802	0.8531069412983011	0.000345359005824	True	lrt_mle	0.781,0.931	wald_mle	two		True	0.7814702819433471	0.9313104670870951	False	True	False	mle	mle	lrt_mle	193977	3357	190620	ridge_seeded_refit;ridge_seeded_refit;inference=mle;ci=wald_mle	chr17-45585160-INV-706887	0.000345359005824	0.000345359005824	True	lrt_mle	lrt_mle	0.004259427738496	True	True	wald_mle		0.781,0.931	0.7814702819433471	0.9313104670870951	unable to determine
Acne	169148	9907	159241	-0.05174264152953301	0.9495732161093571	0.046702986437054006	True	lrt_mle	0.902,0.999	wald_mle	two		True	0.902264637497959	0.9993623325997951	False	True	False	mle	mle	lrt_mle	169148	9907	159241	ridge_seeded_refit;ridge_seeded_refit;inference=mle;ci=wald_mle	chr17-45585160-INV-706887	0.046702986437054006	0.046702986437054006	True	lrt_mle	lrt_mle	0.19200116646344423	False	True	wald_mle		0.902,0.999	0.902264637497959	0.9993623325997951	
Other_skin_and_subcutaneous_disorders	189175	29934	159241	-0.059032540089079	0.942676093893946	0.00022507027263800002	True	lrt_mle	0.914,0.973	wald_mle	two		True	0.9135122985061791	0.9727709407440851	False	True	False	mle	mle	lrt_mle	189175	29934	159241	ridge_seeded_refit;ridge_seeded_refit;inference=mle;ci=wald_mle	chr17-45585160-INV-706887	0.00022507027263800002	0.00022507027263800002	True	lrt_mle	lrt_mle	0.0030101513097628005	True	True	wald_mle		0.914,0.973	0.9135122985061791	0.9727709407440851	unable to determine
Inflammation_of_the_eye	198166	21107	177059	-0.039558765258784004	0.9612134663727611	0.030701218852680002	True	lrt_mle	0.927,0.996	wald_mle	two		True	0.927283846325991	0.9963845823445151	False	True	False	mle	mle	lrt_mle	198166	21107	177059	ridge_seeded_refit;ridge_seeded_refit;inference=mle;ci=wald_mle	chr17-45585160-INV-706887	0.030701218852680002	0.030701218852680002	True	lrt_mle	lrt_mle	0.13312028029126113	False	True	wald_mle		0.927,0.996	0.927283846325991	0.9963845823445151	
Hearing_impairment	207412	30353	177059	0.002830838279889	1.002834848886139	0.8604532563390511	True	lrt_mle	0.983,1.019	profile	two		True	0.9828242265600061	1.019214033622143	False	True	False	mle	mle	lrt_mle	207412	30353	177059	ridge_seeded_refit;ridge_seeded_refit;inference=mle;ci=profile	chr17-45585160-INV-706887	0.8604532563390511	0.8604532563390511	True	lrt_mle	lrt_mle	0.955781038117909	False	True	profile		0.983,1.019	0.9828242265600061	1.019214033622143	
Abnormal_Papanicolaou_smear	218461	6564	211897	-0.075955886737171	0.9268570923480911	0.016642461079273002	True	lrt_mle	0.871,0.987	wald_mle	two		True	0.8707951373048741	0.9865283266220061	False	True	False	mle	mle	lrt_mle	218461	6564	211897	ridge_seeded_refit;ridge_seeded_refit;inference=mle;ci=wald_mle	chr17-45585160-INV-706887	0.016642461079273002	0.016642461079273002	True	lrt_mle	lrt_mle	0.08252907794990692	False	True	wald_mle		0.871,0.987	0.8707951373048741	0.9865283266220061	
Rosacea	167892	8651	159241	-0.12327022821894701	0.8840247418492201	1.105809363485903e-05	True	lrt_mle	0.836,0.934	wald_mle	two		True	0.836480088329256	0.9342717837581871	False	True	False	mle	mle	lrt_mle	167892	8651	159241	ridge_seeded_refit;ridge_seeded_refit;inference=mle;ci=wald_mle	chr17-45585160-INV-706887	1.105809363485903e-05	1.105809363485903e-05	True	lrt_mle	lrt_mle	0.0005601965028892558	True	True	wald_mle		0.836,0.934	0.836480088329256	0.9342717837581871	unable to determine
Epidermal_thickening	174555	15314	159241	-0.025619423094504	0.974705969611773	0.23130408837211303	True	lrt_mle	0.971,1.012	profile	two		True	0.9705207076510941	1.012481143178614	False	True	False	mle	mle	lrt_mle	174555	15314	159241	ridge_seeded_refit;ridge_seeded_refit;inference=mle;ci=profile	chr17-45585160-INV-706887	0.23130408837211303	0.23130408837211303	True	lrt_mle	lrt_mle	0.5397095395349304	False	True	profile		0.971,1.012	0.9705207076510941	1.012481143178614	
Abnormal_cytological_findings_in_specimens_from_genital_organs	221336	9439	211897	-0.073910531257175	0.9287547846471911	0.005688743959562001	True	lrt_mle	0.881,0.979	wald_mle	two		True	0.8811986976833591	0.9788773545316811	False	True	False	mle	mle	lrt_mle	221336	9439	211897	ridge_seeded_refit;ridge_seeded_refit;inference=mle;ci=wald_mle	chr17-45585160-INV-706887	0.005688743959562001	0.005688743959562001	True	lrt_mle	lrt_mle	0.033124653796836	True	True	wald_mle		0.881,0.979	0.8811986976833591	0.9788773545316811	unable to determine
Multinodular_goiter	174257	6591	167666	-0.08620742191434601	0.9174039218059721	0.006877149961302001	True	lrt_mle	0.862,0.977	wald_mle	two		True	0.8615917194265621	0.9768315279366081	False	True	False	mle	mle	lrt_mle	174257	6591	167666	ridge_seeded_refit;ridge_seeded_refit;inference=mle;ci=wald_mle	chr17-45585160-INV-706887	0.006877149961302001	0.006877149961302001	True	lrt_mle	lrt_mle	0.03789748595696209	True	True	wald_mle		0.862,0.977	0.8615917194265621	0.9768315279366081	unable to determine
Pure_hypercholesterolemia	199582	31916	167666	-0.012529648467845001	0.9875485207592701	0.43030892224836503	True	lrt_mle	0.979,1.013	profile	two		True	0.9789531381111041	1.012839994773565	False	True	False	mle	mle	lrt_mle	199582	31916	167666	ridge_seeded_refit;ridge_seeded_refit;inference=mle;ci=profile	chr17-45585160-INV-706887	0.43030892224836503	0.43030892224836503	True	lrt_mle	lrt_mle	0.7009434645429342	False	True	profile		0.979,1.013	0.9789531381111041	1.012839994773565	
Benign_sarcoma_related_cancers	187100	25589	161511	-0.069939384925104	0.9324503387401031	4.6017984741338565e-05	True	lrt_mle	0.902,0.964	wald_mle	two		True	0.9015296128582001	0.964431585846631	False	True	False	mle	mle	lrt_mle	187100	25589	161511	ridge_seeded_refit;ridge_seeded_refit;inference=mle;ci=wald_mle	chr17-45585160-INV-706887	4.6017984741338565e-05	4.6017984741338565e-05	True	lrt_mle	lrt_mle	0.001037795157014999	True	True	wald_mle		0.902,0.964	0.9015296128582001	0.964431585846631	unable to determine
Melanocytic_nevi	187334	25823	161511	-0.107143793602645	0.8983964800354991	2.6798915152100333e-10	True	lrt_mle	0.869,0.929	wald_mle	two		True	0.868900855836489	0.9288933598335171	False	True	False	mle	mle	lrt_mle	187334	25823	161511	ridge_seeded_refit;ridge_seeded_refit;inference=mle;ci=wald_mle	chr17-45585160-INV-706887	2.6798915152100333e-10	2.6798915152100333e-10	True	lrt_mle	lrt_mle	6.940919024393986e-08	True	True	wald_mle		0.869,0.929	0.868900855836489	0.9288933598335171	unable to determine
Migraine	214732	24112	190620	-0.020267204761625003	0.9799367945430921	0.23779623312085002	True	lrt_mle	0.976,1.010	profile	two		True	0.9763766230694491	1.010179759528152	False	True	False	mle	mle	lrt_mle	214732	24112	190620	ridge_seeded_refit;ridge_seeded_refit;inference=mle;ci=profile	chr17-45585160-INV-706887	0.23779623312085002	0.23779623312085002	True	lrt_mle	lrt_mle	0.5499037890919657	False	True	profile		0.976,1.010	0.9763766230694491	1.010179759528152	
Diastolic_heart_failure	221336	6420	214916	0.10017851217667201	1.1053682221518941	0.00156364751005	True	lrt_mle	1.039,1.176	wald_mle	two		True	1.039113197650402	1.175847741426062	False	True	False	mle	mle	lrt_mle	221336	6420	214916	ridge_seeded_refit;ridge_seeded_refit;inference=mle;ci=wald_mle	chr17-45585160-INV-706887	0.00156364751005	0.00156364751005	True	lrt_mle	lrt_mle	0.0144637394679625	True	True	wald_mle		1.039,1.176	1.039113197650402	1.175847741426062	unable to determine
Other_follicular_disorders	189050	29809	159241	-0.047510386979554	0.9536005680515801	0.0026309026100020004	True	lrt_mle	0.924,0.984	wald_mle	two		True	0.9244828337730341	0.9836354015109261	False	True	False	mle	mle	lrt_mle	189050	29809	159241	ridge_seeded_refit;ridge_seeded_refit;inference=mle;ci=wald_mle	chr17-45585160-INV-706887	0.0026309026100020004	0.0026309026100020004	True	lrt_mle	lrt_mle	0.02129386799970369	True	True	wald_mle		0.924,0.984	0.9244828337730341	0.9836354015109261	unable to determine
Uninodular_goiter_single_thyroid_nodule	177337	9671	167666	-0.023977391339421002	0.9763077825196651	0.36395384371967204	True	lrt_mle	0.964,1.020	profile	two		True	0.964453456756138	1.019717503138726	False	True	False	mle	mle	lrt_mle	177337	9671	167666	ridge_seeded_refit;ridge_seeded_refit;inference=mle;ci=profile	chr17-45585160-INV-706887	0.36395384371967204	0.36395384371967204	True	lrt_mle	lrt_mle	0.6293193493753143	False	True	profile		0.964,1.020	0.964453456756138	1.019717503138726	
Benign_neoplasm_of_the_skin	200345	38834	161511	-0.081256026155476	0.921957615961221	1.4603646507760581e-08	True	lrt_mle	0.896,0.948	wald_mle	two		True	0.8963404083651341	0.9483069575980111	False	True	False	mle	mle	lrt_mle	200345	38834	161511	ridge_seeded_refit;ridge_seeded_refit;inference=mle;ci=wald_mle	chr17-45585160-INV-706887	1.4603646507760581e-08	1.4603646507760581e-08	True	lrt_mle	lrt_mle	1.8911722227549952e-06	True	True	wald_mle		0.896,0.948	0.8963404083651341	0.9483069575980111	unable to determine
High_risk_human_papillomavirus_HPV_DNA_test_positive	214395	2498	211897	-0.06998131724822601	0.9324112397509651	0.169922029264469	True	lrt_mle	0.929,1.024	profile	two		True	0.929374204550077	1.024022895715551	False	True	False	mle	mle	lrt_mle	125522	2447	123075	sex_restricted_to_0;sex_forced_restriction_to_0;ridge_seeded_refit;ridge_seeded_refit;inference=mle;ci=profile	chr17-45585160-INV-706887	0.169922029264469	0.169922029264469	True	lrt_mle	lrt_mle	0.45141648037505666	False	True	profile		0.929,1.024	0.929374204550077	1.024022895715551	
Disorder_of_nervous_system	197211	6591	190620	-0.013676007193132	0.986417084535652	0.6611742345928461	True	lrt_mle	0.961,1.030	profile	two		True	0.9608717666188491	1.030199957613921	False	True	False	mle	mle	lrt_mle	197211	6591	190620	ridge_seeded_refit;ridge_seeded_refit;inference=mle;ci=profile	chr17-45585160-INV-706887	0.6611742345928461	0.6611742345928461	True	lrt_mle	lrt_mle	0.8477432017799363	False	True	profile		0.961,1.030	0.9608717666188491	1.030199957613921	
Pain_in_shoulder	219503	40201	179302	-0.044837388194788004	0.9561529509496121	0.001340047141433	True	lrt_mle	0.930,0.983	wald_mle	two		True	0.9302739229205681	0.9827519003644191	False	True	False	mle	mle	lrt_mle	219503	40201	179302	ridge_seeded_refit;ridge_seeded_refit;inference=mle;ci=wald_mle	chr17-45585160-INV-706887	0.001340047141433	0.001340047141433	True	lrt_mle	lrt_mle	0.013348931139659502	True	True	wald_mle		0.930,0.983	0.9302739229205681	0.9827519003644191	unable to determine
Flat_foot_pes_planus	183387	4085	179302	-0.012059496634243001	0.9880129276694021	0.7598339516281181	True	lrt_mle	0.952,1.040	profile	two		True	0.951801609433168	1.040392903199908	False	True	False	mle	mle	lrt_mle	183387	4085	179302	ridge_seeded_refit;ridge_seeded_refit;inference=mle;ci=profile	chr17-45585160-INV-706887	0.7598339516281181	0.7598339516281181	True	lrt_mle	lrt_mle	0.9070248290753441	False	True	profile		0.952,1.040	0.951801609433168	1.040392903199908	
Morbid_obesity	187242	19576	167666	0.076144012687531	1.079117969646527	4.690970009518271e-05	True	lrt_mle	1.040,1.119	wald_mle	two		True	1.040379303559831	1.119299075279108	False	True	False	mle	mle	lrt_mle	187242	19576	167666	ridge_seeded_refit;ridge_seeded_refit;inference=mle;ci=wald_mle	chr17-45585160-INV-706887	4.690970009518271e-05	4.690970009518271e-05	True	lrt_mle	lrt_mle	0.001037795157014999	True	True	wald_mle		1.040,1.119	1.040379303559831	1.119299075279108	unable to determine
Skin_changes_due_to_chronic_exposure_to_nonionizing_radiation	183922	24681	159241	-0.069742271522063	0.932634155315298	9.475103772398384e-05	True	lrt_mle	0.900,0.966	wald_mle	two		True	0.90047025616102	0.9659469168575661	False	True	False	mle	mle	lrt_mle	183922	24681	159241	ridge_seeded_refit;ridge_seeded_refit;inference=mle;ci=wald_mle	chr17-45585160-INV-706887	9.475103772398384e-05	9.475103772398384e-05	True	lrt_mle	lrt_mle	0.001575316373137109	True	True	wald_mle		0.900,0.966	0.90047025616102	0.9659469168575661	unable to determine
Conjunctivitis	192663	15604	177059	-0.031289006186379004	0.96919542912148	0.134500288177512	True	lrt_mle	0.930,1.010	wald_mle	two		True	0.930232401208501	1.009790433669734	False	True	False	mle	mle	lrt_mle	192663	15604	177059	ridge_seeded_refit;ridge_seeded_refit;inference=mle;ci=wald_mle	chr17-45585160-INV-706887	0.134500288177512	0.134500288177512	True	lrt_mle	lrt_mle	0.39587567933407414	False	True	wald_mle		0.930,1.010	0.930232401208501	1.009790433669734	
Skin_changes_due_to_solar_radiation	185200	25959	159241	-0.07200996960856601	0.930521618828659	3.5651549045099005e-05	True	lrt_mle	0.899,0.963	wald_mle	two		True	0.899217152250478	0.962915888493105	False	True	False	mle	mle	lrt_mle	185200	25959	159241	ridge_seeded_refit;ridge_seeded_refit;inference=mle;ci=wald_mle	chr17-45585160-INV-706887	3.5651549045099005e-05	3.5651549045099005e-05	True	lrt_mle	lrt_mle	0.0010259723558534047	True	True	wald_mle		0.899,0.963	0.899217152250478	0.962915888493105	unable to determine
Laryngitis_and_tracheitis	221336	3798	217538	-0.058301252679177004	0.943365713177242	0.155325956033374	True	lrt_mle	0.943,1.018	profile	two		True	0.943102810365336	1.017992911588398	False	True	False	mle	mle	lrt_mle	221336	3798	217538	ridge_seeded_refit;ridge_seeded_refit;inference=mle;ci=profile	chr17-45585160-INV-706887	0.155325956033374	0.155325956033374	True	lrt_mle	lrt_mle	0.4325744366950954	False	True	profile		0.943,1.018	0.943102810365336	1.017992911588398	
Sensorineural_hearing_loss	198841	21782	177059	0.007896001934636	1.007927257568602	0.6730748422001911	True	lrt_mle	0.982,1.024	profile	two		True	0.981847353266845	1.023596776798342	False	True	False	mle	mle	lrt_mle	198841	21782	177059	ridge_seeded_refit;ridge_seeded_refit;inference=mle;ci=profile	chr17-45585160-INV-706887	0.6730748422001911	0.6730748422001911	True	lrt_mle	lrt_mle	0.8513060627914883	False	True	profile		0.982,1.024	0.981847353266845	1.023596776798342	
Goiter	182053	14387	167666	-0.044767077056866	0.9562201815151221	0.042610536168365	True	lrt_mle	0.916,0.999	wald_mle	two		True	0.9156486956434091	0.998589349700664	False	True	False	mle	mle	lrt_mle	182053	14387	167666	ridge_seeded_refit;ridge_seeded_refit;inference=mle;ci=wald_mle	chr17-45585160-INV-706887	0.042610536168365	0.042610536168365	True	lrt_mle	lrt_mle	0.17800207850978284	False	True	wald_mle		0.916,0.999	0.9156486956434091	0.998589349700664	
Alopecia_Areata	159761	520	159241	0.099835113227196	1.104988705032243	0.355142992631432	True	lrt_mle	0.921,1.144	profile	two		True	0.9213244676244251	1.144322772017885	False	True	False	mle	mle	lrt_mle	159761	520	159241	ridge_seeded_refit;ridge_seeded_refit;inference=mle;ci=profile	chr17-45585160-INV-706887	0.355142992631432	0.355142992631432	True	lrt_mle	lrt_mle	0.6293193493753143	False	True	profile		0.921,1.144	0.9213244676244251	1.144322772017885	
Urinary_incontinence_and_enuresis	221336	19386	201950	0.056137985864989005	1.057743627336658	0.0032047203921060003	True	lrt_mle	1.019,1.098	wald_mle	two		True	1.019065341654188	1.09788993447191	False	True	False	mle	mle	lrt_mle	221336	19386	201950	ridge_seeded_refit;ridge_seeded_refit;inference=mle;ci=wald_mle	chr17-45585160-INV-706887	0.0032047203921060003	0.0032047203921060003	True	lrt_mle	lrt_mle	0.02300276321199449	True	True	wald_mle		1.019,1.098	1.019065341654188	1.09788993447191	unable to determine
Viral_infections	221336	57765	163571	-0.010253974164917001	0.989798418597243	0.394825405060218	True	lrt_mle	0.984,1.009	profile	two		True	0.9838863023371671	1.009362469353023	False	True	False	mle	mle	lrt_mle	221336	57765	163571	ridge_seeded_refit;ridge_seeded_refit;inference=mle;ci=profile	chr17-45585160-INV-706887	0.394825405060218	0.394825405060218	True	lrt_mle	lrt_mle	0.6633812464362622	False	True	profile		0.984,1.009	0.9838863023371671	1.009362469353023	
Scar_conditions_and_fibrosis_of_skin	167897	8656	159241	-0.122439446824704	0.8847594783172321	1.1988031254155832e-05	True	lrt_mle	0.837,0.935	wald_mle	two		True	0.8373058931685751	0.9349024542391221	False	True	False	mle	mle	lrt_mle	167897	8656	159241	ridge_seeded_refit;ridge_seeded_refit;inference=mle;ci=wald_mle	chr17-45585160-INV-706887	1.1988031254155832e-05	1.1988031254155832e-05	True	lrt_mle	lrt_mle	0.0005601965028892558	True	True	wald_mle		0.837,0.935	0.8373058931685751	0.9349024542391221	unable to determine
Abnormal_mammogram	173257	11746	161511	-0.10333212223208701	0.901827406806587	4.8083173297992235e-05	True	lrt_mle	0.858,0.948	wald_mle	two		True	0.857831953255847	0.948079246268097	False	True	False	mle	mle	lrt_mle	102301	11702	90599	sex_restricted_to_0;sex_majority_restricted_to_0;ridge_seeded_refit;ridge_seeded_refit;inference=mle;ci=wald_mle	chr17-45585160-INV-706887	4.8083173297992235e-05	4.8083173297992235e-05	True	lrt_mle	lrt_mle	0.001037795157014999	True	True	wald_mle		0.858,0.948	0.857831953255847	0.948079246268097	unable to determine
Lump_or_mass_in_breast_or_nonspecific_abnormal_breast_exam	188960	27449	161511	-0.068696578618635	0.9336099143162241	9.331714531277158e-05	True	lrt_mle	0.902,0.966	wald_mle	two		True	0.901929527407715	0.966403078757981	False	True	False	mle	mle	lrt_mle	188960	27449	161511	ridge_seeded_refit;ridge_seeded_refit;inference=mle;ci=wald_mle	chr17-45585160-INV-706887	9.331714531277158e-05	9.331714531277158e-05	True	lrt_mle	lrt_mle	0.001575316373137109	True	True	wald_mle		0.902,0.966	0.901929527407715	0.966403078757981	unable to determine
Aphagia_and_dysphagia	221336	17972	203364	-0.083399829293281	0.9199832374268181	2.146062113689646e-05	True	lrt_mle	0.885,0.956	wald_mle	two		True	0.885141358177542	0.956196599929482	False	True	False	mle	mle	lrt_mle	221336	17972	203364	ridge_seeded_refit;ridge_seeded_refit;inference=mle;ci=wald_mle	chr17-45585160-INV-706887	2.146062113689646e-05	2.146062113689646e-05	True	lrt_mle	lrt_mle	0.0007940429820651689	True	True	wald_mle		0.885,0.956	0.885141358177542	0.956196599929482	unable to determine
Hypertrophic_conditions_of_skin	174342	15101	159241	-0.08686810033153601	0.9167980130124601	5.353344460601153e-05	True	lrt_mle	0.879,0.956	wald_mle	two		True	0.8788246866747821	0.956412137037108	False	True	False	mle	mle	lrt_mle	174342	15101	159241	ridge_seeded_refit;ridge_seeded_refit;inference=mle;ci=wald_mle	chr17-45585160-INV-706887	5.353344460601153e-05	5.353344460601153e-05	True	lrt_mle	lrt_mle	0.0010665509348428452	True	True	wald_mle		0.879,0.956	0.8788246866747821	0.956412137037108	unable to determine
