Phenotype	N_Total	N_Cases	N_Controls	Beta	OR	P_Value	P_Valid	P_Source	OR_CI95	CI_Method	CI_Sided	CI_Label	CI_Valid	CI_LO_OR	CI_HI_OR	Used_Ridge	Final_Is_MLE	Used_Firth	Inference_Type	Coef_Source	P_Value_Method	N_Total_Used	N_Cases_Used	N_Controls_Used	Model_Notes	Inversion	P_LRT_Overall	P_Value_lrt	P_Overall_Valid	P_Source_lrt	P_Method	Q_GLOBAL	Sig_Global	CI_Valid_DISPLAY	CI_Method_DISPLAY	CI_Label_DISPLAY	OR_CI95_DISPLAY	CI_LO_OR_DISPLAY	CI_HI_OR_DISPLAY	FINAL_INTERPRETATION
Mild_cognitive_impairment	67590	685	66905	0.23361183468451302	1.263154084430598	0.203617293519908	True	lrt_mle	0.886,1.801	wald_mle	two		True	0.8858242209499251	1.801213156378459	False	True	False	mle	mle	lrt_mle	67590	685	66905	ridge_seeded_refit;ridge_seeded_refit;inference=mle;ci=wald_mle	chr17-45585160-INV-706887	0.203617293519908	0.203617293519908	True	lrt_mle	lrt_mle	0.9015827916939885	False	True	wald_mle		0.886,1.801	0.8858242209499251	1.801213156378459	
Acne	63749	2647	61102	-0.019354800248089003	0.9808313013113651	0.8413012781140501	True	lrt_mle	0.812,1.185	lrt_quadratic	two		True	0.8115484610544559	1.1854252552979636	False	True	False	mle	mle	lrt_mle	63749	2647	61102	ridge_seeded_refit;ridge_seeded_refit;inference=mle;ci=profile	chr17-45585160-INV-706887	0.8413012781140501	0.8413012781140501	True	lrt_mle	lrt_mle	0.9697218514992803	False	True	lrt_quadratic		0.812,1.185	0.8115484610544559	1.1854252552979636	
Other_skin_and_subcutaneous_disorders	66053	4951	61102	-0.047227359722834004	0.9538705012017801	0.5166272082755641	True	lrt_mle	0.827,1.100	lrt_quadratic	two		True	0.8269995930289696	1.1002048135603677	False	True	False	mle	mle	lrt_mle	66053	4951	61102	ridge_seeded_refit;ridge_seeded_refit;inference=mle;ci=profile	chr17-45585160-INV-706887	0.5166272082755641	0.5166272082755641	True	lrt_mle	lrt_mle	0.9333557003672052	False	True	lrt_quadratic		0.827,1.100	0.8269995930289696	1.1002048135603677	
Inflammation_of_the_eye	71216	6239	64977	-0.060270076301213005	0.9415102196460331	0.36246695379881305	True	lrt_mle	0.827,1.072	lrt_quadratic	two		True	0.8269723394269406	1.0719119025337573	False	True	False	mle	mle	lrt_mle	71216	6239	64977	ridge_seeded_refit;ridge_seeded_refit;inference=mle;ci=profile	chr17-45585160-INV-706887	0.36246695379881305	0.36246695379881305	True	lrt_mle	lrt_mle	0.9127042866512731	False	True	lrt_quadratic		0.827,1.072	0.8269723394269406	1.0719119025337573	
Hearing_impairment	69560	4583	64977	0.004237293895075001	1.004246283918156	0.9553924666954461	True	lrt_mle	0.866,1.165	lrt_quadratic	two		True	0.8656852696487473	1.1649852828992124	False	True	False	mle	mle	lrt_mle	69560	4583	64977	ridge_seeded_refit;ridge_seeded_refit;inference=mle;ci=profile	chr17-45585160-INV-706887	0.9553924666954461	0.9553924666954461	True	lrt_mle	lrt_mle	0.9703790151926295	False	True	lrt_quadratic		0.866,1.165	0.8656852696487473	1.1649852828992124	
Abnormal_Papanicolaou_smear	73429	2928	70501	-0.11192890771825101	0.8941078194059601	0.23534198782852503	True	lrt_mle	0.742,1.077	wald_mle	two		True	0.7423301774152701	1.076918084492298	False	True	False	mle	mle	lrt_mle	73429	2928	70501	ridge_seeded_refit;ridge_seeded_refit;inference=mle;ci=wald_mle	chr17-45585160-INV-706887	0.23534198782852503	0.23534198782852503	True	lrt_mle	lrt_mle	0.9101667937253499	False	True	wald_mle		0.742,1.077	0.7423301774152701	1.076918084492298	
Rosacea	61398	296	61102	0.180314798022206	1.197594304106897	0.47635758276244905	True	lrt_mle	0.729,1.967	lrt_quadratic	two		True	0.7291122201992623	1.9670937854221062	False	True	False	mle	mle	lrt_mle	61398	296	61102	ridge_seeded_refit;ridge_seeded_refit;inference=mle;ci=profile	chr17-45585160-INV-706887	0.47635758276244905	0.47635758276244905	True	lrt_mle	lrt_mle	0.9294457396991442	False	True	lrt_quadratic		0.729,1.967	0.7291122201992623	1.9670937854221062	
Epidermal_thickening	66181	5079	61102	-0.056876392931949	0.944710835086321	0.44524299128661504	True	lrt_mle	0.816,1.093	lrt_quadratic	two		True	0.8163537820225233	1.0932497424319785	False	True	False	mle	mle	lrt_mle	66181	5079	61102	ridge_seeded_refit;ridge_seeded_refit;inference=mle;ci=profile	chr17-45585160-INV-706887	0.44524299128661504	0.44524299128661504	True	lrt_mle	lrt_mle	0.9224423393241438	False	True	lrt_quadratic		0.816,1.093	0.8163537820225233	1.0932497424319785	
Abnormal_cytological_findings_in_specimens_from_genital_organs	74446	3945	70501	-0.043146187451786	0.957771365677033	0.597487399101654	True	lrt_mle	0.816,1.124	lrt_quadratic	two		True	0.8160318398544243	1.124130143101397	False	True	False	mle	mle	lrt_mle	74446	3945	70501	ridge_seeded_refit;ridge_seeded_refit;inference=mle;ci=profile	chr17-45585160-INV-706887	0.597487399101654	0.597487399101654	True	lrt_mle	lrt_mle	0.9333557003672052	False	True	lrt_quadratic		0.816,1.124	0.8160318398544243	1.124130143101397	
Multinodular_goiter	60548	1966	58582	-0.08993136636001901	0.9139939138477851	0.443269354176868	True	lrt_mle	0.726,1.150	lrt_quadratic	two		True	0.7262700203700733	1.1502400637783743	False	True	False	mle	mle	lrt_mle	60548	1966	58582	ridge_seeded_refit;ridge_seeded_refit;inference=mle;ci=profile	chr17-45585160-INV-706887	0.443269354176868	0.443269354176868	True	lrt_mle	lrt_mle	0.9224423393241438	False	True	lrt_quadratic		0.726,1.150	0.7262700203700733	1.1502400637783743	
Pure_hypercholesterolemia	65387	6805	58582	0.027295531758971002	1.027671467446419	0.6767056507657501	True	lrt_mle	0.904,1.168	lrt_quadratic	two		True	0.9039247930603223	1.1683589753390007	False	True	False	mle	mle	lrt_mle	65387	6805	58582	ridge_seeded_refit;ridge_seeded_refit;inference=mle;ci=profile	chr17-45585160-INV-706887	0.6767056507657501	0.6767056507657501	True	lrt_mle	lrt_mle	0.9333557003672052	False	True	lrt_quadratic		0.904,1.168	0.9039247930603223	1.1683589753390007	
Benign_sarcoma_related_cancers	66484	4029	62455	0.012423558596591002	1.012501051581055	0.878035973862983	True	lrt_mle	0.864,1.187	lrt_quadratic	two		True	0.8639429742308686	1.186604220452626	False	True	False	mle	mle	lrt_mle	66484	4029	62455	ridge_seeded_refit;ridge_seeded_refit;inference=mle;ci=profile	chr17-45585160-INV-706887	0.878035973862983	0.878035973862983	True	lrt_mle	lrt_mle	0.9697218514992803	False	True	lrt_quadratic		0.864,1.187	0.8639429742308686	1.186604220452626	
Melanocytic_nevi	63655	1200	62455	0.13883846858404902	1.148938495351523	0.29367603929963504	True	lrt_mle	0.889,1.486	wald_mle	two		True	0.8886048895956851	1.4855417537723081	False	True	False	mle	mle	lrt_mle	63655	1200	62455	ridge_seeded_refit;ridge_seeded_refit;inference=mle;ci=wald_mle	chr17-45585160-INV-706887	0.29367603929963504	0.29367603929963504	True	lrt_mle	lrt_mle	0.9101667937253499	False	True	wald_mle		0.889,1.486	0.8886048895956851	1.4855417537723081	
Migraine	72594	5689	66905	-0.07327258637262901	0.9293474680406231	0.28657139192902403	True	lrt_mle	0.812,1.064	wald_mle	two		True	0.811760740400529	1.063967094451215	False	True	False	mle	mle	lrt_mle	72594	5689	66905	ridge_seeded_refit;ridge_seeded_refit;inference=mle;ci=wald_mle	chr17-45585160-INV-706887	0.28657139192902403	0.28657139192902403	True	lrt_mle	lrt_mle	0.9101667937253499	False	True	wald_mle		0.812,1.064	0.811760740400529	1.063967094451215	
Diastolic_heart_failure	74446	2684	71762	0.09388876852707101	1.098437558294216	0.34593612758969305	True	lrt_mle	0.904,1.335	lrt_quadratic	two		True	0.9036111098628872	1.335270290838324	False	True	False	mle	mle	lrt_mle	74446	2684	71762	ridge_seeded_refit;ridge_seeded_refit;inference=mle;ci=profile	chr17-45585160-INV-706887	0.34593612758969305	0.34593612758969305	True	lrt_mle	lrt_mle	0.9127042866512731	False	True	lrt_quadratic		0.904,1.335	0.9036111098628872	1.335270290838324	
Other_follicular_disorders	68035	6933	61102	-0.047623570844930005	0.953492641961125	0.44582787113534006	True	lrt_mle	0.844,1.078	lrt_quadratic	two		True	0.8436182955051152	1.0776772186165742	False	True	False	mle	mle	lrt_mle	68035	6933	61102	ridge_seeded_refit;ridge_seeded_refit;inference=mle;ci=profile	chr17-45585160-INV-706887	0.44582787113534006	0.44582787113534006	True	lrt_mle	lrt_mle	0.9224423393241438	False	True	lrt_quadratic		0.844,1.078	0.8436182955051152	1.0776772186165742	
Uninodular_goiter_single_thyroid_nodule	61102	2520	58582	-0.014587889662224001	0.9855179980819401	0.8873931600147501	True	lrt_mle	0.805,1.206	lrt_quadratic	two		True	0.8053310218313113	1.2060205036369245	False	True	False	mle	mle	lrt_mle	61102	2520	58582	ridge_seeded_refit;ridge_seeded_refit;inference=mle;ci=profile	chr17-45585160-INV-706887	0.8873931600147501	0.8873931600147501	True	lrt_mle	lrt_mle	0.9697218514992803	False	True	lrt_quadratic		0.805,1.206	0.8053310218313113	1.2060205036369245	
Benign_neoplasm_of_the_skin	65465	3010	62455	-0.039402880012159004	0.9613633170504771	0.6608829345966091	True	lrt_mle	0.806,1.146	lrt_quadratic	two		True	0.8061834889908679	1.146413242135708	False	True	False	mle	mle	lrt_mle	65465	3010	62455	ridge_seeded_refit;ridge_seeded_refit;inference=mle;ci=profile	chr17-45585160-INV-706887	0.6608829345966091	0.6608829345966091	True	lrt_mle	lrt_mle	0.9333557003672052	False	True	lrt_quadratic		0.806,1.146	0.8061834889908679	1.146413242135708	
High_risk_human_papillomavirus_HPV_DNA_test_positive	71629	1128	70501	0.11450791613286201	1.121321517558944	0.429639669256116	True	lrt_mle	0.844,1.490	lrt_quadratic	two		True	0.843958996029648	1.4898377191971066	False	True	False	mle	mle	lrt_mle	40387	1100	39287	sex_restricted_to_0;sex_forced_restriction_to_0;ridge_seeded_refit;ridge_seeded_refit;inference=mle;ci=profile	chr17-45585160-INV-706887	0.429639669256116	0.429639669256116	True	lrt_mle	lrt_mle	0.9224423393241438	False	True	lrt_quadratic		0.844,1.490	0.843958996029648	1.4898377191971066	
Disorder_of_nervous_system	68931	2026	66905	0.050129455325421006	1.05140719782725	0.64815135540166	True	lrt_mle	0.848,1.304	lrt_quadratic	two		True	0.847742281534058	1.304001368956773	False	True	False	mle	mle	lrt_mle	68931	2026	66905	ridge_seeded_refit;ridge_seeded_refit;inference=mle;ci=profile	chr17-45585160-INV-706887	0.64815135540166	0.64815135540166	True	lrt_mle	lrt_mle	0.9333557003672052	False	True	lrt_quadratic		0.848,1.304	0.847742281534058	1.304001368956773	
Pain_in_shoulder	73549	12198	61351	-0.05758510009390801	0.944041548943469	0.254724040242404	True	lrt_mle	0.855,1.043	wald_mle	two		True	0.8547822906667931	1.042621560908067	False	True	False	mle	mle	lrt_mle	73549	12198	61351	ridge_seeded_refit;ridge_seeded_refit;inference=mle;ci=wald_mle	chr17-45585160-INV-706887	0.254724040242404	0.254724040242404	True	lrt_mle	lrt_mle	0.9101667937253499	False	True	wald_mle		0.855,1.043	0.8547822906667931	1.042621560908067	
Flat_foot_pes_planus	63431	2080	61351	0.036784544918107	1.037469468686961	0.74273164992254	True	lrt_mle	0.833,1.292	lrt_quadratic	two		True	0.832883032912916	1.2923097913199348	False	True	False	mle	mle	lrt_mle	63431	2080	61351	ridge_seeded_refit;ridge_seeded_refit;inference=mle;ci=profile	chr17-45585160-INV-706887	0.74273164992254	0.74273164992254	True	lrt_mle	lrt_mle	0.9333557003672052	False	True	lrt_quadratic		0.833,1.292	0.832883032912916	1.2923097913199348	
Morbid_obesity	67801	9219	58582	0.23666329706829	1.2670144384712771	2.214384389481928e-05	True	lrt_mle	1.137,1.412	wald_mle	two		True	1.136971483951557	1.411931266486436	False	True	False	mle	mle	lrt_mle	67801	9219	58582	ridge_seeded_refit;ridge_seeded_refit;inference=mle;ci=wald_mle	chr17-45585160-INV-706887	2.214384389481928e-05	2.214384389481928e-05	True	lrt_mle	lrt_mle	0.005735255568758193	True	True	wald_mle		1.137,1.412	1.136971483951557	1.411931266486436	unable to determine
Skin_changes_due_to_chronic_exposure_to_nonionizing_radiation	61407	305	61102	0.36134010844110304	1.435251519034231	0.160690686523385	True	lrt_mle	0.877,2.350	wald_mle	two		True	0.8766483906594931	2.349798328313125	False	True	False	mle	mle	lrt_mle	61407	305	61102	ridge_seeded_refit;ridge_seeded_refit;inference=mle;ci=wald_mle	chr17-45585160-INV-706887	0.160690686523385	0.160690686523385	True	lrt_mle	lrt_mle	0.9015827916939885	False	True	wald_mle		0.877,2.350	0.8766483906594931	2.349798328313125	
Conjunctivitis	69437	4460	64977	-0.037430750152387005	0.9632611210970431	0.6237500399375281	True	lrt_mle	0.829,1.119	lrt_quadratic	two		True	0.8294558371886941	1.1186514649918	False	True	False	mle	mle	lrt_mle	69437	4460	64977	ridge_seeded_refit;ridge_seeded_refit;inference=mle;ci=profile	chr17-45585160-INV-706887	0.6237500399375281	0.6237500399375281	True	lrt_mle	lrt_mle	0.9333557003672052	False	True	lrt_quadratic		0.829,1.119	0.8294558371886941	1.1186514649918	
Skin_changes_due_to_solar_radiation	61598	496	61102	0.25276136656951304	1.287575981497141	0.215732425860639	True	lrt_mle	0.869,1.909	wald_mle	two		True	0.868587772768427	1.908675162262874	False	True	False	mle	mle	lrt_mle	61598	496	61102	ridge_seeded_refit;ridge_seeded_refit;inference=mle;ci=wald_mle	chr17-45585160-INV-706887	0.215732425860639	0.215732425860639	True	lrt_mle	lrt_mle	0.9015827916939885	False	True	wald_mle		0.869,1.909	0.868587772768427	1.908675162262874	
Laryngitis_and_tracheitis	74446	913	73533	0.12751115242504701	1.135997537297905	0.43304996520132505	True	lrt_mle	0.826,1.563	lrt_quadratic	two		True	0.8259114620893934	1.5625045346655169	False	True	False	mle	mle	lrt_mle	74446	913	73533	ridge_seeded_refit;ridge_seeded_refit;inference=mle;ci=profile	chr17-45585160-INV-706887	0.43304996520132505	0.43304996520132505	True	lrt_mle	lrt_mle	0.9224423393241438	False	True	lrt_quadratic		0.826,1.563	0.8259114620893934	1.5625045346655169	
Sensorineural_hearing_loss	67940	2963	64977	0.05445109392810701	1.0559608322545	0.554736893377351	True	lrt_mle	0.881,1.265	lrt_quadratic	two		True	0.8814150456597352	1.2650717556347186	False	True	False	mle	mle	lrt_mle	67940	2963	64977	ridge_seeded_refit;ridge_seeded_refit;inference=mle;ci=profile	chr17-45585160-INV-706887	0.554736893377351	0.554736893377351	True	lrt_mle	lrt_mle	0.9333557003672052	False	True	lrt_quadratic		0.881,1.265	0.8814150456597352	1.2650717556347186	
Goiter	62921	4339	58582	-0.01805557676032	0.9821064485468181	0.8227815767283061	True	lrt_mle	0.839,1.150	lrt_quadratic	two		True	0.8385668503219887	1.1502160810517252	False	True	False	mle	mle	lrt_mle	62921	4339	58582	ridge_seeded_refit;ridge_seeded_refit;inference=mle;ci=profile	chr17-45585160-INV-706887	0.8227815767283061	0.8227815767283061	True	lrt_mle	lrt_mle	0.9599118395163572	False	True	lrt_quadratic		0.839,1.150	0.8385668503219887	1.1502160810517252	
Alopecia_Areata	61344	242	61102	0.09336849194808601	1.097866215600157	0.7585288087486001	True	lrt_mle	0.605,1.991	lrt_quadratic	two		True	0.6053686483633203	1.991035100041762	False	True	False	mle	mle	lrt_mle	61344	242	61102	ridge_seeded_refit;ridge_seeded_refit;inference=mle;ci=profile	chr17-45585160-INV-706887	0.7585288087486001	0.7585288087486001	True	lrt_mle	lrt_mle	0.9333557003672052	False	True	lrt_quadratic		0.605,1.991	0.6053686483633203	1.991035100041762	
Urinary_incontinence_and_enuresis	74446	4999	69447	0.011904892524449	1.011976037802779	0.8706317334700591	True	lrt_mle	0.877,1.168	lrt_quadratic	two		True	0.8768934263076197	1.1678676910593608	False	True	False	mle	mle	lrt_mle	74446	4999	69447	ridge_seeded_refit;ridge_seeded_refit;inference=mle;ci=profile	chr17-45585160-INV-706887	0.8706317334700591	0.8706317334700591	True	lrt_mle	lrt_mle	0.9697218514992803	False	True	lrt_quadratic		0.877,1.168	0.8768934263076197	1.1678676910593608	
Viral_infections	74446	18428	56018	-0.019066997208068003	0.981113628166945	0.6518251311280451	True	lrt_mle	0.903,1.066	lrt_quadratic	two		True	0.9031317757003149	1.0658289047891076	False	True	False	mle	mle	lrt_mle	74446	18428	56018	ridge_seeded_refit;ridge_seeded_refit;inference=mle;ci=profile	chr17-45585160-INV-706887	0.6518251311280451	0.6518251311280451	True	lrt_mle	lrt_mle	0.9333557003672052	False	True	lrt_quadratic		0.903,1.066	0.9031317757003149	1.0658289047891076	
Scar_conditions_and_fibrosis_of_skin	62341	1239	61102	-0.10839188203411301	0.8972759012180871	0.44164220059771403	True	lrt_mle	0.681,1.183	lrt_quadratic	two		True	0.6807907425040113	1.1826013378875941	False	True	False	mle	mle	lrt_mle	62341	1239	61102	ridge_seeded_refit;ridge_seeded_refit;inference=mle;ci=profile	chr17-45585160-INV-706887	0.44164220059771403	0.44164220059771403	True	lrt_mle	lrt_mle	0.9224423393241438	False	True	lrt_quadratic		0.681,1.183	0.6807907425040113	1.1826013378875941	
Abnormal_mammogram	66013	3558	62455	0.04112826663443701	1.041985748979453	0.6442170612024171	True	lrt_mle	0.875,1.241	lrt_quadratic	two		True	0.8750943278340204	1.240705449164107	False	True	False	mle	mle	lrt_mle	36423	3545	32878	sex_restricted_to_0;sex_majority_restricted_to_0;ridge_seeded_refit;ridge_seeded_refit;inference=mle;ci=profile	chr17-45585160-INV-706887	0.6442170612024171	0.6442170612024171	True	lrt_mle	lrt_mle	0.9333557003672052	False	True	lrt_quadratic		0.875,1.241	0.8750943278340204	1.240705449164107	
Lump_or_mass_in_breast_or_nonspecific_abnormal_breast_exam	70782	8327	62455	0.016640769900926	1.016779998731873	0.7884069692605791	True	lrt_mle	0.900,1.148	lrt_quadratic	two		True	0.9004272434737834	1.1481677984694263	False	True	False	mle	mle	lrt_mle	70782	8327	62455	ridge_seeded_refit;ridge_seeded_refit;inference=mle;ci=profile	chr17-45585160-INV-706887	0.7884069692605791	0.7884069692605791	True	lrt_mle	lrt_mle	0.9386492823214052	False	True	lrt_quadratic		0.900,1.148	0.9004272434737834	1.1481677984694263	
Aphagia_and_dysphagia	74446	4547	69899	-0.079096188079982	0.9239510470934661	0.303771853126416	True	lrt_mle	0.794,1.075	wald_mle	two		True	0.794123291611727	1.075003776419277	False	True	False	mle	mle	lrt_mle	74446	4547	69899	ridge_seeded_refit;ridge_seeded_refit;inference=mle;ci=wald_mle	chr17-45585160-INV-706887	0.303771853126416	0.303771853126416	True	lrt_mle	lrt_mle	0.9101667937253499	False	True	wald_mle		0.794,1.075	0.794123291611727	1.075003776419277	
Hypertrophic_conditions_of_skin	63876	2774	61102	-0.028434920503585003	0.9719655471162171	0.7655534829275681	True	lrt_mle	0.806,1.172	lrt_quadratic	two		True	0.8062752374568029	1.1717053691997361	False	True	False	mle	mle	lrt_mle	63876	2774	61102	ridge_seeded_refit;ridge_seeded_refit;inference=mle;ci=profile	chr17-45585160-INV-706887	0.7655534829275681	0.7655534829275681	True	lrt_mle	lrt_mle	0.9333557003672052	False	True	lrt_quadratic		0.806,1.172	0.8062752374568029	1.1717053691997361	
Mild_cognitive_impairment	67590	685	66905	-0.16378424747995102	0.8489251598658291	0.44436271038894204	True	lrt_mle	0.558,1.292	lrt_quadratic	two		True	0.5579473052546773	1.2916523124424262	False	True	False	mle	mle	lrt_mle	67590	685	66905	ridge_seeded_refit;ridge_seeded_refit;inference=mle;ci=profile	chr4-33098029-INV-7075	0.44436271038894204	0.44436271038894204	True	lrt_mle	lrt_mle	0.9224423393241438	False	True	lrt_quadratic		0.558,1.292	0.5579473052546773	1.2916523124424262	
Acne	63749	2647	61102	-0.16247359919256402	0.8500385316327481	0.144790607425361	True	lrt_mle	0.682,1.060	wald_mle	two		True	0.681509425704188	1.060242863866112	False	True	False	mle	mle	lrt_mle	63749	2647	61102	ridge_seeded_refit;ridge_seeded_refit;inference=mle;ci=wald_mle	chr4-33098029-INV-7075	0.144790607425361	0.144790607425361	True	lrt_mle	lrt_mle	0.9015827916939885	False	True	wald_mle		0.682,1.060	0.681509425704188	1.060242863866112	
Other_skin_and_subcutaneous_disorders	66053	4951	61102	-0.144050838154886	0.865843729042687	0.08265096525205501	True	lrt_mle	0.735,1.020	wald_mle	two		True	0.734710107981377	1.020382535885225	False	True	False	mle	mle	lrt_mle	66053	4951	61102	ridge_seeded_refit;ridge_seeded_refit;inference=mle;ci=wald_mle	chr4-33098029-INV-7075	0.08265096525205501	0.08265096525205501	True	lrt_mle	lrt_mle	0.9015827916939885	False	True	wald_mle		0.735,1.020	0.734710107981377	1.020382535885225	
Inflammation_of_the_eye	71216	6239	64977	-0.03298350598132	0.9675545183197181	0.65168760667513	True	lrt_mle	0.838,1.117	lrt_quadratic	two		True	0.8384580028006025	1.1165278914315955	False	True	False	mle	mle	lrt_mle	71216	6239	64977	ridge_seeded_refit;ridge_seeded_refit;inference=mle;ci=profile	chr4-33098029-INV-7075	0.65168760667513	0.65168760667513	True	lrt_mle	lrt_mle	0.9333557003672052	False	True	lrt_quadratic		0.838,1.117	0.8384580028006025	1.1165278914315955	
Hearing_impairment	69560	4583	64977	-0.07916672044489001	0.9238858809392441	0.361130824327757	True	lrt_mle	0.780,1.095	lrt_quadratic	two		True	0.7795201695911099	1.0949878582957184	False	True	False	mle	mle	lrt_mle	69560	4583	64977	ridge_seeded_refit;ridge_seeded_refit;inference=mle;ci=profile	chr4-33098029-INV-7075	0.361130824327757	0.361130824327757	True	lrt_mle	lrt_mle	0.9127042866512731	False	True	lrt_quadratic		0.780,1.095	0.7795201695911099	1.0949878582957184	
Abnormal_Papanicolaou_smear	73429	2928	70501	-0.032093197719998	0.9684163236799471	0.7608789372962741	True	lrt_mle	0.788,1.191	lrt_quadratic	two		True	0.7875850771373717	1.190766817698616	False	True	False	mle	mle	lrt_mle	73429	2928	70501	ridge_seeded_refit;ridge_seeded_refit;inference=mle;ci=profile	chr4-33098029-INV-7075	0.7608789372962741	0.7608789372962741	True	lrt_mle	lrt_mle	0.9333557003672052	False	True	lrt_quadratic		0.788,1.191	0.7875850771373717	1.190766817698616	
Rosacea	61398	296	61102	0.453634004114194	1.574021806534333	0.13274600828664102	True	lrt_mle	0.871,2.844	lrt_quadratic	two		True	0.8712917272305449	2.8435305535617057	False	True	False	mle	mle	lrt_mle	61398	296	61102	ridge_seeded_refit;ridge_seeded_refit;inference=mle;ci=profile	chr4-33098029-INV-7075	0.13274600828664102	0.13274600828664102	True	lrt_mle	lrt_mle	0.9015827916939885	False	True	lrt_quadratic		0.871,2.844	0.8712917272305449	2.8435305535617057	
Epidermal_thickening	66181	5079	61102	-0.10446903801928902	0.90080268761055	0.19574359667099803	True	lrt_mle	0.768,1.056	wald_mle	two		True	0.7681186217214121	1.056406470380681	False	True	False	mle	mle	lrt_mle	66181	5079	61102	ridge_seeded_refit;ridge_seeded_refit;inference=mle;ci=wald_mle	chr4-33098029-INV-7075	0.19574359667099803	0.19574359667099803	True	lrt_mle	lrt_mle	0.9015827916939885	False	True	wald_mle		0.768,1.056	0.7681186217214121	1.056406470380681	
Abnormal_cytological_findings_in_specimens_from_genital_organs	74446	3945	70501	-0.06426327270373501	0.9377580809232761	0.48539534504021903	True	lrt_mle	0.783,1.123	lrt_quadratic	two		True	0.7828588134032289	1.1233062760244583	False	True	False	mle	mle	lrt_mle	74446	3945	70501	ridge_seeded_refit;ridge_seeded_refit;inference=mle;ci=profile	chr4-33098029-INV-7075	0.48539534504021903	0.48539534504021903	True	lrt_mle	lrt_mle	0.9333557003672052	False	True	lrt_quadratic		0.783,1.123	0.7828588134032289	1.1233062760244583	
Multinodular_goiter	60548	1966	58582	-0.11575489126798301	0.890693513301647	0.369163685711414	True	lrt_mle	0.692,1.147	lrt_quadratic	two		True	0.6918482874492315	1.1466891644157582	False	True	False	mle	mle	lrt_mle	60548	1966	58582	ridge_seeded_refit;ridge_seeded_refit;inference=mle;ci=profile	chr4-33098029-INV-7075	0.369163685711414	0.369163685711414	True	lrt_mle	lrt_mle	0.9157698628355411	False	True	lrt_quadratic		0.692,1.147	0.6918482874492315	1.1466891644157582	
Pure_hypercholesterolemia	65387	6805	58582	-0.080599855254219	0.9225627762435781	0.27121526853542505	True	lrt_mle	0.799,1.066	wald_mle	two		True	0.7986696708916111	1.06567471775921	False	True	False	mle	mle	lrt_mle	65387	6805	58582	ridge_seeded_refit;ridge_seeded_refit;inference=mle;ci=wald_mle	chr4-33098029-INV-7075	0.27121526853542505	0.27121526853542505	True	lrt_mle	lrt_mle	0.9101667937253499	False	True	wald_mle		0.799,1.066	0.7986696708916111	1.06567471775921	
Benign_sarcoma_related_cancers	66484	4029	62455	-0.11317635626960301	0.8929931612857641	0.21559634211112003	True	lrt_mle	0.746,1.070	wald_mle	two		True	0.7455323488001201	1.069620637369471	False	True	False	mle	mle	lrt_mle	66484	4029	62455	ridge_seeded_refit;ridge_seeded_refit;inference=mle;ci=wald_mle	chr4-33098029-INV-7075	0.21559634211112003	0.21559634211112003	True	lrt_mle	lrt_mle	0.9015827916939885	False	True	wald_mle		0.746,1.070	0.7455323488001201	1.069620637369471	
Melanocytic_nevi	63655	1200	62455	-0.18845378981486702	0.828238775621508	0.26312136084209803	True	lrt_mle	0.593,1.158	wald_mle	two		True	0.5926100925758621	1.157556170637104	False	True	False	mle	mle	lrt_mle	63655	1200	62455	ridge_seeded_refit;ridge_seeded_refit;inference=mle;ci=wald_mle	chr4-33098029-INV-7075	0.26312136084209803	0.26312136084209803	True	lrt_mle	lrt_mle	0.9101667937253499	False	True	wald_mle		0.593,1.158	0.5926100925758621	1.157556170637104	
Migraine	72594	5689	66905	-0.087092223899526	0.916592559994949	0.261616165932369	True	lrt_mle	0.787,1.068	wald_mle	two		True	0.786627199465841	1.068030601546187	False	True	False	mle	mle	lrt_mle	72594	5689	66905	ridge_seeded_refit;ridge_seeded_refit;inference=mle;ci=wald_mle	chr4-33098029-INV-7075	0.261616165932369	0.261616165932369	True	lrt_mle	lrt_mle	0.9101667937253499	False	True	wald_mle		0.787,1.068	0.786627199465841	1.068030601546187	
Diastolic_heart_failure	74446	2684	71762	-0.15464299707789	0.8567209747865311	0.157164365232658	True	lrt_mle	0.690,1.064	wald_mle	two		True	0.6898858975225131	1.063901771691503	False	True	False	mle	mle	lrt_mle	74446	2684	71762	ridge_seeded_refit;ridge_seeded_refit;inference=mle;ci=wald_mle	chr4-33098029-INV-7075	0.157164365232658	0.157164365232658	True	lrt_mle	lrt_mle	0.9015827916939885	False	True	wald_mle		0.690,1.064	0.6898858975225131	1.063901771691503	
Other_follicular_disorders	68035	6933	61102	-0.16895217568513202	0.8445492924115191	0.017207399054542	True	lrt_mle	0.734,0.972	wald_mle	two		True	0.733843887028192	0.9719553707822821	False	True	False	mle	mle	lrt_mle	68035	6933	61102	ridge_seeded_refit;ridge_seeded_refit;inference=mle;ci=wald_mle	chr4-33098029-INV-7075	0.017207399054542	0.017207399054542	True	lrt_mle	lrt_mle	0.6418538114638346	False	True	wald_mle		0.734,0.972	0.733843887028192	0.9719553707822821	
Uninodular_goiter_single_thyroid_nodule	61102	2520	58582	-0.07158422336381201	0.9309178692586191	0.5286431253964831	True	lrt_mle	0.745,1.163	lrt_quadratic	two		True	0.7450836361167262	1.163101747639568	False	True	False	mle	mle	lrt_mle	61102	2520	58582	ridge_seeded_refit;ridge_seeded_refit;inference=mle;ci=profile	chr4-33098029-INV-7075	0.5286431253964831	0.5286431253964831	True	lrt_mle	lrt_mle	0.9333557003672052	False	True	lrt_quadratic		0.745,1.163	0.7450836361167262	1.163101747639568	
Benign_neoplasm_of_the_skin	65465	3010	62455	-0.12041719394632001	0.8865504960539591	0.258843090166462	True	lrt_mle	0.718,1.095	wald_mle	two		True	0.718087144570553	1.094535374983722	False	True	False	mle	mle	lrt_mle	65465	3010	62455	ridge_seeded_refit;ridge_seeded_refit;inference=mle;ci=wald_mle	chr4-33098029-INV-7075	0.258843090166462	0.258843090166462	True	lrt_mle	lrt_mle	0.9101667937253499	False	True	wald_mle		0.718,1.095	0.718087144570553	1.094535374983722	
High_risk_human_papillomavirus_HPV_DNA_test_positive	71629	1128	70501	-0.146900854066215	0.8633795737470341	0.39422907754555003	True	lrt_mle	0.616,1.211	lrt_quadratic	two		True	0.6157918456200056	1.2105134123903303	False	True	False	mle	mle	lrt_mle	40387	1100	39287	sex_restricted_to_0;sex_forced_restriction_to_0;ridge_seeded_refit;ridge_seeded_refit;inference=mle;ci=profile	chr4-33098029-INV-7075	0.39422907754555003	0.39422907754555003	True	lrt_mle	lrt_mle	0.9217218797308768	False	True	lrt_quadratic		0.616,1.211	0.6157918456200056	1.2105134123903303	
Disorder_of_nervous_system	68931	2026	66905	-0.18966227797631802	0.8272384634207831	0.135367071739245	True	lrt_mle	0.643,1.065	wald_mle	two		True	0.6426878712317521	1.064783553564234	False	True	False	mle	mle	lrt_mle	68931	2026	66905	ridge_seeded_refit;ridge_seeded_refit;inference=mle;ci=wald_mle	chr4-33098029-INV-7075	0.135367071739245	0.135367071739245	True	lrt_mle	lrt_mle	0.9015827916939885	False	True	wald_mle		0.643,1.065	0.6426878712317521	1.064783553564234	
Pain_in_shoulder	73549	12198	61351	-0.13310631743276702	0.87537201985539	0.017416880746095	True	lrt_mle	0.784,0.978	wald_mle	two		True	0.783840454410145	0.9775920199504661	False	True	False	mle	mle	lrt_mle	73549	12198	61351	ridge_seeded_refit;ridge_seeded_refit;inference=mle;ci=wald_mle	chr4-33098029-INV-7075	0.017416880746095	0.017416880746095	True	lrt_mle	lrt_mle	0.6418538114638346	False	True	wald_mle		0.784,0.978	0.783840454410145	0.9775920199504661	
Flat_foot_pes_planus	63431	2080	61351	0.078305528565248	1.081453022990142	0.5085635669719071	True	lrt_mle	0.857,1.364	lrt_quadratic	two		True	0.8573959985015273	1.3640612307248057	False	True	False	mle	mle	lrt_mle	63431	2080	61351	ridge_seeded_refit;ridge_seeded_refit;inference=mle;ci=profile	chr4-33098029-INV-7075	0.5085635669719071	0.5085635669719071	True	lrt_mle	lrt_mle	0.9333557003672052	False	True	lrt_quadratic		0.857,1.364	0.8573959985015273	1.3640612307248057	
Morbid_obesity	67801	9219	58582	-0.09272682598930201	0.9114424486807041	0.14018193339906002	True	lrt_mle	0.805,1.032	wald_mle	two		True	0.8052962087154131	1.03157984387165	False	True	False	mle	mle	lrt_mle	67801	9219	58582	ridge_seeded_refit;ridge_seeded_refit;inference=mle;ci=wald_mle	chr4-33098029-INV-7075	0.14018193339906002	0.14018193339906002	True	lrt_mle	lrt_mle	0.9015827916939885	False	True	wald_mle		0.805,1.032	0.8052962087154131	1.03157984387165	
Skin_changes_due_to_chronic_exposure_to_nonionizing_radiation	61407	305	61102	0.6760328536160011	1.966062582493811	0.016473507941715003	True	lrt_mle	1.164,3.320	wald_mle	two		True	1.164215916496925	3.320176286468461	False	True	False	mle	mle	lrt_mle	61407	305	61102	ridge_seeded_refit;ridge_seeded_refit;inference=mle;ci=wald_mle	chr4-33098029-INV-7075	0.016473507941715003	0.016473507941715003	True	lrt_mle	lrt_mle	0.6418538114638346	False	True	wald_mle		1.164,3.320	1.164215916496925	3.320176286468461	
Conjunctivitis	69437	4460	64977	0.024166875827031004	1.024461261447316	0.774698800573825	True	lrt_mle	0.868,1.209	lrt_quadratic	two		True	0.8682168587731018	1.2088234242414158	False	True	False	mle	mle	lrt_mle	69437	4460	64977	ridge_seeded_refit;ridge_seeded_refit;inference=mle;ci=profile	chr4-33098029-INV-7075	0.774698800573825	0.774698800573825	True	lrt_mle	lrt_mle	0.9376027539655172	False	True	lrt_quadratic		0.868,1.209	0.8682168587731018	1.2088234242414158	
Skin_changes_due_to_solar_radiation	61598	496	61102	0.361617506655035	1.435649710468399	0.12244292042038801	True	lrt_mle	0.919,2.243	wald_mle	two		True	0.9189907429459131	2.242775682985635	False	True	False	mle	mle	lrt_mle	61598	496	61102	ridge_seeded_refit;ridge_seeded_refit;inference=mle;ci=wald_mle	chr4-33098029-INV-7075	0.12244292042038801	0.12244292042038801	True	lrt_mle	lrt_mle	0.9015827916939885	False	True	wald_mle		0.919,2.243	0.9189907429459131	2.242775682985635	
Laryngitis_and_tracheitis	74446	913	73533	-0.160946326047496	0.8513377645436041	0.38744990592404305	True	lrt_mle	0.591,1.226	lrt_quadratic	two		True	0.5909976638813281	1.2263601594940277	False	True	False	mle	mle	lrt_mle	74446	913	73533	ridge_seeded_refit;ridge_seeded_refit;inference=mle;ci=profile	chr4-33098029-INV-7075	0.38744990592404305	0.38744990592404305	True	lrt_mle	lrt_mle	0.9217218797308768	False	True	lrt_quadratic		0.591,1.226	0.5909976638813281	1.2263601594940277	
Sensorineural_hearing_loss	67940	2963	64977	-0.16155921880735902	0.8508161456560661	0.135397256173644	True	lrt_mle	0.687,1.054	wald_mle	two		True	0.6866838192172301	1.054179658018189	False	True	False	mle	mle	lrt_mle	67940	2963	64977	ridge_seeded_refit;ridge_seeded_refit;inference=mle;ci=wald_mle	chr4-33098029-INV-7075	0.135397256173644	0.135397256173644	True	lrt_mle	lrt_mle	0.9015827916939885	False	True	wald_mle		0.687,1.054	0.6866838192172301	1.054179658018189	
Goiter	62921	4339	58582	-0.05795389758064701	0.9436934529852451	0.5101683464369641	True	lrt_mle	0.794,1.121	lrt_quadratic	two		True	0.794193229666925	1.121335841128619	False	True	False	mle	mle	lrt_mle	62921	4339	58582	ridge_seeded_refit;ridge_seeded_refit;inference=mle;ci=profile	chr4-33098029-INV-7075	0.5101683464369641	0.5101683464369641	True	lrt_mle	lrt_mle	0.9333557003672052	False	True	lrt_quadratic		0.794,1.121	0.794193229666925	1.121335841128619	
Alopecia_Areata	61344	242	61102	-0.606551513544344	0.5452278416843941	0.115242697417789	True	lrt_mle	0.256,1.160	lrt_quadratic	two		True	0.2563199622492392	1.1597746688912285	False	True	False	mle	mle	lrt_mle	61344	242	61102	ridge_seeded_refit;ridge_seeded_refit;inference=mle;ci=profile	chr4-33098029-INV-7075	0.115242697417789	0.115242697417789	True	lrt_mle	lrt_mle	0.9015827916939885	False	True	lrt_quadratic		0.256,1.160	0.2563199622492392	1.1597746688912285	
Urinary_incontinence_and_enuresis	74446	4999	69447	-0.117605746912274	0.8890464928539441	0.15680696979196201	True	lrt_mle	0.755,1.048	wald_mle	two		True	0.754557677925474	1.047505962206859	False	True	False	mle	mle	lrt_mle	74446	4999	69447	ridge_seeded_refit;ridge_seeded_refit;inference=mle;ci=wald_mle	chr4-33098029-INV-7075	0.15680696979196201	0.15680696979196201	True	lrt_mle	lrt_mle	0.9015827916939885	False	True	wald_mle		0.755,1.048	0.754557677925474	1.047505962206859	
Viral_infections	74446	18428	56018	-0.059088361946566005	0.9426234734320751	0.206195587954933	True	lrt_mle	0.860,1.033	wald_mle	two		True	0.859913773083894	1.033288499937148	False	True	False	mle	mle	lrt_mle	74446	18428	56018	ridge_seeded_refit;ridge_seeded_refit;inference=mle;ci=wald_mle	chr4-33098029-INV-7075	0.206195587954933	0.206195587954933	True	lrt_mle	lrt_mle	0.9015827916939885	False	True	wald_mle		0.860,1.033	0.859913773083894	1.033288499937148	
Scar_conditions_and_fibrosis_of_skin	62341	1239	61102	-0.32022168350629704	0.72598807965052	0.051052497368536	True	lrt_mle	0.522,1.009	wald_mle	two		True	0.522123932036206	1.009451318845314	False	True	False	mle	mle	lrt_mle	62341	1239	61102	ridge_seeded_refit;ridge_seeded_refit;inference=mle;ci=wald_mle	chr4-33098029-INV-7075	0.051052497368536	0.051052497368536	True	lrt_mle	lrt_mle	0.8677106289593141	False	True	wald_mle		0.522,1.009	0.522123932036206	1.009451318845314	
Abnormal_mammogram	66013	3558	62455	0.029442260437125	1.029879968935902	0.7675859620780491	True	lrt_mle	0.847,1.252	lrt_quadratic	two		True	0.8472012166279148	1.2519490406742968	False	True	False	mle	mle	lrt_mle	36423	3545	32878	sex_restricted_to_0;sex_majority_restricted_to_0;ridge_seeded_refit;ridge_seeded_refit;inference=mle;ci=profile	chr4-33098029-INV-7075	0.7675859620780491	0.7675859620780491	True	lrt_mle	lrt_mle	0.9333557003672052	False	True	lrt_quadratic		0.847,1.252	0.8472012166279148	1.2519490406742968	
Lump_or_mass_in_breast_or_nonspecific_abnormal_breast_exam	70782	8327	62455	-0.024858558856957	0.9754478707333991	0.7191748957734091	True	lrt_mle	0.852,1.117	lrt_quadratic	two		True	0.8518353064048168	1.1169982523196138	False	True	False	mle	mle	lrt_mle	70782	8327	62455	ridge_seeded_refit;ridge_seeded_refit;inference=mle;ci=profile	chr4-33098029-INV-7075	0.7191748957734091	0.7191748957734091	True	lrt_mle	lrt_mle	0.9333557003672052	False	True	lrt_quadratic		0.852,1.117	0.8518353064048168	1.1169982523196138	
Aphagia_and_dysphagia	74446	4547	69899	0.013486669585914001	1.013578024945368	0.8723979798208661	True	lrt_mle	0.860,1.195	lrt_quadratic	two		True	0.8597693264868912	1.1949023778854448	False	True	False	mle	mle	lrt_mle	74446	4547	69899	ridge_seeded_refit;ridge_seeded_refit;inference=mle;ci=profile	chr4-33098029-INV-7075	0.8723979798208661	0.8723979798208661	True	lrt_mle	lrt_mle	0.9697218514992803	False	True	lrt_quadratic		0.860,1.195	0.8597693264868912	1.1949023778854448	
Hypertrophic_conditions_of_skin	63876	2774	61102	-0.26366940363478303	0.768227470889557	0.016652252589193003	True	lrt_mle	0.617,0.957	wald_mle	two		True	0.6165237082820221	0.9572599384278611	False	True	False	mle	mle	lrt_mle	63876	2774	61102	ridge_seeded_refit;ridge_seeded_refit;inference=mle;ci=wald_mle	chr4-33098029-INV-7075	0.016652252589193003	0.016652252589193003	True	lrt_mle	lrt_mle	0.6418538114638346	False	True	wald_mle		0.617,0.957	0.6165237082820221	0.9572599384278611	
Mild_cognitive_impairment	67590	685	66905	-0.130649285650577	0.877525481207535	0.703725619924298	True	lrt_mle	0.448,1.721	lrt_quadratic	two		True	0.4475408461367649	1.7206272384201444	False	True	False	mle	mle	lrt_mle	67590	685	66905	ridge_seeded_refit;ridge_seeded_refit;inference=mle;ci=profile	chr12-46897663-INV-16289	0.703725619924298	0.703725619924298	True	lrt_mle	lrt_mle	0.9333557003672052	False	True	lrt_quadratic		0.448,1.721	0.4475408461367649	1.7206272384201444	
Acne	63749	2647	61102	-0.050249134619751	0.9509924698377741	0.7672365072700951	True	lrt_mle	0.682,1.326	lrt_quadratic	two		True	0.6818243297085524	1.326421833721796	False	True	False	mle	mle	lrt_mle	63749	2647	61102	ridge_seeded_refit;ridge_seeded_refit;inference=mle;ci=profile	chr12-46897663-INV-16289	0.7672365072700951	0.7672365072700951	True	lrt_mle	lrt_mle	0.9333557003672052	False	True	lrt_quadratic		0.682,1.326	0.6818243297085524	1.326421833721796	
Other_skin_and_subcutaneous_disorders	66053	4951	61102	-0.109503169833205	0.8962793233016451	0.39631401209627104	True	lrt_mle	0.696,1.154	lrt_quadratic	two		True	0.6959140982260379	1.1543330238973457	False	True	False	mle	mle	lrt_mle	66053	4951	61102	ridge_seeded_refit;ridge_seeded_refit;inference=mle;ci=profile	chr12-46897663-INV-16289	0.39631401209627104	0.39631401209627104	True	lrt_mle	lrt_mle	0.9217218797308768	False	True	lrt_quadratic		0.696,1.154	0.6959140982260379	1.1543330238973457	
Inflammation_of_the_eye	71216	6239	64977	0.121355041949114	1.129025692698754	0.283544062632876	True	lrt_mle	0.907,1.406	wald_mle	two		True	0.906555306803228	1.4060907318151972	False	True	False	mle	mle	lrt_mle	71216	6239	64977	ridge_seeded_refit;ridge_seeded_refit;inference=mle;ci=wald_mle	chr12-46897663-INV-16289	0.283544062632876	0.283544062632876	True	lrt_mle	lrt_mle	0.9101667937253499	False	True	wald_mle		0.907,1.406	0.906555306803228	1.4060907318151972	
Hearing_impairment	69560	4583	64977	0.017247992584855	1.017397598102865	0.8967580948097401	True	lrt_mle	0.784,1.320	lrt_quadratic	two		True	0.7840524352171772	1.3201896022920518	False	True	False	mle	mle	lrt_mle	69560	4583	64977	ridge_seeded_refit;ridge_seeded_refit;inference=mle;ci=profile	chr12-46897663-INV-16289	0.8967580948097401	0.8967580948097401	True	lrt_mle	lrt_mle	0.9697218514992803	False	True	lrt_quadratic		0.784,1.320	0.7840524352171772	1.3201896022920518	
Abnormal_Papanicolaou_smear	73429	2928	70501	-0.14737047267418601	0.8629742098241311	0.37479384347709405	True	lrt_mle	0.620,1.201	wald_mle	two		True	0.620327040008637	1.2005352641265081	False	True	False	mle	mle	lrt_mle	73429	2928	70501	ridge_seeded_refit;ridge_seeded_refit;inference=mle;ci=wald_mle	chr12-46897663-INV-16289	0.37479384347709405	0.37479384347709405	True	lrt_mle	lrt_mle	0.9157698628355411	False	True	wald_mle		0.620,1.201	0.620327040008637	1.2005352641265081	
Rosacea	61398	296	61102	-0.06881400538059901	0.933500289963591	0.8773830639858251	True	lrt_mle	0.389,2.237	lrt_quadratic	two		True	0.3894652482098917	2.2374853606771103	False	True	False	mle	mle	lrt_mle	61398	296	61102	ridge_seeded_refit;ridge_seeded_refit;inference=mle;ci=profile	chr12-46897663-INV-16289	0.8773830639858251	0.8773830639858251	True	lrt_mle	lrt_mle	0.9697218514992803	False	True	lrt_quadratic		0.389,2.237	0.3894652482098917	2.2374853606771103	
Epidermal_thickening	66181	5079	61102	0.070622507039241	1.073176032996329	0.580320059036292	True	lrt_mle	0.836,1.378	lrt_quadratic	two		True	0.8355058213504227	1.37845454617688	False	True	False	mle	mle	lrt_mle	66181	5079	61102	ridge_seeded_refit;ridge_seeded_refit;inference=mle;ci=profile	chr12-46897663-INV-16289	0.580320059036292	0.580320059036292	True	lrt_mle	lrt_mle	0.9333557003672052	False	True	lrt_quadratic		0.836,1.378	0.8355058213504227	1.37845454617688	
Abnormal_cytological_findings_in_specimens_from_genital_organs	74446	3945	70501	0.015222923571173	1.015339382470082	0.9134681453770721	True	lrt_mle	0.772,1.336	lrt_quadratic	two		True	0.7715536769110157	1.336153390807604	False	True	False	mle	mle	lrt_mle	74446	3945	70501	ridge_seeded_refit;ridge_seeded_refit;inference=mle;ci=profile	chr12-46897663-INV-16289	0.9134681453770721	0.9134681453770721	True	lrt_mle	lrt_mle	0.9697218514992803	False	True	lrt_quadratic		0.772,1.336	0.7715536769110157	1.336153390807604	
Multinodular_goiter	60548	1966	58582	-0.33527628959043704	0.715140473186144	0.12848117551058702	True	lrt_mle	0.457,1.118	wald_mle	two		True	0.45728077907880604	1.118406720306879	False	True	False	mle	mle	lrt_mle	60548	1966	58582	ridge_seeded_refit;ridge_seeded_refit;inference=mle;ci=wald_mle	chr12-46897663-INV-16289	0.12848117551058702	0.12848117551058702	True	lrt_mle	lrt_mle	0.9015827916939885	False	True	wald_mle		0.457,1.118	0.45728077907880604	1.118406720306879	
Pure_hypercholesterolemia	65387	6805	58582	-0.04715256675184001	0.9539418466785451	0.6827095837709241	True	lrt_mle	0.761,1.196	lrt_quadratic	two		True	0.7609102973280275	1.195942609845078	False	True	False	mle	mle	lrt_mle	65387	6805	58582	ridge_seeded_refit;ridge_seeded_refit;inference=mle;ci=profile	chr12-46897663-INV-16289	0.6827095837709241	0.6827095837709241	True	lrt_mle	lrt_mle	0.9333557003672052	False	True	lrt_quadratic		0.761,1.196	0.7609102973280275	1.195942609845078	
Benign_sarcoma_related_cancers	66484	4029	62455	-0.356360159234395	0.700220383977968	0.019970960613961003	True	lrt_mle	0.513,0.955	wald_mle	two		True	0.51315779609203	0.9554733258896481	False	True	False	mle	mle	lrt_mle	66484	4029	62455	ridge_seeded_refit;ridge_seeded_refit;inference=mle;ci=wald_mle	chr12-46897663-INV-16289	0.019970960613961003	0.019970960613961003	True	lrt_mle	lrt_mle	0.6418538114638346	False	True	wald_mle		0.513,0.955	0.51315779609203	0.9554733258896481	
Melanocytic_nevi	63655	1200	62455	-0.39836292149962704	0.6714183112993171	0.11486077248231101	True	lrt_mle	0.401,1.126	wald_mle	two		True	0.40052664390115206	1.12552449534239	False	True	False	mle	mle	lrt_mle	63655	1200	62455	ridge_seeded_refit;ridge_seeded_refit;inference=mle;ci=wald_mle	chr12-46897663-INV-16289	0.11486077248231101	0.11486077248231101	True	lrt_mle	lrt_mle	0.9015827916939885	False	True	wald_mle		0.401,1.126	0.40052664390115206	1.12552449534239	
Migraine	72594	5689	66905	0.084377173310496	1.088039195771906	0.466226429656784	True	lrt_mle	0.867,1.365	lrt_quadratic	two		True	0.867108870053872	1.3652602717146998	False	True	False	mle	mle	lrt_mle	72594	5689	66905	ridge_seeded_refit;ridge_seeded_refit;inference=mle;ci=profile	chr12-46897663-INV-16289	0.466226429656784	0.466226429656784	True	lrt_mle	lrt_mle	0.9224446251393799	False	True	lrt_quadratic		0.867,1.365	0.867108870053872	1.3652602717146998	
Diastolic_heart_failure	74446	2684	71762	0.17868220649063601	1.195640716926616	0.30127113360031804	True	lrt_mle	0.857,1.668	wald_mle	two		True	0.8570779566116171	1.667942470046039	False	True	False	mle	mle	lrt_mle	74446	2684	71762	ridge_seeded_refit;ridge_seeded_refit;inference=mle;ci=wald_mle	chr12-46897663-INV-16289	0.30127113360031804	0.30127113360031804	True	lrt_mle	lrt_mle	0.9101667937253499	False	True	wald_mle		0.857,1.668	0.8570779566116171	1.667942470046039	
Other_follicular_disorders	68035	6933	61102	-0.027757484176507002	0.972624214964075	0.7994221165134581	True	lrt_mle	0.785,1.205	lrt_quadratic	two		True	0.7851621477534326	1.2048439500570032	False	True	False	mle	mle	lrt_mle	68035	6933	61102	ridge_seeded_refit;ridge_seeded_refit;inference=mle;ci=profile	chr12-46897663-INV-16289	0.7994221165134581	0.7994221165134581	True	lrt_mle	lrt_mle	0.9386492823214052	False	True	lrt_quadratic		0.785,1.205	0.7851621477534326	1.2048439500570032	
Uninodular_goiter_single_thyroid_nodule	61102	2520	58582	-0.05882122157124701	0.942875319858229	0.749007862093169	True	lrt_mle	0.658,1.352	lrt_quadratic	two		True	0.6576033744117988	1.3518997976446656	False	True	False	mle	mle	lrt_mle	61102	2520	58582	ridge_seeded_refit;ridge_seeded_refit;inference=mle;ci=profile	chr12-46897663-INV-16289	0.749007862093169	0.749007862093169	True	lrt_mle	lrt_mle	0.9333557003672052	False	True	lrt_quadratic		0.658,1.352	0.6576033744117988	1.3518997976446656	
Benign_neoplasm_of_the_skin	65465	3010	62455	-0.28310002885054103	0.753444417911124	0.083042373163611	True	lrt_mle	0.542,1.047	wald_mle	two		True	0.5423096504818831	1.046779253102003	False	True	False	mle	mle	lrt_mle	65465	3010	62455	ridge_seeded_refit;ridge_seeded_refit;inference=mle;ci=wald_mle	chr12-46897663-INV-16289	0.083042373163611	0.083042373163611	True	lrt_mle	lrt_mle	0.9015827916939885	False	True	wald_mle		0.542,1.047	0.5423096504818831	1.046779253102003	
High_risk_human_papillomavirus_HPV_DNA_test_positive	71629	1128	70501	-0.0033144067322680004	0.9966910798504621	0.9895879625953301	True	lrt_mle	0.606,1.640	lrt_quadratic	two		True	0.6058613529348071	1.639637689120557	False	True	False	mle	mle	lrt_mle	40387	1100	39287	sex_restricted_to_0;sex_forced_restriction_to_0;ridge_seeded_refit;ridge_seeded_refit;inference=mle;ci=profile	chr12-46897663-INV-16289	0.9895879625953301	0.9895879625953301	True	lrt_mle	lrt_mle	0.9934235748534516	False	True	lrt_quadratic		0.606,1.640	0.6058613529348071	1.639637689120557	
Disorder_of_nervous_system	68931	2026	66905	0.18359163643489101	1.201525063840384	0.326959503298318	True	lrt_mle	0.838,1.723	wald_mle	two		True	0.8379983175472181	1.722751047116861	False	True	False	mle	mle	lrt_mle	68931	2026	66905	ridge_seeded_refit;ridge_seeded_refit;inference=mle;ci=wald_mle	chr12-46897663-INV-16289	0.326959503298318	0.326959503298318	True	lrt_mle	lrt_mle	0.9127042866512731	False	True	wald_mle		0.838,1.723	0.8379983175472181	1.722751047116861	
Pain_in_shoulder	73549	12198	61351	-0.06559176929155801	0.9365130996723441	0.46108198732059	True	lrt_mle	0.787,1.115	lrt_quadratic	two		True	0.7866203226781991	1.1149683787367657	False	True	False	mle	mle	lrt_mle	73549	12198	61351	ridge_seeded_refit;ridge_seeded_refit;inference=mle;ci=profile	chr12-46897663-INV-16289	0.46108198732059	0.46108198732059	True	lrt_mle	lrt_mle	0.9224446251393799	False	True	lrt_quadratic		0.787,1.115	0.7866203226781991	1.1149683787367657	
Flat_foot_pes_planus	63431	2080	61351	0.233117324136829	1.262529595833324	0.215822907664198	True	lrt_mle	0.880,1.811	wald_mle	two		True	0.88038287495648	1.8105542778008372	False	True	False	mle	mle	lrt_mle	63431	2080	61351	ridge_seeded_refit;ridge_seeded_refit;inference=mle;ci=wald_mle	chr12-46897663-INV-16289	0.215822907664198	0.215822907664198	True	lrt_mle	lrt_mle	0.9015827916939885	False	True	wald_mle		0.880,1.811	0.88038287495648	1.8105542778008372	
Morbid_obesity	67801	9219	58582	0.054388810004417004	1.05589506491875	0.5822568605152401	True	lrt_mle	0.870,1.282	lrt_quadratic	two		True	0.8698822198484393	1.2816843047027946	False	True	False	mle	mle	lrt_mle	67801	9219	58582	ridge_seeded_refit;ridge_seeded_refit;inference=mle;ci=profile	chr12-46897663-INV-16289	0.5822568605152401	0.5822568605152401	True	lrt_mle	lrt_mle	0.9333557003672052	False	True	lrt_quadratic		0.870,1.282	0.8698822198484393	1.2816843047027946	
Skin_changes_due_to_chronic_exposure_to_nonionizing_radiation	61407	305	61102	-0.581579980159862	0.559014436734369	0.266810747339904	True	lrt_mle	0.200,1.560	lrt_quadratic	two		True	0.20026957054570316	1.5603825365278354	False	True	False	mle	mle	lrt_mle	61407	305	61102	ridge_seeded_refit;ridge_seeded_refit;inference=mle;ci=profile	chr12-46897663-INV-16289	0.266810747339904	0.266810747339904	True	lrt_mle	lrt_mle	0.9101667937253499	False	True	lrt_quadratic		0.200,1.560	0.20026957054570316	1.5603825365278354	
Conjunctivitis	69437	4460	64977	0.068813659576933	1.071236575872296	0.60118482278398	True	lrt_mle	0.828,1.387	lrt_quadratic	two		True	0.8276063736391935	1.3865864715861789	False	True	False	mle	mle	lrt_mle	69437	4460	64977	ridge_seeded_refit;ridge_seeded_refit;inference=mle;ci=profile	chr12-46897663-INV-16289	0.60118482278398	0.60118482278398	True	lrt_mle	lrt_mle	0.9333557003672052	False	True	lrt_quadratic		0.828,1.387	0.8276063736391935	1.3865864715861789	
Skin_changes_due_to_solar_radiation	61598	496	61102	-0.37226736246392506	0.689169959711674	0.348444380710619	True	lrt_mle	0.316,1.501	lrt_quadratic	two		True	0.31649497007997357	1.5006722958313612	False	True	False	mle	mle	lrt_mle	61598	496	61102	ridge_seeded_refit;ridge_seeded_refit;inference=mle;ci=profile	chr12-46897663-INV-16289	0.348444380710619	0.348444380710619	True	lrt_mle	lrt_mle	0.9127042866512731	False	True	lrt_quadratic		0.316,1.501	0.31649497007997357	1.5006722958313612	
Laryngitis_and_tracheitis	74446	913	73533	0.390161148758687	1.477218826683012	0.14341124699701602	True	lrt_mle	0.894,2.440	wald_mle	two		True	0.8943947312882861	2.4398348800238683	False	True	False	mle	mle	lrt_mle	74446	913	73533	ridge_seeded_refit;ridge_seeded_refit;inference=mle;ci=wald_mle	chr12-46897663-INV-16289	0.14341124699701602	0.14341124699701602	True	lrt_mle	lrt_mle	0.9015827916939885	False	True	wald_mle		0.894,2.440	0.8943947312882861	2.4398348800238683	
Sensorineural_hearing_loss	67940	2963	64977	0.048925099085355	1.050141691221051	0.762392143300985	True	lrt_mle	0.765,1.442	lrt_quadratic	two		True	0.764725677202283	1.4420825722436146	False	True	False	mle	mle	lrt_mle	67940	2963	64977	ridge_seeded_refit;ridge_seeded_refit;inference=mle;ci=profile	chr12-46897663-INV-16289	0.762392143300985	0.762392143300985	True	lrt_mle	lrt_mle	0.9333557003672052	False	True	lrt_quadratic		0.765,1.442	0.764725677202283	1.4420825722436146	
Goiter	62921	4339	58582	0.045967234595955	1.047040103702845	0.7425923013141641	True	lrt_mle	0.796,1.378	lrt_quadratic	two		True	0.7958403411138246	1.3775287857709502	False	True	False	mle	mle	lrt_mle	62921	4339	58582	ridge_seeded_refit;ridge_seeded_refit;inference=mle;ci=profile	chr12-46897663-INV-16289	0.7425923013141641	0.7425923013141641	True	lrt_mle	lrt_mle	0.9333557003672052	False	True	lrt_quadratic		0.796,1.378	0.7958403411138246	1.3775287857709502	
Alopecia_Areata	61344	242	61102	0.47778275283617205	1.612495135334103	0.32497804016755305	True	lrt_mle	0.623,4.175	lrt_quadratic	two		True	0.6227497758264168	4.175257322293927	False	True	False	mle	mle	lrt_mle	61344	242	61102	ridge_seeded_refit;ridge_seeded_refit;inference=mle;ci=profile	chr12-46897663-INV-16289	0.32497804016755305	0.32497804016755305	True	lrt_mle	lrt_mle	0.9127042866512731	False	True	lrt_quadratic		0.623,4.175	0.6227497758264168	4.175257322293927	
Urinary_incontinence_and_enuresis	74446	4999	69447	0.09506769692172301	1.099733301165396	0.45418218115053005	True	lrt_mle	0.857,1.411	lrt_quadratic	two		True	0.8573730250317823	1.410603434423782	False	True	False	mle	mle	lrt_mle	74446	4999	69447	ridge_seeded_refit;ridge_seeded_refit;inference=mle;ci=profile	chr12-46897663-INV-16289	0.45418218115053005	0.45418218115053005	True	lrt_mle	lrt_mle	0.9224446251393799	False	True	lrt_quadratic		0.857,1.411	0.8573730250317823	1.410603434423782	
Viral_infections	74446	18428	56018	0.08914052185250301	1.093234268837797	0.22075793374806602	True	lrt_mle	0.948,1.260	wald_mle	two		True	0.94848791263884	1.260070002617313	False	True	False	mle	mle	lrt_mle	74446	18428	56018	ridge_seeded_refit;ridge_seeded_refit;inference=mle;ci=wald_mle	chr12-46897663-INV-16289	0.22075793374806602	0.22075793374806602	True	lrt_mle	lrt_mle	0.9075603942976047	False	True	wald_mle		0.948,1.260	0.94848791263884	1.260070002617313	
Scar_conditions_and_fibrosis_of_skin	62341	1239	61102	0.22244429411254601	1.249126234027098	0.338887174280731	True	lrt_mle	0.800,1.950	wald_mle	two		True	0.800140276456279	1.9500535024248071	False	True	False	mle	mle	lrt_mle	62341	1239	61102	ridge_seeded_refit;ridge_seeded_refit;inference=mle;ci=wald_mle	chr12-46897663-INV-16289	0.338887174280731	0.338887174280731	True	lrt_mle	lrt_mle	0.9127042866512731	False	True	wald_mle		0.800,1.950	0.800140276456279	1.9500535024248071	
Abnormal_mammogram	66013	3558	62455	0.070701579263598	1.073260894767445	0.650645801516716	True	lrt_mle	0.790,1.457	lrt_quadratic	two		True	0.7903423027665487	1.457455768475121	False	True	False	mle	mle	lrt_mle	36423	3545	32878	sex_restricted_to_0;sex_majority_restricted_to_0;ridge_seeded_refit;ridge_seeded_refit;inference=mle;ci=profile	chr12-46897663-INV-16289	0.650645801516716	0.650645801516716	True	lrt_mle	lrt_mle	0.9333557003672052	False	True	lrt_quadratic		0.790,1.457	0.7903423027665487	1.457455768475121	
Lump_or_mass_in_breast_or_nonspecific_abnormal_breast_exam	70782	8327	62455	0.028157805134238004	1.02855798334592	0.794198922079544	True	lrt_mle	0.832,1.271	lrt_quadratic	two		True	0.8324322763084222	1.270892005528933	False	True	False	mle	mle	lrt_mle	70782	8327	62455	ridge_seeded_refit;ridge_seeded_refit;inference=mle;ci=profile	chr12-46897663-INV-16289	0.794198922079544	0.794198922079544	True	lrt_mle	lrt_mle	0.9386492823214052	False	True	lrt_quadratic		0.832,1.271	0.8324322763084222	1.270892005528933	
Aphagia_and_dysphagia	74446	4547	69899	0.284322489311159	1.328861405259065	0.025847380805229	True	lrt_mle	1.041,1.696	wald_mle	two		True	1.04145412681698	1.6955836929507142	False	True	False	mle	mle	lrt_mle	74446	4547	69899	ridge_seeded_refit;ridge_seeded_refit;inference=mle;ci=wald_mle	chr12-46897663-INV-16289	0.025847380805229	0.025847380805229	True	lrt_mle	lrt_mle	0.6418538114638346	False	True	wald_mle		1.041,1.696	1.04145412681698	1.6955836929507142	
Hypertrophic_conditions_of_skin	63876	2774	61102	0.00036985772686700004	1.00036992613267	0.998230001981921	True	lrt_mle	0.722,1.387	lrt_quadratic	two		True	0.7215123301977857	1.387003308503893	False	True	False	mle	mle	lrt_mle	63876	2774	61102	ridge_seeded_refit;ridge_seeded_refit;inference=mle;ci=profile	chr12-46897663-INV-16289	0.998230001981921	0.998230001981921	True	lrt_mle	lrt_mle	0.998230001981921	False	True	lrt_quadratic		0.722,1.387	0.7215123301977857	1.387003308503893	
Mild_cognitive_impairment	67590	685	66905	-0.328184646768287	0.720230019281146	0.064715241089204	True	lrt_mle	0.509,1.019	wald_mle	two		True	0.509214950939554	1.018688237092424	False	True	False	mle	mle	lrt_mle	67590	685	66905	ridge_seeded_refit;ridge_seeded_refit;inference=mle;ci=wald_mle	chr8-7301025-INV-5297356	0.064715241089204	0.064715241089204	True	lrt_mle	lrt_mle	0.8897326146069446	False	True	wald_mle		0.509,1.019	0.509214950939554	1.018688237092424	
Acne	63749	2647	61102	0.095813372119395	1.100553650831317	0.297018159733815	True	lrt_mle	0.919,1.318	wald_mle	two		True	0.918977457532372	1.318006582675586	False	True	False	mle	mle	lrt_mle	63749	2647	61102	ridge_seeded_refit;ridge_seeded_refit;inference=mle;ci=wald_mle	chr8-7301025-INV-5297356	0.297018159733815	0.297018159733815	True	lrt_mle	lrt_mle	0.9101667937253499	False	True	wald_mle		0.919,1.318	0.918977457532372	1.318006582675586	
Other_skin_and_subcutaneous_disorders	66053	4951	61102	0.062870810102091	1.064889257409957	0.36296734179568	True	lrt_mle	0.930,1.219	wald_mle	two		True	0.9298945412280271	1.219481436087982	False	True	False	mle	mle	lrt_mle	66053	4951	61102	ridge_seeded_refit;ridge_seeded_refit;inference=mle;ci=wald_mle	chr8-7301025-INV-5297356	0.36296734179568	0.36296734179568	True	lrt_mle	lrt_mle	0.9127042866512731	False	True	wald_mle		0.930,1.219	0.9298945412280271	1.219481436087982	
Inflammation_of_the_eye	71216	6239	64977	0.043889071886137006	1.044866443395836	0.47728294741307403	True	lrt_mle	0.926,1.179	wald_mle	two		True	0.9256902632277471	1.179385727497992	False	True	False	mle	mle	lrt_mle	71216	6239	64977	ridge_seeded_refit;ridge_seeded_refit;inference=mle;ci=wald_mle	chr8-7301025-INV-5297356	0.47728294741307403	0.47728294741307403	True	lrt_mle	lrt_mle	0.9294457396991442	False	True	wald_mle		0.926,1.179	0.9256902632277471	1.179385727497992	
Hearing_impairment	69560	4583	64977	0.16503674251837402	1.179436453380832	0.023404496206953	True	lrt_mle	1.022,1.361	wald_mle	two		True	1.02228994284923	1.3607395409628071	False	True	False	mle	mle	lrt_mle	69560	4583	64977	ridge_seeded_refit;ridge_seeded_refit;inference=mle;ci=wald_mle	chr8-7301025-INV-5297356	0.023404496206953	0.023404496206953	True	lrt_mle	lrt_mle	0.6418538114638346	False	True	wald_mle		1.022,1.361	1.02228994284923	1.3607395409628071	
Abnormal_Papanicolaou_smear	73429	2928	70501	-0.06386806034551601	0.93812876775106	0.46656465595852803	True	lrt_mle	0.790,1.114	wald_mle	two		True	0.7900494185394811	1.113962701863746	False	True	False	mle	mle	lrt_mle	73429	2928	70501	ridge_seeded_refit;ridge_seeded_refit;inference=mle;ci=wald_mle	chr8-7301025-INV-5297356	0.46656465595852803	0.46656465595852803	True	lrt_mle	lrt_mle	0.9224446251393799	False	True	wald_mle		0.790,1.114	0.7900494185394811	1.113962701863746	
Rosacea	61398	296	61102	-0.00392268195281	0.996085001713897	0.9881868111902091	True	lrt_mle	0.593,1.674	lrt_quadratic	two		True	0.5926289996339217	1.674209887218256	False	True	False	mle	mle	lrt_mle	61398	296	61102	ridge_seeded_refit;ridge_seeded_refit;inference=mle;ci=profile	chr8-7301025-INV-5297356	0.9881868111902091	0.9881868111902091	True	lrt_mle	lrt_mle	0.9934235748534516	False	True	lrt_quadratic		0.593,1.674	0.5926289996339217	1.674209887218256	
Epidermal_thickening	66181	5079	61102	0.09191791865534	1.096274834675177	0.18051218633729701	True	lrt_mle	0.958,1.254	wald_mle	two		True	0.9581367942584341	1.254328735044826	False	True	False	mle	mle	lrt_mle	66181	5079	61102	ridge_seeded_refit;ridge_seeded_refit;inference=mle;ci=wald_mle	chr8-7301025-INV-5297356	0.18051218633729701	0.18051218633729701	True	lrt_mle	lrt_mle	0.9015827916939885	False	True	wald_mle		0.958,1.254	0.9581367942584341	1.254328735044826	
Abnormal_cytological_findings_in_specimens_from_genital_organs	74446	3945	70501	-0.049632237187781	0.9515793156434651	0.516474695435796	True	lrt_mle	0.819,1.105	wald_mle	two		True	0.819157728466501	1.105407618695885	False	True	False	mle	mle	lrt_mle	74446	3945	70501	ridge_seeded_refit;ridge_seeded_refit;inference=mle;ci=wald_mle	chr8-7301025-INV-5297356	0.516474695435796	0.516474695435796	True	lrt_mle	lrt_mle	0.9333557003672052	False	True	wald_mle		0.819,1.105	0.819157728466501	1.105407618695885	
Multinodular_goiter	60548	1966	58582	0.046298168312263	1.047386661916224	0.6694129430672351	True	lrt_mle	0.847,1.296	wald_mle	two		True	0.8467348594300851	1.2955871691622391	False	True	False	mle	mle	lrt_mle	60548	1966	58582	ridge_seeded_refit;ridge_seeded_refit;inference=mle;ci=wald_mle	chr8-7301025-INV-5297356	0.6694129430672351	0.6694129430672351	True	lrt_mle	lrt_mle	0.9333557003672052	False	True	wald_mle		0.847,1.296	0.8467348594300851	1.2955871691622391	
Pure_hypercholesterolemia	65387	6805	58582	0.11534781750238401	1.122263712657303	0.06289098216019201	True	lrt_mle	0.994,1.267	wald_mle	two		True	0.993671690126631	1.267496954237319	False	True	False	mle	mle	lrt_mle	65387	6805	58582	ridge_seeded_refit;ridge_seeded_refit;inference=mle;ci=wald_mle	chr8-7301025-INV-5297356	0.06289098216019201	0.06289098216019201	True	lrt_mle	lrt_mle	0.8897326146069446	False	True	wald_mle		0.994,1.267	0.993671690126631	1.267496954237319	
Benign_sarcoma_related_cancers	66484	4029	62455	0.078121732642305	1.081254274598793	0.305731702911604	True	lrt_mle	0.931,1.256	wald_mle	two		True	0.9309764451265571	1.2557898886252001	False	True	False	mle	mle	lrt_mle	66484	4029	62455	ridge_seeded_refit;ridge_seeded_refit;inference=mle;ci=wald_mle	chr8-7301025-INV-5297356	0.305731702911604	0.305731702911604	True	lrt_mle	lrt_mle	0.9101667937253499	False	True	wald_mle		0.931,1.256	0.9309764451265571	1.2557898886252001	
Melanocytic_nevi	63655	1200	62455	0.298820238433114	1.348267235056748	0.027260200486881003	True	lrt_mle	1.033,1.760	wald_mle	two		True	1.032901220451544	1.759920988701015	False	True	False	mle	mle	lrt_mle	63655	1200	62455	ridge_seeded_refit;ridge_seeded_refit;inference=mle;ci=wald_mle	chr8-7301025-INV-5297356	0.027260200486881003	0.027260200486881003	True	lrt_mle	lrt_mle	0.6418538114638346	False	True	wald_mle		1.033,1.760	1.032901220451544	1.759920988701015	
Migraine	72594	5689	66905	-0.042743634296333	0.9581569971758691	0.506488158603926	True	lrt_mle	0.845,1.087	wald_mle	two		True	0.844686013076247	1.086871117817607	False	True	False	mle	mle	lrt_mle	72594	5689	66905	ridge_seeded_refit;ridge_seeded_refit;inference=mle;ci=wald_mle	chr8-7301025-INV-5297356	0.506488158603926	0.506488158603926	True	lrt_mle	lrt_mle	0.9333557003672052	False	True	wald_mle		0.845,1.087	0.844686013076247	1.086871117817607	
Diastolic_heart_failure	74446	2684	71762	0.082097568198432	1.085561720964087	0.374612331909605	True	lrt_mle	0.905,1.302	wald_mle	two		True	0.9054367196252261	1.301520276878418	False	True	False	mle	mle	lrt_mle	74446	2684	71762	ridge_seeded_refit;ridge_seeded_refit;inference=mle;ci=wald_mle	chr8-7301025-INV-5297356	0.374612331909605	0.374612331909605	True	lrt_mle	lrt_mle	0.9157698628355411	False	True	wald_mle		0.905,1.302	0.9054367196252261	1.301520276878418	
Other_follicular_disorders	68035	6933	61102	0.006926512159535001	1.006950555925973	0.906123688328742	True	lrt_mle	0.897,1.130	lrt_quadratic	two		True	0.8974562544923957	1.12980372804145	False	True	False	mle	mle	lrt_mle	68035	6933	61102	ridge_seeded_refit;ridge_seeded_refit;inference=mle;ci=profile	chr8-7301025-INV-5297356	0.906123688328742	0.906123688328742	True	lrt_mle	lrt_mle	0.9697218514992803	False	True	lrt_quadratic		0.897,1.130	0.8974562544923957	1.12980372804145	
Uninodular_goiter_single_thyroid_nodule	61102	2520	58582	-0.018725783503848	0.9814484547027261	0.844936416751302	True	lrt_mle	0.814,1.184	lrt_quadratic	two		True	0.813524500196927	1.1840344931286042	False	True	False	mle	mle	lrt_mle	61102	2520	58582	ridge_seeded_refit;ridge_seeded_refit;inference=mle;ci=profile	chr8-7301025-INV-5297356	0.844936416751302	0.844936416751302	True	lrt_mle	lrt_mle	0.9697218514992803	False	True	lrt_quadratic		0.814,1.184	0.813524500196927	1.1840344931286042	
Benign_neoplasm_of_the_skin	65465	3010	62455	0.145517769374737	1.156638287138745	0.09661532064976501	True	lrt_mle	0.974,1.374	wald_mle	two		True	0.9738801141413881	1.373692827124537	False	True	False	mle	mle	lrt_mle	65465	3010	62455	ridge_seeded_refit;ridge_seeded_refit;inference=mle;ci=wald_mle	chr8-7301025-INV-5297356	0.09661532064976501	0.09661532064976501	True	lrt_mle	lrt_mle	0.9015827916939885	False	True	wald_mle		0.974,1.374	0.9738801141413881	1.373692827124537	
High_risk_human_papillomavirus_HPV_DNA_test_positive	71629	1128	70501	0.139832193352181	1.150080791461382	0.32041813747289305	True	lrt_mle	0.872,1.516	wald_mle	two		True	0.8723527252947231	1.516228228027341	False	True	False	mle	mle	lrt_mle	40387	1100	39287	sex_restricted_to_0;sex_forced_restriction_to_0;ridge_seeded_refit;ridge_seeded_refit;inference=mle;ci=wald_mle	chr8-7301025-INV-5297356	0.32041813747289305	0.32041813747289305	True	lrt_mle	lrt_mle	0.9127042866512731	False	True	wald_mle		0.872,1.516	0.8723527252947231	1.516228228027341	
Disorder_of_nervous_system	68931	2026	66905	-0.0335670174477	0.9669901038511021	0.747857044269005	True	lrt_mle	0.788,1.187	lrt_quadratic	two		True	0.7880265906843887	1.1865968382283574	False	True	False	mle	mle	lrt_mle	68931	2026	66905	ridge_seeded_refit;ridge_seeded_refit;inference=mle;ci=profile	chr8-7301025-INV-5297356	0.747857044269005	0.747857044269005	True	lrt_mle	lrt_mle	0.9333557003672052	False	True	lrt_quadratic		0.788,1.187	0.7880265906843887	1.1865968382283574	
Pain_in_shoulder	73549	12198	61351	-0.01913196140215	0.981049892981063	0.683641657812861	True	lrt_mle	0.895,1.076	wald_mle	two		True	0.894816727308061	1.075593317766407	False	True	False	mle	mle	lrt_mle	73549	12198	61351	ridge_seeded_refit;ridge_seeded_refit;inference=mle;ci=wald_mle	chr8-7301025-INV-5297356	0.683641657812861	0.683641657812861	True	lrt_mle	lrt_mle	0.9333557003672052	False	True	wald_mle		0.895,1.076	0.894816727308061	1.075593317766407	
Flat_foot_pes_planus	63431	2080	61351	0.14479555092173002	1.1558032432026861	0.164684189022851	True	lrt_mle	0.942,1.418	wald_mle	two		True	0.9418851748942351	1.418305726223852	False	True	False	mle	mle	lrt_mle	63431	2080	61351	ridge_seeded_refit;ridge_seeded_refit;inference=mle;ci=wald_mle	chr8-7301025-INV-5297356	0.164684189022851	0.164684189022851	True	lrt_mle	lrt_mle	0.9015827916939885	False	True	wald_mle		0.942,1.418	0.9418851748942351	1.418305726223852	
Morbid_obesity	67801	9219	58582	-0.041328913358511	0.959513481238455	0.43423326093791303	True	lrt_mle	0.865,1.064	wald_mle	two		True	0.865128785370549	1.064195454187785	False	True	False	mle	mle	lrt_mle	67801	9219	58582	ridge_seeded_refit;ridge_seeded_refit;inference=mle;ci=wald_mle	chr8-7301025-INV-5297356	0.43423326093791303	0.43423326093791303	True	lrt_mle	lrt_mle	0.9224423393241438	False	True	wald_mle		0.865,1.064	0.865128785370549	1.064195454187785	
Skin_changes_due_to_chronic_exposure_to_nonionizing_radiation	61407	305	61102	0.040501010283864006	1.041332361743268	0.878274003072646	True	lrt_mle	0.620,1.749	lrt_quadratic	two		True	0.6201511171229727	1.7485626610566718	False	True	False	mle	mle	lrt_mle	61407	305	61102	ridge_seeded_refit;ridge_seeded_refit;inference=mle;ci=profile	chr8-7301025-INV-5297356	0.878274003072646	0.878274003072646	True	lrt_mle	lrt_mle	0.9697218514992803	False	True	lrt_quadratic		0.620,1.749	0.6201511171229727	1.7485626610566718	
Conjunctivitis	69437	4460	64977	0.066561849799443	1.068827068770714	0.354033709185126	True	lrt_mle	0.928,1.231	wald_mle	two		True	0.9283716591877321	1.230532289122785	False	True	False	mle	mle	lrt_mle	69437	4460	64977	ridge_seeded_refit;ridge_seeded_refit;inference=mle;ci=wald_mle	chr8-7301025-INV-5297356	0.354033709185126	0.354033709185126	True	lrt_mle	lrt_mle	0.9127042866512731	False	True	wald_mle		0.928,1.231	0.9283716591877321	1.230532289122785	
Skin_changes_due_to_solar_radiation	61598	496	61102	0.018502749545759003	1.018674986059212	0.928830072341235	True	lrt_mle	0.679,1.529	lrt_quadratic	two		True	0.6787378015293387	1.5288653805410324	False	True	False	mle	mle	lrt_mle	61598	496	61102	ridge_seeded_refit;ridge_seeded_refit;inference=mle;ci=profile	chr8-7301025-INV-5297356	0.928830072341235	0.928830072341235	True	lrt_mle	lrt_mle	0.9697218514992803	False	True	lrt_quadratic		0.679,1.529	0.6787378015293387	1.5288653805410324	
Laryngitis_and_tracheitis	74446	913	73533	0.143510955740031	1.154319457161718	0.35304361318146205	True	lrt_mle	0.852,1.564	wald_mle	two		True	0.85212586501658	1.5636814511623789	False	True	False	mle	mle	lrt_mle	74446	913	73533	ridge_seeded_refit;ridge_seeded_refit;inference=mle;ci=wald_mle	chr8-7301025-INV-5297356	0.35304361318146205	0.35304361318146205	True	lrt_mle	lrt_mle	0.9127042866512731	False	True	wald_mle		0.852,1.564	0.85212586501658	1.5636814511623789	
Sensorineural_hearing_loss	67940	2963	64977	0.24236816895934302	1.274263250639549	0.007135652568022	True	lrt_mle	1.067,1.521	wald_mle	two		True	1.067422630340047	1.5211845671786022	False	True	False	mle	mle	lrt_mle	67940	2963	64977	ridge_seeded_refit;ridge_seeded_refit;inference=mle;ci=wald_mle	chr8-7301025-INV-5297356	0.007135652568022	0.007135652568022	True	lrt_mle	lrt_mle	0.6160446717058994	False	True	wald_mle		1.067,1.521	1.067422630340047	1.5211845671786022	
Goiter	62921	4339	58582	0.02581992729173	1.026156149118402	0.7295624469340011	True	lrt_mle	0.886,1.188	lrt_quadratic	two		True	0.8864201328469878	1.1879202686783668	False	True	False	mle	mle	lrt_mle	62921	4339	58582	ridge_seeded_refit;ridge_seeded_refit;inference=mle;ci=profile	chr8-7301025-INV-5297356	0.7295624469340011	0.7295624469340011	True	lrt_mle	lrt_mle	0.9333557003672052	False	True	lrt_quadratic		0.886,1.188	0.8864201328469878	1.1879202686783668	
Alopecia_Areata	61344	242	61102	0.099645786170152	1.104779520575416	0.7362934353036531	True	lrt_mle	0.619,1.973	lrt_quadratic	two		True	0.6186047109131354	1.973049618844938	False	True	False	mle	mle	lrt_mle	61344	242	61102	ridge_seeded_refit;ridge_seeded_refit;inference=mle;ci=profile	chr8-7301025-INV-5297356	0.7362934353036531	0.7362934353036531	True	lrt_mle	lrt_mle	0.9333557003672052	False	True	lrt_quadratic		0.619,1.973	0.6186047109131354	1.973049618844938	
Urinary_incontinence_and_enuresis	74446	4999	69447	-0.009665792017473	0.9903807716046621	0.8887167821578731	True	lrt_mle	0.865,1.134	lrt_quadratic	two		True	0.8649756658444605	1.133967244970593	False	True	False	mle	mle	lrt_mle	74446	4999	69447	ridge_seeded_refit;ridge_seeded_refit;inference=mle;ci=profile	chr8-7301025-INV-5297356	0.8887167821578731	0.8887167821578731	True	lrt_mle	lrt_mle	0.9697218514992803	False	True	lrt_quadratic		0.865,1.134	0.8649756658444605	1.133967244970593	
Viral_infections	74446	18428	56018	0.05693166255135201	1.05858346703033	0.149684534975234	True	lrt_mle	0.980,1.144	wald_mle	two		True	0.9796539074776781	1.143872288076886	False	True	False	mle	mle	lrt_mle	74446	18428	56018	ridge_seeded_refit;ridge_seeded_refit;inference=mle;ci=wald_mle	chr8-7301025-INV-5297356	0.149684534975234	0.149684534975234	True	lrt_mle	lrt_mle	0.9015827916939885	False	True	wald_mle		0.980,1.144	0.9796539074776781	1.143872288076886	
Scar_conditions_and_fibrosis_of_skin	62341	1239	61102	0.033441142669225	1.034006583067765	0.8009323992008901	True	lrt_mle	0.797,1.341	lrt_quadratic	two		True	0.7973138941357152	1.3409644829862772	False	True	False	mle	mle	lrt_mle	62341	1239	61102	ridge_seeded_refit;ridge_seeded_refit;inference=mle;ci=profile	chr8-7301025-INV-5297356	0.8009323992008901	0.8009323992008901	True	lrt_mle	lrt_mle	0.9386492823214052	False	True	lrt_quadratic		0.797,1.341	0.7973138941357152	1.3409644829862772	
Abnormal_mammogram	66013	3558	62455	0.083225127701382	1.086786446744436	0.32455534234785505	True	lrt_mle	0.921,1.283	wald_mle	two		True	0.920807384983627	1.2826838707949761	False	True	False	mle	mle	lrt_mle	36423	3545	32878	sex_restricted_to_0;sex_majority_restricted_to_0;ridge_seeded_refit;ridge_seeded_refit;inference=mle;ci=wald_mle	chr8-7301025-INV-5297356	0.32455534234785505	0.32455534234785505	True	lrt_mle	lrt_mle	0.9127042866512731	False	True	wald_mle		0.921,1.283	0.920807384983627	1.2826838707949761	
Lump_or_mass_in_breast_or_nonspecific_abnormal_breast_exam	70782	8327	62455	0.098229726700712	1.103216194216444	0.091701258188985	True	lrt_mle	0.984,1.237	wald_mle	two		True	0.984102060483182	1.236747711496345	False	True	False	mle	mle	lrt_mle	70782	8327	62455	ridge_seeded_refit;ridge_seeded_refit;inference=mle;ci=wald_mle	chr8-7301025-INV-5297356	0.091701258188985	0.091701258188985	True	lrt_mle	lrt_mle	0.9015827916939885	False	True	wald_mle		0.984,1.237	0.984102060483182	1.236747711496345	
Aphagia_and_dysphagia	74446	4547	69899	0.09711887923321101	1.101991369723536	0.174538171506952	True	lrt_mle	0.958,1.268	wald_mle	two		True	0.957670340692055	1.268061594209534	False	True	False	mle	mle	lrt_mle	74446	4547	69899	ridge_seeded_refit;ridge_seeded_refit;inference=mle;ci=wald_mle	chr8-7301025-INV-5297356	0.174538171506952	0.174538171506952	True	lrt_mle	lrt_mle	0.9015827916939885	False	True	wald_mle		0.958,1.268	0.957670340692055	1.268061594209534	
Hypertrophic_conditions_of_skin	63876	2774	61102	0.049968387792876004	1.051237863901661	0.5790565560613931	True	lrt_mle	0.881,1.254	wald_mle	two		True	0.8810100884768911	1.254356858059422	False	True	False	mle	mle	lrt_mle	63876	2774	61102	ridge_seeded_refit;ridge_seeded_refit;inference=mle;ci=wald_mle	chr8-7301025-INV-5297356	0.5790565560613931	0.5790565560613931	True	lrt_mle	lrt_mle	0.9333557003672052	False	True	wald_mle		0.881,1.254	0.8810100884768911	1.254356858059422	
Mild_cognitive_impairment	67590	685	66905	0.11193477914614701	1.118439912660119	0.535389002711673	True	lrt_mle	0.785,1.593	lrt_quadratic	two		True	0.7850319737570287	1.593448267138145	False	True	False	mle	mle	lrt_mle	67590	685	66905	ridge_seeded_refit;ridge_seeded_refit;inference=mle;ci=profile	chr6-167181003-INV-209976	0.535389002711673	0.535389002711673	True	lrt_mle	lrt_mle	0.9333557003672052	False	True	lrt_quadratic		0.785,1.593	0.7850319737570287	1.593448267138145	
Acne	63749	2647	61102	0.111885529801306	1.118384831583542	0.234347314026172	True	lrt_mle	0.931,1.343	wald_mle	two		True	0.9314919916632821	1.342775507154638	False	True	False	mle	mle	lrt_mle	63749	2647	61102	ridge_seeded_refit;ridge_seeded_refit;inference=mle;ci=wald_mle	chr6-167181003-INV-209976	0.234347314026172	0.234347314026172	True	lrt_mle	lrt_mle	0.9101667937253499	False	True	wald_mle		0.931,1.343	0.9314919916632821	1.342775507154638	
Other_skin_and_subcutaneous_disorders	66053	4951	61102	0.036797075213139005	1.037482468566936	0.603649833175383	True	lrt_mle	0.903,1.192	lrt_quadratic	two		True	0.9029196546665089	1.1920992826114727	False	True	False	mle	mle	lrt_mle	66053	4951	61102	ridge_seeded_refit;ridge_seeded_refit;inference=mle;ci=profile	chr6-167181003-INV-209976	0.603649833175383	0.603649833175383	True	lrt_mle	lrt_mle	0.9333557003672052	False	True	lrt_quadratic		0.903,1.192	0.9029196546665089	1.1920992826114727	
Inflammation_of_the_eye	71216	6239	64977	-0.093724134490968	0.9105339124985881	0.14407499847437202	True	lrt_mle	0.802,1.033	wald_mle	two		True	0.8022887156891011	1.033383605673528	False	True	False	mle	mle	lrt_mle	71216	6239	64977	ridge_seeded_refit;ridge_seeded_refit;inference=mle;ci=wald_mle	chr6-167181003-INV-209976	0.14407499847437202	0.14407499847437202	True	lrt_mle	lrt_mle	0.9015827916939885	False	True	wald_mle		0.802,1.033	0.8022887156891011	1.033383605673528	
Hearing_impairment	69560	4583	64977	-0.072316210345729	0.9302366988314441	0.33948679879333704	True	lrt_mle	0.801,1.080	wald_mle	two		True	0.8013731867056371	1.079821898471732	False	True	False	mle	mle	lrt_mle	69560	4583	64977	ridge_seeded_refit;ridge_seeded_refit;inference=mle;ci=wald_mle	chr6-167181003-INV-209976	0.33948679879333704	0.33948679879333704	True	lrt_mle	lrt_mle	0.9127042866512731	False	True	wald_mle		0.801,1.080	0.8013731867056371	1.079821898471732	
Abnormal_Papanicolaou_smear	73429	2928	70501	0.187913620146539	1.2067292737496491	0.033862282107261	True	lrt_mle	1.017,1.432	wald_mle	two		True	1.016769201516421	1.4321790411752922	False	True	False	mle	mle	lrt_mle	73429	2928	70501	ridge_seeded_refit;ridge_seeded_refit;inference=mle;ci=wald_mle	chr6-167181003-INV-209976	0.033862282107261	0.033862282107261	True	lrt_mle	lrt_mle	0.7308609221483833	False	True	wald_mle		1.017,1.432	1.016769201516421	1.4321790411752922	
Rosacea	61398	296	61102	0.050081966731047006	1.051357269162841	0.8585652384984921	True	lrt_mle	0.606,1.824	lrt_quadratic	two		True	0.6060755112433488	1.823786123867542	False	True	False	mle	mle	lrt_mle	61398	296	61102	ridge_seeded_refit;ridge_seeded_refit;inference=mle;ci=profile	chr6-167181003-INV-209976	0.8585652384984921	0.8585652384984921	True	lrt_mle	lrt_mle	0.9697218514992803	False	True	lrt_quadratic		0.606,1.824	0.6060755112433488	1.823786123867542	
Epidermal_thickening	66181	5079	61102	0.042967631500000006	1.043904104693735	0.537057859878702	True	lrt_mle	0.911,1.196	lrt_quadratic	two		True	0.9107706465043225	1.1964985740142158	False	True	False	mle	mle	lrt_mle	66181	5079	61102	ridge_seeded_refit;ridge_seeded_refit;inference=mle;ci=profile	chr6-167181003-INV-209976	0.537057859878702	0.537057859878702	True	lrt_mle	lrt_mle	0.9333557003672052	False	True	lrt_quadratic		0.911,1.196	0.9107706465043225	1.1964985740142158	
Abnormal_cytological_findings_in_specimens_from_genital_organs	74446	3945	70501	0.09670478072055401	1.101535131206739	0.21556510825982703	True	lrt_mle	0.946,1.282	wald_mle	two		True	0.9461741541237391	1.2824062462437151	False	True	False	mle	mle	lrt_mle	74446	3945	70501	ridge_seeded_refit;ridge_seeded_refit;inference=mle;ci=wald_mle	chr6-167181003-INV-209976	0.21556510825982703	0.21556510825982703	True	lrt_mle	lrt_mle	0.9015827916939885	False	True	wald_mle		0.946,1.282	0.9461741541237391	1.2824062462437151	
Multinodular_goiter	60548	1966	58582	0.11207965869896201	1.118601963473157	0.302475504645888	True	lrt_mle	0.906,1.382	wald_mle	two		True	0.9055002528971671	1.381855332102378	False	True	False	mle	mle	lrt_mle	60548	1966	58582	ridge_seeded_refit;ridge_seeded_refit;inference=mle;ci=wald_mle	chr6-167181003-INV-209976	0.302475504645888	0.302475504645888	True	lrt_mle	lrt_mle	0.9101667937253499	False	True	wald_mle		0.906,1.382	0.9055002528971671	1.381855332102378	
Pure_hypercholesterolemia	65387	6805	58582	0.078740788126164	1.081923838214061	0.21001094549708302	True	lrt_mle	0.957,1.223	wald_mle	two		True	0.957107406786398	1.223017587572681	False	True	False	mle	mle	lrt_mle	65387	6805	58582	ridge_seeded_refit;ridge_seeded_refit;inference=mle;ci=wald_mle	chr6-167181003-INV-209976	0.21001094549708302	0.21001094549708302	True	lrt_mle	lrt_mle	0.9015827916939885	False	True	wald_mle		0.957,1.223	0.957107406786398	1.223017587572681	
Benign_sarcoma_related_cancers	66484	4029	62455	-0.023888759303903002	0.9763943185005951	0.7609858447823351	True	lrt_mle	0.837,1.139	lrt_quadratic	two		True	0.8371004901806273	1.138866690896972	False	True	False	mle	mle	lrt_mle	66484	4029	62455	ridge_seeded_refit;ridge_seeded_refit;inference=mle;ci=profile	chr6-167181003-INV-209976	0.7609858447823351	0.7609858447823351	True	lrt_mle	lrt_mle	0.9333557003672052	False	True	lrt_quadratic		0.837,1.139	0.8371004901806273	1.138866690896972	
Melanocytic_nevi	63655	1200	62455	0.07360657913591101	1.076383250555483	0.598639653526947	True	lrt_mle	0.818,1.416	lrt_quadratic	two		True	0.8183399641526158	1.4157941110405254	False	True	False	mle	mle	lrt_mle	63655	1200	62455	ridge_seeded_refit;ridge_seeded_refit;inference=mle;ci=profile	chr6-167181003-INV-209976	0.598639653526947	0.598639653526947	True	lrt_mle	lrt_mle	0.9333557003672052	False	True	lrt_quadratic		0.818,1.416	0.8183399641526158	1.4157941110405254	
Migraine	72594	5689	66905	-0.036964363491905	0.9637104780133731	0.5815031396466921	True	lrt_mle	0.845,1.099	lrt_quadratic	two		True	0.8450115354124149	1.099083085273491	False	True	False	mle	mle	lrt_mle	72594	5689	66905	ridge_seeded_refit;ridge_seeded_refit;inference=mle;ci=profile	chr6-167181003-INV-209976	0.5815031396466921	0.5815031396466921	True	lrt_mle	lrt_mle	0.9333557003672052	False	True	lrt_quadratic		0.845,1.099	0.8450115354124149	1.099083085273491	
Diastolic_heart_failure	74446	2684	71762	0.13018730548183702	1.139041712101891	0.15632075585413902	True	lrt_mle	0.953,1.361	wald_mle	two		True	0.9530340776504881	1.3613532320969282	False	True	False	mle	mle	lrt_mle	74446	2684	71762	ridge_seeded_refit;ridge_seeded_refit;inference=mle;ci=wald_mle	chr6-167181003-INV-209976	0.15632075585413902	0.15632075585413902	True	lrt_mle	lrt_mle	0.9015827916939885	False	True	wald_mle		0.953,1.361	0.9530340776504881	1.3613532320969282	
Other_follicular_disorders	68035	6933	61102	0.072557934459319	1.075255098608464	0.22784411608748703	True	lrt_mle	0.956,1.209	wald_mle	two		True	0.9561778520085481	1.2091615850072661	False	True	False	mle	mle	lrt_mle	68035	6933	61102	ridge_seeded_refit;ridge_seeded_refit;inference=mle;ci=wald_mle	chr6-167181003-INV-209976	0.22784411608748703	0.22784411608748703	True	lrt_mle	lrt_mle	0.9101667937253499	False	True	wald_mle		0.956,1.209	0.9561778520085481	1.2091615850072661	
Uninodular_goiter_single_thyroid_nodule	61102	2520	58582	0.013307835603526	1.01339677895766	0.8919087726746461	True	lrt_mle	0.836,1.228	lrt_quadratic	two		True	0.8364117759943968	1.2278318659260972	False	True	False	mle	mle	lrt_mle	61102	2520	58582	ridge_seeded_refit;ridge_seeded_refit;inference=mle;ci=profile	chr6-167181003-INV-209976	0.8919087726746461	0.8919087726746461	True	lrt_mle	lrt_mle	0.9697218514992803	False	True	lrt_quadratic		0.836,1.228	0.8364117759943968	1.2278318659260972	
Benign_neoplasm_of_the_skin	65465	3010	62455	-0.12135601415842301	0.885718575102419	0.192095994393626	True	lrt_mle	0.737,1.065	wald_mle	two		True	0.7368766592135071	1.064625109877655	False	True	False	mle	mle	lrt_mle	65465	3010	62455	ridge_seeded_refit;ridge_seeded_refit;inference=mle;ci=wald_mle	chr6-167181003-INV-209976	0.192095994393626	0.192095994393626	True	lrt_mle	lrt_mle	0.9015827916939885	False	True	wald_mle		0.737,1.065	0.7368766592135071	1.064625109877655	
High_risk_human_papillomavirus_HPV_DNA_test_positive	71629	1128	70501	-0.06705360550321701	0.935145071071043	0.650955819702929	True	lrt_mle	0.699,1.250	lrt_quadratic	two		True	0.6994001124064972	1.2503519636842766	False	True	False	mle	mle	lrt_mle	40387	1100	39287	sex_restricted_to_0;sex_forced_restriction_to_0;ridge_seeded_refit;ridge_seeded_refit;inference=mle;ci=profile	chr6-167181003-INV-209976	0.650955819702929	0.650955819702929	True	lrt_mle	lrt_mle	0.9333557003672052	False	True	lrt_quadratic		0.699,1.250	0.6994001124064972	1.2503519636842766	
Disorder_of_nervous_system	68931	2026	66905	0.147660820402009	1.159119679934185	0.15964039316973203	True	lrt_mle	0.946,1.421	wald_mle	two		True	0.9457037965840591	1.420696879153647	False	True	False	mle	mle	lrt_mle	68931	2026	66905	ridge_seeded_refit;ridge_seeded_refit;inference=mle;ci=wald_mle	chr6-167181003-INV-209976	0.15964039316973203	0.15964039316973203	True	lrt_mle	lrt_mle	0.9015827916939885	False	True	wald_mle		0.946,1.421	0.9457037965840591	1.420696879153647	
Pain_in_shoulder	73549	12198	61351	0.013161587243213	1.013248582177424	0.7843649787649081	True	lrt_mle	0.922,1.113	lrt_quadratic	two		True	0.9220915408147085	1.1134173168723014	False	True	False	mle	mle	lrt_mle	73549	12198	61351	ridge_seeded_refit;ridge_seeded_refit;inference=mle;ci=profile	chr6-167181003-INV-209976	0.7843649787649081	0.7843649787649081	True	lrt_mle	lrt_mle	0.9386492823214052	False	True	lrt_quadratic		0.922,1.113	0.9220915408147085	1.1134173168723014	
Flat_foot_pes_planus	63431	2080	61351	-0.033997817871764	0.9665736138227791	0.749122793809838	True	lrt_mle	0.785,1.190	lrt_quadratic	two		True	0.7847710192550411	1.1904931859299515	False	True	False	mle	mle	lrt_mle	63431	2080	61351	ridge_seeded_refit;ridge_seeded_refit;inference=mle;ci=profile	chr6-167181003-INV-209976	0.749122793809838	0.749122793809838	True	lrt_mle	lrt_mle	0.9333557003672052	False	True	lrt_quadratic		0.785,1.190	0.7847710192550411	1.1904931859299515	
Morbid_obesity	67801	9219	58582	-0.042776747591195007	0.9581252699659971	0.43350460488594206	True	lrt_mle	0.861,1.066	lrt_quadratic	two		True	0.8608588674141565	1.066381572748286	False	True	False	mle	mle	lrt_mle	67801	9219	58582	ridge_seeded_refit;ridge_seeded_refit;inference=mle;ci=profile	chr6-167181003-INV-209976	0.43350460488594206	0.43350460488594206	True	lrt_mle	lrt_mle	0.9224423393241438	False	True	lrt_quadratic		0.861,1.066	0.8608588674141565	1.066381572748286	
Skin_changes_due_to_chronic_exposure_to_nonionizing_radiation	61407	305	61102	-0.237708093442026	0.788432806212735	0.40715003100261504	True	lrt_mle	0.449,1.383	lrt_quadratic	two		True	0.44943487125687226	1.3831287460496176	False	True	False	mle	mle	lrt_mle	61407	305	61102	ridge_seeded_refit;ridge_seeded_refit;inference=mle;ci=profile	chr6-167181003-INV-209976	0.40715003100261504	0.40715003100261504	True	lrt_mle	lrt_mle	0.9224423393241438	False	True	lrt_quadratic		0.449,1.383	0.44943487125687226	1.3831287460496176	
Conjunctivitis	69437	4460	64977	-0.09790323922141701	0.9067366360522031	0.19105422122404903	True	lrt_mle	0.782,1.051	wald_mle	two		True	0.7821397545125081	1.051182122396665	False	True	False	mle	mle	lrt_mle	69437	4460	64977	ridge_seeded_refit;ridge_seeded_refit;inference=mle;ci=wald_mle	chr6-167181003-INV-209976	0.19105422122404903	0.19105422122404903	True	lrt_mle	lrt_mle	0.9015827916939885	False	True	wald_mle		0.782,1.051	0.7821397545125081	1.051182122396665	
Skin_changes_due_to_solar_radiation	61598	496	61102	0.129180119641437	1.137895062959159	0.543534475973734	True	lrt_mle	0.750,1.726	lrt_quadratic	two		True	0.7500565045996482	1.726276842299965	False	True	False	mle	mle	lrt_mle	61598	496	61102	ridge_seeded_refit;ridge_seeded_refit;inference=mle;ci=profile	chr6-167181003-INV-209976	0.543534475973734	0.543534475973734	True	lrt_mle	lrt_mle	0.9333557003672052	False	True	lrt_quadratic		0.750,1.726	0.7500565045996482	1.726276842299965	
Laryngitis_and_tracheitis	74446	913	73533	-0.23307029969015003	0.792097887330927	0.154348579081866	True	lrt_mle	0.571,1.099	wald_mle	two		True	0.5711180110385391	1.098580417684955	False	True	False	mle	mle	lrt_mle	74446	913	73533	ridge_seeded_refit;ridge_seeded_refit;inference=mle;ci=wald_mle	chr6-167181003-INV-209976	0.154348579081866	0.154348579081866	True	lrt_mle	lrt_mle	0.9015827916939885	False	True	wald_mle		0.571,1.099	0.5711180110385391	1.098580417684955	
Sensorineural_hearing_loss	67940	2963	64977	-0.149510952466547	0.8611290064814141	0.11335672552479902	True	lrt_mle	0.714,1.038	wald_mle	two		True	0.7142275554188711	1.038244968536361	False	True	False	mle	mle	lrt_mle	67940	2963	64977	ridge_seeded_refit;ridge_seeded_refit;inference=mle;ci=wald_mle	chr6-167181003-INV-209976	0.11335672552479902	0.11335672552479902	True	lrt_mle	lrt_mle	0.9015827916939885	False	True	wald_mle		0.714,1.038	0.7142275554188711	1.038244968536361	
Goiter	62921	4339	58582	0.005439315180045001	1.005454135112771	0.9431728292128331	True	lrt_mle	0.866,1.168	lrt_quadratic	two		True	0.8657852762658842	1.1676544352608134	False	True	False	mle	mle	lrt_mle	62921	4339	58582	ridge_seeded_refit;ridge_seeded_refit;inference=mle;ci=profile	chr6-167181003-INV-209976	0.9431728292128331	0.9431728292128331	True	lrt_mle	lrt_mle	0.9697218514992803	False	True	lrt_quadratic		0.866,1.168	0.8657852762658842	1.1676544352608134	
Alopecia_Areata	61344	242	61102	0.252435536426146	1.287156518771005	0.39275567834287706	True	lrt_mle	0.730,2.269	wald_mle	two		True	0.7301318743492871	2.269140633383869	False	True	False	mle	mle	lrt_mle	61344	242	61102	ridge_seeded_refit;ridge_seeded_refit;inference=mle;ci=wald_mle	chr6-167181003-INV-209976	0.39275567834287706	0.39275567834287706	True	lrt_mle	lrt_mle	0.9217218797308768	False	True	wald_mle		0.730,2.269	0.7301318743492871	2.269140633383869	
Urinary_incontinence_and_enuresis	74446	4999	69447	-0.005441639295259	0.9945731396045501	0.938887021072997	True	lrt_mle	0.865,1.143	lrt_quadratic	two		True	0.865410001948637	1.1430139792647829	False	True	False	mle	mle	lrt_mle	74446	4999	69447	ridge_seeded_refit;ridge_seeded_refit;inference=mle;ci=profile	chr6-167181003-INV-209976	0.938887021072997	0.938887021072997	True	lrt_mle	lrt_mle	0.9697218514992803	False	True	lrt_quadratic		0.865,1.143	0.865410001948637	1.1430139792647829	
Viral_infections	74446	18428	56018	0.012027392161473001	1.012100012093335	0.767486959026441	True	lrt_mle	0.935,1.096	lrt_quadratic	two		True	0.9345383801122743	1.0960988401099847	False	True	False	mle	mle	lrt_mle	74446	18428	56018	ridge_seeded_refit;ridge_seeded_refit;inference=mle;ci=profile	chr6-167181003-INV-209976	0.767486959026441	0.767486959026441	True	lrt_mle	lrt_mle	0.9333557003672052	False	True	lrt_quadratic		0.935,1.096	0.9345383801122743	1.0960988401099847	
Scar_conditions_and_fibrosis_of_skin	62341	1239	61102	-0.079023556181811	0.9240181578489951	0.570277996496486	True	lrt_mle	0.703,1.214	lrt_quadratic	two		True	0.7033663642395028	1.213890227687831	False	True	False	mle	mle	lrt_mle	62341	1239	61102	ridge_seeded_refit;ridge_seeded_refit;inference=mle;ci=profile	chr6-167181003-INV-209976	0.570277996496486	0.570277996496486	True	lrt_mle	lrt_mle	0.9333557003672052	False	True	lrt_quadratic		0.703,1.214	0.7033663642395028	1.213890227687831	
Abnormal_mammogram	66013	3558	62455	0.14426419312264901	1.155189261271697	0.087821306375815	True	lrt_mle	0.980,1.361	wald_mle	two		True	0.9801691718205371	1.361461131121741	False	True	False	mle	mle	lrt_mle	36423	3545	32878	sex_restricted_to_0;sex_majority_restricted_to_0;ridge_seeded_refit;ridge_seeded_refit;inference=mle;ci=wald_mle	chr6-167181003-INV-209976	0.087821306375815	0.087821306375815	True	lrt_mle	lrt_mle	0.9015827916939885	False	True	wald_mle		0.980,1.361	0.9801691718205371	1.361461131121741	
Lump_or_mass_in_breast_or_nonspecific_abnormal_breast_exam	70782	8327	62455	0.113391322540402	1.120070155898569	0.053603745418336006	True	lrt_mle	0.999,1.256	wald_mle	two		True	0.9987980827507731	1.256066842538875	False	True	False	mle	mle	lrt_mle	70782	8327	62455	ridge_seeded_refit;ridge_seeded_refit;inference=mle;ci=wald_mle	chr6-167181003-INV-209976	0.053603745418336006	0.053603745418336006	True	lrt_mle	lrt_mle	0.8677106289593141	False	True	wald_mle		0.999,1.256	0.9987980827507731	1.256066842538875	
Aphagia_and_dysphagia	74446	4547	69899	-0.026553992484469	0.9737954647796011	0.717662733590901	True	lrt_mle	0.843,1.125	lrt_quadratic	two		True	0.8432518133601924	1.1245485538259599	False	True	False	mle	mle	lrt_mle	74446	4547	69899	ridge_seeded_refit;ridge_seeded_refit;inference=mle;ci=profile	chr6-167181003-INV-209976	0.717662733590901	0.717662733590901	True	lrt_mle	lrt_mle	0.9333557003672052	False	True	lrt_quadratic		0.843,1.125	0.8432518133601924	1.1245485538259599	
Hypertrophic_conditions_of_skin	63876	2774	61102	0.029944684115876002	1.030397535026409	0.746104591121984	True	lrt_mle	0.860,1.235	lrt_quadratic	two		True	0.8595709425101173	1.2351733029598118	False	True	False	mle	mle	lrt_mle	63876	2774	61102	ridge_seeded_refit;ridge_seeded_refit;inference=mle;ci=profile	chr6-167181003-INV-209976	0.746104591121984	0.746104591121984	True	lrt_mle	lrt_mle	0.9333557003672052	False	True	lrt_quadratic		0.860,1.235	0.8595709425101173	1.2351733029598118	
Mild_cognitive_impairment	67590	685	66905	0.043978044250855004	1.044959411769866	0.8573202499860451	True	lrt_mle	0.647,1.688	lrt_quadratic	two		True	0.6469708219422742	1.68777344389088	False	True	False	mle	mle	lrt_mle	67590	685	66905	ridge_seeded_refit;ridge_seeded_refit;inference=mle;ci=profile	chr10-79542902-INV-674513	0.8573202499860451	0.8573202499860451	True	lrt_mle	lrt_mle	0.9697218514992803	False	True	lrt_quadratic		0.647,1.688	0.6469708219422742	1.68777344389088	
Acne	63749	2647	61102	-0.247910707968916	0.7804296263133691	0.050282864375919	True	lrt_mle	0.606,1.005	wald_mle	two		True	0.6061910926391111	1.004749837177545	False	True	False	mle	mle	lrt_mle	63749	2647	61102	ridge_seeded_refit;ridge_seeded_refit;inference=mle;ci=wald_mle	chr10-79542902-INV-674513	0.050282864375919	0.050282864375919	True	lrt_mle	lrt_mle	0.8677106289593141	False	True	wald_mle		0.606,1.005	0.6061910926391111	1.004749837177545	
Other_skin_and_subcutaneous_disorders	66053	4951	61102	0.011649206061275001	1.011717322305291	0.900140107058311	True	lrt_mle	0.843,1.214	lrt_quadratic	two		True	0.8434101092234519	1.2136111828147467	False	True	False	mle	mle	lrt_mle	66053	4951	61102	ridge_seeded_refit;ridge_seeded_refit;inference=mle;ci=profile	chr10-79542902-INV-674513	0.900140107058311	0.900140107058311	True	lrt_mle	lrt_mle	0.9697218514992803	False	True	lrt_quadratic		0.843,1.214	0.8434101092234519	1.2136111828147467	
Inflammation_of_the_eye	71216	6239	64977	-0.039749759538656004	0.9610298976297961	0.633586923264239	True	lrt_mle	0.816,1.132	lrt_quadratic	two		True	0.8161253964487758	1.1316624481447632	False	True	False	mle	mle	lrt_mle	71216	6239	64977	ridge_seeded_refit;ridge_seeded_refit;inference=mle;ci=profile	chr10-79542902-INV-674513	0.633586923264239	0.633586923264239	True	lrt_mle	lrt_mle	0.9333557003672052	False	True	lrt_quadratic		0.816,1.132	0.8161253964487758	1.1316624481447632	
Hearing_impairment	69560	4583	64977	-0.060369082488395	0.9414170089232881	0.540574198108009	True	lrt_mle	0.776,1.142	lrt_quadratic	two		True	0.7759076122968424	1.142231330952596	False	True	False	mle	mle	lrt_mle	69560	4583	64977	ridge_seeded_refit;ridge_seeded_refit;inference=mle;ci=profile	chr10-79542902-INV-674513	0.540574198108009	0.540574198108009	True	lrt_mle	lrt_mle	0.9333557003672052	False	True	lrt_quadratic		0.776,1.142	0.7759076122968424	1.142231330952596	
Abnormal_Papanicolaou_smear	73429	2928	70501	-0.010911708845322	0.9891476079045651	0.9257515303193591	True	lrt_mle	0.786,1.244	lrt_quadratic	two		True	0.7863113482117573	1.2443073503243323	False	True	False	mle	mle	lrt_mle	73429	2928	70501	ridge_seeded_refit;ridge_seeded_refit;inference=mle;ci=profile	chr10-79542902-INV-674513	0.9257515303193591	0.9257515303193591	True	lrt_mle	lrt_mle	0.9697218514992803	False	True	lrt_quadratic		0.786,1.244	0.7863113482117573	1.2443073503243323	
Rosacea	61398	296	61102	-0.28249296115939804	0.75390194853629	0.43089745650100003	True	lrt_mle	0.373,1.523	lrt_quadratic	two		True	0.3732773263700214	1.522643107027091	False	True	False	mle	mle	lrt_mle	61398	296	61102	ridge_seeded_refit;ridge_seeded_refit;inference=mle;ci=profile	chr10-79542902-INV-674513	0.43089745650100003	0.43089745650100003	True	lrt_mle	lrt_mle	0.9224423393241438	False	True	lrt_quadratic		0.373,1.523	0.3732773263700214	1.522643107027091	
Epidermal_thickening	66181	5079	61102	0.008554837916613	1.008591535114049	0.9269957579753441	True	lrt_mle	0.840,1.211	lrt_quadratic	two		True	0.8399252386021553	1.211127893235693	False	True	False	mle	mle	lrt_mle	66181	5079	61102	ridge_seeded_refit;ridge_seeded_refit;inference=mle;ci=profile	chr10-79542902-INV-674513	0.9269957579753441	0.9269957579753441	True	lrt_mle	lrt_mle	0.9697218514992803	False	True	lrt_quadratic		0.840,1.211	0.8399252386021553	1.211127893235693	
Abnormal_cytological_findings_in_specimens_from_genital_organs	74446	3945	70501	0.030527653250979003	1.030998400112099	0.7641026453230021	True	lrt_mle	0.845,1.258	lrt_quadratic	two		True	0.8446346637655057	1.2584822132386617	False	True	False	mle	mle	lrt_mle	74446	3945	70501	ridge_seeded_refit;ridge_seeded_refit;inference=mle;ci=profile	chr10-79542902-INV-674513	0.7641026453230021	0.7641026453230021	True	lrt_mle	lrt_mle	0.9333557003672052	False	True	lrt_quadratic		0.845,1.258	0.8446346637655057	1.2584822132386617	
Multinodular_goiter	60548	1966	58582	-0.025340831398768002	0.9749775524292931	0.8633455624682811	True	lrt_mle	0.731,1.301	lrt_quadratic	two		True	0.7305870591563219	1.301119717120016	False	True	False	mle	mle	lrt_mle	60548	1966	58582	ridge_seeded_refit;ridge_seeded_refit;inference=mle;ci=profile	chr10-79542902-INV-674513	0.8633455624682811	0.8633455624682811	True	lrt_mle	lrt_mle	0.9697218514992803	False	True	lrt_quadratic		0.731,1.301	0.7305870591563219	1.301119717120016	
Pure_hypercholesterolemia	65387	6805	58582	-0.008385217613203001	0.9916498402662571	0.9199702117322621	True	lrt_mle	0.842,1.168	lrt_quadratic	two		True	0.8420114890799576	1.1678812206880869	False	True	False	mle	mle	lrt_mle	65387	6805	58582	ridge_seeded_refit;ridge_seeded_refit;inference=mle;ci=profile	chr10-79542902-INV-674513	0.9199702117322621	0.9199702117322621	True	lrt_mle	lrt_mle	0.9697218514992803	False	True	lrt_quadratic		0.842,1.168	0.8420114890799576	1.1678812206880869	
Benign_sarcoma_related_cancers	66484	4029	62455	0.006821384423774001	1.006844703058139	0.9472572526228491	True	lrt_mle	0.823,1.232	lrt_quadratic	two		True	0.8225997080299807	1.2323566932742989	False	True	False	mle	mle	lrt_mle	66484	4029	62455	ridge_seeded_refit;ridge_seeded_refit;inference=mle;ci=profile	chr10-79542902-INV-674513	0.9472572526228491	0.9472572526228491	True	lrt_mle	lrt_mle	0.9697218514992803	False	True	lrt_quadratic		0.823,1.232	0.8225997080299807	1.2323566932742989	
Melanocytic_nevi	63655	1200	62455	0.07693828482951201	1.079975423468491	0.66229086574711	True	lrt_mle	0.765,1.525	lrt_quadratic	two		True	0.7646562995829201	1.5253217895832774	False	True	False	mle	mle	lrt_mle	63655	1200	62455	ridge_seeded_refit;ridge_seeded_refit;inference=mle;ci=profile	chr10-79542902-INV-674513	0.66229086574711	0.66229086574711	True	lrt_mle	lrt_mle	0.9333557003672052	False	True	lrt_quadratic		0.765,1.525	0.7646562995829201	1.5253217895832774	
Migraine	72594	5689	66905	0.026789967781219	1.027152045083196	0.7544443279844331	True	lrt_mle	0.868,1.215	lrt_quadratic	two		True	0.8684191859778243	1.2148986811370763	False	True	False	mle	mle	lrt_mle	72594	5689	66905	ridge_seeded_refit;ridge_seeded_refit;inference=mle;ci=profile	chr10-79542902-INV-674513	0.7544443279844331	0.7544443279844331	True	lrt_mle	lrt_mle	0.9333557003672052	False	True	lrt_quadratic		0.868,1.215	0.8684191859778243	1.2148986811370763	
Diastolic_heart_failure	74446	2684	71762	0.13563283207200902	1.145261313164402	0.277089548662317	True	lrt_mle	0.899,1.459	wald_mle	two		True	0.8987815099251101	1.459335178735863	False	True	False	mle	mle	lrt_mle	74446	2684	71762	ridge_seeded_refit;ridge_seeded_refit;inference=mle;ci=wald_mle	chr10-79542902-INV-674513	0.277089548662317	0.277089548662317	True	lrt_mle	lrt_mle	0.9101667937253499	False	True	wald_mle		0.899,1.459	0.8987815099251101	1.459335178735863	
Other_follicular_disorders	68035	6933	61102	-0.060374137735284	0.9414122498399121	0.44875573264417806	True	lrt_mle	0.805,1.101	lrt_quadratic	two		True	0.8052611002813526	1.100583430441375	False	True	False	mle	mle	lrt_mle	68035	6933	61102	ridge_seeded_refit;ridge_seeded_refit;inference=mle;ci=profile	chr10-79542902-INV-674513	0.44875573264417806	0.44875573264417806	True	lrt_mle	lrt_mle	0.9224423393241438	False	True	lrt_quadratic		0.805,1.101	0.8052611002813526	1.100583430441375	
Uninodular_goiter_single_thyroid_nodule	61102	2520	58582	0.13436351325305101	1.143808533642227	0.289429202759106	True	lrt_mle	0.894,1.463	wald_mle	two		True	0.8939783743970411	1.463455939317532	False	True	False	mle	mle	lrt_mle	61102	2520	58582	ridge_seeded_refit;ridge_seeded_refit;inference=mle;ci=wald_mle	chr10-79542902-INV-674513	0.289429202759106	0.289429202759106	True	lrt_mle	lrt_mle	0.9101667937253499	False	True	wald_mle		0.894,1.463	0.8939783743970411	1.463455939317532	
Benign_neoplasm_of_the_skin	65465	3010	62455	0.09125269402338501	1.09554580816184	0.43047230554923804	True	lrt_mle	0.873,1.375	lrt_quadratic	two		True	0.8731862696419842	1.3745298792582734	False	True	False	mle	mle	lrt_mle	65465	3010	62455	ridge_seeded_refit;ridge_seeded_refit;inference=mle;ci=profile	chr10-79542902-INV-674513	0.43047230554923804	0.43047230554923804	True	lrt_mle	lrt_mle	0.9224423393241438	False	True	lrt_quadratic		0.873,1.375	0.8731862696419842	1.3745298792582734	
High_risk_human_papillomavirus_HPV_DNA_test_positive	71629	1128	70501	0.23384114087781402	1.263443766696951	0.19323508337177	True	lrt_mle	0.894,1.786	wald_mle	two		True	0.8936913768627051	1.786176070322108	False	True	False	mle	mle	lrt_mle	40387	1100	39287	sex_restricted_to_0;sex_forced_restriction_to_0;ridge_seeded_refit;ridge_seeded_refit;inference=mle;ci=wald_mle	chr10-79542902-INV-674513	0.19323508337177	0.19323508337177	True	lrt_mle	lrt_mle	0.9015827916939885	False	True	wald_mle		0.894,1.786	0.8936913768627051	1.786176070322108	
Disorder_of_nervous_system	68931	2026	66905	0.067631537307138	1.069970991444885	0.628302191325539	True	lrt_mle	0.814,1.407	lrt_quadratic	two		True	0.8136894430823198	1.406971581438755	False	True	False	mle	mle	lrt_mle	68931	2026	66905	ridge_seeded_refit;ridge_seeded_refit;inference=mle;ci=profile	chr10-79542902-INV-674513	0.628302191325539	0.628302191325539	True	lrt_mle	lrt_mle	0.9333557003672052	False	True	lrt_quadratic		0.814,1.407	0.8136894430823198	1.406971581438755	
Pain_in_shoulder	73549	12198	61351	0.005068382451797001	1.005081248429517	0.936300066909007	True	lrt_mle	0.888,1.138	lrt_quadratic	two		True	0.8876059296477578	1.1381045148555118	False	True	False	mle	mle	lrt_mle	73549	12198	61351	ridge_seeded_refit;ridge_seeded_refit;inference=mle;ci=profile	chr10-79542902-INV-674513	0.936300066909007	0.936300066909007	True	lrt_mle	lrt_mle	0.9697218514992803	False	True	lrt_quadratic		0.888,1.138	0.8876059296477578	1.1381045148555118	
Flat_foot_pes_planus	63431	2080	61351	-0.023375681715482002	0.976895413082087	0.870205905579244	True	lrt_mle	0.738,1.293	lrt_quadratic	two		True	0.7380309626436835	1.293068578969043	False	True	False	mle	mle	lrt_mle	63431	2080	61351	ridge_seeded_refit;ridge_seeded_refit;inference=mle;ci=profile	chr10-79542902-INV-674513	0.870205905579244	0.870205905579244	True	lrt_mle	lrt_mle	0.9697218514992803	False	True	lrt_quadratic		0.738,1.293	0.7380309626436835	1.293068578969043	
Morbid_obesity	67801	9219	58582	-0.04441511025769	0.9565567985072451	0.53497116059988	True	lrt_mle	0.831,1.101	lrt_quadratic	two		True	0.8313344883506248	1.1006411036618993	False	True	False	mle	mle	lrt_mle	67801	9219	58582	ridge_seeded_refit;ridge_seeded_refit;inference=mle;ci=profile	chr10-79542902-INV-674513	0.53497116059988	0.53497116059988	True	lrt_mle	lrt_mle	0.9333557003672052	False	True	lrt_quadratic		0.831,1.101	0.8313344883506248	1.1006411036618993	
Skin_changes_due_to_chronic_exposure_to_nonionizing_radiation	61407	305	61102	0.132455419304454	1.141628120379049	0.703731996199735	True	lrt_mle	0.577,2.259	lrt_quadratic	two		True	0.5768306203555592	2.2594410200291284	False	True	False	mle	mle	lrt_mle	61407	305	61102	ridge_seeded_refit;ridge_seeded_refit;inference=mle;ci=profile	chr10-79542902-INV-674513	0.703731996199735	0.703731996199735	True	lrt_mle	lrt_mle	0.9333557003672052	False	True	lrt_quadratic		0.577,2.259	0.5768306203555592	2.2594410200291284	
Conjunctivitis	69437	4460	64977	-0.041045351352976	0.9597856013851761	0.670884232380441	True	lrt_mle	0.794,1.160	lrt_quadratic	two		True	0.7942456871795746	1.1598280173198225	False	True	False	mle	mle	lrt_mle	69437	4460	64977	ridge_seeded_refit;ridge_seeded_refit;inference=mle;ci=profile	chr10-79542902-INV-674513	0.670884232380441	0.670884232380441	True	lrt_mle	lrt_mle	0.9333557003672052	False	True	lrt_quadratic		0.794,1.160	0.7942456871795746	1.1598280173198225	
Skin_changes_due_to_solar_radiation	61598	496	61102	-0.212703382657456	0.80839588589732	0.459653391052447	True	lrt_mle	0.460,1.421	lrt_quadratic	two		True	0.4600071681548917	1.4206385325623203	False	True	False	mle	mle	lrt_mle	61598	496	61102	ridge_seeded_refit;ridge_seeded_refit;inference=mle;ci=profile	chr10-79542902-INV-674513	0.459653391052447	0.459653391052447	True	lrt_mle	lrt_mle	0.9224446251393799	False	True	lrt_quadratic		0.460,1.421	0.4600071681548917	1.4206385325623203	
Laryngitis_and_tracheitis	74446	913	73533	0.013876621620851001	1.013973348832431	0.94664106423252	True	lrt_mle	0.675,1.522	lrt_quadratic	two		True	0.6753588139179281	1.5223640099963183	False	True	False	mle	mle	lrt_mle	74446	913	73533	ridge_seeded_refit;ridge_seeded_refit;inference=mle;ci=profile	chr10-79542902-INV-674513	0.94664106423252	0.94664106423252	True	lrt_mle	lrt_mle	0.9697218514992803	False	True	lrt_quadratic		0.675,1.522	0.6753588139179281	1.5223640099963183	
Sensorineural_hearing_loss	67940	2963	64977	0.00722859214944	1.007254781487656	0.952313949700995	True	lrt_mle	0.795,1.277	lrt_quadratic	two		True	0.79478316008901	1.2765270400496667	False	True	False	mle	mle	lrt_mle	67940	2963	64977	ridge_seeded_refit;ridge_seeded_refit;inference=mle;ci=profile	chr10-79542902-INV-674513	0.952313949700995	0.952313949700995	True	lrt_mle	lrt_mle	0.9703790151926295	False	True	lrt_quadratic		0.795,1.277	0.79478316008901	1.2765270400496667	
Goiter	62921	4339	58582	0.030700826022524004	1.031176956422603	0.759145150419349	True	lrt_mle	0.847,1.255	lrt_quadratic	two		True	0.8474238613421136	1.2547745749959578	False	True	False	mle	mle	lrt_mle	62921	4339	58582	ridge_seeded_refit;ridge_seeded_refit;inference=mle;ci=profile	chr10-79542902-INV-674513	0.759145150419349	0.759145150419349	True	lrt_mle	lrt_mle	0.9333557003672052	False	True	lrt_quadratic		0.847,1.255	0.8474238613421136	1.2547745749959578	
Alopecia_Areata	61344	242	61102	0.13895826112637	1.14907613785896	0.7189205165818281	True	lrt_mle	0.539,2.449	lrt_quadratic	two		True	0.5391374993160706	2.4490523702614677	False	True	False	mle	mle	lrt_mle	61344	242	61102	ridge_seeded_refit;ridge_seeded_refit;inference=mle;ci=profile	chr10-79542902-INV-674513	0.7189205165818281	0.7189205165818281	True	lrt_mle	lrt_mle	0.9333557003672052	False	True	lrt_quadratic		0.539,2.449	0.5391374993160706	2.4490523702614677	
Urinary_incontinence_and_enuresis	74446	4999	69447	0.058217566991075005	1.059945579796134	0.530215349994	True	lrt_mle	0.884,1.271	lrt_quadratic	two		True	0.8837592086116913	1.271256492924425	False	True	False	mle	mle	lrt_mle	74446	4999	69447	ridge_seeded_refit;ridge_seeded_refit;inference=mle;ci=profile	chr10-79542902-INV-674513	0.530215349994	0.530215349994	True	lrt_mle	lrt_mle	0.9333557003672052	False	True	lrt_quadratic		0.884,1.271	0.8837592086116913	1.271256492924425	
Viral_infections	74446	18428	56018	-0.004494002261543	0.9955160806567461	0.9324771223589571	True	lrt_mle	0.897,1.105	lrt_quadratic	two		True	0.8972234187573399	1.104576904845822	False	True	False	mle	mle	lrt_mle	74446	18428	56018	ridge_seeded_refit;ridge_seeded_refit;inference=mle;ci=profile	chr10-79542902-INV-674513	0.9324771223589571	0.9324771223589571	True	lrt_mle	lrt_mle	0.9697218514992803	False	True	lrt_quadratic		0.897,1.105	0.8972234187573399	1.104576904845822	
Scar_conditions_and_fibrosis_of_skin	62341	1239	61102	0.230939956116288	1.2597835948785852	0.18061126301663402	True	lrt_mle	0.904,1.756	wald_mle	two		True	0.9035401737459221	1.756484937847926	False	True	False	mle	mle	lrt_mle	62341	1239	61102	ridge_seeded_refit;ridge_seeded_refit;inference=mle;ci=wald_mle	chr10-79542902-INV-674513	0.18061126301663402	0.18061126301663402	True	lrt_mle	lrt_mle	0.9015827916939885	False	True	wald_mle		0.904,1.756	0.9035401737459221	1.756484937847926	
Abnormal_mammogram	66013	3558	62455	-0.097877619735917	0.906759866475877	0.398582434478217	True	lrt_mle	0.722,1.139	wald_mle	two		True	0.7215638900050261	1.139488085310953	False	True	False	mle	mle	lrt_mle	36423	3545	32878	sex_restricted_to_0;sex_majority_restricted_to_0;ridge_seeded_refit;ridge_seeded_refit;inference=mle;ci=wald_mle	chr10-79542902-INV-674513	0.398582434478217	0.398582434478217	True	lrt_mle	lrt_mle	0.9217218797308768	False	True	wald_mle		0.722,1.139	0.7215638900050261	1.139488085310953	
Lump_or_mass_in_breast_or_nonspecific_abnormal_breast_exam	70782	8327	62455	0.085648828553293	1.089423686630535	0.27201152123870403	True	lrt_mle	0.936,1.269	wald_mle	two		True	0.93551605921974	1.268651625266106	False	True	False	mle	mle	lrt_mle	70782	8327	62455	ridge_seeded_refit;ridge_seeded_refit;inference=mle;ci=wald_mle	chr10-79542902-INV-674513	0.27201152123870403	0.27201152123870403	True	lrt_mle	lrt_mle	0.9101667937253499	False	True	wald_mle		0.936,1.269	0.93551605921974	1.268651625266106	
Aphagia_and_dysphagia	74446	4547	69899	0.046719730369808005	1.047828293473479	0.626529880274412	True	lrt_mle	0.868,1.265	lrt_quadratic	two		True	0.8680942490479701	1.2647752635242642	False	True	False	mle	mle	lrt_mle	74446	4547	69899	ridge_seeded_refit;ridge_seeded_refit;inference=mle;ci=profile	chr10-79542902-INV-674513	0.626529880274412	0.626529880274412	True	lrt_mle	lrt_mle	0.9333557003672052	False	True	lrt_quadratic		0.868,1.265	0.8680942490479701	1.2647752635242642	
Hypertrophic_conditions_of_skin	63876	2774	61102	0.03949685457081	1.040287226730003	0.743829796446684	True	lrt_mle	0.821,1.318	lrt_quadratic	two		True	0.8208676188734558	1.3183581483976539	False	True	False	mle	mle	lrt_mle	63876	2774	61102	ridge_seeded_refit;ridge_seeded_refit;inference=mle;ci=profile	chr10-79542902-INV-674513	0.743829796446684	0.743829796446684	True	lrt_mle	lrt_mle	0.9333557003672052	False	True	lrt_quadratic		0.821,1.318	0.8208676188734558	1.3183581483976539	
Mild_cognitive_impairment	67590	685	66905	-0.262546363277473	0.769090705976153	0.15292932060984601	True	lrt_mle	0.533,1.110	wald_mle	two		True	0.532833820859643	1.110103170749569	False	True	False	mle	mle	lrt_mle	67590	685	66905	ridge_seeded_refit;ridge_seeded_refit;inference=mle;ci=wald_mle	chr6-141867315-INV-29159	0.15292932060984601	0.15292932060984601	True	lrt_mle	lrt_mle	0.9015827916939885	False	True	wald_mle		0.533,1.110	0.532833820859643	1.110103170749569	
Acne	63749	2647	61102	0.11635033152431601	1.123389361910852	0.19639698124041302	True	lrt_mle	0.943,1.338	wald_mle	two		True	0.942865095465348	1.338477439162824	False	True	False	mle	mle	lrt_mle	63749	2647	61102	ridge_seeded_refit;ridge_seeded_refit;inference=mle;ci=wald_mle	chr6-141867315-INV-29159	0.19639698124041302	0.19639698124041302	True	lrt_mle	lrt_mle	0.9015827916939885	False	True	wald_mle		0.943,1.338	0.942865095465348	1.338477439162824	
Other_skin_and_subcutaneous_disorders	66053	4951	61102	-0.077856285346994	0.9250973670376621	0.26143672336963003	True	lrt_mle	0.807,1.060	wald_mle	two		True	0.8070367211982531	1.060428994147072	False	True	False	mle	mle	lrt_mle	66053	4951	61102	ridge_seeded_refit;ridge_seeded_refit;inference=mle;ci=wald_mle	chr6-141867315-INV-29159	0.26143672336963003	0.26143672336963003	True	lrt_mle	lrt_mle	0.9101667937253499	False	True	wald_mle		0.807,1.060	0.8070367211982531	1.060428994147072	
Inflammation_of_the_eye	71216	6239	64977	0.026878881374548	1.02724337692268	0.658210041147491	True	lrt_mle	0.912,1.157	lrt_quadratic	two		True	0.9119169103634687	1.1571547181978705	False	True	False	mle	mle	lrt_mle	71216	6239	64977	ridge_seeded_refit;ridge_seeded_refit;inference=mle;ci=profile	chr6-141867315-INV-29159	0.658210041147491	0.658210041147491	True	lrt_mle	lrt_mle	0.9333557003672052	False	True	lrt_quadratic		0.912,1.157	0.9119169103634687	1.1571547181978705	
Hearing_impairment	69560	4583	64977	-0.030449105003834003	0.9700097994559471	0.6744558031116761	True	lrt_mle	0.842,1.118	lrt_quadratic	two		True	0.8415342316187245	1.1180995088348014	False	True	False	mle	mle	lrt_mle	69560	4583	64977	ridge_seeded_refit;ridge_seeded_refit;inference=mle;ci=profile	chr6-141867315-INV-29159	0.6744558031116761	0.6744558031116761	True	lrt_mle	lrt_mle	0.9333557003672052	False	True	lrt_quadratic		0.842,1.118	0.8415342316187245	1.1180995088348014	
Abnormal_Papanicolaou_smear	73429	2928	70501	0.043634039345031	1.044600002428663	0.616783242622369	True	lrt_mle	0.880,1.239	lrt_quadratic	two		True	0.8804989233133654	1.2392850646174094	False	True	False	mle	mle	lrt_mle	73429	2928	70501	ridge_seeded_refit;ridge_seeded_refit;inference=mle;ci=profile	chr6-141867315-INV-29159	0.616783242622369	0.616783242622369	True	lrt_mle	lrt_mle	0.9333557003672052	False	True	lrt_quadratic		0.880,1.239	0.8804989233133654	1.2392850646174094	
Rosacea	61398	296	61102	0.081402596976132	1.084807548902281	0.76415314897215	True	lrt_mle	0.637,1.846	lrt_quadratic	two		True	0.637397280541349	1.8462699074522215	False	True	False	mle	mle	lrt_mle	61398	296	61102	ridge_seeded_refit;ridge_seeded_refit;inference=mle;ci=profile	chr6-141867315-INV-29159	0.76415314897215	0.76415314897215	True	lrt_mle	lrt_mle	0.9333557003672052	False	True	lrt_quadratic		0.637,1.846	0.637397280541349	1.8462699074522215	
Epidermal_thickening	66181	5079	61102	0.073939263834999	1.076741406366474	0.26617582332543704	True	lrt_mle	0.946,1.226	wald_mle	two		True	0.945701497364922	1.22593869145232	False	True	False	mle	mle	lrt_mle	66181	5079	61102	ridge_seeded_refit;ridge_seeded_refit;inference=mle;ci=wald_mle	chr6-141867315-INV-29159	0.26617582332543704	0.26617582332543704	True	lrt_mle	lrt_mle	0.9101667937253499	False	True	wald_mle		0.946,1.226	0.945701497364922	1.22593869145232	
Abnormal_cytological_findings_in_specimens_from_genital_organs	74446	3945	70501	-0.014403322370012002	0.9856999092571831	0.850557917456597	True	lrt_mle	0.849,1.145	lrt_quadratic	two		True	0.8485393731772064	1.1450314998013804	False	True	False	mle	mle	lrt_mle	74446	3945	70501	ridge_seeded_refit;ridge_seeded_refit;inference=mle;ci=profile	chr6-141867315-INV-29159	0.850557917456597	0.850557917456597	True	lrt_mle	lrt_mle	0.9697218514992803	False	True	lrt_quadratic		0.849,1.145	0.8485393731772064	1.1450314998013804	
Multinodular_goiter	60548	1966	58582	0.054303071164816	1.055804537582053	0.6088560957153001	True	lrt_mle	0.858,1.300	lrt_quadratic	two		True	0.8575368846648157	1.2999128568266343	False	True	False	mle	mle	lrt_mle	60548	1966	58582	ridge_seeded_refit;ridge_seeded_refit;inference=mle;ci=profile	chr6-141867315-INV-29159	0.6088560957153001	0.6088560957153001	True	lrt_mle	lrt_mle	0.9333557003672052	False	True	lrt_quadratic		0.858,1.300	0.8575368846648157	1.2999128568266343	
Pure_hypercholesterolemia	65387	6805	58582	-0.108695470031372	0.897003540369082	0.080185686343583	True	lrt_mle	0.794,1.014	wald_mle	two		True	0.793629101109207	1.013843053776764	False	True	False	mle	mle	lrt_mle	65387	6805	58582	ridge_seeded_refit;ridge_seeded_refit;inference=mle;ci=wald_mle	chr6-141867315-INV-29159	0.080185686343583	0.080185686343583	True	lrt_mle	lrt_mle	0.9015827916939885	False	True	wald_mle		0.794,1.014	0.793629101109207	1.013843053776764	
Benign_sarcoma_related_cancers	66484	4029	62455	0.047864336594378006	1.049028330914616	0.5250885745379671	True	lrt_mle	0.905,1.216	lrt_quadratic	two		True	0.9050631681534117	1.2158935174732164	False	True	False	mle	mle	lrt_mle	66484	4029	62455	ridge_seeded_refit;ridge_seeded_refit;inference=mle;ci=profile	chr6-141867315-INV-29159	0.5250885745379671	0.5250885745379671	True	lrt_mle	lrt_mle	0.9333557003672052	False	True	lrt_quadratic		0.905,1.216	0.9050631681534117	1.2158935174732164	
Melanocytic_nevi	63655	1200	62455	0.14316013344158202	1.153914567182982	0.290037931025022	True	lrt_mle	0.887,1.501	wald_mle	two		True	0.887376932963121	1.500510976672441	False	True	False	mle	mle	lrt_mle	63655	1200	62455	ridge_seeded_refit;ridge_seeded_refit;inference=mle;ci=wald_mle	chr6-141867315-INV-29159	0.290037931025022	0.290037931025022	True	lrt_mle	lrt_mle	0.9101667937253499	False	True	wald_mle		0.887,1.501	0.887376932963121	1.500510976672441	
Migraine	72594	5689	66905	-0.00588011661011	0.9941371374403891	0.926780336678055	True	lrt_mle	0.877,1.127	lrt_quadratic	two		True	0.8769624867785216	1.1269679865882007	False	True	False	mle	mle	lrt_mle	72594	5689	66905	ridge_seeded_refit;ridge_seeded_refit;inference=mle;ci=profile	chr6-141867315-INV-29159	0.926780336678055	0.926780336678055	True	lrt_mle	lrt_mle	0.9697218514992803	False	True	lrt_quadratic		0.877,1.127	0.8769624867785216	1.1269679865882007	
Diastolic_heart_failure	74446	2684	71762	0.044991041668081	1.046018489285924	0.6154935865276361	True	lrt_mle	0.878,1.247	lrt_quadratic	two		True	0.8775849856395901	1.2467791699177477	False	True	False	mle	mle	lrt_mle	74446	2684	71762	ridge_seeded_refit;ridge_seeded_refit;inference=mle;ci=profile	chr6-141867315-INV-29159	0.6154935865276361	0.6154935865276361	True	lrt_mle	lrt_mle	0.9333557003672052	False	True	lrt_quadratic		0.878,1.247	0.8775849856395901	1.2467791699177477	
Other_follicular_disorders	68035	6933	61102	0.05279413933858101	1.054212601876292	0.361219113227489	True	lrt_mle	0.942,1.180	wald_mle	two		True	0.9415830317129381	1.180314611163898	False	True	False	mle	mle	lrt_mle	68035	6933	61102	ridge_seeded_refit;ridge_seeded_refit;inference=mle;ci=wald_mle	chr6-141867315-INV-29159	0.361219113227489	0.361219113227489	True	lrt_mle	lrt_mle	0.9127042866512731	False	True	wald_mle		0.942,1.180	0.9415830317129381	1.180314611163898	
Uninodular_goiter_single_thyroid_nodule	61102	2520	58582	0.09073614984094101	1.094980056478482	0.331568022775994	True	lrt_mle	0.913,1.314	wald_mle	two		True	0.912655042061945	1.313728921473751	False	True	False	mle	mle	lrt_mle	61102	2520	58582	ridge_seeded_refit;ridge_seeded_refit;inference=mle;ci=wald_mle	chr6-141867315-INV-29159	0.331568022775994	0.331568022775994	True	lrt_mle	lrt_mle	0.9127042866512731	False	True	wald_mle		0.913,1.314	0.912655042061945	1.313728921473751	
Benign_neoplasm_of_the_skin	65465	3010	62455	0.117563022189513	1.124752512076108	0.17703586443141	True	lrt_mle	0.949,1.332	wald_mle	two		True	0.9494231495794501	1.332459835197699	False	True	False	mle	mle	lrt_mle	65465	3010	62455	ridge_seeded_refit;ridge_seeded_refit;inference=mle;ci=wald_mle	chr6-141867315-INV-29159	0.17703586443141	0.17703586443141	True	lrt_mle	lrt_mle	0.9015827916939885	False	True	wald_mle		0.949,1.332	0.9494231495794501	1.332459835197699	
High_risk_human_papillomavirus_HPV_DNA_test_positive	71629	1128	70501	0.09621819206069601	1.1009992670867321	0.490670834628173	True	lrt_mle	0.837,1.447	lrt_quadratic	two		True	0.8374508470335642	1.4474872052722856	False	True	False	mle	mle	lrt_mle	40387	1100	39287	sex_restricted_to_0;sex_forced_restriction_to_0;ridge_seeded_refit;ridge_seeded_refit;inference=mle;ci=profile	chr6-141867315-INV-29159	0.490670834628173	0.490670834628173	True	lrt_mle	lrt_mle	0.9333557003672052	False	True	lrt_quadratic		0.837,1.447	0.8374508470335642	1.4474872052722856	
Disorder_of_nervous_system	68931	2026	66905	-0.034721162487814004	0.9658747008111611	0.738499371468266	True	lrt_mle	0.788,1.184	lrt_quadratic	two		True	0.7877557100602797	1.184268074166881	False	True	False	mle	mle	lrt_mle	68931	2026	66905	ridge_seeded_refit;ridge_seeded_refit;inference=mle;ci=profile	chr6-141867315-INV-29159	0.738499371468266	0.738499371468266	True	lrt_mle	lrt_mle	0.9333557003672052	False	True	lrt_quadratic		0.788,1.184	0.7877557100602797	1.184268074166881	
Pain_in_shoulder	73549	12198	61351	-0.011814661740584001	0.9882548573246831	0.7991345198692821	True	lrt_mle	0.902,1.082	lrt_quadratic	two		True	0.9022949604336468	1.0824039874460245	False	True	False	mle	mle	lrt_mle	73549	12198	61351	ridge_seeded_refit;ridge_seeded_refit;inference=mle;ci=profile	chr6-141867315-INV-29159	0.7991345198692821	0.7991345198692821	True	lrt_mle	lrt_mle	0.9386492823214052	False	True	lrt_quadratic		0.902,1.082	0.9022949604336468	1.0824039874460245	
Flat_foot_pes_planus	63431	2080	61351	0.030229801728880002	1.030691361397587	0.764878974366891	True	lrt_mle	0.845,1.257	lrt_quadratic	two		True	0.8454591420484356	1.2565062338621593	False	True	False	mle	mle	lrt_mle	63431	2080	61351	ridge_seeded_refit;ridge_seeded_refit;inference=mle;ci=profile	chr6-141867315-INV-29159	0.764878974366891	0.764878974366891	True	lrt_mle	lrt_mle	0.9333557003672052	False	True	lrt_quadratic		0.845,1.257	0.8454591420484356	1.2565062338621593	
Morbid_obesity	67801	9219	58582	0.04227817655371301	1.043184627897223	0.415001684008504	True	lrt_mle	0.943,1.155	wald_mle	two		True	0.9425432748724861	1.154572099650588	False	True	False	mle	mle	lrt_mle	67801	9219	58582	ridge_seeded_refit;ridge_seeded_refit;inference=mle;ci=wald_mle	chr6-141867315-INV-29159	0.415001684008504	0.415001684008504	True	lrt_mle	lrt_mle	0.9224423393241438	False	True	wald_mle		0.943,1.155	0.9425432748724861	1.154572099650588	
Skin_changes_due_to_chronic_exposure_to_nonionizing_radiation	61407	305	61102	0.136267460122616	1.145988358796385	0.601046384474725	True	lrt_mle	0.688,1.910	lrt_quadratic	two		True	0.6876318609332375	1.9098726994913633	False	True	False	mle	mle	lrt_mle	61407	305	61102	ridge_seeded_refit;ridge_seeded_refit;inference=mle;ci=profile	chr6-141867315-INV-29159	0.601046384474725	0.601046384474725	True	lrt_mle	lrt_mle	0.9333557003672052	False	True	lrt_quadratic		0.688,1.910	0.6876318609332375	1.9098726994913633	
Conjunctivitis	69437	4460	64977	-0.022336786748394	0.9779108321756741	0.7541138551769071	True	lrt_mle	0.850,1.125	lrt_quadratic	two		True	0.850348767382148	1.1246086692529451	False	True	False	mle	mle	lrt_mle	69437	4460	64977	ridge_seeded_refit;ridge_seeded_refit;inference=mle;ci=profile	chr6-141867315-INV-29159	0.7541138551769071	0.7541138551769071	True	lrt_mle	lrt_mle	0.9333557003672052	False	True	lrt_quadratic		0.850,1.125	0.850348767382148	1.1246086692529451	
Skin_changes_due_to_solar_radiation	61598	496	61102	0.186448288714212	1.204962310324207	0.361533296960302	True	lrt_mle	0.812,1.789	wald_mle	two		True	0.8115544162006051	1.789078021532142	False	True	False	mle	mle	lrt_mle	61598	496	61102	ridge_seeded_refit;ridge_seeded_refit;inference=mle;ci=wald_mle	chr6-141867315-INV-29159	0.361533296960302	0.361533296960302	True	lrt_mle	lrt_mle	0.9127042866512731	False	True	wald_mle		0.812,1.789	0.8115544162006051	1.789078021532142	
Laryngitis_and_tracheitis	74446	913	73533	-0.652471450222724	0.520757159642213	9.518806679579463e-05	True	lrt_mle	0.369,0.735	wald_mle	two		True	0.368985413753869	0.734955933785287	False	True	False	mle	mle	lrt_mle	74446	913	73533	ridge_seeded_refit;ridge_seeded_refit;inference=mle;ci=wald_mle	chr6-141867315-INV-29159	9.518806679579463e-05	9.518806679579463e-05	True	lrt_mle	lrt_mle	0.012326854650055404	True	True	wald_mle		0.369,0.735	0.368985413753869	0.734955933785287	unable to determine
Sensorineural_hearing_loss	67940	2963	64977	-0.05092052352611601	0.9503541983316691	0.5710895941913801	True	lrt_mle	0.797,1.133	lrt_quadratic	two		True	0.7968327052365113	1.1334538559364933	False	True	False	mle	mle	lrt_mle	67940	2963	64977	ridge_seeded_refit;ridge_seeded_refit;inference=mle;ci=profile	chr6-141867315-INV-29159	0.5710895941913801	0.5710895941913801	True	lrt_mle	lrt_mle	0.9333557003672052	False	True	lrt_quadratic		0.797,1.133	0.7968327052365113	1.1334538559364933	
Goiter	62921	4339	58582	0.061881512961142006	1.063836286448634	0.39658777967038206	True	lrt_mle	0.922,1.227	wald_mle	two		True	0.9224808187361301	1.226852224326357	False	True	False	mle	mle	lrt_mle	62921	4339	58582	ridge_seeded_refit;ridge_seeded_refit;inference=mle;ci=wald_mle	chr6-141867315-INV-29159	0.39658777967038206	0.39658777967038206	True	lrt_mle	lrt_mle	0.9217218797308768	False	True	wald_mle		0.922,1.227	0.9224808187361301	1.226852224326357	
Alopecia_Areata	61344	242	61102	-0.10687880665777401	0.8986345749186511	0.722828599183404	True	lrt_mle	0.498,1.622	lrt_quadratic	two		True	0.49783322398967195	1.6221177300452327	False	True	False	mle	mle	lrt_mle	61344	242	61102	ridge_seeded_refit;ridge_seeded_refit;inference=mle;ci=profile	chr6-141867315-INV-29159	0.722828599183404	0.722828599183404	True	lrt_mle	lrt_mle	0.9333557003672052	False	True	lrt_quadratic		0.498,1.622	0.49783322398967195	1.6221177300452327	
Urinary_incontinence_and_enuresis	74446	4999	69447	-0.074848038706932	0.927884478140748	0.279549020007529	True	lrt_mle	0.810,1.063	wald_mle	two		True	0.8096770589755851	1.06334938754945	False	True	False	mle	mle	lrt_mle	74446	4999	69447	ridge_seeded_refit;ridge_seeded_refit;inference=mle;ci=wald_mle	chr6-141867315-INV-29159	0.279549020007529	0.279549020007529	True	lrt_mle	lrt_mle	0.9101667937253499	False	True	wald_mle		0.810,1.063	0.8096770589755851	1.06334938754945	
Viral_infections	74446	18428	56018	-0.011777266473668	0.9882918140698531	0.762659983514077	True	lrt_mle	0.916,1.067	lrt_quadratic	two		True	0.9155651710871558	1.0667953965502104	False	True	False	mle	mle	lrt_mle	74446	18428	56018	ridge_seeded_refit;ridge_seeded_refit;inference=mle;ci=profile	chr6-141867315-INV-29159	0.762659983514077	0.762659983514077	True	lrt_mle	lrt_mle	0.9333557003672052	False	True	lrt_quadratic		0.916,1.067	0.9155651710871558	1.0667953965502104	
Scar_conditions_and_fibrosis_of_skin	62341	1239	61102	0.011867072722879	1.01193776579356	0.9282369549539831	True	lrt_mle	0.782,1.310	lrt_quadratic	two		True	0.7816211137900242	1.310120752590565	False	True	False	mle	mle	lrt_mle	62341	1239	61102	ridge_seeded_refit;ridge_seeded_refit;inference=mle;ci=profile	chr6-141867315-INV-29159	0.9282369549539831	0.9282369549539831	True	lrt_mle	lrt_mle	0.9697218514992803	False	True	lrt_quadratic		0.782,1.310	0.7816211137900242	1.310120752590565	
Abnormal_mammogram	66013	3558	62455	0.02186008838493	1.022100770696435	0.7953089837852491	True	lrt_mle	0.866,1.206	lrt_quadratic	two		True	0.8664984860839958	1.2056454826361662	False	True	False	mle	mle	lrt_mle	36423	3545	32878	sex_restricted_to_0;sex_majority_restricted_to_0;ridge_seeded_refit;ridge_seeded_refit;inference=mle;ci=profile	chr6-141867315-INV-29159	0.7953089837852491	0.7953089837852491	True	lrt_mle	lrt_mle	0.9386492823214052	False	True	lrt_quadratic		0.866,1.206	0.8664984860839958	1.2056454826361662	
Lump_or_mass_in_breast_or_nonspecific_abnormal_breast_exam	70782	8327	62455	0.118025620334138	1.125272940866771	0.039194720752073	True	lrt_mle	1.006,1.258	wald_mle	two		True	1.00636446043877	1.258231228569894	False	True	False	mle	mle	lrt_mle	70782	8327	62455	ridge_seeded_refit;ridge_seeded_refit;inference=mle;ci=wald_mle	chr6-141867315-INV-29159	0.039194720752073	0.039194720752073	True	lrt_mle	lrt_mle	0.7808794365220699	False	True	wald_mle		1.006,1.258	1.00636446043877	1.258231228569894	
Aphagia_and_dysphagia	74446	4547	69899	-0.132147239875109	0.87621197223959	0.065269960144911	True	lrt_mle	0.760,1.010	wald_mle	two		True	0.760453554384379	1.009591467972712	False	True	False	mle	mle	lrt_mle	74446	4547	69899	ridge_seeded_refit;ridge_seeded_refit;inference=mle;ci=wald_mle	chr6-141867315-INV-29159	0.065269960144911	0.065269960144911	True	lrt_mle	lrt_mle	0.8897326146069446	False	True	wald_mle		0.760,1.010	0.760453554384379	1.009591467972712	
Hypertrophic_conditions_of_skin	63876	2774	61102	0.0034287592881190004	1.003434644207315	0.969341493961924	True	lrt_mle	0.842,1.195	lrt_quadratic	two		True	0.8424660704430113	1.195159212365659	False	True	False	mle	mle	lrt_mle	63876	2774	61102	ridge_seeded_refit;ridge_seeded_refit;inference=mle;ci=profile	chr6-141867315-INV-29159	0.969341493961924	0.969341493961924	True	lrt_mle	lrt_mle	0.9807009645942903	False	True	lrt_quadratic		0.842,1.195	0.8424660704430113	1.195159212365659	
